client_id,default_probability
CC_0012A082B7B7,0.1285048325496242
CC_0012BC27DFB6,0.125111244116667
CC_001563B2143D,0.10829823458536882
CC_001B46930B6F,0.0907293485253061
CC_001D771E1C9F,0.04280075734869529
CC_0028BD91E759,0.08340863235708026
CC_0029971D7EF4,0.20590335188208034
CC_002B8C00B239,0.046022164737652645
CC_0035DFA86185,0.7519671544669229
CC_0042D11A6D0F,0.05587305973644294
CC_004D21A4ABB6,0.11856649635553322
CC_004EE05FC2EF,0.47506573192568385
CC_0050E546EDCE,0.6990115313758686
CC_005D7F31F785,0.06696723426159636
CC_0079996ED779,0.19034879769091362
CC_0082B4E1D9CE,0.05373592475654384
CC_00B01C73CEB8,0.18453327924617904
CC_00B74FFEEA53,0.20207015341858625
CC_00BF6791C18C,0.10804944365954601
CC_00C5E30B288C,0.3208295431099529
CC_00C68CE1CC12,0.39870402775580543
CC_00CC4148959F,0.17552729919292273
CC_00D428772D30,0.3439284822546613
CC_00D5806C7783,0.091682598477701
CC_00D5C677C2AE,0.5258310163661142
CC_00DA781C4D66,0.0712837286592604
CC_00E7E2D6B548,0.1907864385007916
CC_012BC0A68DC1,0.07224809238496518
CC_014911033882,0.16091653529621383
CC_014F7EF4E595,0.6693113132294728
CC_016501B25F2B,0.04979872089546761
CC_016767D9B049,0.04759415177854954
CC_017598512EA2,0.1343229044047861
CC_01941532C804,0.19470326829021822
CC_01A66C6E22FF,0.7924702732398823
CC_01A684355200,0.1813333533298045
CC_01AC62740827,0.10995706607768589
CC_01B0EFE5DB79,0.20111455918198598
CC_01B876B2988F,0.20678111460178636
CC_01CBB64C1DB1,0.3921613922888868
CC_01DBD993A1FC,0.06416760474624383
CC_01DC49D55C2D,0.04787714003514422
CC_01EF18A3ADBC,0.5479117159047198
CC_020252D37557,0.16949278703585174
CC_020BCDBCA8CA,0.36300306328346305
CC_021A6DD97ED4,0.15276782515682272
CC_022054506F33,0.06938492178396446
CC_0225D6231EAA,0.05994007746734756
CC_024B524B0176,0.035172719154331275
CC_0256303A6DC0,0.2438348318942198
CC_02589E6E4714,0.055045261477781354
CC_025927626E10,0.7353133323656147
CC_0283023DB294,0.03754927224309375
CC_02903C6FC0C0,0.18197410033870712
CC_0296E572CF21,0.05003118249284894
CC_02999E509460,0.5983673039661677
CC_029E835D91BB,0.06810858736546199
CC_02A32EC3526B,0.12690367181274845
CC_02A393632CD3,0.28442553416203253
CC_02A3E21B28BC,0.7278954879381871
CC_02A4B4644529,0.09016188175279406
CC_02B43865B30E,0.06454390477903839
CC_02B5A1A178A2,0.17076186370352636
CC_02BC4785773C,0.25326249828097436
CC_02BEDD9627DD,0.7029385130720882
CC_02CD2C1EFBB0,0.10940186094995207
CC_02D4430492D3,0.3497378776467048
CC_02F79A06858B,0.11218898699994441
CC_02FA254C9D43,0.045472994328177356
CC_03062402B4EE,0.05981179003223626
CC_03072CF2EC63,0.3674380548387373
CC_0315369B079D,0.07920858511126189
CC_03199242A810,0.16879166073634183
CC_03214BA76DB4,0.20573305188530946
CC_032735A44CC6,0.06170486182727086
CC_0330340F2FE5,0.17085898813984812
CC_033236FAAFDB,0.1660068205597528
CC_0337298F948C,0.05195865167441655
CC_0341CAE5E2E8,0.18611088639658482
CC_03434E2371CD,0.33453258276148723
CC_03547AAB948A,0.24706417799154107
CC_0354D0453D8E,0.09424668696975907
CC_03592E51F427,0.7794491528829077
CC_0365DEB525A3,0.08418373292360774
CC_036782052BC9,0.3786359460876829
CC_036977A50F1A,0.13413977286890832
CC_03720D08B8C2,0.24963224003135137
CC_038AE599BCA8,0.31479770031060633
CC_039E67CDFE1E,0.2932388666898315
CC_03AC962FC717,0.1576884477203135
CC_03B00DFA3A85,0.7974491221879594
CC_03BC6380E968,0.5276791271549136
CC_03BC730E0B02,0.029982288322028844
CC_03BD4F22DA3D,0.12794011706745434
CC_03C7E1EF6F69,0.80769075349029
CC_03C9FA383477,0.08242985850120642
CC_03D1AAE90CA6,0.059778589687747276
CC_03DBB9598F39,0.13795126420842901
CC_03F18B43797C,0.10902657533487231
CC_03F80118E46D,0.05716792349405885
CC_0405E0151A6D,0.18367141432391426
CC_041FEE6C805E,0.3594433477422602
CC_042F88EE269B,0.1654997902304128
CC_043D98ED7F98,0.1538594692596111
CC_044C3537B769,0.1571465524626951
CC_045932C46685,0.15729816905291344
CC_04629624AA8D,0.19283711230287423
CC_04690B4A6AF1,0.24354866602538494
CC_046CF40369FB,0.11980637854763052
CC_046D6EC816AB,0.40801927942715904
CC_0475CD95EDC9,0.12007033637473671
CC_04796F06B82B,0.1257006900500546
CC_04AC7C1CE736,0.34111269976644687
CC_04AEDD051B96,0.313511176368668
CC_04B42AD0E01A,0.37681275720455343
CC_04BBD1DB360C,0.3131055968243395
CC_04C767FFDA0F,0.46267923549471474
CC_04C7B819B9B9,0.099123678750738
CC_04D127A775DE,0.09077070384444277
CC_04D9ED00053F,0.06364502205559407
CC_04E0EFC4F548,0.27627233168102755
CC_04E6848903E8,0.03902422074191795
CC_04F69D03ECE1,0.2768024204588666
CC_04FA1CFA1DEB,0.22995702884310126
CC_04FA6842AC62,0.03840077531289063
CC_0502F3791166,0.33147782055071934
CC_050B514E15FD,0.14221307703826597
CC_051ADBD6D835,0.12857358609981007
CC_051B4644216C,0.06593764331881695
CC_051C0A644DD3,0.029861840091418325
CC_051CBF566856,0.042639712936554504
CC_051EEA9AE819,0.1672236869524307
CC_0520E27BE904,0.15901208529012864
CC_05224448D290,0.12916047600798022
CC_0525DE4744C0,0.054851159923855634
CC_052F5CD81EFE,0.19592111221791317
CC_05368FAD2E6D,0.0628636256660737
CC_053788B82006,0.09228807682410134
CC_05471A48C6F5,0.18881025426150302
CC_056DBA1A87BA,0.066186827878991
CC_05901F3E7A0D,0.1818154703524954
CC_05906BC8ED3F,0.15295808976848208
CC_059D55E32C78,0.0866754244962862
CC_05A12EF84A86,0.527791134064772
CC_05A42D035609,0.18238112433452558
CC_05AD75A5CE38,0.054016022668721554
CC_05BBD4B92613,0.5563354885289411
CC_05C8EF6500D7,0.7988794271757304
CC_05DDB7B07497,0.06767739964006404
CC_05ECAE6E0774,0.22727687482158876
CC_05F11F14DF9E,0.3309193820545022
CC_05FA9192590F,0.13073188968497146
CC_05FD764FB154,0.7693295645128927
CC_0608DBB4DF03,0.2689927931840897
CC_06198383F6D4,0.12388352613707657
CC_06199EBE2B05,0.18190924643210835
CC_062A8881A331,0.06355497262495384
CC_062F74350907,0.046109897540277486
CC_0635AD30F004,0.7824344919699523
CC_0639F539946C,0.31437544941944096
CC_063DDB42CF5C,0.06633497555614278
CC_06405C00E240,0.2219702836207703
CC_064920FC9DAC,0.07673864185816828
CC_0650AB329174,0.776892082419038
CC_066941B109B9,0.15879950501285303
CC_066AA16F5874,0.30932271313085685
CC_06732311FB8B,0.15729629076685722
CC_06780061F889,0.10852231177454923
CC_068A81B06B74,0.4570237278154499
CC_06A1C5FE269B,0.3177127410486392
CC_06AA7138DAF8,0.03896929100279192
CC_06C0DD0D066E,0.767856517822774
CC_06C97CFBD476,0.121118251178104
CC_06D15F523C05,0.18008365656244837
CC_06D35787AD65,0.04506582735456822
CC_06DA375201A2,0.08512694221745258
CC_06DB455FF19B,0.7093186089516594
CC_06F3674E7313,0.46772202738223706
CC_070232DF9996,0.13717858593998675
CC_07141FA77DBF,0.10958222430166255
CC_0715F11CC8CA,0.2166044571329896
CC_07168A9C843C,0.17319386311680499
CC_072AB9F855DD,0.0473864817483217
CC_07337AF6AC2A,0.12932171470409262
CC_07434E4E5C28,0.06420614732853105
CC_074381358A2C,0.04048424768932063
CC_074E7CA75E8A,0.2716722402881355
CC_075D0C618BAB,0.1921644024219632
CC_075D804F7851,0.08567835746859984
CC_0765961D818F,0.3912750886654507
CC_07698F10563E,0.05504428225273262
CC_0773B9BA9E18,0.2972249630148988
CC_0784ABDA7F8C,0.18217348315150683
CC_0790C9F9EC9C,0.08453617604691571
CC_07A996E6CA6C,0.24001077488400177
CC_07B588ED677A,0.15851925366766947
CC_07B730FD7F82,0.16036244929196092
CC_07BE6961D039,0.07392024568075292
CC_07D23A6BAF5C,0.13124446398050324
CC_07E08196A3DB,0.04973934647028114
CC_07E4850039B3,0.10728547605231259
CC_07FAAF8B2D23,0.05698550826603807
CC_07FB3FD9BE0B,0.10811580639421729
CC_080CB94A724F,0.33085760433608064
CC_0837C56711FE,0.0913396322360422
CC_084100A049EE,0.04920497567588815
CC_084113D0951B,0.27713086384034663
CC_0843DDCDD601,0.659583972981052
CC_0846C14EAAFE,0.05957027188921375
CC_085091ADED2C,0.18789219630105436
CC_087943B4A5D2,0.16417466282663062
CC_08A97B98C405,0.16211190550197999
CC_08AA321BC4AD,0.18681356394799284
CC_08AA44ECBDD5,0.05483046783528281
CC_08AE2EE9D798,0.19111770644114892
CC_08B149462891,0.19162467287232648
CC_08C71A8D2D58,0.048441388850297994
CC_08D645F7B257,0.059198560134270536
CC_08D80BF0B273,0.0485080837046204
CC_08F52B1BE431,0.22720486054166242
CC_0903571AC7E7,0.14833784345686743
CC_090D528C09D0,0.45202217423855506
CC_09106BA6CFC9,0.08517081024977362
CC_0915905A5D48,0.13089092886804674
CC_0918F67CDF01,0.18107706635543977
CC_0925D0B6276C,0.15076886668865389
CC_092A2830E36A,0.8117318675660592
CC_0951489C8F79,0.04139366532648145
CC_0951FA4D5513,0.11018298224823588
CC_095C712064EA,0.09038033088711127
CC_0969AA7BEC71,0.07294083768232225
CC_0974840BED49,0.7799009161936881
CC_097BD371F652,0.08026575056755485
CC_097C8139DBD1,0.0597763425180771
CC_0981CA4DBCE0,0.0320995445289429
CC_09A5D2F129A4,0.2880551582154432
CC_09A9BE38080D,0.08231579538364868
CC_09CDC42E000B,0.2036672599143986
CC_09D8DBAB2A42,0.13306917395689
CC_09EBB1960580,0.056350860825930785
CC_09EBF206FEE6,0.20566027277761942
CC_09F2AE996181,0.08520601801450371
CC_09F45833F53F,0.1453530289400256
CC_09F4F5C5B4EA,0.7786781753593548
CC_0A04BF4005F8,0.20641971347503585
CC_0A0E563D1060,0.08200523811814998
CC_0A0F781A999D,0.23930032714842867
CC_0A1138C37BC0,0.17178934237240948
CC_0A334A16524B,0.06494282935674933
CC_0A359CD5D73A,0.06505155063683153
CC_0A3E2C273DB5,0.0649860103837273
CC_0A4705B1E08B,0.049785565165007394
CC_0A67EB7C5282,0.12129369599190352
CC_0A6CD64871E5,0.38448894078027707
CC_0A75643FDC7B,0.05938593520886617
CC_0A8066F501AC,0.04449864990799274
CC_0A83017D027D,0.18101337710445486
CC_0A9AB7441D5B,0.3165706742768794
CC_0AAA72FA148E,0.3306964286567433
CC_0AAC488C8AE4,0.4821090444599416
CC_0AC2DB82398C,0.33066881667138914
CC_0ACA2C49A497,0.12486620302665136
CC_0AD4BBEA75ED,0.04162472061099854
CC_0ADCD6553B8C,0.06016314679972626
CC_0ADE56B56C41,0.0421168650833865
CC_0AF4B5B4162F,0.7372295220518602
CC_0AF9BD814AC7,0.10209994919825709
CC_0B083BE0FEA3,0.09505265369481491
CC_0B1384331163,0.049543816716231204
CC_0B216C6AF0F2,0.03356702853815327
CC_0B3465DB0684,0.5838766894813086
CC_0B442B91679E,0.11447298570670637
CC_0B455175F494,0.0980951479344898
CC_0B4C01B4002C,0.16020077346552827
CC_0B544A526D6C,0.061585191440212905
CC_0B5B19AFCD18,0.053491431492776596
CC_0B5BD2D224BF,0.07761116495736105
CC_0B6407C2C9BD,0.17069532661389344
CC_0B73F59991EE,0.07650399825334046
CC_0B7579216681,0.07785511855620758
CC_0B7F3B4B32C1,0.2563360386814906
CC_0B830A67900A,0.10568490530013736
CC_0B84250F96B8,0.2464720818932124
CC_0B92212B8E27,0.3090745803898754
CC_0BB43BC4B3BC,0.11553126469067838
CC_0BB992973640,0.05810628053192593
CC_0BBC41297846,0.0927884002959949
CC_0BDDB468A1E0,0.29600997033025633
CC_0C00A631C2B4,0.06406202023569993
CC_0C011AF6C857,0.36271308113041945
CC_0C0459AB67DE,0.12701707892639433
CC_0C18B07E451D,0.10345798857511396
CC_0C19EB845CA2,0.22978135359837254
CC_0C1A736F37CC,0.06958941725211959
CC_0C335C9D86F7,0.7891672569836731
CC_0C4C24D066E9,0.17607953029852466
CC_0C5499989AF4,0.20815207077561232
CC_0C95548CC1BD,0.15076737875350504
CC_0CA2DE660B41,0.25583705266163764
CC_0CA6D8CFCF2B,0.21605893566726753
CC_0CA9DF9C5C15,0.08107113959783967
CC_0CA9F52C92A8,0.19515874276555528
CC_0CAFB6C41CE7,0.10757947686134428
CC_0CB27D5313F1,0.5787835841913458
CC_0CC9DDDB8B44,0.04901987463371702
CC_0CCA18595BA5,0.21541405623227625
CC_0CD90568D3E6,0.23367895695138574
CC_0CE0D56B0584,0.07473044877550689
CC_0CEA028BF961,0.2868773025415781
CC_0CF67D68AF16,0.360049458745468
CC_0CFAA0FB0691,0.06489996126652413
CC_0CFFD2785D2D,0.09540551955776794
CC_0D28AF91CE97,0.14846806736855553
CC_0D34E55A580B,0.10484286661688512
CC_0D3663B6524E,0.7273769774024799
CC_0D3C2864ACD2,0.33291903946263457
CC_0D5F4BE8132C,0.15683899870142978
CC_0D6D5ACB0889,0.22475776397195044
CC_0D7BFE8CC0D5,0.1381969190638522
CC_0D8852AAB481,0.18913457052130456
CC_0D97EF394C79,0.441233478815002
CC_0DA8FDDE6DD0,0.06553071494336504
CC_0DABB89E37CE,0.09622021202932392
CC_0DAF0F2FAA86,0.10123329080464225
CC_0DB9E5F8EDAD,0.07644049108121659
CC_0DBC64F88C05,0.15382229758365376
CC_0DBDF018E822,0.09977188989240052
CC_0DC31A5A1096,0.04672190475201224
CC_0DC3870F23D0,0.041520058448532716
CC_0DD39F5D7C0D,0.08548863118777922
CC_0DDC2C18BBDE,0.051828591310580804
CC_0DE09CAA93E5,0.14309025967652772
CC_0DEA4477FDC1,0.11122291820685844
CC_0DED63EF6639,0.17307489944265828
CC_0DED7DBF26F6,0.2946658142211187
CC_0DF01CD21B9D,0.17930607759513098
CC_0DF6A478C01B,0.2227561200094454
CC_0DFE1A3FA5AE,0.14345098357660271
CC_0E07D5FB24B2,0.13201455382044475
CC_0E0CD9F23A5F,0.7657223769559321
CC_0E121FCB1D47,0.06671883482054833
CC_0E1423A4C263,0.17400124911037956
CC_0E16883EE8E6,0.46266395051786174
CC_0E1A2BA1C545,0.20021937227570483
CC_0E2B52BBA69B,0.06290936428156413
CC_0E40BAFC3530,0.1729906298319028
CC_0E48EE235179,0.07325302721408504
CC_0E4FA0FB9797,0.6462202943912084
CC_0E5162F59924,0.7626890267311311
CC_0E5E2FCAC8C2,0.2697663004208394
CC_0E68C2BE2A75,0.11552377657970946
CC_0E6C5A8D8CE4,0.09919074052371477
CC_0E6E9B0E674E,0.09162220974199078
CC_0E746EAD6CE9,0.07285079521815824
CC_0E968E7C22C1,0.38881189710762765
CC_0EA1483F50A9,0.15413838694077694
CC_0EA81362C7D1,0.17446409360482934
CC_0EAE97520873,0.3280427537209111
CC_0EBCF4228FF2,0.4865940680985291
CC_0EBDEFD0BDC2,0.05785297818487873
CC_0EC6AEDA63EC,0.30707103085830045
CC_0ED61DD76795,0.09087894125066037
CC_0EE33B1B71D5,0.13953450201712866
CC_0EE7EFF13EBA,0.052591476311685086
CC_0F0F136B0991,0.12232194504326889
CC_0F0FAF218BCB,0.05184875630210672
CC_0F125B48F175,0.09619776897729695
CC_0F292A238627,0.10553431479840483
CC_0F2949A1746E,0.08041539501921031
CC_0F2B71163121,0.08668093145850622
CC_0F393F1DE2EB,0.07573562531407842
CC_0F41B187053C,0.43948163612241276
CC_0F52EDC9D383,0.09817413808820402
CC_0F62C4F36236,0.0875661367213002
CC_0F6A29CE5D45,0.19725618389257107
CC_0F7C0515A6CF,0.16712217139757757
CC_0F8D6C89202F,0.17786877318116065
CC_0F933684CC08,0.1687601144825194
CC_0F9BA54F2AF6,0.05004180529210519
CC_0FA06CE7FAE8,0.043434288372576894
CC_0FD25AA655DA,0.13412384273173406
CC_0FF5570E06EC,0.718200273853826
CC_10197FE0E34B,0.693945864881512
CC_10355B5718CD,0.10470713124841183
CC_103A9D18EC12,0.16275951864394797
CC_1040DB6A21EA,0.11502959538429654
CC_104D2B84FC4F,0.04256156265316377
CC_104EA2802A11,0.08661625712836636
CC_105777B1BF91,0.06636522694352603
CC_1059F1B6C0C3,0.13549069727023355
CC_1061947FDD14,0.058875611358389354
CC_10689257E68C,0.3838638292832877
CC_106BFCFA7D7B,0.04640793800135191
CC_108FA04AC10D,0.10859622773122579
CC_1092915D0093,0.11388979334564647
CC_10A30F88E157,0.17320395791786886
CC_10A657027AC9,0.7554118933653682
CC_10A6EAF27BF3,0.050708407809610584
CC_10B148BED568,0.3744043764874205
CC_10BB7101F191,0.053238161973887775
CC_10BC5BC3A9AD,0.34567024001406343
CC_10F27C70AB99,0.12156829827589392
CC_10FADDF63CDC,0.17676733209415926
CC_1107D9301AA0,0.07056462198572278
CC_111A6DE5D9C7,0.7486429242077247
CC_111DC3B1756E,0.27380912175186184
CC_1131156CC6F6,0.12965280550011898
CC_113B66D5D5D9,0.12511216236419825
CC_1143254EFF36,0.04962682254970049
CC_1145E5277FA7,0.3356807871450834
CC_11521077BBB0,0.13838895992374464
CC_1154861ABCCB,0.547027063739904
CC_115BCAEAE2A0,0.08549354837537589
CC_115BF13E8BFC,0.21136330437498163
CC_115EBE5044BD,0.3622141412481325
CC_1165AA07FC47,0.7574184762861232
CC_116EE8219753,0.05115810982507982
CC_1176FA3233B3,0.05246026938991456
CC_117C2A1587ED,0.07903549215277048
CC_118C0A1D14B2,0.23260402293321095
CC_118ECB589F3C,0.09673901968134711
CC_1190F13FB1FC,0.12917195786575983
CC_1192EEC65A1E,0.2320194982787295
CC_119B1FEC4D83,0.24484186796244942
CC_119C413C2580,0.14424747858096318
CC_11AB74142A2E,0.7999861836118863
CC_11C8A291FD11,0.17148406307422562
CC_11D1E9C39E41,0.07846756021254428
CC_11D600EE1BD6,0.19591651997410253
CC_11D7539AC69D,0.1777587467749177
CC_11D78BB50016,0.13910561059965115
CC_11E0C583685C,0.10680575626895564
CC_11E0D2F15AA1,0.04434732840051426
CC_11EDFE67C719,0.6916511582652214
CC_11EE85F284B8,0.22135320489909172
CC_11F700202C6D,0.16582285304808433
CC_11FB668DF543,0.10957824345369274
CC_1209FA26609D,0.038924721989601556
CC_120CA1B916D0,0.11131409740700793
CC_1210186F4D33,0.08925122464376295
CC_121F621374FC,0.2105393578624826
CC_122532C1FBCB,0.12328029166986994
CC_122B19CBC88C,0.6747013594119082
CC_123C7F0111C7,0.6392114152361879
CC_1241EE42F174,0.14194577360175806
CC_125B7100F1DD,0.11788144196963461
CC_1263B255B3B5,0.2020502201132022
CC_12878596E940,0.07692839563497636
CC_1298ED71A9E0,0.07129279085074856
CC_12B555C6F086,0.14184686374479344
CC_12D22C629874,0.17810743086657685
CC_12DD89EA0C14,0.16199809632886436
CC_12E24CDE2684,0.17818111396688383
CC_12F3B7309455,0.6232488827015153
CC_12F8E7A4BBE5,0.36558561095547143
CC_12FDEAE4873F,0.2160047156943079
CC_130F7B067939,0.41571880409990264
CC_13209EDC85EE,0.6804465240212278
CC_1332B6F0E543,0.22832723401800667
CC_1334E256AEBC,0.6231536682090261
CC_1337726B2AE6,0.0943804380583564
CC_1338237BF402,0.17209761193147083
CC_1341DF38D9C1,0.1882594450419391
CC_1342F868176B,0.6761415564481392
CC_134651CCD2F8,0.17869960798097456
CC_1363E3090578,0.058986929210310984
CC_13736493B695,0.04908499318634083
CC_1392DE633D4C,0.2987667350696961
CC_139ED2E0AD76,0.07798070783366265
CC_13A5383EA098,0.6177563338112467
CC_13AA272C6861,0.08044247306169416
CC_13B74E4EE3EF,0.19350491067199604
CC_13C437E86B81,0.5283038730144501
CC_13D61B077E7C,0.07174802015091036
CC_13D7115A8FCC,0.1861622316187424
CC_13DFE319B21E,0.7967520426646819
CC_13E0F0B3FAE6,0.21763405597919674
CC_13FD88C2920A,0.6993809293382378
CC_1401CB818627,0.2288771437780834
CC_140B86E74F74,0.8154878233433857
CC_1452A0B69085,0.04667285063664407
CC_1458CA7329A7,0.260178327377766
CC_1459E7125AFB,0.09110522892399357
CC_14633EC7F622,0.4305388959595696
CC_147B1B30DE7F,0.11224962650773146
CC_1484511F54C5,0.3572857051232961
CC_1489A941A69B,0.3104859840604455
CC_14A8B16706E9,0.0788755060416691
CC_14BE52BADB77,0.09234567391475658
CC_14D53413FBCE,0.3256613801855475
CC_14D59B58E51E,0.14262317949426878
CC_14D964327B1D,0.06000866496790739
CC_14F5D06CF093,0.13308212214050735
CC_1501D63D5A80,0.33238390089349856
CC_150E3A0E5084,0.21205318026099035
CC_15152312AC56,0.05147607638031289
CC_1522BA0411C3,0.06530099143372455
CC_1534B0241A1B,0.05059632433770713
CC_153BE2BEB74C,0.1364871956542921
CC_154BBCD4DCEA,0.24515495881660637
CC_1552EC27FC0C,0.7032065596983291
CC_1566BFF4BCDC,0.3366782387866726
CC_1579BD86A63D,0.3317371446575623
CC_1583CFD90530,0.24864747821220393
CC_1584385F38C8,0.071513001988783
CC_159656F13BE8,0.11583069942833554
CC_159B6F6AAF1E,0.09525161422444911
CC_15A4934FD96E,0.10882982986162724
CC_15B2140CE869,0.07587175587290627
CC_15C0972DE384,0.6517674354271108
CC_15C0E30FF2DC,0.12049010401710315
CC_15D617FAB434,0.07056016363823003
CC_15DA0F4FFF0E,0.32283487011775225
CC_15DAE76D15DF,0.046618916898981344
CC_15DC7C139EBC,0.3565150075426154
CC_15EB741857ED,0.08214897042342446
CC_15EC51F4C521,0.2920494759196895
CC_15F6259C7C53,0.06555668567845693
CC_15F7C012E10D,0.414088704247861
CC_15F7C1BEC28F,0.16808568932992216
CC_15FF58854AEA,0.2733785267763414
CC_16035CDDC2F6,0.15030222489260234
CC_16095572722B,0.05328996558129054
CC_16109F1CE0A6,0.2809565270197189
CC_16150E74E4DA,0.17329524078546216
CC_1629E47AFBA5,0.0733339296401135
CC_162F4582D06D,0.6884756668384492
CC_163194DFEDDA,0.046425715163211534
CC_1640F01B7730,0.09107074767182187
CC_16460554039F,0.042421047591364024
CC_164D308CDE41,0.2019139267230855
CC_1661041F819B,0.7954607470514892
CC_166829780A76,0.1055264353495419
CC_16798666E855,0.10799612937314089
CC_1684B5493414,0.18806215594621756
CC_168A8907C8F4,0.06757455106161882
CC_1690EC56D088,0.07087594249199289
CC_169853EEAB4A,0.09891032512919046
CC_169B7FD839BA,0.1474036758365314
CC_16AED1A3008A,0.11775603571779479
CC_16BAC7837C73,0.17990414065340243
CC_16D57E1EEA01,0.11984532340745141
CC_16D833E56D7A,0.19039958188599093
CC_1702487A047B,0.17887748998144753
CC_17029F78E70E,0.060219918941654876
CC_1702F3E986AE,0.06068165020305093
CC_1707181BB559,0.04601715253124315
CC_17117BF03935,0.23727638079584318
CC_1723E40C3D40,0.23409136284403206
CC_174FBBE9ADD9,0.15808730172258784
CC_176E6E58FD1E,0.093335853250019
CC_1783F37259BE,0.07776159284916527
CC_178B135605CA,0.08895907809305854
CC_179AA5165026,0.3540385124144648
CC_179DBA1C4CDB,0.3521882002606796
CC_17A1090B69C9,0.10323176765015805
CC_17AA1A4C904D,0.1949545098021488
CC_17B06C06FDC1,0.14759532404500253
CC_17B89AC1FD03,0.2505117273746284
CC_17DC33AA73F3,0.06700628397908254
CC_17DE4D267831,0.09727874073468663
CC_17E929BE0344,0.35802428440671885
CC_17EB83DECE5E,0.4023599987164947
CC_17EC9982E5A6,0.14971164559905467
CC_17ED5555B4FD,0.21209272204401292
CC_17F4292DAF8D,0.10803041861878204
CC_1807B0980C86,0.0760996125377578
CC_181354A58B53,0.09116150628192418
CC_181E7266E018,0.08554507636177765
CC_182AAE7CC3CA,0.47173651583837867
CC_183EDEDC5DA7,0.0834924486043908
CC_184C47552665,0.22069936866896392
CC_185A7392A475,0.2793408443421703
CC_185FEFD3233A,0.41131806575554597
CC_18676FE5FC07,0.08765987773739534
CC_18776C4FDE28,0.08416000810962884
CC_187A8AECEFBC,0.18741917295919558
CC_187E7D0B4E82,0.7401384258607914
CC_18839D393105,0.14394740249544058
CC_1888476F6CF3,0.09911010460785999
CC_188B1ED2AAA5,0.3354399986328467
CC_18A4257C3172,0.3151379655336793
CC_18A7929D9FC9,0.2868082390431521
CC_18A8695F185E,0.09983521538713824
CC_18ACE64E8F74,0.18776866118486493
CC_18BF4A29BB38,0.1251703683580856
CC_18DE36F7D294,0.1511699737196809
CC_190EB07AC1FC,0.1346296141544314
CC_19219F2C60B7,0.17089191163719106
CC_192262DB0B0F,0.07982700935335117
CC_1929746E06CD,0.6516734957230909
CC_193356E72D61,0.6943677530162754
CC_193938E8EA40,0.17090192796181744
CC_193C60092202,0.4964910831307119
CC_193F669537D1,0.14895605417277247
CC_194E13150BE5,0.07101295014998417
CC_19556DDCCDB3,0.03765505344897016
CC_195A6E9B48A2,0.1670646736618313
CC_196DEC616B33,0.0964033551045892
CC_1978B23D64A8,0.10574205885784542
CC_198562A4BD86,0.13265999906826578
CC_19864C9572BC,0.1827290113592786
CC_19868B6887C9,0.11275463083847317
CC_19969E05AB2B,0.13619402331992098
CC_199FC89885C7,0.1110794129254482
CC_19A40411B404,0.2366942407471006
CC_19A6D9B60B29,0.6644784450706128
CC_19AAB010550E,0.06807437360850528
CC_19B4743DFEEC,0.07097087543829046
CC_19B95A61D757,0.18243924758740426
CC_19E6A00F6A5B,0.06822787314799834
CC_19E8DEC29F47,0.6169482050573057
CC_19EA54976042,0.1631128552586375
CC_19FBBEA75B7F,0.13818676320225823
CC_1A039E58840A,0.055376191059341
CC_1A075331756B,0.10275555252281043
CC_1A1E1302C432,0.17311147236438204
CC_1A37690EAEDB,0.17807435633354546
CC_1A3BF9F5BD42,0.15689245031360505
CC_1A4268FEB02E,0.17024379804522757
CC_1A5F8618A912,0.3408755423846368
CC_1A659D4D521E,0.4029828748319821
CC_1A879655902A,0.07063817747189312
CC_1A9F6DA46BC2,0.10842275733090731
CC_1AAB15E81743,0.03930906079477277
CC_1AAC389EF8A2,0.2614685683838875
CC_1AAD0CE365D9,0.12803102501734892
CC_1AAD9152C90B,0.04760630519046003
CC_1AB15BDA9296,0.08155394259145206
CC_1AB8BDA3041B,0.15372047159427477
CC_1ABB9CB074E2,0.7308069426378363
CC_1AC1B1A3978D,0.0567867428270142
CC_1AD20D1F9C08,0.7355293630434895
CC_1AD881A90D1A,0.3410759827634109
CC_1AE9811724DD,0.735196940570633
CC_1AF1AAAB9D12,0.7744538934262366
CC_1AFCC4D0ABD4,0.17805216881858427
CC_1B08ADAFD1C4,0.14688160008731835
CC_1B10139C7917,0.12134749397130098
CC_1B127133B948,0.1030001940950878
CC_1B25964EA376,0.14840632974617715
CC_1B27A85C7244,0.1750146078745384
CC_1B29F4378A34,0.10925659384312297
CC_1B2EC0BD0677,0.33817524077326544
CC_1B4AAF37FB97,0.074209529843845
CC_1B5E792F6E6C,0.29381588038502643
CC_1B7166DAA790,0.15662126348907626
CC_1B89FD901C95,0.10506965137481268
CC_1B91E3A70338,0.08083866368787138
CC_1B9D9B7184F7,0.1481091630281874
CC_1BA3FDD92B1B,0.057420892555950724
CC_1BA9B3D67170,0.13571290137424127
CC_1BAF97E2BCF2,0.08237441749573003
CC_1BB7D8A54021,0.10630296262531938
CC_1BD548A5FEF3,0.12307992584097874
CC_1BDF1893ECEB,0.23903686985360195
CC_1BF117A8AF9A,0.0704969210683919
CC_1BFA7E407428,0.7112039335388901
CC_1C0066F472E4,0.6971977340110107
CC_1C09CC2385AF,0.055529628826449566
CC_1C11467AB472,0.6516681992344252
CC_1C1627B7EE6E,0.04519239948067
CC_1C3259B85E28,0.1687382333734286
CC_1C334ED885FA,0.056352395458631084
CC_1C376760FE39,0.0771784226812146
CC_1C39A1ADF3F2,0.16530229016249862
CC_1C450FC77478,0.1186703827471543
CC_1C48409023DF,0.4196431329548347
CC_1C4D03324C60,0.3490916168751078
CC_1C5F1E1028DB,0.047259038965456635
CC_1C6681C0AA7A,0.7782504395209869
CC_1C84CFE19CDC,0.2066559934361428
CC_1C8B3F689C6D,0.23829788466808874
CC_1C95674B902D,0.04431458123570325
CC_1C9A4C11F28F,0.14214589019270243
CC_1CA3F50BABEA,0.08597606246045533
CC_1CBF42D35AED,0.6275586045968138
CC_1CC11BEADBD5,0.11207584321024883
CC_1CC3CE396A8A,0.2272160850098269
CC_1CD2B13C2E6B,0.09285486543605685
CC_1CE0B37CA670,0.07328192115794943
CC_1CF5A99FC068,0.13210800618181665
CC_1CF71AEB6671,0.07298131549370132
CC_1CFE066F5EE4,0.16376048471758758
CC_1D00B360809D,0.06053106908405501
CC_1D1173F82F2F,0.09635541551874897
CC_1D1E06E0B393,0.16200759444173068
CC_1D2789866B1B,0.07191568915236436
CC_1D2DD7DF781A,0.24211230522963795
CC_1D313498A2DF,0.19609295179308303
CC_1D68396533F9,0.30076644973133726
CC_1D7235BA1EAF,0.15737100703722173
CC_1D7ABAF9D080,0.04755276457819402
CC_1D7FA51D0D7D,0.480392770718419
CC_1D8CFB3589AE,0.058110888821162526
CC_1D9421A6EB19,0.31997882771280234
CC_1DA0AC68719F,0.3555412343455288
CC_1DA366D588B6,0.103848845386893
CC_1DACBFE0296C,0.10133580524279023
CC_1DBD6A716910,0.6448641281953139
CC_1DCB75B5CBDE,0.3369451163719142
CC_1DCDADBC0E90,0.490112950353556
CC_1DD11FAF43E8,0.1252514616761443
CC_1DD8064E71C7,0.14504015408236734
CC_1DEC926EE25C,0.10696026060747017
CC_1DECBAE4FC5B,0.05227831311995141
CC_1DFF80E6D4DF,0.06321399396605318
CC_1E025C3597E7,0.2872980926905924
CC_1E082052CCBA,0.673684604057251
CC_1E0E30441DD1,0.19074688789279384
CC_1E20E200611C,0.1252063029605998
CC_1E354C75EB9B,0.045375218849622416
CC_1E3B2C15EBCD,0.1560548930674309
CC_1E4DF11FAF55,0.13990022136332025
CC_1E4FE60DFD8D,0.7286064993610374
CC_1E5A648D299F,0.16713580558903904
CC_1E6C0A8B3841,0.6896019777380273
CC_1E7FA6E807A3,0.21300234317135083
CC_1E93F760EC93,0.23781605364777228
CC_1E99F40FA03E,0.06724452837283744
CC_1EAD09DBC23F,0.23116313748459566
CC_1EB3D53252DB,0.24490855108354118
CC_1EC889E04D69,0.09599616431366703
CC_1ECCBF6853F6,0.49895921558933287
CC_1EEC4520436C,0.1776176587829292
CC_1F2827DC99C0,0.1405714465209443
CC_1F2C184C5227,0.09164731659394659
CC_1F3FA8091B02,0.10628166109757657
CC_1F4E07BFDC8C,0.05566251231751527
CC_1F4E0E9B54BF,0.07011481119414112
CC_1F55738A6A27,0.31405443870726
CC_1F65276D0EF8,0.12585020132380131
CC_1F65C797BD40,0.05166249591010191
CC_1F668C0AE868,0.07901296278519977
CC_1F6B19A04BD8,0.050922692544035454
CC_1F945A60367E,0.46341315538052474
CC_1FAB6F11DFCA,0.6299216913088925
CC_1FACCCE95224,0.2829040684094609
CC_1FD010E5EA82,0.06399208912837015
CC_1FD2B7BCCD20,0.7000525194231272
CC_1FDAEC3D5CBB,0.1035355337299703
CC_1FDC65FE3DBE,0.130133326972251
CC_1FE696D8A81B,0.0640215539834054
CC_20027685F59C,0.7782066141097982
CC_2009F3D77774,0.13058739487621887
CC_200C552C40F3,0.12954930215271962
CC_201459527065,0.1272453772533052
CC_20275029A688,0.08268133244726444
CC_2028DA597C34,0.2017415247891072
CC_204E557E5046,0.3917203423443841
CC_20542CFCFB39,0.04807515486806855
CC_2060F813C9B2,0.2663803298441113
CC_20813A9A7F71,0.12151845777790082
CC_208429A11E2F,0.15493239339258888
CC_208B0FE7CBAD,0.10222373346707671
CC_209A511030A7,0.04087327746212851
CC_209DD60421B5,0.07132731218156327
CC_20B26D646D62,0.18470065309954795
CC_20C47966B174,0.2419471860525857
CC_20CFE9681E4D,0.06935355456325502
CC_20D4DB0F3E3D,0.048309143865036194
CC_20DD84CE3CA0,0.10887624599099567
CC_20E57CA675DA,0.5907861478066263
CC_20F129FFBE00,0.23989788292405542
CC_20F4E0F62D2C,0.07838589114924722
CC_20FEE0B2130D,0.5844913985088667
CC_2111B298C212,0.0884601787146006
CC_211315AD7633,0.21233665567059695
CC_211504721E27,0.14857692002141434
CC_2119919BCB4F,0.7697814198002859
CC_21375C9ED931,0.22279935596798467
CC_213D2A5355FB,0.18541355779096183
CC_214B50E48E94,0.14275846281733212
CC_215F86D986BA,0.10162059437771921
CC_21600308F496,0.041740170139848876
CC_2166F3F6344B,0.13289489457846496
CC_2168BBB42053,0.12054799697846903
CC_217030CE0127,0.04625522082770794
CC_2179067B405D,0.04728175978394043
CC_219B59B67193,0.15606485272902373
CC_21A9E8DB58FE,0.16972603360848498
CC_21AE679C5E95,0.24288312286247832
CC_21B98D13174C,0.09388180307367289
CC_21C81BC15002,0.10713240244935106
CC_21C9B26CFEA3,0.09038745818245564
CC_21D22081A4CA,0.7794874275882099
CC_21D29CD736D3,0.3205661155495416
CC_21D3CEAF838E,0.1538462288761238
CC_21EF792A3811,0.6446941124009767
CC_21F04E996723,0.4643201543439694
CC_21FB6C8AB8BF,0.44632626799938674
CC_22067686F6C4,0.7317621958260663
CC_2207A39B7BB8,0.12161721001765091
CC_221053121AAB,0.17282791818294888
CC_222423774191,0.06604019201108204
CC_2230EFBC99AE,0.44878392955601865
CC_223BDED2A465,0.24801256905134408
CC_223E3CA7A07F,0.15546183516959333
CC_2250B42E48B2,0.11902223239843593
CC_225935E43583,0.13049303732493586
CC_22781E93CF84,0.16041228253641626
CC_22784AF3CB6B,0.4896255407607049
CC_22831690395E,0.18476351102512997
CC_228E6CBCC935,0.6104668525796471
CC_229338EBBA6C,0.08675931677957778
CC_229A63057E54,0.4892202942267896
CC_22A2D8A4B437,0.0909709129265303
CC_22ADE1EE9BC7,0.11446316644553828
CC_22B69E7C415A,0.044283486569787686
CC_22C590B43FEF,0.2997711255495849
CC_22F06379D8FD,0.0380105287148352
CC_22F282264A1D,0.11375915320240391
CC_22FBF5F0E1C0,0.23698283911486184
CC_2302088175A3,0.2567933656935747
CC_230672EAA654,0.03575315060896518
CC_230870B121F6,0.14105612901702366
CC_230A051B2B3E,0.05321064233620123
CC_2316F57AFB7A,0.078486400100723
CC_231D091FCD1D,0.06280155997212351
CC_231FDED1781F,0.24134903349219458
CC_2320053D1183,0.08483296607743329
CC_2320AF507566,0.18160732542666408
CC_23321FF41C3D,0.25550794671441207
CC_233470D6BE72,0.6215682841309694
CC_233C8EBC95FC,0.37491714064740345
CC_235F99F13500,0.15340161042382608
CC_235FC02CA52F,0.1792865383270012
CC_236C80CAF53D,0.20439316852281444
CC_236E7222D97C,0.07081376384996596
CC_237B86FDC93C,0.06022629888505933
CC_237E7EB2D7D8,0.11016597472663385
CC_23830081EE1A,0.6319773687260971
CC_23894AAA08DB,0.511183744313422
CC_238CBFD6E20C,0.43186835684989555
CC_2392A4A79C9E,0.04222517496205048
CC_23A474D43C73,0.20039228505255438
CC_23A9CC59BA0D,0.03200645582781738
CC_23B158D8306A,0.12863564566666683
CC_23D147F1870B,0.18239759839187755
CC_23D2E73DCFCF,0.1250463579738689
CC_23D9103D1EAB,0.036926003871671796
CC_23E142182F2F,0.6803064255012236
CC_23E43713A108,0.04560403509741933
CC_23EF2911610E,0.5219892615311584
CC_24056B76BD7D,0.04967481962889596
CC_2416ECE66177,0.12964450105558678
CC_241E65816FC2,0.0748806068242161
CC_241F7E97FBDD,0.06071842196513437
CC_24217201D7A1,0.3315587126400173
CC_242301FCCE50,0.048791716039920593
CC_242C69CF0B12,0.10083062611540392
CC_243B23702DC1,0.19248455082708943
CC_2456B9C796E4,0.12085860627052471
CC_2457D89CB88B,0.6622746277382165
CC_24667210E2AF,0.23136397901505523
CC_2468D206CAEA,0.05769856890399228
CC_2469630A4F86,0.3476581340276397
CC_2469D83D9594,0.042957795732920086
CC_248C65EF54A5,0.6813276620988222
CC_24BCCA7941E8,0.08961567267988652
CC_24BDC1CE2A3A,0.1998630840516694
CC_24BFCCDF957C,0.045282503108550046
CC_24CC8A1B1CB7,0.12519104418597174
CC_24D4B1852554,0.2107523056401275
CC_24E65FA5A32E,0.15261446118544453
CC_24EF3EDB6857,0.05448084139149035
CC_24F15A19D648,0.1748020520243465
CC_24F2410B5A19,0.15551382709154268
CC_24F27E7DE1C6,0.4725104179911677
CC_24FFFD0C983B,0.04054953434017995
CC_2504E9D5D5E4,0.15809036856818737
CC_250F6A0DB62D,0.06686688269936374
CC_2520E13DF0A2,0.7523538603978757
CC_2539C315029D,0.2612859645137151
CC_25519ED78507,0.20495071231345996
CC_255D49296DB6,0.11919051774568705
CC_255DC60FF5BD,0.05002647020659151
CC_2563C9EF9D55,0.0726783223139771
CC_25756EB9651F,0.12651096614363772
CC_257CC46D379B,0.44935973698298426
CC_258D5F80A933,0.7066368242676039
CC_259D87270257,0.2074672293052366
CC_25A41AB21C94,0.2504523772397751
CC_25ABCDCC8B71,0.11357987325949385
CC_25AF0D0569B5,0.07155126257323657
CC_25B61D393144,0.1532434957755186
CC_25B95D7288CB,0.3977238080774733
CC_25CE2F2F13BE,0.21993226942021654
CC_25D1A5971976,0.3947498625120559
CC_25D411B46F00,0.7541522049628875
CC_25E7A2DC5E41,0.06469101535508288
CC_25F4C8E51AC2,0.5352876337096748
CC_260323EFB122,0.5988940977089955
CC_260F10484312,0.05349153177291944
CC_2610D0F1D0A7,0.17730251507286474
CC_2615866F35A2,0.11913139767109039
CC_261DA4E8DBEB,0.1117384743043282
CC_2628F00B0745,0.37819429841447555
CC_26338E9AD15F,0.14110445359867663
CC_26346B99BDBE,0.6729807284117458
CC_26351DBC1AF6,0.13162422870404134
CC_2637397AA3F3,0.616225354688115
CC_26675C32611C,0.7033497782194065
CC_266E49E49071,0.1954803813961909
CC_2696368A4DC6,0.03821133681794961
CC_2698641B68A5,0.12066274688555739
CC_269C5AE6A1A3,0.6765444662698505
CC_26A06AD1206C,0.7664940878370556
CC_26A358B0C10F,0.18391846347580712
CC_26B07CB02EA3,0.6071119531218225
CC_26B638BEA8CE,0.11909625786526601
CC_26C33B649FC9,0.06971526842370207
CC_26D5B969A36F,0.36672857929947383
CC_26E3A1226C2D,0.14099595447058183
CC_26EEA3F0224A,0.24385719820544033
CC_26FA5E5A718C,0.15335257075847294
CC_26FE119D4919,0.06767444915146499
CC_270B462BAEF3,0.037480440082061625
CC_270D929FEA9F,0.06235633838838086
CC_2731AD82BA11,0.14265189742982579
CC_274144AE3E86,0.12006775886944258
CC_274AE6E82879,0.1570166411979508
CC_2757A490C5E1,0.08673938652903586
CC_2766F6011BD0,0.38739573058469345
CC_2768E644C697,0.05527980407066208
CC_2770DF70328D,0.07282111119183816
CC_277503968C44,0.5820650648006668
CC_277CE974AA8F,0.30193178523535447
CC_277D246E39B9,0.20497228408212526
CC_27A1CC725B7A,0.0650726999861006
CC_27A798829CA8,0.7422804824487823
CC_27C938FC8DC6,0.454568967977155
CC_27CA2D819E7A,0.054461438969886235
CC_27E3712F0E38,0.1344690150425296
CC_27F3B3F43FF9,0.04387562935662617
CC_27F9832EAB8A,0.4796527142368901
CC_2809CC131F3A,0.6916014745861626
CC_2812523510C0,0.1487842969339248
CC_28151C75756D,0.04797407207388452
CC_28203CC976F9,0.09781363819263077
CC_282AFAE06F96,0.07619384964944943
CC_282C2404F4C0,0.06923804349195856
CC_2834BA2F19FC,0.189672483160629
CC_28432E22F47D,0.5991322027725979
CC_2844882CC439,0.04918457469227488
CC_284F79726032,0.361484159544882
CC_28544783AB15,0.48824262009998487
CC_2856104729EA,0.7240135065770497
CC_28625CD86761,0.18598951148597181
CC_2866BDB46FB1,0.09931520811945972
CC_2872415C6B36,0.07704889919656976
CC_28752737647D,0.6124096360296974
CC_2875C281EE88,0.051655186654117266
CC_287E3E9EDAC9,0.07853629523541457
CC_288A2C49D62A,0.052920483410732286
CC_288FA8CD819C,0.15818475230781487
CC_2891894CCED4,0.08362088634728833
CC_2895608A9699,0.1324847720626961
CC_28A2EF7926AE,0.6557680995642442
CC_28A7DBD2B710,0.1763553265334804
CC_28AD81DF2C51,0.12119350660138056
CC_28AEC29CEC25,0.12315697850041714
CC_28C1C3DF7928,0.09188902874547837
CC_28CA76962EC8,0.1859545144481698
CC_28CD47803B6A,0.0689713346797878
CC_28DF569DBBE5,0.0791140799985372
CC_28DFE611C657,0.0875942039940564
CC_28E11E6A6C8D,0.16889467133959107
CC_28F58ADC7CBC,0.11509662108888472
CC_2916479EBC84,0.13499892961468055
CC_2917C6CB0B2C,0.12942537925653055
CC_291C7830D4B5,0.38509458138656194
CC_291FE1744E5F,0.07282282695917985
CC_293124F1ACD1,0.1315975338292877
CC_293C2D704AA9,0.31221853949082334
CC_29432A6B2555,0.11397024089348601
CC_2944B427406C,0.1747110444766839
CC_29468B7035D6,0.10878464439941439
CC_294A9A24E473,0.0698958638402058
CC_294B94EB0E07,0.23265787234108196
CC_2967C29E4C3A,0.1260065314337993
CC_29716D5835F4,0.19846350019712652
CC_297179FF2BCC,0.4386368002904902
CC_29803690C939,0.21119065322993033
CC_29821539DC4D,0.14726717186005245
CC_2983C1D2A273,0.14983471299655607
CC_298CAC5A1868,0.6313826580625107
CC_299EBE0FB429,0.14524948425669615
CC_29A1C0073882,0.4377811627609049
CC_29B6065F187B,0.4033387527139598
CC_29BC66C10F87,0.6651600594244733
CC_29BF3C3D9682,0.1883793728397535
CC_29C4425FB2DA,0.1871137479194291
CC_29C5D0D72D61,0.13150912476262722
CC_29D65E313500,0.11361900676584044
CC_29FD856F47A5,0.7431502924257308
CC_2A097F88615A,0.0843217867188062
CC_2A0CB4CE1A48,0.19634419475728143
CC_2A14C1652D6D,0.21028663752870214
CC_2A1F96F80938,0.15819513016170778
CC_2A23F71805A2,0.13433291805651668
CC_2A2BF2FD0498,0.14974904868750363
CC_2A358A1D3DDF,0.6590447508114027
CC_2A3E371F0DAD,0.22260859769689978
CC_2A423FC8A330,0.3176480164444044
CC_2A43368D54F9,0.47583069586184173
CC_2A47A21C0E07,0.6864832626429674
CC_2A4CB02E7A1E,0.138798897827159
CC_2A510080BA29,0.1639822454047871
CC_2A5316E550F0,0.08679114885599742
CC_2A59695EF90A,0.5919267674842443
CC_2A606D00CC46,0.06956136988465605
CC_2A6C69145AE0,0.07900702625338094
CC_2A6CD71471A6,0.107872452580902
CC_2A70D6EF64E1,0.0746655434227117
CC_2A844754AE67,0.6659209522470084
CC_2A85A7B242FD,0.16568149029480675
CC_2A9A51067D7F,0.15420054218972867
CC_2AAAD4020436,0.2122823881704386
CC_2AB62BCF3704,0.077045199043388
CC_2AC1C8DE5649,0.11689401150044129
CC_2AD10D78793D,0.7403088966859417
CC_2AD26446A7AE,0.04051363043599916
CC_2AD2D35975D1,0.0763583435189027
CC_2ADA07B0211F,0.3150976238302701
CC_2AED2D284351,0.32003122365700026
CC_2B01FDE2552D,0.24308420181750282
CC_2B06DDFD7F8A,0.07467530891791634
CC_2B08FBC0A948,0.16967230783118872
CC_2B1914218468,0.7778205300523291
CC_2B1D93E12DC9,0.2298872790269823
CC_2B248C488918,0.07652204727400418
CC_2B256891C60A,0.6147181668538152
CC_2B2801591A25,0.3616881641435855
CC_2B2B7CF1E40F,0.10172189882883254
CC_2B2F4204834B,0.20153893257940295
CC_2B5443C7AB87,0.07185943482723062
CC_2B5D780AC244,0.6545565765237858
CC_2B64E67CFF13,0.05535709478187548
CC_2B6B872C8D21,0.07192523649560906
CC_2B85D931F011,0.0974426181851758
CC_2B959EF030DD,0.16387609318703822
CC_2B973D1AC16E,0.12751730136788517
CC_2B98983C2687,0.05190810981804838
CC_2BA581E7B8D2,0.10070273604644903
CC_2BB2C432C369,0.10041694812708651
CC_2BBE19587CD5,0.08401059468332496
CC_2BCB838A9581,0.1426863162623496
CC_2BD0E9336EB4,0.07854184855263407
CC_2BD1633FD528,0.08565550204605468
CC_2BD58FC8C2B9,0.04308660276048573
CC_2BD6083CAB0B,0.8028565836294558
CC_2BDD47B177E5,0.8055406527999938
CC_2BDE889EB05C,0.28634168475430555
CC_2BF8DB192A49,0.6345912722103907
CC_2BFDF46F3AC2,0.14944864285481496
CC_2C00CF2FAE22,0.12086847990869101
CC_2C06DDBA1073,0.36017383560582356
CC_2C16C7838FAB,0.8115098952265064
CC_2C263A1A732C,0.19329836988486876
CC_2C34105831A6,0.16717916919516762
CC_2C43FFA06F31,0.08914064929758657
CC_2C4DEE4CA1CF,0.06017679122869877
CC_2C56DB55E40E,0.08847066994742757
CC_2C59F565C183,0.13490872532175152
CC_2C7F54E56925,0.1636889436683585
CC_2C8CFCC646BE,0.04139308009167302
CC_2C91AB1DB754,0.05994514015372567
CC_2C93356976AE,0.40532667075709117
CC_2C9DADC294C8,0.061094014741299996
CC_2CA94231028A,0.24213065105074805
CC_2CC8CB17283A,0.16378148919354943
CC_2CCD42AA2376,0.10759382467947239
CC_2CCFE560A79E,0.0676104091215032
CC_2CED227E5216,0.10163976848465324
CC_2CF326E90715,0.04484288001192285
CC_2CFEA03CC6A0,0.6798464507250104
CC_2D1D032137DA,0.1183965983912457
CC_2D258781011B,0.19264255557414076
CC_2D30260A1CEC,0.20303321541159694
CC_2D35C002A9F1,0.1259049143456535
CC_2D45DEA4EB25,0.13431035192413548
CC_2D5494C13FFA,0.07096436718211394
CC_2D5EA2953E81,0.18392747150358874
CC_2D6E7894EA16,0.6584223809435507
CC_2D7DA36360AD,0.2161200913192457
CC_2D7DFEACA38C,0.29641534440251044
CC_2D836654A121,0.14760765047129318
CC_2D9CDFC6C57E,0.7448538075482258
CC_2DAC67585B03,0.18037927056563155
CC_2DAE338809DE,0.2625450371784723
CC_2DB062A18C75,0.5240318193737403
CC_2DB2C55CF89E,0.78907814167279
CC_2DBCBF870292,0.04223439819823732
CC_2DCBC03B4FA3,0.741846227007497
CC_2DD78131B5A1,0.1030939986714719
CC_2DD7BCA75AB9,0.1118387622958083
CC_2DEB49017220,0.09587375670651499
CC_2DF6C71ED372,0.1462400930381881
CC_2DFBFA1A4FE8,0.16572268948432367
CC_2E12A41F7733,0.06640519516466892
CC_2E1A348EB1E6,0.09244759376148157
CC_2E23CB0F6F7B,0.3712483603494093
CC_2E3634587158,0.050357485831847834
CC_2E3F4B14D8DF,0.3549054941470679
CC_2E3FDDBF4F48,0.19115388802794342
CC_2E61C46BC16A,0.17587400472089332
CC_2E62AEB14351,0.29407149694524387
CC_2E6F1C0ADEB8,0.14933921232881334
CC_2E7415FAB62E,0.07931726748267116
CC_2E77F7444FDF,0.04193631861537787
CC_2E78431BE3DB,0.07177023042129946
CC_2E7D44FB8075,0.15735391433364387
CC_2E7D8539BDA6,0.3542367856260544
CC_2E7F248874AA,0.7430872898296732
CC_2E85BB8F3BB5,0.09103544506486164
CC_2E8897E4D9BB,0.2941640399119691
CC_2E8CCDE89E2D,0.24532677582292
CC_2E927D910813,0.14136287872946174
CC_2E9891F5A2D5,0.1054026906986259
CC_2EA56A7EAC04,0.2829463071111641
CC_2EB45D13B248,0.1115863934204492
CC_2EC924B0EAAE,0.10168834143355404
CC_2ECC248C96B7,0.0498258597230355
CC_2ECF0C98B06D,0.40850990836932155
CC_2ED3F6481454,0.1419462952446989
CC_2EDDF0B40ED8,0.13946021748772425
CC_2EE2A139642B,0.1403975659542253
CC_2EEE072DA301,0.208266176843457
CC_2EFEBB85DAEB,0.145219940643462
CC_2F133BEFAA69,0.11008401192203932
CC_2F1AAE3B81F2,0.0718851030456651
CC_2F1BC47CC90E,0.052070014365959844
CC_2F2128FBBDDC,0.16773736124094987
CC_2F3D3342834E,0.06148370513779836
CC_2F42D39F710B,0.6361912241371945
CC_2F4AFE398419,0.7236606617324287
CC_2F4C24B38EE6,0.05994295957283046
CC_2F508C0838A6,0.0770044438061191
CC_2F50EC193942,0.20571500008194718
CC_2F5BD03D4900,0.07267286807104946
CC_2F73AF6728BC,0.054183170564916394
CC_2F7EBEAB9CF2,0.17739583506547646
CC_2F9AD2BC25F5,0.05395093812204141
CC_2FA3172ED3FE,0.7227092303980654
CC_2FBEF8808F48,0.17416314023629365
CC_2FC014F0EA3C,0.0784407135179664
CC_2FC3AD2EC986,0.23145754017167444
CC_2FCC82AC097C,0.2172531712842526
CC_2FE2ED7D464E,0.25357367840073247
CC_2FFCC9802D2A,0.1834410857763401
CC_2FFE32627DF8,0.1947780711604606
CC_300BEA90EF3F,0.1459974630372703
CC_3017B64D0364,0.1976702976086145
CC_3017E5E87C94,0.12775781835415018
CC_3028375CC87E,0.7827365366389558
CC_302A48CFCEDA,0.07179556089407742
CC_3031F96196BD,0.46414961268099697
CC_30328ADA0AE8,0.08392887242429282
CC_30451015D913,0.03514999464593477
CC_305D33AC15A9,0.7502900169861236
CC_306015CFB66A,0.1463270716436194
CC_306413849CEA,0.38626026980438855
CC_306EF0BC7CB3,0.035779195999055075
CC_3075C5B861A8,0.11464453058650977
CC_3083D9B76858,0.05367895969681114
CC_3096994A495B,0.2055181215581953
CC_30B106BC1657,0.19418627357134524
CC_30B967417C42,0.18215509641791033
CC_30CABAFF5453,0.09951598318866627
CC_30D68208FB23,0.36146829164787575
CC_30E2A90BACAD,0.17628686890640563
CC_30FFD856443D,0.5914269390979928
CC_311EF26786A8,0.07960559674250296
CC_3129843EADE6,0.7546886571531606
CC_312C34EF683B,0.050542653219760265
CC_31302B64C078,0.11118725926928699
CC_31344A25B569,0.03866722970307032
CC_31397A399AD5,0.08343520521112659
CC_3145B5EAD7AE,0.19935825190267337
CC_3146EE0BF81A,0.11113813947352384
CC_314D02632843,0.23405163304173335
CC_315133406E42,0.28437818949566046
CC_3180D1C6FB7E,0.18810515444614145
CC_31827EE8A968,0.2870363169959416
CC_319BE06CC27F,0.03958314863108153
CC_31A0A97AFFCC,0.4379872502264374
CC_31B22116E36C,0.16664910784946435
CC_31C78D9B6494,0.3727731158617624
CC_31D3FA367B41,0.10359675687894404
CC_31DAAB3E6DA7,0.14871745732861316
CC_31E36F666FB7,0.07609907203384195
CC_31E72EA14FE4,0.13633957645056424
CC_31FC6DC9482C,0.20953435857181563
CC_32076DA6AE23,0.15573204623849105
CC_3209FA12D938,0.3161007506802329
CC_320E17F947CD,0.417320386709946
CC_3223C706DD92,0.22385745412770042
CC_322EFB2E377D,0.09034833452936737
CC_3248EB928073,0.0825411147544593
CC_325D5DC52B1F,0.09862433966712952
CC_32662A6DB78D,0.1629033067227351
CC_328DD3BA068A,0.26200662038388955
CC_328DF7798F91,0.19371641154816802
CC_3295CFEB188B,0.08052287358444804
CC_329DC79286ED,0.6278445779682487
CC_32CB77D55C73,0.12095536704984207
CC_32D129B9E651,0.09237218437169083
CC_32DB12551D37,0.6816159377876099
CC_32F00D77D5CD,0.1032256008471482
CC_32FF5F6892D9,0.1947075360255532
CC_3301EF60877F,0.14815255904902927
CC_330F334BD816,0.10913709991271044
CC_331285B3494C,0.21728831316540603
CC_331364283D5C,0.14868309276518285
CC_331718E0F54F,0.15929887134231852
CC_33194D48FF66,0.09537717283161848
CC_331E8B8BCAB8,0.07547266867488227
CC_33254134ABA9,0.7972335312133184
CC_332E42439579,0.08015904135910867
CC_333102AB964C,0.14660741635695815
CC_3338AC0E8112,0.25663908746030206
CC_33656EEDE6F2,0.42569647397582155
CC_336777D934E0,0.49506815266964177
CC_336DBFE464D1,0.5312310196254804
CC_3382BB2F3152,0.14776533981302703
CC_3387207793E4,0.04803225265815999
CC_33992C973839,0.19197746685559902
CC_339C36703675,0.09861028324312883
CC_339CA5814519,0.10338620929038879
CC_33B157F2A921,0.09036366860840248
CC_33BBD10F239D,0.06265711726204973
CC_33D3B12EE56E,0.0869548718709694
CC_33DB68EA27CB,0.09404259434696541
CC_33F0B95E70CE,0.23272320804086655
CC_33F40275D630,0.051160545892482874
CC_33FD5DE22692,0.07767392473300054
CC_340961106343,0.12119056164349608
CC_340BB1F4CEF0,0.1273597416203795
CC_3410B11F1FA3,0.22390125548694848
CC_3424972707B6,0.6344784197695318
CC_34452758A645,0.037406755595155605
CC_344D239879D6,0.12961643264514927
CC_34503B6891CE,0.192768058126098
CC_3451722A3813,0.08578948311104294
CC_34517B513D8E,0.5054143984606103
CC_346ECB4CF2F8,0.10838715907057257
CC_3478E8B6B56A,0.059545625349024585
CC_347AFDE16722,0.08609745117309034
CC_347B1A01467F,0.04863385090975558
CC_348AA62FF484,0.33063031199047394
CC_348D3F098A4D,0.07709446596223261
CC_349290E4D0C9,0.1618780792867033
CC_349347D553D1,0.2644514222988647
CC_3495CE27BB05,0.21616895980777273
CC_34B10A654721,0.14830305816497188
CC_34BD2C5130C8,0.13597522653473104
CC_34C433439160,0.04958686098182841
CC_34CA271F73E3,0.31617283842765403
CC_34CEBEA3B15A,0.06449587343468169
CC_34E58CF793A0,0.16385229787278707
CC_34E6909B6027,0.5883963609710277
CC_34F4292A8B5C,0.204192362525117
CC_34F6DD223594,0.04739012951655004
CC_3508A7A5E9EB,0.1648042680047155
CC_35094977DD75,0.11997176947586267
CC_350DE157CE6D,0.1737319952226099
CC_351BD5C2EE8B,0.03256479618497648
CC_35486249EDEF,0.20473012076792219
CC_354C9ABE6DDE,0.0685280464204965
CC_35578162927A,0.1323699610542551
CC_357C3E7518D3,0.7614443005571516
CC_3584C15BF11F,0.0479177835127411
CC_3588C5166872,0.0764465511488704
CC_35A68306B19E,0.26073485778803196
CC_35BFB3093D02,0.052535722910161516
CC_35C085ED37BD,0.5287002445075036
CC_35C695C13279,0.07771408915074801
CC_35D1668A4C13,0.24501318407634662
CC_35D27495E0CB,0.8022022535539245
CC_35D562E1DBE1,0.6562644885335709
CC_35DCDC74A757,0.5051754843361709
CC_35EC2AB1D1EE,0.13855185934760827
CC_35EEB90317B9,0.5980708210078272
CC_361A9EAF7706,0.23058856144570097
CC_361B968FEB98,0.30220942659112426
CC_361C9FA031A7,0.8040571360601597
CC_3620C5D1B3E2,0.05601524978693979
CC_3622D7221940,0.06130607040605875
CC_363175E92F74,0.3247866120655085
CC_3638C9146BFC,0.1328796057878904
CC_3643A4C7EC5C,0.053972916660354295
CC_36690A9AE112,0.7433383527498953
CC_36719170F638,0.10218178609328937
CC_3673466BA7A7,0.08676222964467192
CC_36847054DF52,0.3831423566848827
CC_3691CE792752,0.7789509028642849
CC_36A27FE53743,0.517804574648178
CC_36A3FB06D1D8,0.7992781411774674
CC_36B0F2AD5413,0.0605000539902381
CC_36B1B7BF5F75,0.16187481513724644
CC_36B68E66951E,0.3877027729980289
CC_36D3F09AD810,0.49764402236181626
CC_36DBD8424220,0.6072408633896624
CC_36E5645D8018,0.06685324515922314
CC_36E6592E4E23,0.14686334767975756
CC_36F143AEC864,0.11534655596411544
CC_36F2A735DF73,0.14939564946620376
CC_36F81C003E8F,0.04955173958297158
CC_36FCD55EE425,0.4966681496889525
CC_3701D5DB7FA1,0.08259723331249691
CC_3706E1EB2587,0.5413326754651465
CC_370E0F8EF86F,0.5633026449644966
CC_371D47444D5B,0.7166740652687112
CC_372CFE308EA4,0.6442110053752088
CC_3731D90357A6,0.3185838884459825
CC_37322F66C543,0.04181290983084129
CC_373539DE38C5,0.12866299481669333
CC_375225700242,0.38724001710436473
CC_3762D0B6F3C2,0.11722661417966532
CC_377A277E831A,0.1503764885845568
CC_377B6066B91B,0.23877209592030513
CC_378D71726B5E,0.07174658071664891
CC_37A46BD0DCBF,0.04442344782226714
CC_37B447368F02,0.7483175541365867
CC_37BFDFE369A3,0.2334521858607679
CC_37D09FE492BD,0.07137831239522238
CC_37D3F4C07235,0.24448750609845893
CC_37DDACE48E3C,0.13378360566706807
CC_37DEF85C0A37,0.3396906563142331
CC_38020CED9EEF,0.08592583153269102
CC_382207621EC5,0.7989587294830597
CC_38374AB27F95,0.09835977821784196
CC_383A5544DD5C,0.1287012689371024
CC_383C129A5B96,0.2548461808554847
CC_3847AAA649C7,0.10470392493567156
CC_3849D992C1E3,0.07639681676421069
CC_384BB17F0F0B,0.5972151169894241
CC_3851177E5E76,0.06475357765669727
CC_3862F88850B8,0.2733354535955623
CC_3867CFCFCC94,0.2293717661514911
CC_3872ED018F85,0.17453419187770905
CC_3881A587C072,0.12451379195124292
CC_3882F8EB5EEB,0.5971614665815829
CC_38911341EA6C,0.08220029568849875
CC_389E5B71E254,0.5712764554415135
CC_38A0DBCD3728,0.10539030239095337
CC_38B3E9142747,0.11284242771785777
CC_38C1B8860300,0.05226873960223326
CC_38C8CF250B60,0.03362176870385873
CC_38D32B790B4A,0.11923633554228945
CC_38EB304A9915,0.18203229363131726
CC_38F26461C872,0.7356315307181798
CC_38F942257E28,0.5435035431225339
CC_38FA5D78A8A7,0.04927630396386275
CC_3903D7BCCA95,0.06887748371403063
CC_39043D7ED04D,0.2141211963566121
CC_39098B256732,0.060719014327417366
CC_3909A2E4C679,0.14545971873499505
CC_392344DF8D55,0.3200838700044952
CC_392628C8AD47,0.07589289238668841
CC_39285F4C42BF,0.38026630273381334
CC_392A376EA1A2,0.08608689511015395
CC_3932E086F150,0.15011105721189102
CC_393D1D3640D0,0.06088757165533636
CC_3943B3490B49,0.7061333224458933
CC_394DE164DBCD,0.12261645291861868
CC_395600E84A54,0.11867248998158973
CC_395D181A7E1F,0.0902608979742777
CC_395E8CACC437,0.13527402898302263
CC_39635AC6A70E,0.05297810854974887
CC_3969352E3ABC,0.08905532662162864
CC_3985C0DF9CB5,0.5471711620728226
CC_3989F2C6A9F8,0.2128549903275412
CC_39A82672A1B2,0.07112296657803979
CC_39AA15DAE17D,0.6667357622102984
CC_39AA2A3D98CC,0.03642098741713107
CC_39AC257B00C5,0.10347678797432447
CC_39ACC63CDAEE,0.1074678366225914
CC_39CE40784C2C,0.22106051066725596
CC_39E1A306D418,0.14130170999629452
CC_39F2B11C46D7,0.10077100383701107
CC_3A10F5F50A27,0.04680835269711973
CC_3A27CF9D162A,0.5600618929235638
CC_3A297424A7F7,0.11854211092531927
CC_3A39F7930BF3,0.08657675099284269
CC_3A57566F9977,0.5624781778966134
CC_3A61121254E6,0.05320401181497783
CC_3A81C568A7F8,0.15296453562715412
CC_3A82E7050A4D,0.048398693630679175
CC_3A860AADE6CE,0.15580140005263463
CC_3A8B3FC29C9E,0.11138147530023158
CC_3A8E9056A5A2,0.08661436831484057
CC_3A9617A5777D,0.436667565296671
CC_3A99D25777CD,0.1341069434143634
CC_3AA9E8D01340,0.5715237314780528
CC_3AAEFC09C290,0.7533705900375354
CC_3AB5E579843E,0.2496265057939712
CC_3AB77A30AD40,0.1960046660809586
CC_3AB7BA36A414,0.3072293036234814
CC_3ABA830A5BB2,0.11598029691939218
CC_3ADDDA550A57,0.10902246761647653
CC_3AE7B1151DC9,0.13208780969410625
CC_3AE9A209EE00,0.05104765790304763
CC_3B06FCD75C98,0.05341036504448986
CC_3B0722FB5E8E,0.2816723071954729
CC_3B1C51DD7429,0.16984238699421506
CC_3B1F4696D710,0.590159101202944
CC_3B224413A072,0.22941844200301267
CC_3B35C3783CCD,0.23351448029053876
CC_3B3626F3DF9F,0.2020875222911354
CC_3B4405C7E486,0.5746947821745055
CC_3B4C4A9C9D99,0.3302167246946739
CC_3B72F0E9E3F8,0.2086031425287392
CC_3BB02A95C6C1,0.7308952830819766
CC_3BB8B675C2BC,0.4364818793580393
CC_3BC51B069218,0.1275554905089223
CC_3BCA5BD201AC,0.14748636813325547
CC_3BCAC9793441,0.2922014846586073
CC_3BCBC867AC4A,0.04177690339015025
CC_3BE51412ABE7,0.40694775811451134
CC_3BEA98B401CD,0.6668832173789147
CC_3BED6DF1ABF1,0.16324029534962556
CC_3BF0BF7CF827,0.8307771642245333
CC_3BF110035599,0.6531262109442088
CC_3BF213810DEE,0.664369084902736
CC_3BF21CA88D3C,0.5000037818972592
CC_3C0E29764C71,0.07396426304121315
CC_3C19509D4636,0.14975817698461882
CC_3C1B038BB068,0.165602043360308
CC_3C594CADCA2E,0.1957689279936421
CC_3C5D909498F7,0.665083417378371
CC_3C68D5179A01,0.09389244291589323
CC_3C83955704BA,0.7940146705955625
CC_3C93218F41B2,0.362918887293026
CC_3C9CFC8FB4D1,0.7494422225332467
CC_3CA266EB55BE,0.11395089452138647
CC_3CE49C937F7C,0.107470309536828
CC_3CEEB9C04F0B,0.396206473769873
CC_3CF504AD4DD9,0.07424394774442038
CC_3D1092DBC5C2,0.2163154467803757
CC_3D185833E7BB,0.0539100872190976
CC_3D2309981121,0.3402376161579729
CC_3D27A0086AA6,0.18090726697900855
CC_3D3BE7D0F4D8,0.10715308899990321
CC_3D412B5EA919,0.09617941225621936
CC_3D47650C6F30,0.07742215807208372
CC_3D55D1FD8457,0.04968010383064253
CC_3D599501BA76,0.06931997058765454
CC_3D6181EE3C87,0.6735167830385379
CC_3D65CC165F44,0.14866367821877838
CC_3D6CF6DB8014,0.38668571682062763
CC_3D7C14801D40,0.17305532356864084
CC_3D836BDBF866,0.618180558998027
CC_3D8DF3A3DB71,0.7660354725750068
CC_3D9309851089,0.17758600735536023
CC_3D9ECB4274C3,0.11768158619997073
CC_3DC8A9A92802,0.34819767308068694
CC_3DDD3813D1D4,0.09361651253293073
CC_3DF3FFB3CFC7,0.13177964132669598
CC_3DF88701601B,0.14779247860742395
CC_3DF91A482CFD,0.32610478927340675
CC_3DFD6349D046,0.6138561454454653
CC_3E0D54125AE0,0.19630349769171246
CC_3E10CFE1DD57,0.052485545911042875
CC_3E13CB98572B,0.13369801268156326
CC_3E142C8ACA6F,0.09102815212687831
CC_3E1BAC4E5B90,0.05323667163061936
CC_3E2DD0D1E2D8,0.13650932185784614
CC_3E403BF08A45,0.10566234738071364
CC_3E46368104AE,0.09879098871474369
CC_3E48A086B5C7,0.27005254850259164
CC_3E54451B0F6D,0.08065615413147648
CC_3E6335ED3F4F,0.08413127454300887
CC_3E87A65C50A5,0.15679950872816734
CC_3E91109E2090,0.05967007723975941
CC_3E92A1EDA618,0.24315287390312876
CC_3E94684FE270,0.5168657013310073
CC_3E9DB402F352,0.16744603910357436
CC_3EB5A15A6C04,0.804363511007951
CC_3EB8A9A6C49D,0.11366831483938153
CC_3EC96BC884F2,0.11132810276819874
CC_3ECA9E44B90F,0.24541873375688317
CC_3ECE4EF16A44,0.19813302822905976
CC_3EDDB8E70F57,0.20518793964821516
CC_3EDF137D0E1C,0.14074000625634592
CC_3EEEE844410D,0.36368758782424554
CC_3EF4F348C967,0.12392980745745465
CC_3EF91DD11A81,0.14531178148966845
CC_3F08C55E7A40,0.21613857193945754
CC_3F171CED0CFA,0.03492032599474112
CC_3F2544EFA753,0.10858131336715922
CC_3F28F3286CCA,0.07842843733191768
CC_3F379CB37B0D,0.17807346424541845
CC_3F42D798AB1D,0.6619562349728558
CC_3F48724540D5,0.1667457051170736
CC_3F68068E2D5E,0.11623569631633779
CC_3F7FBE71B77F,0.07000727501314169
CC_3F80017B8599,0.05588191904236175
CC_3F8B17953200,0.06882369942767805
CC_3F964BADC4BC,0.7357067843701767
CC_3F9767602FCB,0.18741154318286726
CC_3FA84F0B23CE,0.05837985932855206
CC_3FB4B189143F,0.15089125920193755
CC_3FB7C976EB26,0.46509565536021835
CC_3FBCEB2F36D5,0.12069824356363974
CC_3FC4FE843245,0.11598998579466772
CC_3FD52E32FE8B,0.6791830661055642
CC_3FDB44EC6254,0.05348446907235865
CC_3FEFBD6DC62F,0.2118658098248931
CC_4005466D00ED,0.3237427390845432
CC_40095FFBC1A2,0.058718194955121615
CC_400F1887A662,0.11077999587697636
CC_40133FF3069C,0.10291788861738918
CC_401C6F0EED5A,0.10620499284437215
CC_4021AD03FA01,0.1501384771843116
CC_402E91F3A56C,0.11156225582059631
CC_403754B6988D,0.10073029159343858
CC_4052DFCB1656,0.22309151537012495
CC_40579C5C13D5,0.7878202729318846
CC_406937FF97E7,0.08897896157511571
CC_406C4233347A,0.21565955794594996
CC_4073E42E11E4,0.1733857144014033
CC_4077BB12A5F4,0.08974407700724336
CC_4077DD5B5C4F,0.12655087251648267
CC_40824D899215,0.07375822536824486
CC_408D79189FBF,0.3164970759178395
CC_40A3F1D5EA0F,0.3353448421234275
CC_40A852A592FB,0.1179872500769674
CC_40AADA91D560,0.1835034675438509
CC_40B39CB2CC58,0.040244818473476426
CC_40CE2030F058,0.058097373415509634
CC_40EA2F8481E8,0.1591848999867936
CC_40EFD7778F98,0.13365888809430884
CC_40F278D49681,0.2537986717935751
CC_40FFCF631F19,0.40135673638319225
CC_4101D1B82788,0.23325475536226295
CC_4109B79A4B06,0.03806093426717218
CC_4119348F051A,0.11822145010516528
CC_41206EE45803,0.07306899299760115
CC_412DF740DA62,0.1473022013596777
CC_413AB4CA7451,0.08478200655132545
CC_414C06C60FF7,0.7124612463924594
CC_414F50748A51,0.06246010655390005
CC_415C65EA66AA,0.052296024716963464
CC_415CED95F7CA,0.13981436797193827
CC_416584250060,0.10610488375977797
CC_416B3A1F0F0B,0.07946319755396522
CC_41735021FC7A,0.201040996143453
CC_417858CD20F4,0.11534084291056955
CC_41902EFB3974,0.049337397549672
CC_41A27790EFBF,0.12983602372198255
CC_41A4A223F39D,0.09779905251945167
CC_41B464757ED6,0.11174261526257373
CC_41D1A87E1136,0.47328786112441656
CC_420FE297808E,0.041168133472520796
CC_4211096D5588,0.17914382782102148
CC_421F4D78128B,0.4551024429393161
CC_422F2780C85A,0.34044643029189486
CC_423B0296BE24,0.07104419460707118
CC_423E78000AA5,0.16680111345422896
CC_4246081DD359,0.10405140188239356
CC_4249EDF2FDCC,0.8183565940711454
CC_42568C67F412,0.4051725312112824
CC_426A25EA9E21,0.7169163865454875
CC_427ECDDEECE6,0.3002619963996704
CC_4289EEC8F0A2,0.1849540978293924
CC_429A7158AD07,0.1203258351921133
CC_429C51AE729D,0.04627161913132105
CC_42A0DE1E5E80,0.0857789479943079
CC_42A7D0F5388F,0.08386781297510734
CC_42B23C8C9F66,0.15992643342672713
CC_42BD3999AC3E,0.28372041086157446
CC_42C95B199130,0.4286443071958494
CC_42CD6CE97523,0.43366157368687186
CC_42DA114F12A2,0.2773544099280883
CC_42E2736AA331,0.16935831731309675
CC_42EA825C351B,0.46571674696549753
CC_42F1B2B4D258,0.5155135094178114
CC_42F4588EB38D,0.28868209106398
CC_431F29A12E99,0.19128012312055984
CC_432EB78A198D,0.23341675801051187
CC_43383344BC72,0.1771637461447
CC_4339187DD10A,0.06512772890810901
CC_4344A2E7EA1F,0.5003395071648117
CC_4347468ABE51,0.5761877251706952
CC_434894BC2577,0.06248784506588018
CC_4362DB93FC92,0.07855130290419068
CC_436850DDC704,0.13612720056175415
CC_43698E2EEA0A,0.10552182309080778
CC_4387F73F131E,0.10410510601188502
CC_43A33C994C70,0.35115026234562613
CC_43ACD82B5514,0.3053469364666993
CC_43B37131B8FA,0.20789048612117172
CC_43BFCAF8BD20,0.15185221880117467
CC_43C060E01266,0.20193291247802084
CC_43C41AF27375,0.05753992972601083
CC_43C5AFA48B93,0.08307321706188811
CC_43C767A44C55,0.19428800476188854
CC_43DECAB53552,0.04934234295267123
CC_43E6D931158D,0.3720418112199942
CC_43E9F88019F8,0.06592345710931505
CC_43EBD6EBD675,0.07824629134178103
CC_43F81C577002,0.3417890377959495
CC_443C4E041687,0.0727360551970933
CC_443F63BF238A,0.09715702611567385
CC_4463776F9AA1,0.11138726393257749
CC_446F1EDF03C8,0.06561519724317838
CC_447BAD4F7820,0.8362033197440865
CC_447D02F917B5,0.05788073819962044
CC_447E705746E2,0.15306225016082653
CC_44A017104F93,0.6541060217298656
CC_44A1E58CDBC0,0.05402139254968505
CC_44ABCC04C418,0.08276586901316342
CC_44BF6BCCFC2E,0.053046283346191866
CC_44D0671A3B87,0.12127907802255286
CC_44DBEE3A7D81,0.16184876127692072
CC_44F7DD6A88A1,0.2355772017551337
CC_45080C42280D,0.19920219665134872
CC_4524AD74135F,0.383415524244048
CC_45262103231F,0.20195588163949227
CC_452D8C5D039C,0.8186421288730406
CC_452DECDBC90F,0.08443426481477731
CC_453C9B3A5992,0.47794979143438177
CC_4542AACA1FE4,0.11921080875144063
CC_455209549D3B,0.7959925163787688
CC_4555C804C4D0,0.0820860670651045
CC_4581E4190B2E,0.10237483072577551
CC_458912F91D6F,0.46630223841941354
CC_45913E1BE65C,0.3254668669491935
CC_4594791FB40D,0.12680066877839216
CC_459B49073E2C,0.33122391160424086
CC_459EA8E0E2EF,0.1261498547936806
CC_45A4A38557E9,0.14061269160033454
CC_45ACE2B1DB6F,0.0750860344919133
CC_45C1A92F0E8D,0.10383631011551304
CC_45D0673EDD20,0.11868063814342171
CC_45D70DC84DA0,0.10176821840498687
CC_45D96479EC1E,0.06218278339434307
CC_45E8597BF74E,0.07311716690652077
CC_45E97246F83A,0.2985725113100385
CC_45EC44761309,0.11670717803561872
CC_4603A6F83E2A,0.06573193462479036
CC_46045CEE8330,0.06495483964638013
CC_464E17187A4E,0.3824699691989247
CC_4659FB4B8536,0.12759984533434576
CC_465EF4F9B68F,0.19387159480053623
CC_4663FDE62E3A,0.25644195294599875
CC_466D54BE0809,0.07116863709071684
CC_466ED9BD34B5,0.07821367137885608
CC_466F7908E13D,0.18397098467863782
CC_4695A5525A11,0.15077517532916115
CC_46BBB8A4854A,0.062288928958516517
CC_46BC61EC8F2E,0.21385528059979286
CC_46C0DFA660B0,0.12090302413657296
CC_46C2DCF84CA0,0.10916546890519072
CC_46C38B9F0D8E,0.08304042254492532
CC_46CAB9AE7C87,0.5384035581942948
CC_46D0D1ADEA59,0.16501905317519275
CC_46DFC1AA0821,0.8052150402909082
CC_46ECA5976180,0.10718898096952059
CC_46F5F6D27991,0.08440836254480039
CC_46FE9F226120,0.2399188511717458
CC_47130CC63FC5,0.19106053540120704
CC_472330768F5F,0.10147784623321603
CC_47292EBB8BD1,0.14926945630687258
CC_4734AB1281DA,0.05628679383813864
CC_473989E6BA47,0.2727014171677587
CC_473AE07014DC,0.17209180679906558
CC_4741EF45C3DB,0.23225397914440687
CC_474586BE49EB,0.13846190616121845
CC_47490BF44944,0.25794409126551376
CC_477213DAED38,0.07270446476485061
CC_4778086276B7,0.1258835063626767
CC_47910B073CF3,0.16261277004087607
CC_47939776FDF6,0.7253760490222821
CC_4796F6A64420,0.06248976945718215
CC_4798549B52ED,0.30728092135184165
CC_47A3714E7D2E,0.3176389494916273
CC_47CE219EBAAD,0.1796906162345737
CC_47CF9074E03E,0.13101366174770265
CC_47E4537A53FD,0.11565631889657586
CC_47E8BC938FA1,0.13892833403704596
CC_47F134D17818,0.14121883197624177
CC_4812FBE05C7C,0.3748778572738772
CC_48152725FAB1,0.5744594827634665
CC_482256495FAD,0.6499455823483821
CC_4829FF15D21E,0.12742665092043218
CC_482D26D81935,0.6794512937786836
CC_4838990A8D02,0.06339323270435042
CC_4862EA9CD1DD,0.046273183383346864
CC_4862F8C1B0AC,0.0804950905212025
CC_486CD67D26CF,0.16083609275630129
CC_486D8F9AE549,0.3013419513178225
CC_4877D1BDB737,0.1011167965592088
CC_4885E34F0B26,0.12659672045905965
CC_48928CA8082E,0.14231761405198912
CC_48A74FF0E6C5,0.08665054896533189
CC_48E0791DDD62,0.06911723441016851
CC_48F620B6A472,0.09590441500497192
CC_48FDBB1D7493,0.1310571673031932
CC_4910EC928152,0.1303500463432605
CC_491C18C17767,0.06132882606887492
CC_492F65EF8D9D,0.8054264723659285
CC_493DDD53B97E,0.0498561815802824
CC_495F82AA5B9B,0.16804078426824295
CC_49618412FF86,0.07764346744538121
CC_496A7CFA344D,0.7468404161551866
CC_4983EBABAE3F,0.07877355574648714
CC_4992C1915957,0.5356148160860867
CC_4993B31028A7,0.07752476155815834
CC_49945441A644,0.19611713583346824
CC_49A80692BC68,0.11707482016188744
CC_49AB67613A58,0.16839777489181376
CC_49B05CADDD95,0.5617447614765333
CC_49C6F9AD111E,0.10629277800899417
CC_49CEB94F0B3B,0.04468356639023497
CC_49D3A79B55CD,0.08356274925028756
CC_49D6671DAE8E,0.09699108978760344
CC_49E6C539B1CF,0.049418320864493576
CC_49EEDF0DA684,0.037495928274475065
CC_49FC290E33A7,0.17947320157734262
CC_4A01CF2F67D2,0.7390908557390045
CC_4A16DC668832,0.5393116945175428
CC_4A212461781C,0.06863992146303706
CC_4A237A8E6706,0.15958680163144978
CC_4A3DFA0E27A4,0.1416949705183606
CC_4A513D39DCE3,0.06705728788835269
CC_4A532B0E6165,0.14379716296936862
CC_4A5FA9F1C804,0.0971144654753326
CC_4A7BDEC665FF,0.05606487800575662
CC_4A7FC9B23222,0.3240554527598291
CC_4A8A7080FA25,0.23088079404168507
CC_4A8EFD589879,0.06098409141300906
CC_4A8F7D2B857C,0.1775456076750332
CC_4A91E8D4289D,0.3714799946490555
CC_4A93163A12F4,0.3262691304191887
CC_4A9FEF48EA65,0.09946117222331755
CC_4AA73D751AA5,0.3218015135852661
CC_4AAED0C85F70,0.14271317932339597
CC_4AB1DEF044AA,0.043880712416786094
CC_4AB5AE299217,0.2096332913121907
CC_4ABA0CDC2270,0.18639449939382854
CC_4ACFFC2F295F,0.6289357403475074
CC_4B0490BAB1B9,0.07378447294158227
CC_4B28B03CEFEA,0.08868498457208591
CC_4B420765EB9A,0.11314092538854541
CC_4B47C16D9867,0.12111497476840892
CC_4B494C4D7D03,0.41551163899617255
CC_4B4C84B015C2,0.050525820913373806
CC_4B607295E983,0.05339457877382574
CC_4B6D24E81483,0.07340181390274202
CC_4B77AF6FAF2B,0.6765143428085718
CC_4B7EC3F2FFBA,0.05395930758543266
CC_4B85318DFA50,0.12302429483529806
CC_4B9B36B36DA5,0.745601800403656
CC_4B9E0AD5D692,0.5198628054402374
CC_4BA041C9678C,0.10410910513630202
CC_4BB40F2129A6,0.08199404685161774
CC_4BB8FD274E2A,0.0753732926044881
CC_4BBB8118FBBB,0.13291884346667446
CC_4BC8CB91719F,0.12625138181535356
CC_4BE447D54BB8,0.14637147714257023
CC_4BE85B1BDB62,0.32037849548106967
CC_4BEF3C7F6395,0.22863726165014633
CC_4BF03FF61B97,0.45536349639548807
CC_4BF4C38EAE8D,0.2736426760791108
CC_4BF95B8140C8,0.11427369769575135
CC_4BFE0CB61B5A,0.37942602789648594
CC_4C2A3F254101,0.36502546114030443
CC_4C351DEB6230,0.21514202561700896
CC_4C38031A2A9E,0.10805012243717747
CC_4C3E35875F03,0.10927923106238008
CC_4C4D79F933B2,0.12235117231874379
CC_4C56497F4AB0,0.7129522052325077
CC_4C827B493CFD,0.12778511376693738
CC_4C849C6073AF,0.11062244094933268
CC_4C869E6F618A,0.14548442202416156
CC_4CA21C15763D,0.11345297116324793
CC_4CB2F1CAE684,0.09810650270067277
CC_4CC0265E0778,0.04927701415924415
CC_4CC5483903E9,0.6062859772248349
CC_4CD7C76FE235,0.43298026644798704
CC_4CE2BFED4F4C,0.08312665483718362
CC_4CE751CB58FA,0.45588699063088717
CC_4CF3E184C500,0.04940348668662255
CC_4CF668E60D64,0.2991253265426171
CC_4D1A1AF53E18,0.053920488691497764
CC_4D29155FCF33,0.25371643251545206
CC_4D2CC7618AC2,0.5274247144020268
CC_4D350FF7402B,0.36070741724734556
CC_4D38AE84E3CB,0.18823798664757171
CC_4D4140E1056D,0.09833275670749154
CC_4D5545FAB130,0.5779527542558685
CC_4D55E218946E,0.0871744023987658
CC_4D5E14BD6AFA,0.08588222754367622
CC_4D78935D66E9,0.06251867613575252
CC_4D883AAAC6C9,0.03965772624505677
CC_4D8D8108C51E,0.6204328507294877
CC_4DB40331777A,0.7968294407952268
CC_4DBC8652D26F,0.08932348496414981
CC_4DC0E154EBB0,0.7244473777908875
CC_4DD5B8780C4C,0.10339883756438077
CC_4DE0070FF683,0.13825715645381334
CC_4DE688CDBC27,0.08222049866884693
CC_4DF37857FCEF,0.0693073548657927
CC_4E20F0249BC6,0.766867909476508
CC_4E2F01B7B9EE,0.18150697622788348
CC_4E41C247B4E5,0.16728519803687475
CC_4E479F6989A1,0.06189993238302575
CC_4E48AF17BC29,0.09042674363835398
CC_4E6BE67E3C4F,0.04052999292066646
CC_4E70939C5933,0.4891104906316549
CC_4E70FB172717,0.1476616628782197
CC_4E726EE8C026,0.2987614636415385
CC_4E76F48DFDEF,0.08563485865913455
CC_4EA180B2B913,0.03504343673419423
CC_4EA67A160C3E,0.6108486098582271
CC_4EE41FC91AD2,0.1853549170148364
CC_4EFECC6C2E36,0.6756370534735717
CC_4F22CB97C34F,0.054264460363450694
CC_4F2444DC6C75,0.8331523150533902
CC_4F2B7F512DD5,0.06625583026990572
CC_4F504A9744FB,0.10506704509939378
CC_4F6FEE589187,0.1324441020201446
CC_4F71AAF96C32,0.07911346534644152
CC_4F76E57C55EF,0.36032321462105477
CC_4F88D3E5AA2E,0.04501293676200492
CC_4F8A4384F6DE,0.13797857262708102
CC_4F8D83DCCF25,0.19619424213322306
CC_4F956AA47816,0.6711620206352669
CC_4F99FCEA10E8,0.09624600863418281
CC_4F9F10A183F6,0.08351468963221718
CC_4FA766935F14,0.10363952593313014
CC_4FB0B9E398F2,0.32264337347623995
CC_4FD0DF6CA3AA,0.05833164398803573
CC_4FD902F7ADEC,0.07699587783028866
CC_4FF1155E3A6B,0.3472093287200769
CC_50103368F241,0.08244724578718712
CC_5012B9991935,0.11532078414619264
CC_50172FF2C2C1,0.1172568479022393
CC_5017C9BA7773,0.05837426721453025
CC_502C3D0EC4CA,0.0942766728130891
CC_504157951119,0.05361918833343861
CC_5042938B5A9A,0.4525028426769625
CC_504A57293FE4,0.8128250572432116
CC_505812CFE43B,0.3406305870767089
CC_505A6EB06E39,0.3355434492597627
CC_5064CCE0EF29,0.23926852934235346
CC_507BDF639FB5,0.17004456520291167
CC_507E53684AB6,0.11259960356715035
CC_5087A0D1765D,0.2348032798593889
CC_509229AEC221,0.21035463497293405
CC_5092D3A72B03,0.21387542975369728
CC_5092DF691F74,0.5770099186370649
CC_5094BB59416F,0.22624229272618743
CC_509926B384D8,0.7747038637609032
CC_50A6C96DA7D3,0.051788311928620115
CC_50AE75A10F3B,0.2802416245063733
CC_50D4BB93EB1A,0.06905032035988942
CC_50DF7B02E356,0.1860186874877745
CC_50EB53CFE7F8,0.05857687246148002
CC_50FC7D563CE4,0.15697444411412875
CC_5100E6EAA3FF,0.17525183183522577
CC_510F2944B2A0,0.11656042089215231
CC_5128881AAD54,0.15380142144315165
CC_5138941DB7A2,0.15540277719267293
CC_5139EF8BEAFB,0.16580060909274927
CC_513E5EEC6B04,0.1203858163592067
CC_51427EF15375,0.31968791758681264
CC_5147B281DA64,0.3970828162995336
CC_515D968ED36E,0.09175030223556227
CC_5176FF858154,0.09676223528588211
CC_517CB40FB016,0.08806795555060426
CC_51884D5F3E4D,0.10788357847631262
CC_51AE98263438,0.13014650426955632
CC_51C9CE782368,0.16300210346678703
CC_51CC80D1570F,0.060014618564211045
CC_51D2E3476902,0.060549396039645355
CC_51E05E706D64,0.11545342141597593
CC_51E5A5E9801C,0.058864026510806064
CC_51F5DA44F9A0,0.4880106107145156
CC_51F6BDD355F4,0.05744234641169374
CC_51FE657FE212,0.1056157875737357
CC_520950C9BAA3,0.05316139640071616
CC_520B1D31AB99,0.11306604689555058
CC_522550E1761D,0.7887488286401354
CC_524CD519E76B,0.09996274813802583
CC_524FE9E3DAD3,0.4612154656714472
CC_52629A025048,0.11723338672134047
CC_526765FC100C,0.23831156397443728
CC_526E56249FFA,0.26110185443875206
CC_528B42A34966,0.24243002377489462
CC_5292B36E4882,0.18044455992502095
CC_529A2F110236,0.1422655744569759
CC_529BC4ADAD6A,0.18994545158724574
CC_52C1C5A6F887,0.07702031695784439
CC_52C3B674FDFD,0.2785304172336154
CC_52CCBB8F9964,0.08134032127310731
CC_52D21FFA24DE,0.7455278255533702
CC_52D32EDBAA78,0.1937486238776588
CC_52D7821A8363,0.14210683500885204
CC_52D9087EBCD6,0.8179648738510475
CC_52DD62E1AC2E,0.18119582094984032
CC_52E8B04F0FA0,0.12165861342032801
CC_52E965E9E2C3,0.14027941291532836
CC_530BA492842A,0.3160154460169438
CC_530F6E906D6B,0.04931161997303385
CC_531FCFBE3B13,0.12272083741192466
CC_5320DFEAD897,0.17098902929631474
CC_53319AE7B829,0.6577802561881279
CC_53481151859F,0.042815390668181026
CC_534D4FC05F82,0.18795482095631252
CC_53687DA8C9E5,0.35721240404164517
CC_53795A7B7751,0.06541911352399064
CC_538328A6B3BA,0.4510928056825723
CC_5385266461B1,0.1875685927091943
CC_53891CB35BF8,0.14208772420043392
CC_53A6E1083B13,0.08560991588307859
CC_53A77DA726A4,0.08384793234041621
CC_53ADBC2F6E34,0.21302817924079853
CC_53B249809561,0.08950345659947255
CC_53B2DF5B019C,0.0582023171018994
CC_53C1F3E031A3,0.13437250058888608
CC_53CBF2E8AD05,0.4982296090441267
CC_53D04793ED9D,0.06897497732036575
CC_53E23A9B6F74,0.061674085469260544
CC_53EB59C99100,0.4203006181439593
CC_53EB9AC04311,0.12004931726875263
CC_53EC732C9B30,0.03600318716841804
CC_540122E71534,0.1423003576858925
CC_5405C89DF8BD,0.73375605740821
CC_540D69F5BA23,0.14338068587268554
CC_5414446319CC,0.6818610383111777
CC_5418410F95A2,0.06535294156910977
CC_5431A01C30E4,0.06725931241557478
CC_5452437FC605,0.4074302647786163
CC_5452979BF98D,0.07171623260621263
CC_546EE83F84A4,0.4912348394108306
CC_5473268241FC,0.15461269992370427
CC_5474EE64D859,0.30188946218195983
CC_5476E2B2FCA0,0.13607956776280097
CC_54892024F98D,0.19792289107473346
CC_54B33C66DCF7,0.08817552971718057
CC_54CF66B660B4,0.4567778550805733
CC_54D3A35EC69F,0.06379810347324591
CC_54D6AE2665AA,0.09174883218226366
CC_54D93974E62F,0.25871877360314344
CC_54F5F552A0F2,0.14508241502475855
CC_54FC3B361BDA,0.09541775136603049
CC_550135E8FAC6,0.12709076865595312
CC_55020AD0D117,0.15193829330339687
CC_55094AF7EFEF,0.09136456356362366
CC_55126E23462E,0.05098788524199128
CC_554C21CCAF3E,0.10546853053717357
CC_554C912C7DBE,0.06848899080539561
CC_556B02A2B401,0.3092135122975827
CC_557A0B0CD0F4,0.1621301173161631
CC_559A14E729EB,0.31296461727061275
CC_559F0DD4E4A7,0.3096418512127564
CC_55A82B4E57F6,0.1440401939223862
CC_55A98ABE4C75,0.12512130685037393
CC_55A9D45EA466,0.039947876364328665
CC_55CB872FF50B,0.20050697521634914
CC_55D9E3D58435,0.22094056013536045
CC_55DFF3C3BB46,0.09869887937633473
CC_55EDC3996984,0.13571339828588078
CC_56013299D8C5,0.0804985017005162
CC_560B519C1F50,0.08914481608833667
CC_560CABF0F5D0,0.14765819274432382
CC_56178AD87948,0.2472754539200479
CC_5619A7BB54EA,0.10110301851806523
CC_5624319D7B28,0.11838054714630833
CC_5625119D6C37,0.19569859880968038
CC_562BE7245E1B,0.7074457982415958
CC_563684010DF5,0.5691998342988615
CC_563EA9A29338,0.1084385779828537
CC_564590AFB575,0.03704474652678841
CC_565E01191BF6,0.6414205850004654
CC_56612A039382,0.05447319525736395
CC_5665FB827721,0.5584323442820311
CC_566932C3CC97,0.11240258228602545
CC_5671D59B2A51,0.1308056055209093
CC_567E7DD24A97,0.0861287777425788
CC_567F47F37683,0.042784989756270556
CC_56847A91065C,0.10391895544602037
CC_5698480F8634,0.06858339828377769
CC_5698B024CECC,0.6224012144966294
CC_569DC051A2EA,0.10147678155179625
CC_56A322152604,0.3435581103095107
CC_56BFD9A8335D,0.35574923579954726
CC_56C9379BADB6,0.042859949647320844
CC_56D410FD8F56,0.3557145496165205
CC_56D4549919EA,0.1534920465009908
CC_56D918CA6353,0.12815705423201812
CC_56DB30CE666D,0.14888201747220062
CC_56E760C3206D,0.2298998562531765
CC_56F73F905615,0.7983060388386162
CC_570683C088DB,0.16694053956712104
CC_571C6AFD00ED,0.3954180695388372
CC_5725663C3B89,0.11510076242484271
CC_57291D7667C8,0.15102837654745424
CC_57313F6E7927,0.18617363026455278
CC_5735F9B859AF,0.5975682705329548
CC_573B34826B2B,0.6664519580172982
CC_5744447CAF7A,0.06715945601819624
CC_574CC0FC7B05,0.1023716612920022
CC_5759E2982909,0.09055580034282398
CC_575CCCCDD7B6,0.6655054793211397
CC_57603A37D19F,0.043846199652514246
CC_57639D4995CF,0.23947167832886584
CC_576E6676FD55,0.05687604476456498
CC_5775C148E05C,0.1289212795379488
CC_5798E560E9F3,0.7909879313060448
CC_57A486F61065,0.4704142090795711
CC_57A726458B99,0.061331536394057376
CC_57B0D41BD7D3,0.35314076306144176
CC_57B501E60C35,0.07870700037567895
CC_57CA90509CB1,0.7510363561810393
CC_57CB7673547B,0.0870907440527521
CC_57DE479CB61A,0.7512231276510015
CC_57E7F1A6B895,0.04136388527061648
CC_57F13C4115FA,0.3904274144263511
CC_57F480CA9A42,0.07733320120617986
CC_57FDFC6DE726,0.21469839342977556
CC_5810468B76BE,0.14261475288430955
CC_5810F212B2EE,0.3735746679355464
CC_5817759E7007,0.14838723036997717
CC_5818B5089B3C,0.08319108022589973
CC_582C78363EB6,0.09263376390415377
CC_58391600720C,0.11381395547226932
CC_583D7B177F85,0.10342507958943957
CC_584C11014F63,0.12448700077309592
CC_584CDC12578D,0.06275960397903484
CC_5852F443C55D,0.07341438660326603
CC_58565AF0F70A,0.5312933609398491
CC_58568DF9AECF,0.22401390320573986
CC_5859EE6309D5,0.4403490828515493
CC_5872B45E1C19,0.752237346966684
CC_58797A417EEA,0.20001173651524548
CC_587A4844B482,0.22607629259886233
CC_587C0CC3DD82,0.6820541992780015
CC_5881A04052CE,0.0809706020909143
CC_589A4E02EF81,0.14963078155527362
CC_58AB46E5655E,0.1509774561722794
CC_58B0CFC9F3D2,0.06533438906734543
CC_58BEFDA6B4C6,0.11017941491535885
CC_58D95C7247D5,0.06120647239018862
CC_58DBF3409D48,0.07295025236063843
CC_58E35A47B880,0.18050523093192045
CC_58E40EFF57CF,0.33180682543566076
CC_58F551219BD6,0.0745797180871667
CC_58FA76C6C45C,0.6143894634247924
CC_59018149723B,0.059265922005532365
CC_5904459ACECB,0.7786159368755478
CC_59088B2886E8,0.042881466836496886
CC_590D2E0AD18E,0.620716019772431
CC_59146CA05E8C,0.0920367465451804
CC_592592397DC2,0.5083822466838546
CC_5926F5B4E054,0.14880953659932045
CC_592A5A163624,0.3846490603170287
CC_5941C323917F,0.07854530138796652
CC_594E4E86A1C6,0.2067750359507507
CC_595ADAA76A32,0.08200130226210663
CC_596A20270C3D,0.1776047046147594
CC_5970E93E11DF,0.2881489407129345
CC_597AD111527C,0.10058322549730449
CC_597FDFFA265C,0.10390516498287695
CC_599C287D2BAA,0.4525800909830571
CC_599E345094D2,0.12914600964797043
CC_59A4741B5A92,0.17060899311672895
CC_59BB3A5BA2A3,0.6103173798054916
CC_59BFD1200F6B,0.13869104126470394
CC_59C07CCAF4E0,0.21195533099404723
CC_59C49474B501,0.1238457629071658
CC_59CFBC2CA471,0.5971873733536466
CC_59D62BE0C0C6,0.11910664347460694
CC_59D86F572716,0.11694175561105982
CC_59DF71FBA4B0,0.04400739073366414
CC_59ECB7465DCD,0.06056230612144167
CC_59ED43A803B3,0.0385083547159762
CC_59F5E81F4EA0,0.12721132426955248
CC_5A10371BE7B1,0.7909685026413861
CC_5A2F9A594A05,0.5869323942256053
CC_5A38E46246FC,0.46466394556428525
CC_5A3F52B0A07B,0.21977415522767868
CC_5A5507A49F6D,0.09164392801763362
CC_5A58A5E6DE82,0.08050715071011846
CC_5A5BB6DC1018,0.2163746369902952
CC_5A5C0DF50E01,0.11709165645679051
CC_5A633C535360,0.08494200213420727
CC_5A67E62D8D5E,0.6902344799180801
CC_5A6BA0007593,0.1278702965248057
CC_5A7513434C72,0.03900133784239018
CC_5A756D8AE60D,0.1820903497183812
CC_5A7C13841B7A,0.6296705783086872
CC_5A7CBB6E8716,0.2291347241117637
CC_5A83A1E25A2B,0.3825927947795111
CC_5A86EB53A14D,0.7698924009123739
CC_5A89E13CE597,0.18458874640875486
CC_5A9466D0CF9F,0.1164254855601391
CC_5A95331BD0C5,0.14254351769677914
CC_5A9F63C3E428,0.0555280956707683
CC_5ABC76FF707A,0.05518234569454323
CC_5AD0F1B43457,0.09958669214735055
CC_5AD82250C271,0.044845090721796835
CC_5ADD27165E38,0.7338293090367644
CC_5AF32E5C8018,0.03815037156753869
CC_5AF3690FA0B0,0.1767608296878141
CC_5AFDFAA63B45,0.1389890057329066
CC_5B025DA26FE6,0.04836846167157134
CC_5B07C7DE7E7E,0.18559827968707562
CC_5B08171A6880,0.20615383580354568
CC_5B09FB1A0BE2,0.06590277235744295
CC_5B0D6BA12702,0.4658730832705847
CC_5B0EF2D4C3CC,0.15760804030412992
CC_5B195D88C182,0.3603517233953781
CC_5B1F6FE71A38,0.05710087803517302
CC_5B247961602E,0.058980393727551594
CC_5B276421F4CD,0.05123695991235246
CC_5B289AFA1662,0.28130467117652935
CC_5B3A16421A31,0.04615928016402796
CC_5B3E78897EB7,0.06603672190483217
CC_5B480B44A9B1,0.12010195240613677
CC_5B546C3A21F8,0.15729824563271205
CC_5B5BC4023EE7,0.15071490609745083
CC_5B6D63DD34B7,0.10086945943808259
CC_5B6E868912E6,0.07073568114026484
CC_5B818D2581FB,0.13265102348178057
CC_5B82E8BB921F,0.2460129056409022
CC_5B8E8DA14EE6,0.16086571882636364
CC_5B900A135A69,0.08757711484135934
CC_5BB64BDF3C99,0.0876415918500991
CC_5BCB2C79D1CA,0.23737620412485685
CC_5C072DB8586F,0.05921851495022813
CC_5C0BEC2A0850,0.10478639141087423
CC_5C24010127D1,0.3004474307425874
CC_5C2DAF5E0EB7,0.43194243811233746
CC_5C3E8DB90978,0.1271651326376629
CC_5C4A7CE69975,0.3143602497119016
CC_5C5766F933B0,0.46233758014226484
CC_5C5808240054,0.09339141258370831
CC_5C5D6E15EA27,0.17773365886881626
CC_5C60C4545922,0.1631414903866068
CC_5C626D70F6D6,0.1620518214633117
CC_5C670F0622BF,0.08889712308121457
CC_5C799E57EF53,0.055401614714973006
CC_5C7B44735AF4,0.15999737346589443
CC_5C7D8DF047E9,0.18135346046914663
CC_5C80F394EFC3,0.12538074669808918
CC_5C99E6189441,0.08107765611560366
CC_5CA9AB4A6AB4,0.10148225730020272
CC_5CB78ADD2432,0.15256339735920213
CC_5CDE37CE08CF,0.04706631744008616
CC_5CE258D12432,0.36161879964833843
CC_5CEEF006ABF9,0.06053913435509976
CC_5CFD2850E277,0.25380926257892866
CC_5D01F71B9FAD,0.12361354973630999
CC_5D065A455A45,0.21821676750885655
CC_5D0AA7D4954A,0.24546385828634046
CC_5D242448B812,0.12066086961014023
CC_5D2C5115BDD2,0.19009113972095007
CC_5D3273E039AF,0.670949922297203
CC_5D398BB3365B,0.07857493121795803
CC_5D3C1CE64952,0.08357758431660973
CC_5D4B0EBB5CD6,0.10526704146625065
CC_5D5E897588D3,0.10805766478849577
CC_5D65F25FFB8D,0.05590963515570276
CC_5D665A86C465,0.11666154672687207
CC_5D80C353E475,0.10037909443291572
CC_5D8895A0AB4C,0.1757291040218045
CC_5D88A673BF50,0.2258799014193633
CC_5D89688B69A9,0.34869530213242667
CC_5D8AC8E18A8E,0.06633040539478852
CC_5D8E7DC2FA6A,0.5527468696843292
CC_5DA29AD9E85E,0.05356366483351879
CC_5DB286EAC626,0.28214025941801046
CC_5DBC1BB95B84,0.7944238426020487
CC_5DC0A465470D,0.05960494925960252
CC_5DF82CB03C3F,0.09485199608110974
CC_5E001C93F359,0.07256584976166218
CC_5E029094A55C,0.7090480072209516
CC_5E0808121A65,0.15043875316547264
CC_5E1117E4E593,0.11673321109171887
CC_5E1541060A97,0.7296449452089782
CC_5E1C11540C0B,0.09813934007484204
CC_5E1DC0E143F2,0.14476145300296292
CC_5E206AC277E4,0.2241493517593659
CC_5E22B4BC8B12,0.08118945738797467
CC_5E22D889B6BF,0.12936906998476327
CC_5E38425EC99F,0.7472457291414917
CC_5E3A70C2077A,0.1465783034414816
CC_5E5607D275CA,0.12518923677102675
CC_5E73C3D2B3EE,0.15170101074640427
CC_5E7F23A07A71,0.11284414357083933
CC_5E80A96974B8,0.2207154017250099
CC_5E8C0453B9B8,0.3240204231704764
CC_5EA599FBA5E0,0.535814789748221
CC_5EB379BA6C7A,0.10310300816104576
CC_5EBB96F65AFE,0.41700917247458996
CC_5EC41568C2E1,0.08757991332509205
CC_5EDB5C924107,0.33755515268483577
CC_5EEE5D0FF8D3,0.15185419677354317
CC_5EEF07FFC243,0.06505365929707294
CC_5EEFD690759A,0.08817758225487975
CC_5EF2176F01D5,0.12769939280179934
CC_5F17CA33D26B,0.0637831018010746
CC_5F20750D6658,0.16123221267885507
CC_5F2CE32A6EC3,0.1254187429063842
CC_5F328EE757B6,0.0477132285876339
CC_5F35B8D87D06,0.19703322534625808
CC_5F390BA40E83,0.710606843606902
CC_5F59092CA9B2,0.0954988700348371
CC_5F5916E96E19,0.15249403173945653
CC_5F5E835B9E6E,0.10443496957687748
CC_5F648D39D67F,0.5469766096281129
CC_5F6D4104C808,0.1604402865171882
CC_5F72EBE104D4,0.04710972130407674
CC_5F765C41F051,0.06020877581599677
CC_5F8859A6F0DB,0.03836937347635776
CC_5F88ACC7C384,0.1537825598179316
CC_5F89DFA97B7C,0.5449151755789331
CC_5F93A3E31DD6,0.6735093355243716
CC_5F9A44423DD4,0.1319067692061801
CC_5FAA7965BD71,0.12971933931974755
CC_5FAFA265CA02,0.3705633376692389
CC_5FBE1A34704F,0.14304161990226621
CC_5FCAA919577A,0.2198048914529594
CC_5FCD208ADD77,0.19825208908499173
CC_5FECD2BB0094,0.1048766822132501
CC_5FFDE52E6B7A,0.10110217068201983
CC_6002BFD3F26A,0.17662481620387321
CC_600311592F72,0.05516442274054372
CC_600AE12112D6,0.27543376601983804
CC_601C3178E38D,0.1755258504412823
CC_6037EEA42F2C,0.39749194096041013
CC_604C08F76272,0.6564517628039644
CC_604C72AC662C,0.13635705961834702
CC_60510AFA8A87,0.16873324250283434
CC_605E2E26E52A,0.1961282880896807
CC_605E3904CD8E,0.13655499585372197
CC_60611B935106,0.1406154168646442
CC_6061787228F8,0.13285290237476985
CC_607270A72DFD,0.2518278906244955
CC_60738E418DB3,0.1156954023951946
CC_60961DF8A134,0.131591360581405
CC_609B7A7FA165,0.07085804845615006
CC_60AC5C892D01,0.11165298961333248
CC_60C09FF84412,0.16251400775996996
CC_60C87349D73D,0.28969508159423607
CC_60DA2FBF1FBF,0.11122693669862511
CC_60DA539A39FD,0.17274124198219434
CC_60E974A0B278,0.06559174375175388
CC_60EF7D647EFC,0.05361707198647423
CC_60F525A39898,0.036547964464483475
CC_610009B69EBA,0.6699656742386234
CC_610FDDF5FE54,0.11915766227702076
CC_612C06CB5FF4,0.09527120728093891
CC_61307D82CC26,0.6528381950018883
CC_615030FD33CC,0.7066076661577669
CC_61649241FE59,0.19513390914130943
CC_6170051A606A,0.21444244167195892
CC_6179A630658E,0.08266633457789686
CC_617BD59427E7,0.11631672762334276
CC_617EC8BD5153,0.1831249089205015
CC_6191E14D21BE,0.05588727309258987
CC_61A798B8D222,0.04960356737779611
CC_61B4A983D1A1,0.07858295606374206
CC_61C9732AA682,0.7352853794277375
CC_61DC64E37471,0.05607883517955005
CC_61EAF14033DB,0.10136763064100197
CC_61F18E0C218F,0.07165820861514416
CC_61F1A1263F5B,0.13715797761046733
CC_6209EA426553,0.04282963055842463
CC_622BD8CB3807,0.29508745447900386
CC_6234A9617A7F,0.08524166456744126
CC_623AC074EB25,0.1529276349188382
CC_623FAACE8A80,0.056767756370089704
CC_6244E2935407,0.25639513876394615
CC_624535E11F69,0.06062574990016002
CC_624EA2917CDD,0.6540965393457258
CC_62565D08DDDD,0.7475759694227981
CC_6268ACD3F95B,0.5466021331087211
CC_626B61F4789A,0.6487524791855825
CC_629193C2A090,0.24355861982127675
CC_62933641AC43,0.23144217096360617
CC_629480877536,0.3675304253206339
CC_629CB045D9FE,0.08611790596868407
CC_62A84BC400F0,0.35287005266325383
CC_62C36DF81797,0.19185574958371748
CC_62CC835CAE4A,0.6975977017757672
CC_62D4192F126E,0.7874808785426702
CC_62D7A3C9483D,0.06551952848459304
CC_62DF1B99B4DA,0.10643089094818518
CC_62ED7BA3E620,0.054765165975808085
CC_62FC001AFC78,0.08512718455437213
CC_630412B4AFDA,0.17721161899338927
CC_630903AD39C1,0.04033879151192405
CC_630938DCC1B5,0.05509479793663734
CC_630ACED773E9,0.4400775617550315
CC_631E1690D913,0.06223638263971706
CC_633A7C7FC25F,0.27354977071989145
CC_6342051D8FEA,0.2766382199240979
CC_634CE4E8AE49,0.16234349713149893
CC_6359692F5EF6,0.13597630021349524
CC_637278423A6D,0.2386658625253037
CC_6377AB848081,0.13321322017877885
CC_6381A65E0A3D,0.09869748065229056
CC_63871B4814E2,0.11154368727991933
CC_638AD269F05C,0.03585584921180781
CC_6391AE0FB83F,0.13209009286038714
CC_639703EE2ABD,0.04338812226240739
CC_639750C87A7A,0.7654535399845992
CC_639B1DCECD2F,0.16508183537691887
CC_63A869443AC0,0.47691068960805255
CC_63CCEE26BCAE,0.05942473038970978
CC_63D51CECB6D2,0.23754856003516722
CC_63E53402FC02,0.039662607604983184
CC_63FC6895901C,0.1366361577046398
CC_63FC8A97D9C1,0.1149510817468566
CC_64117B93EF73,0.36353754741742167
CC_642D9C325F1D,0.3386745421542776
CC_6436B950E22B,0.18701628895831957
CC_6445BD3DDB6E,0.03818674807468036
CC_645C15569E42,0.10977158781727912
CC_646472AD66EF,0.09129077994936602
CC_646B8254357E,0.13586901978905958
CC_647F4BB4983D,0.6382194012683168
CC_6489ECEEFD0E,0.08615610045104123
CC_64946E57306A,0.042095239933286906
CC_64976830B0B7,0.3077061785489401
CC_64BA10F3FAA1,0.08666629496860946
CC_64BA39A0DFC6,0.08352524572256828
CC_64CF9A79EBFC,0.0786586350461155
CC_64F0E0473D1E,0.08005397582126285
CC_65006C2AB2D4,0.7712830374622012
CC_6500BD19FA06,0.2834253125584961
CC_6504DCAA90E1,0.09273318636876102
CC_6509C7361994,0.18007154773767323
CC_651486189673,0.08448504381667774
CC_65194BAE506A,0.19099261986019403
CC_652539353439,0.17770428179656647
CC_653CE5FA5A76,0.2374729439085827
CC_6560C2F4EDA4,0.15638878014225588
CC_656137F98187,0.637156989596148
CC_6575B4B39113,0.03822782952865626
CC_657F629D31E2,0.21698479923103334
CC_6580B7583ADE,0.21469345151443023
CC_658477BA75D6,0.04228639357486587
CC_658B7867BE7C,0.11839399533977535
CC_6593FE5349F2,0.08624696847537273
CC_659EE0F05A75,0.3457534275263279
CC_65A0D8134410,0.2524267663538304
CC_65ADD5A19F64,0.10694820612644387
CC_65C3F0F73BB1,0.08820513825508276
CC_65C47521C285,0.0463373803054686
CC_65C4EE0B737C,0.23057260159855342
CC_65CB68404333,0.19059831207397643
CC_65D6DFF1B766,0.09684005201437731
CC_65F1545C35E1,0.20405338999942482
CC_6602547E2FCF,0.2214845490582815
CC_6615D7044816,0.25118116473650753
CC_66244D4B72EA,0.10346729035762493
CC_662E5AAE07A8,0.04987145079837742
CC_66322B339E84,0.057886816774606054
CC_6634FD4B1CD5,0.7757500109788447
CC_663DCEF4923E,0.19078143625818073
CC_663FE5BF918D,0.44425030999967313
CC_6645798E740D,0.08678473855823043
CC_6649736C8321,0.7942243370918805
CC_664E1026C4D9,0.307089869630875
CC_665603C4A33B,0.06616075670683644
CC_665BDD9C8039,0.44911727962060827
CC_665F2AD58363,0.19827886178504447
CC_666767444BC3,0.24002713018960836
CC_666C0A2A8674,0.06385122999830975
CC_666F2BCDC7D7,0.1748317953452881
CC_66775178B226,0.05819188430776472
CC_667B6F8C846A,0.6222329741394353
CC_667E909835A4,0.2283198735687463
CC_66809C278FCC,0.17385321294645528
CC_669CCC44CFCD,0.060451378925683634
CC_66B0BD3F6516,0.3301456218504095
CC_66BF02C05DD8,0.14549537181017247
CC_66C491256BE4,0.07153386555669028
CC_66CEFA65F912,0.36952132191702314
CC_66E025DB3282,0.6424295217605659
CC_66E7B423A32F,0.7229072740345682
CC_66ED26E7BAD9,0.09077700562510727
CC_66F7FF7735C3,0.24501414255573706
CC_66FD0CE6D57B,0.0520853132288274
CC_66FFFE05C2E8,0.08109552466185035
CC_6700012A39B8,0.12755945643096783
CC_670FC6A064F0,0.19510779527734726
CC_672932B65802,0.10065785797284425
CC_6742C6478F98,0.17787809691073306
CC_6745321663BF,0.05546209830463946
CC_67579CF57290,0.1716063513101794
CC_675F7483FB90,0.16807150775629015
CC_676ACFAA6131,0.6797902599352608
CC_676B423C495A,0.5913533382788297
CC_6771C0D1CB1F,0.05137640605617928
CC_677EE0369CA7,0.071153630133034
CC_677FE35855A9,0.1697310665244989
CC_678091614A14,0.12462487394401374
CC_678A43ED0803,0.6620231963870433
CC_67955C210226,0.08438407487177542
CC_6797E0B01112,0.28812991030037316
CC_679D90941842,0.12777619049654143
CC_67C05273700B,0.13293362536616105
CC_67D5172B6450,0.19545005736991358
CC_67E8CF412D93,0.10207649116300148
CC_67F6576A6836,0.2365979017560819
CC_67F985A00A12,0.06883863433900367
CC_6801AD1D4478,0.07022923519947193
CC_6803BFA94B17,0.05858817287077676
CC_680B16E5E240,0.14454865524436641
CC_680F2D0F4F6C,0.09773137588109035
CC_68221E1393E1,0.09255466531501437
CC_6822590B968C,0.19506165390495633
CC_682D8EBCEE94,0.23445239275938692
CC_68429B4AE401,0.4333276823922845
CC_686B26BDD061,0.06343251141773801
CC_687518442359,0.3743607843503728
CC_6875DA61F422,0.20494935871441652
CC_68A3D749608C,0.14995649660169827
CC_68A9C3CE2557,0.0890295231134864
CC_68B9F8C6D9D6,0.6574549510931414
CC_68BC65E3C84A,0.34665633328842294
CC_68CC4D1D898F,0.07382091797200503
CC_68D0ACBD2D0F,0.04389963087630874
CC_68DA8D5488B3,0.07608757994653152
CC_68E675A69AF3,0.19013135801953066
CC_68FC9E6FA27E,0.2029804869456746
CC_69322F7C4CE3,0.127345127917258
CC_693710EAD59A,0.20429842886757663
CC_69387752F41F,0.49145785872726216
CC_693B71DDFE67,0.14263575986306992
CC_693D4AEDA3A2,0.11377822941471698
CC_6952171BCD2D,0.13991873558216364
CC_69547DEB412A,0.24553922650616863
CC_695E80DBA42A,0.07635685805594186
CC_69717E76CFAF,0.4439080960124673
CC_69741BF89A2D,0.12242758222087513
CC_69825C70EEE9,0.23166296259548488
CC_6985C268DC74,0.48069544312770107
CC_698886C4AD90,0.12760351809888074
CC_6999901A6060,0.16667645413580567
CC_699ABD34646F,0.07354909603982562
CC_69A98DC7A907,0.06151196199555552
CC_69AA6E0DDE10,0.24259219780932115
CC_69AD5A48A78B,0.21351001967608263
CC_69BA7BFF98E2,0.10689161338599057
CC_69BBE365C097,0.05955217188283483
CC_69CD95A00D9C,0.04605869887649356
CC_69D328691680,0.07472957868288208
CC_69D39C9F36F2,0.2529429164307117
CC_69E09390CD64,0.09199819638783722
CC_69FD49E90AC9,0.3556672208789048
CC_6A099AFE73BC,0.18594131511102582
CC_6A099E6C91BA,0.303406527401948
CC_6A19EB191A81,0.033559956225968704
CC_6A39017046FE,0.09550691535551216
CC_6A4A401F2920,0.37475650150694695
CC_6A5261180031,0.0713420682611068
CC_6A7432494840,0.1753088684108785
CC_6A7963180D20,0.3722717313315327
CC_6A7D7E5F814F,0.5851380520983774
CC_6A8B8BBA749E,0.15701416644384494
CC_6A8DFDB0621D,0.1316741101043778
CC_6A93C436E2FF,0.09872321282280562
CC_6A97F81D9A0A,0.1380363850345765
CC_6A9D1622B4DE,0.304685510564413
CC_6AA6589445C1,0.6948551904809755
CC_6AA7A87F59FD,0.17401483167204806
CC_6AADD44C0B52,0.0787491298572999
CC_6AB4A5EBA3F6,0.2390965811776907
CC_6ABA7D0ABAC5,0.11172017603532142
CC_6ACF1E52BE8E,0.13448652669025637
CC_6AD3513459CB,0.09261009089676797
CC_6AD4238EE77D,0.18599289295881793
CC_6ADD0FE5DD74,0.681101745679827
CC_6AE2737BD3A8,0.08269927360093556
CC_6AE48C1F2448,0.13479452643252537
CC_6B00A666A420,0.66364893761556
CC_6B07C3992304,0.06851944081580975
CC_6B0A72BBD800,0.6494124315712317
CC_6B12B975F2EC,0.3927062230045065
CC_6B12C9507F32,0.19182224726859815
CC_6B34719D93AC,0.5768793087570433
CC_6B34740DD355,0.15469547590051216
CC_6B41081727AD,0.22363330042809443
CC_6B4902892E70,0.0912751770864985
CC_6B5BC2D89077,0.7429618860256406
CC_6B65242C2CCC,0.14910401959184996
CC_6B823BACBE75,0.34020940692923574
CC_6B83E1A959C2,0.28292930415164874
CC_6B84FB3DE604,0.04067609688479978
CC_6B8AABAA752E,0.185986782296796
CC_6B8AC0DEE990,0.39080830595755844
CC_6BA45C072D40,0.167038893472136
CC_6BA72ECB5027,0.10073428772505595
CC_6BB560F020BD,0.06786073589296604
CC_6BDF0B68C126,0.031431771942698604
CC_6BF0A9437728,0.1228193305469831
CC_6BF3B9097199,0.1460671840209339
CC_6BF7A1EF31B9,0.20724591164573872
CC_6C29DF49246A,0.06052632284486916
CC_6C3C86C2125E,0.07890793788116386
CC_6C42FF6D7218,0.7045731496035825
CC_6C541A482CF2,0.2225012345592185
CC_6C585A6BFE01,0.8145377850589544
CC_6C5CE36700D0,0.21621837454943113
CC_6C62C2094733,0.09195838467490586
CC_6C66539A9D02,0.2916154249313095
CC_6C684505E498,0.06864390522100706
CC_6C6E40927C35,0.045359698156468106
CC_6C7736F51C12,0.6831946949149665
CC_6C781CEB6F52,0.09191416323479669
CC_6C7E39BF4744,0.15200871498031637
CC_6C9EE9BAECEE,0.08008033676375968
CC_6CA0F076091A,0.09117960330409122
CC_6CAD299645B0,0.14391586203011417
CC_6CC3C50BA394,0.08976093981687751
CC_6CC593C5385D,0.0426751135072314
CC_6CDA4B24C602,0.2978603201907248
CC_6CE31AFF7813,0.06214250635803074
CC_6CECB68DE9C1,0.310268701835618
CC_6CECD3DBA212,0.14542468162549893
CC_6CF17D012682,0.16199043289860107
CC_6CFCDF903310,0.14984519968930823
CC_6D08B5E62654,0.09090634679097485
CC_6D0F60667273,0.31795237163574336
CC_6D127EE83945,0.05050636161053754
CC_6D134DB29068,0.3574007391628114
CC_6D141A49D94E,0.601544475576644
CC_6D148C0A624D,0.14899208196325453
CC_6D1EFDDE2EED,0.06342740236724342
CC_6D22B938D7B9,0.07451336182091596
CC_6D27409F4956,0.08903500812876954
CC_6D2F0EBBCA4D,0.213145051879269
CC_6D43BE30E8B8,0.26585363340164986
CC_6D4EDEAF67C7,0.1941014135006743
CC_6D72571304DC,0.4903323072730091
CC_6D7C62C7C161,0.05760147604126813
CC_6D8A18C28AF0,0.07524118026360967
CC_6D8B35007242,0.0810718776006081
CC_6D93A9E49E3B,0.19883138073074275
CC_6D9C644A082B,0.09583162032266725
CC_6D9F52BD4D0E,0.09800078944319596
CC_6DA058F9B631,0.2800626535416557
CC_6DA1F8DF9CDC,0.26423200581639883
CC_6DB000AEF16A,0.0822608339384684
CC_6DB5025899E3,0.2151672436296909
CC_6DD6FA2FA0C6,0.09843978080229401
CC_6DE4E4C1A31D,0.17009602110222505
CC_6E09CBC15C94,0.5015991940170512
CC_6E353816938F,0.054608156655527366
CC_6E3AB992A5C9,0.16038130954324867
CC_6E420A2FE490,0.14661510908259054
CC_6E46D01888D5,0.1552675037371079
CC_6E4702162475,0.05778833890511947
CC_6E548AF15091,0.22884589190302523
CC_6E5C9A2DA27E,0.046753162745349984
CC_6E610F3976CB,0.2029136707231942
CC_6E614FF9BE02,0.665583102786585
CC_6E68D46447E2,0.10393457965718231
CC_6E712C21215D,0.04259766558982497
CC_6E84DED41B8B,0.14123582571497384
CC_6E8557E30DC9,0.5731688986217989
CC_6E8963475D35,0.1907536738381149
CC_6E9880CA0BF9,0.31222933014551896
CC_6E9FCD68ED52,0.6861211982268859
CC_6EB194A93F60,0.13560411471533196
CC_6EB370F511F7,0.06512291088330226
CC_6EC722B2BC2F,0.16200794388633996
CC_6ED1B0EE4B6C,0.21171109430396123
CC_6ED65E7CABA2,0.1144903167166178
CC_6EDA84B653B8,0.3374632680185853
CC_6EEE8E7C1D1C,0.21199538877477145
CC_6EF17801ADD6,0.1240710604628795
CC_6EF337CC4BA9,0.2613593756116545
CC_6EF464EC9FCF,0.11251881707295791
CC_6EF6B8AE7DCD,0.04411158515172009
CC_6EF8C59D8395,0.8430860556143608
CC_6F2146FE362E,0.06862835975898078
CC_6F2408B665A6,0.34446038735903595
CC_6F2B8E925D59,0.03450548704319896
CC_6F3034E96848,0.10862514001486388
CC_6F3559ACC2F5,0.04648047627704985
CC_6F46C5897DA8,0.4190962563585552
CC_6F49ECAE902C,0.07336946893793207
CC_6F4B818665D3,0.11823125740458719
CC_6F4E696A1F88,0.2413862977580705
CC_6F54BD66C0EA,0.16504551545331478
CC_6F786C433998,0.08839696955625892
CC_6F78BF56B0C0,0.08998020205415352
CC_6F8346F138C1,0.46703018928693485
CC_6F86CFDB23D6,0.05728392628505457
CC_6F8E30AE9457,0.14566874792511803
CC_6FC25B27AC26,0.07125724863615829
CC_6FC8BE007FE9,0.1430012482472262
CC_6FC8DA40122A,0.1892888265521874
CC_6FD8BAB1DA3E,0.0635940238317259
CC_6FE4FD09A9D8,0.07938316185355394
CC_6FE78CB02174,0.03621287703400489
CC_6FEB8EDBF2A4,0.1737257854066584
CC_6FFCF2DAD0A4,0.07939508876657103
CC_7002034B0979,0.08891234008332999
CC_7006523D45E4,0.08470411641708103
CC_70097151A773,0.06012579168849025
CC_7011BC95A91B,0.042281899215736926
CC_7020F3C11A3F,0.16229816853535914
CC_70306409A3E8,0.286358461265767
CC_706B18DA7204,0.12028844287824599
CC_70703A59C070,0.18406066353550374
CC_70749DDFF595,0.12029543982096545
CC_7079CE5127A3,0.038310219178477885
CC_7087A46F0AB7,0.09307300537680833
CC_708B73EBD939,0.17579104028917894
CC_709315667BCA,0.07382748125686292
CC_709970475B6D,0.6159381683407267
CC_70A56ADAC199,0.054249289612947324
CC_70ABB244502D,0.05019168563948937
CC_70B0176647CE,0.13982452666735995
CC_70D3353DA1C3,0.06996474875248451
CC_70D652DF4E91,0.124531807225775
CC_70E3121BFDC4,0.08879962353455685
CC_70E5FB8B072D,0.05091149219970447
CC_70EFECA3FAEB,0.16030666554721273
CC_70F59DA18BCA,0.4677622888661128
CC_7100129A0AFF,0.09799485581894479
CC_7113554E33B9,0.07288234526061084
CC_71260405461D,0.06941607197224325
CC_712677251322,0.19565351280131144
CC_712D31B2785D,0.09233210088486203
CC_713052DB1E2E,0.060485729071129875
CC_7139C2D6F1AC,0.09432552899424823
CC_71427FC8FA49,0.23519834757149624
CC_714912E93A71,0.1465639923862595
CC_717A5C2ED311,0.22113552398651476
CC_717C94F5C8F1,0.07511191200474526
CC_718F067F4DA0,0.04516210474145829
CC_719E714DD38C,0.07156228986839677
CC_71B169C874D0,0.15791736395948924
CC_71BB5070615C,0.11258736948614895
CC_71D37D6D19C6,0.20879668531153864
CC_71DC80205F42,0.1408222314710753
CC_71DEB636B8CD,0.6302840056398554
CC_71E4CBAA1211,0.14060984102676485
CC_71E787049755,0.09830850636668928
CC_71F1EF5575AC,0.10203637708841247
CC_7201DD8EB33B,0.20020158601314522
CC_7202C8CE2317,0.3035935637121484
CC_720B06583C57,0.038602006340157
CC_721DEC038BAF,0.07403525499357119
CC_72219BCC83E3,0.1551889999420948
CC_7223DABA7E98,0.09783780078140729
CC_7233459FF7B8,0.2663189208950949
CC_7238A8A6767A,0.14722983010824028
CC_724559551664,0.6873946156470927
CC_7248EB4B76CF,0.0583596652224325
CC_7259B5314D92,0.08412522211036487
CC_725CA03102FE,0.04535877735324517
CC_726E05E5A555,0.10891628005848819
CC_7276AEED6D4A,0.07578998672679996
CC_72A18E8D6670,0.05141132063549778
CC_72CDBC38202A,0.42521879093360127
CC_72D8B2ABA2D1,0.7722582953921336
CC_72E4590D362B,0.4143636240783103
CC_72E8542AE4BA,0.0488135134178277
CC_73010B6E55DD,0.6195867126221899
CC_7309A4693D52,0.14342945683024597
CC_730C2A3FF1BF,0.1465662043122105
CC_731C1BCED024,0.6143456643803631
CC_732C325832D8,0.13786285649583924
CC_732DFCAA0A75,0.19225389732741344
CC_73322A6A24B1,0.7755193869595957
CC_7336B19A18AB,0.1841672205165383
CC_733AF1D123B8,0.3285278261229437
CC_7344A0E90AFC,0.11677622873732108
CC_7348C2B475B7,0.12272374048278303
CC_735E1A78B058,0.08090764717833072
CC_735ED2A02DC4,0.1349149216986324
CC_736015DE4E3D,0.37243594247253164
CC_736A42761E55,0.09474637700678495
CC_736C0436B98D,0.17595718032746527
CC_7379212919FD,0.07615748951614264
CC_73859CD59E75,0.5714885675184694
CC_738B201B1CF9,0.1197935461424814
CC_738DCB11942F,0.06623229636705474
CC_739198ACE582,0.1206245624027059
CC_739D093D7B69,0.11536928490625795
CC_73A7FC903662,0.16435401815636994
CC_73A8927DCEB9,0.09125252243157156
CC_73B575BBBBE3,0.14264876041570543
CC_73B6B9AD2002,0.045590096602835146
CC_73C28D72A5A3,0.4987864040615241
CC_73C38DBDF9A7,0.0954885166812422
CC_73D44BEF6754,0.37077222733684745
CC_73D4C1D7C022,0.07411214918477875
CC_73EF383F3C2E,0.1692808055051406
CC_73F34B1607C1,0.0709166038352077
CC_74137206902D,0.11564471375897886
CC_74198E5EC366,0.057935825560625355
CC_744FB5804A8C,0.6493852339712032
CC_7451E64B6D47,0.1816493788292815
CC_745A64878AF1,0.09976837216958315
CC_746B196CECA1,0.16526639472290613
CC_746C06898D5B,0.6294788061405682
CC_746DE1EED0DD,0.18855449184489925
CC_7476938CF6A0,0.5480428194048186
CC_747CFDB7E305,0.0837914169918447
CC_74845374E870,0.7687880263269111
CC_74AD8D3B192C,0.7169140290889747
CC_74B90A15B270,0.10099534027616344
CC_74BA5D46E909,0.6940306848543468
CC_74BE0AD5E21D,0.14296852469280036
CC_74C33B66F002,0.15642057281669272
CC_74C9C3F17421,0.06609368526464814
CC_74E4BD5C07D2,0.07276925342890565
CC_750D90249EFD,0.12258660817054044
CC_750DA21B7EDD,0.3124523907715823
CC_750E6537383A,0.28314229421982956
CC_75137D6F9DCB,0.10735018600731625
CC_75173A8A11D1,0.3598128218465819
CC_751DDC1FC2AD,0.10121610873994694
CC_75357E0206F5,0.09257122554530518
CC_753D160E3A58,0.11149026110723542
CC_754447632F75,0.044754037477322414
CC_7549363C5D36,0.07591619083457363
CC_754F3894627C,0.08259634442644606
CC_7562CD43897F,0.14713457788680084
CC_756A077EC614,0.3961418352610357
CC_756D3492443F,0.2856810790585442
CC_75783B3E6C6E,0.04280241832546788
CC_7598068A716C,0.04471106737193027
CC_75A37D8C1F6C,0.6082674879753391
CC_75ABDDA24C26,0.10844848855678131
CC_75B287424E59,0.3845924060104677
CC_75B2B88876B6,0.10422030169142248
CC_75B324FCDD4A,0.24536806663151908
CC_75C1466E61E2,0.24011622843418018
CC_75CCCD9D4568,0.11488451682255561
CC_75D2DAF4491C,0.3357567336522729
CC_75D54090AAD4,0.10016419459926375
CC_75F1927E5941,0.6886330821329811
CC_75F99AD6844A,0.3128536641190536
CC_75FBA505C727,0.28166340632389975
CC_7615CC930B76,0.12335182210542721
CC_76168488EBB0,0.5161166448738856
CC_76197A77D666,0.038268951653305
CC_761F48F8E962,0.21023446612181715
CC_764C6ADC6D1A,0.09824801151372069
CC_7658A6B0910B,0.050619861571460006
CC_766347951B7B,0.5664397264035367
CC_76857712D8F5,0.31356872166265515
CC_76A0DF2549B7,0.10590074698715253
CC_76A636414AEB,0.2790332218933996
CC_76B01540CDD1,0.1880558108752556
CC_76B420FC66EB,0.11829267778990933
CC_76B6BCD2EBAF,0.06770798519525038
CC_76B7A0029620,0.11665683813638653
CC_76BA435EF2AC,0.13254681196765375
CC_76BCC1AFDA4D,0.08081171770934027
CC_76C35913E797,0.17197929017281602
CC_76DE3DF1DEE3,0.17997869565410718
CC_76DFA4CD068B,0.09260043918362422
CC_76DFE3568C72,0.2898504212593042
CC_76E201F1E036,0.3440092774153856
CC_76E83166FE0A,0.14271552397217438
CC_76FD9E9D9ED0,0.12433597387994506
CC_7720BBD06736,0.35505174616548957
CC_77340228F356,0.7075404355363276
CC_773CBBCBAFFE,0.10485409717719038
CC_773E9B092923,0.0936519191721362
CC_773F22C3E42F,0.04391817163087899
CC_774ED295BF96,0.15909096564291006
CC_7751ED6DF76C,0.05723507826151203
CC_77571749B970,0.14419835297765607
CC_776F8B3BAC08,0.1311523759893123
CC_777889F9694E,0.042758855202282994
CC_777D08513AE8,0.07699827785773809
CC_777E3D988EFD,0.2525241807310344
CC_7795BEDE05E8,0.26932178339044005
CC_77A9EA3A6784,0.08754070889737135
CC_77B1AB7960A9,0.1999093697541105
CC_77B6EA810549,0.28551324659280136
CC_77B9889C9BFD,0.22109920461323396
CC_77BC55DC92B6,0.13347053473915646
CC_77D1DFCB0A8B,0.052227899671571015
CC_77D9AC43DFE1,0.2042864344818325
CC_77E6EF1CF2F7,0.12053304309645183
CC_77FFA8E6B36D,0.11011161205688323
CC_7801661A9DC2,0.17457609016986916
CC_78069B1BD931,0.1184143409163614
CC_780828B48716,0.11416815767717158
CC_782130B98F34,0.09677825722669008
CC_78273789B3C5,0.7644090934287423
CC_78296783E4EA,0.1816592160723444
CC_782B06291D87,0.05949161827440936
CC_783A2D4C89F9,0.4160497914779949
CC_784407E16923,0.09266955417017202
CC_78491B6255F2,0.4297165248970986
CC_784F17AC712F,0.06483974986355395
CC_7852FC3BBADB,0.08808056589463853
CC_7866E4CE528E,0.7610086140555683
CC_7867E7C01013,0.1908969756100781
CC_7869F609EC2E,0.20402135596975438
CC_7874F14ABD7F,0.14696831811964786
CC_78774E05FF12,0.17105300789154576
CC_78815A352067,0.09296956290352339
CC_788FF4549766,0.2767575680195772
CC_789977501322,0.1158886563950623
CC_789B2BA880E7,0.04435107602615382
CC_789D87F51AA1,0.06275163568309591
CC_789DC3C358CB,0.22968856267878004
CC_78A036DF6320,0.7292412887516672
CC_78A3EA63B7EF,0.04262524169039468
CC_78BF1B8FC1CA,0.12423321752070891
CC_78C96E7015BA,0.6700912020160391
CC_78CC84FA2CE2,0.17337681623003587
CC_78F0087076CF,0.1850159388184962
CC_78FAA95F5B5F,0.1170224528750656
CC_79033EFDE096,0.1281971782704415
CC_79086C18A963,0.10220977034991821
CC_790DA2ED9F5B,0.11202620340527489
CC_7928811F7D86,0.10020089321747798
CC_79345478FCE5,0.20677456470288413
CC_7936C8D65B95,0.13319093514975433
CC_7948C5509411,0.5211616436886942
CC_794ADB0677CD,0.12210973133535417
CC_794FF8E7F876,0.04517185112456844
CC_79500EA652BC,0.5961066659538669
CC_795083A66DB5,0.04230662039985709
CC_7950D4B773CF,0.14455727703540713
CC_7955AEB49759,0.14765406351280774
CC_7964F862DFA3,0.37444999944706325
CC_797A700CF967,0.46451960926521624
CC_798180DDF677,0.332581432663051
CC_7981ABA9C370,0.10248343742752768
CC_798B2DC03C5A,0.0724625030348479
CC_79BD986C23CA,0.06457204376131682
CC_79C6BA680815,0.5678789354975603
CC_79D694E6F5AF,0.22644090079029128
CC_79ED9A0F6E49,0.4397318788288655
CC_79FA2512E5A2,0.16126519482462254
CC_7A0024F6FA60,0.19419639678680758
CC_7A193A453F27,0.03797002749455215
CC_7A1F071DC5D4,0.399627587312963
CC_7A5D96BC99AA,0.746250787550673
CC_7A6B51562949,0.2239224976867458
CC_7A6D7F9654DD,0.42262472001475904
CC_7A778E010F33,0.2431807659986587
CC_7A7FB841B669,0.5890046761004983
CC_7A91013D31E1,0.13412740309182994
CC_7A9117596769,0.06519060108941356
CC_7AAF340DCE8F,0.20166848449273694
CC_7AB146267981,0.2390994586317675
CC_7AB2A9CC8424,0.2775737957243501
CC_7AC1DF18CBA4,0.2647854930879152
CC_7AC4240DD225,0.3103376575897891
CC_7ACB325BD924,0.17175031337611915
CC_7ACB88002397,0.47850134556153606
CC_7ACD4F370AED,0.19674560049273992
CC_7AD4072A9F82,0.053901661627260886
CC_7ADEECDE4D73,0.21367953003905346
CC_7AEB48D8C5E0,0.08493406716953117
CC_7AFA5CD2B29E,0.10023405890613095
CC_7B092786DDB0,0.05497738108229896
CC_7B1B35D5628E,0.06144667080615693
CC_7B210557F04A,0.10065825486371943
CC_7B369A7C1D3F,0.14188461423182133
CC_7B4002591821,0.6903982245781592
CC_7B42BD80D79A,0.1879081312322826
CC_7B44FDF08B93,0.13169173769088913
CC_7B501C32CAE5,0.0796142898997223
CC_7B88520D4FA2,0.37478528873046446
CC_7B8ABE6E552B,0.17876578321807393
CC_7B8D2E07908E,0.3241527324451909
CC_7BA150468D19,0.6078513224775125
CC_7BB159FCEB53,0.24475896973732064
CC_7BDD72710831,0.060399441335129346
CC_7BE02C65B967,0.16204420587905832
CC_7BE382988C1C,0.6554795438978747
CC_7BE6110DBAA1,0.3491784649270302
CC_7C0B14BB0573,0.14415025970283443
CC_7C0CF5558904,0.7083152798204216
CC_7C13E7F561DA,0.703749727553134
CC_7C46F7F667F3,0.10514066563707117
CC_7C510CE0521B,0.08197529790064886
CC_7C61B5D39E49,0.48291244002822037
CC_7C6770DDA182,0.11069730902854874
CC_7C6DBF78A610,0.09629898160194841
CC_7C7B0438E3AB,0.16949074199485042
CC_7C87DFBC3176,0.10336572677199009
CC_7C9528E94215,0.24691833475969538
CC_7C9ADE65CF81,0.10051170109001531
CC_7CB6CD1B9DD0,0.05764463020240809
CC_7CB7C7E55BE6,0.149101332987695
CC_7CCC3A690325,0.16979069050366685
CC_7CE5689488DB,0.06263905372577737
CC_7CEB758A9814,0.048868368238638105
CC_7CF7443D923A,0.053989893245297946
CC_7D0D597690BF,0.12803784410978533
CC_7D0EA0307817,0.04496061109207234
CC_7D12E6FF25C3,0.12768438671887763
CC_7D28D39AED1F,0.6583154654707931
CC_7D2D19D832FF,0.06179754155824569
CC_7D34A67E1369,0.06898845467464684
CC_7D4388B41EB9,0.1436620658342198
CC_7D46FE573D79,0.07235411906549459
CC_7D7810799F2E,0.05301427988788537
CC_7D79241150C8,0.13367805003639538
CC_7D7B92EF2655,0.14917627542028652
CC_7D8C2495C1F7,0.06788248129732563
CC_7DA4F1BA24A1,0.6609397287671785
CC_7DAF18939084,0.06620229039697922
CC_7DB8BA427410,0.059098186406807196
CC_7DC9456F1161,0.0403196699623343
CC_7DD2CBE0F0BC,0.22780975836604075
CC_7DD495158BFD,0.639369011101797
CC_7DD5411F7A14,0.3169950345160759
CC_7DF099A7A092,0.2264066933982647
CC_7DF27D2AC111,0.06164029804616408
CC_7E0CA072EF93,0.06882677631686786
CC_7E0DA100F5F2,0.15937749506114732
CC_7E1086EFDED5,0.042772028477506545
CC_7E12E0F3CF6D,0.11685387533900626
CC_7E178CE78FB8,0.07546996423560669
CC_7E1C1A6D0E9A,0.15801602675631668
CC_7E2A76850DF6,0.79686468007566
CC_7E3ACB15C69D,0.09596143793328268
CC_7E3F3373A73D,0.7418693974007288
CC_7E42A3D0737F,0.11330189863959807
CC_7E4679C534D7,0.2271687624084754
CC_7E53FEEB19B1,0.25460478763482364
CC_7E71CE7FC603,0.19032476649862753
CC_7E8333DBAEB4,0.3565731365923819
CC_7E843438DE4A,0.0523957020168827
CC_7E8E4747C0D0,0.6643049838581082
CC_7E952828C1B5,0.09936487802220267
CC_7EA6431FE6F5,0.11856287905827129
CC_7EA7BA7621C3,0.25975514767004493
CC_7EA8F24B3010,0.09293204384142702
CC_7EAB28B0309C,0.06395311459077382
CC_7EB4A5BDA97E,0.07164285467210763
CC_7EB4B0A36534,0.09052801252221902
CC_7EB791F4AB2E,0.1126760416684744
CC_7EB883C9D5F9,0.0426409782959775
CC_7EC59C577F02,0.058714309654949635
CC_7ED2683D26DD,0.1000780926321738
CC_7EDB3440E0AB,0.6194214682468359
CC_7EE12013C7DF,0.14585118381942308
CC_7EF824CC0D3C,0.13514492687647575
CC_7F09C6F6321D,0.7420298379917432
CC_7F1AD40DA179,0.1694590030196262
CC_7F1D38A39164,0.0791357749857776
CC_7F22B7D326CC,0.2080528867990988
CC_7F2614F1AAAE,0.22954424979544444
CC_7F2CDC7C1634,0.04823365230658101
CC_7F2D46DF9BC7,0.1551442798930084
CC_7F57A90B69E0,0.26329619636507356
CC_7F633226A676,0.29618504589338523
CC_7F753D809267,0.6854754483810559
CC_7F7EBF25AED7,0.043394115856966
CC_7F8496CC5779,0.044503165344900175
CC_7F88D9C5D258,0.0911841099975641
CC_7F8AB4DCA794,0.1267590505887736
CC_7F8CC9509418,0.26079495796865315
CC_7F9069571F79,0.282876687549552
CC_7F9AD27E079E,0.16639805514909117
CC_7FA281AC1C7A,0.10785367108978687
CC_7FA389E90548,0.09248676560720333
CC_7FBF4A48AF55,0.05955607749770881
CC_7FC40175A8E1,0.2782073940906089
CC_7FD58EE7029D,0.08174319045947265
CC_7FD7F635C341,0.05326735827944151
CC_7FDD458DA059,0.19901118853562882
CC_7FE85C259E03,0.08531171414125914
CC_7FE8CD30D7E0,0.10106703668365993
CC_7FFA32DE7B04,0.13869792144838017
CC_8014F1E2C5BF,0.04763841445248127
CC_8015895C1C29,0.20081237376368788
CC_802BA7E39A13,0.060094708326738945
CC_80300D23C3FE,0.4696076132354802
CC_80465303B6E2,0.2040121232425061
CC_805ADFD46B84,0.06066473390507601
CC_8060F40D9522,0.1736919387627308
CC_80621E822131,0.062284444545710735
CC_806654B580B5,0.4100916234778591
CC_806CFD6A52BA,0.04201627932207459
CC_807935BBEB7F,0.05476652333395124
CC_807C57E626E4,0.07081114168947622
CC_807C91C98684,0.040108147116585245
CC_8096B589BB07,0.14091605607710622
CC_809D60155E9D,0.07275164880738165
CC_80A2189E5125,0.5103352535795145
CC_80AF87F62770,0.1641247900724767
CC_80C03DF9CC57,0.1921622303777095
CC_80D9B6563750,0.5548687171677976
CC_80E9638ABD4B,0.051884648688161804
CC_80F7171B71CF,0.09384300471617034
CC_80F9983BC18B,0.054840657173042505
CC_811109A98EFF,0.11095591031440889
CC_8129480B056D,0.31364617941782336
CC_8134E5DA9FEB,0.5846945363507872
CC_8140399AD344,0.10419604058065378
CC_8140E278B6A0,0.24330141719029455
CC_814E0F756757,0.44671446020676864
CC_815FAAABFC91,0.1989617340502989
CC_816B28807CED,0.07834933808223314
CC_81821F9F2307,0.535471895924685
CC_8186D7991EB8,0.055121483486802375
CC_819E203180C8,0.8017143309863967
CC_81A5E3141BDA,0.5783838211922636
CC_81B5CED8EE79,0.14479235301317103
CC_81B91198E00D,0.7414115557424213
CC_81BADC379C8B,0.1846622664631078
CC_81BF8EA390F7,0.05571499814963992
CC_81C5FC962C72,0.07761414885577324
CC_81DDBFAF1CB6,0.055520998976630306
CC_81DE637E6138,0.04014645591308929
CC_81F389DEC9C5,0.07562189899100621
CC_81F647806849,0.16503255010276768
CC_820D491B2903,0.7713874109788552
CC_82172863AA45,0.3530856911392902
CC_82195FBE9366,0.060746942659676256
CC_821F503DA953,0.09535602337873425
CC_8221AF9B0B93,0.7585008909468177
CC_8222D1C47857,0.06452318149011613
CC_824BB6CD2B25,0.07001802150694764
CC_825192411933,0.09805641409518685
CC_8270E213EDF5,0.1928921818197579
CC_82839CC161E8,0.05799085399939549
CC_828A0B6D7291,0.14357310726138392
CC_828EDE22A438,0.04400806395667806
CC_82928B5ABD45,0.30408635173888643
CC_82A7FE954659,0.18406545566061686
CC_82ABE1FFFA1F,0.1389522811313818
CC_82BDFA01C41F,0.12648605836224744
CC_82C20057CB4A,0.081271489310709
CC_82E52529A567,0.20662937215890448
CC_82EFBFCF68AB,0.13471423202059854
CC_83092F58B321,0.13316483419414446
CC_83098B4BBD4A,0.12729791843724547
CC_831F9E623C5F,0.1869188665913729
CC_8326C8A3D569,0.10468487054341082
CC_832730F42A18,0.11367648626165752
CC_832A44C3F2A0,0.06249226654358564
CC_832EBAE498AE,0.6176977573592878
CC_833B196A70F3,0.7216039818928225
CC_833E14DFF4C6,0.1334009670530662
CC_834092035687,0.37328491051557716
CC_8351244DE3CB,0.06541413384467264
CC_835B90025058,0.06797739991412483
CC_836534CEDFD3,0.13869469494699113
CC_837ADC1EA55A,0.20499757415264086
CC_83884D799788,0.18223147959181424
CC_83947255841B,0.12421754264766884
CC_83A5A3022ADF,0.7943199660264798
CC_83ABA98906DE,0.08452672971286547
CC_83C75D07414A,0.408778654243482
CC_83CBA767432F,0.7388019735029873
CC_83D342F53F36,0.1326441187297609
CC_83D5CA2A23C2,0.0464204219862964
CC_83E002D6D82D,0.1858098742698381
CC_83FE1BCC83E6,0.277427656013273
CC_840E5B830DB4,0.05392228006992276
CC_842525788FC1,0.17804225035346952
CC_843076C8EB9E,0.3007295554054025
CC_8442C97EE91A,0.13959387841946563
CC_844C3C30ED67,0.09707373479177375
CC_844E345D2636,0.17294295431538945
CC_844F26E92B12,0.1863419512314781
CC_845032D8A261,0.30186650045349117
CC_845223F606E2,0.313619464549439
CC_846F5B19B110,0.3850468629349787
CC_84797EA9ABF9,0.19612683233643227
CC_848D59D48081,0.17785738572884568
CC_84AB057BFCCA,0.05723801603595802
CC_84B0BA112537,0.0734782625268122
CC_84B8FCEDADD5,0.0834729360790376
CC_84C61A6BE99D,0.11108668048613711
CC_84CDF830F68F,0.0718212231834767
CC_84D5B88572DC,0.2278393828176978
CC_84FABECED186,0.13319219501007426
CC_8503F43FB29C,0.18713496649933456
CC_850ACB004EE2,0.08971541796376456
CC_850B114489CE,0.10134985931838011
CC_850CC17BB13B,0.09598254276589692
CC_8518C159BDE6,0.12297063783709786
CC_85299261146C,0.08103908572505612
CC_853986C52A17,0.04527052303172149
CC_853ABBECF2E1,0.7958567465046968
CC_853BF4485D85,0.17640229093531443
CC_853EED03843B,0.061318816787286685
CC_853FD1B551B1,0.16560097424636394
CC_854AAA98CC0C,0.8084115669815751
CC_854F8AB5F1FE,0.0477077926001427
CC_855E2A785BAA,0.1056511789529373
CC_85614CA68432,0.05079303495089931
CC_856B92B23BB5,0.8044777898203024
CC_856DF4A30E13,0.7347702115463857
CC_858704DBD5A6,0.060095235053624706
CC_859EF0AAA74A,0.04831624765169811
CC_859FB710961E,0.1367560670909367
CC_85A0EB3C9884,0.6147084106097671
CC_85C887BB996A,0.07483346110048394
CC_85D9A6C9CA60,0.1430172157844298
CC_85DAF10E61A1,0.5551574847380417
CC_85DEF8ECB524,0.14150919188660524
CC_85E2E0B8B15F,0.6991732262491964
CC_85F018DC47FC,0.25996648879038264
CC_85F376B33951,0.16590388968055853
CC_85F745E1D307,0.13298127043556082
CC_85FAFB430486,0.2728609163600404
CC_860D4B868C17,0.03320052345649925
CC_8614E30C9FCE,0.4131584417743936
CC_861F5DC22035,0.053212754368929006
CC_8624ABB391B1,0.18291907433976004
CC_862BAB422756,0.3170712343155991
CC_8642F98E5504,0.18738683181656302
CC_8655B8862C81,0.15467825562627013
CC_865FCEE75A8E,0.036306435235550896
CC_867372811CCD,0.4534755563461071
CC_867695B5C296,0.579199994541925
CC_8682B1F914ED,0.1411614617526141
CC_8691DF144B92,0.4907556959851045
CC_86AD259FA5B1,0.128692857874999
CC_86AEC21936BB,0.7619371091255713
CC_86B1D15F8424,0.05377537074004221
CC_86C2A6EC5712,0.7240631766061973
CC_86CF816B494B,0.08983441825320589
CC_86D4D58B1D0C,0.13069920258944417
CC_86E2C4E17CB6,0.049389667730140197
CC_86E9E191E3CA,0.39660785838887946
CC_87000C16C856,0.09230886093184996
CC_8703DD5FA02C,0.17107379571389872
CC_87065B1F429D,0.1073384711829282
CC_87434BBA1CE7,0.0466025250818713
CC_87450EA8CD55,0.6555673553200771
CC_87480F785786,0.06204193178182077
CC_8777EA6EBFD4,0.046653522890591506
CC_877A35E76904,0.08291116932560963
CC_877B37D01563,0.12901760711293073
CC_879759A5EFB8,0.35332226393710015
CC_8798AF2651BC,0.11113145516366094
CC_879989FB3B92,0.6007218702964162
CC_87A3BECEE5A4,0.13100581823606974
CC_87B7CDF4BDDE,0.04153068565733296
CC_87C13E620006,0.28026205665801934
CC_87E3AFB080F8,0.10909959868098837
CC_880044F77ACC,0.11038104687798007
CC_8809BCAC74A9,0.0454105269710047
CC_880E0019DB5D,0.03804219299021099
CC_880F027D886E,0.1160099223766766
CC_8812BC579F7D,0.07407069493374863
CC_88225FE57D82,0.23799553441187188
CC_88315318E9DA,0.34602636530733055
CC_883864E584A8,0.07256967971988071
CC_88469BAD58C4,0.053674638107560964
CC_8854EE679596,0.07940390803048081
CC_886273CC4072,0.07356552219159546
CC_8866B6D4524F,0.2748002909620654
CC_88A943606806,0.29312065832714246
CC_88E916A3F984,0.8281200619705806
CC_88FDC55C31A4,0.10303542171031489
CC_890D5EE59076,0.038607007080251776
CC_890F721517F2,0.09856579322430224
CC_89129D16418A,0.31398990016537254
CC_8917F02F9326,0.14249194742235385
CC_8920B6584A43,0.07571426402728233
CC_8929DF270419,0.7169004016927867
CC_892B119F0E5C,0.15367913291861118
CC_89302456B9D5,0.6820826979314266
CC_893FAA6D1F04,0.7513134494811855
CC_895AF697BFBB,0.26574286806745145
CC_8961FF892F79,0.03521832152799943
CC_897674493060,0.07324015269475748
CC_898AFCD28B03,0.12003329630485211
CC_898CC919D10F,0.18676290526821007
CC_89A711195EEB,0.14392880708258987
CC_89B4DF07DF12,0.07798164289939116
CC_89B941079E10,0.09162423694824966
CC_89B97E9FF67A,0.11314369424962774
CC_89C5162E8055,0.20185540130918345
CC_89CA0F1E2DBF,0.23422909679824092
CC_89DEE29A78AA,0.1105889004456025
CC_89E089707730,0.13471541299041354
CC_89F0B865A6D4,0.12577433717964026
CC_8A04C5D4D02D,0.06606399307146076
CC_8A081AA1FB92,0.378819861367059
CC_8A0C640E7A89,0.5767833799087931
CC_8A12B68246A6,0.043095400188505766
CC_8A14A46B280C,0.15741781345064149
CC_8A165A18560F,0.2538825646565753
CC_8A19196788FA,0.07721365919674056
CC_8A25FA445037,0.10648357149064035
CC_8A29EA87B295,0.1300388566581885
CC_8A2AC87CB22A,0.05947331715493871
CC_8A34634E7423,0.6181184591160752
CC_8A38BC1AFE57,0.07266765211519524
CC_8A4CAF0CD0F3,0.10308516553197233
CC_8A5A0429CAB0,0.13635750294985677
CC_8A6E60FAE870,0.07718144659381797
CC_8A7DA054E397,0.6974574948489161
CC_8A7F5FF4B421,0.2722926492863699
CC_8A8249A44847,0.14630381691676436
CC_8A8BCE16DF45,0.1059136366928748
CC_8A8EC764734B,0.0763295416670435
CC_8AB553BFA00A,0.09412918683893769
CC_8AB57DC077EE,0.6697538025902836
CC_8ABA5808D313,0.0665801089094784
CC_8ABDD9A05C87,0.3728859294035253
CC_8AC7520DBCCF,0.15858850670045377
CC_8AC7F8BABF28,0.07234952432195971
CC_8AD67FB3A5CC,0.772095298730846
CC_8ADDCF5EDCC1,0.10624098431068903
CC_8AF1C3A0799E,0.7187306984276214
CC_8B388FAED0B6,0.11749747739824608
CC_8B46CA903D09,0.035115741967054914
CC_8B5819403FC8,0.7150064815883621
CC_8B581B8207A9,0.12307169148429709
CC_8B6DBEF19F46,0.14945054046157313
CC_8B8326C4C229,0.11213104053874133
CC_8B850FDCFC83,0.07791297029932778
CC_8B8F41F19B72,0.07012090848976789
CC_8BAF98C60957,0.1286547192111591
CC_8BB0824B181E,0.05386313915958751
CC_8BB963DAD9E2,0.1844852345038392
CC_8BBF5F939D7C,0.1305471835405725
CC_8BCBDCF4DFF1,0.12396352619351013
CC_8BCE343561CB,0.7749915084086919
CC_8BDA87361657,0.09360102128748025
CC_8BE68A4DB87C,0.07926108524156288
CC_8BE9BBD879A5,0.05028488232867748
CC_8BED85B91011,0.35272685239176393
CC_8BF68E552DA2,0.2083442730975228
CC_8BF832E6464E,0.8204871081733106
CC_8C1561920E84,0.21195515307312934
CC_8C2A7D9A667A,0.18682572402526232
CC_8C3A5DFE70B9,0.16638229592547144
CC_8C534CCBDA4C,0.22015319266163136
CC_8C6472A3EEAB,0.05586673433435963
CC_8C6B4854D16C,0.213277895815408
CC_8C76DE4F58D4,0.06308251806984366
CC_8C7DA3F4F88F,0.058819321240026395
CC_8C8527DE7DD7,0.07782316859237297
CC_8C9416612FDE,0.3741500080931465
CC_8C9973F02AD6,0.3869714195511975
CC_8CA1DB61A2AC,0.05962025646365397
CC_8CA59CAE22F6,0.17569464556929665
CC_8CAFD04A6EDD,0.10403311343008323
CC_8CCCC389913B,0.6591050268074228
CC_8CCEF12DC7B9,0.17867903586694395
CC_8CDCD714BD1F,0.7586858669175243
CC_8CEC7987D1B1,0.08500608279147294
CC_8CF621ADAC0A,0.21201068879694174
CC_8CF8FE2A4B82,0.40761095804873837
CC_8D048396D9D5,0.1201089740231553
CC_8D1089C58563,0.5041692705207242
CC_8D35A37FC4B1,0.1405205731175533
CC_8D41E12FE5B6,0.16399781129931496
CC_8D4A859839EF,0.1408982315444942
CC_8D4AD431C55F,0.08136276168463691
CC_8D4D882CA579,0.12141964479006251
CC_8D6151025078,0.10293681185446367
CC_8D637233FE54,0.14991213002787912
CC_8D6AEBA2D7EC,0.07739724339487347
CC_8D6E16DED971,0.17009126847886089
CC_8D7329F79BBD,0.5456642904130568
CC_8D7B7307C43F,0.09958803985963262
CC_8D7B9D4936EC,0.7467658428308017
CC_8D80B1B44AE1,0.456401093638836
CC_8D9516D61143,0.44830425072821833
CC_8DBB8445786A,0.09983236517921514
CC_8DC5B86D9DCC,0.7537065821578219
CC_8DC6465998DD,0.2193542877366122
CC_8DDD0EDA9CB2,0.15031059932217725
CC_8DDEF0265CB4,0.05744245274232384
CC_8DE06BEB95A1,0.08383359598436937
CC_8DEBB5B14A14,0.14961639461130927
CC_8DF5BE7F759C,0.061490394204292795
CC_8E0ADCC71F85,0.054515602142185676
CC_8E0BD86F6F0E,0.10412695508883528
CC_8E143BFCF3E5,0.09992689340757158
CC_8E170A60D71C,0.3725679085348974
CC_8E1C3A21FAEE,0.10787058882553152
CC_8E408E18F060,0.10531715470155589
CC_8E42FB163DA5,0.8207141394997653
CC_8E47536D29BE,0.3030479781374264
CC_8E50AFFC5BBD,0.050894637996871564
CC_8E5FB1035354,0.17625382167907305
CC_8E7B9B8DD1A3,0.09903969567374768
CC_8E85B08196AF,0.03913651175287902
CC_8E96FC75AE5A,0.08372902051514741
CC_8ECAB5A6C7B9,0.06950388767523576
CC_8ECC4C7A6638,0.5313565469966851
CC_8ED6F13C35F5,0.15743673067878777
CC_8EE5E9467038,0.1638648529841702
CC_8F037E5AE692,0.0490589637596106
CC_8F1A418D96B3,0.24956743307553264
CC_8F1C4014F91A,0.11382977641096184
CC_8F30A5FC9D49,0.09991958176172532
CC_8F3456F298F7,0.23212297061774312
CC_8F393D485C29,0.10434216569219573
CC_8F4A41130110,0.047963584236542255
CC_8F7AA6E4D486,0.11382251083196748
CC_8F887BE25314,0.13548890022816307
CC_8F90CD1A5E00,0.1525559316152458
CC_8F9B26042C4A,0.10100985668767695
CC_8FA9423E65C6,0.093384692471702
CC_8FBA6C32E0A5,0.30571261893014573
CC_8FC1C50C41E7,0.08251201720060493
CC_8FD005425792,0.06460661003910641
CC_8FD6A223135B,0.14967850346791375
CC_9002450E1B5A,0.05141987422489607
CC_901CE62199C7,0.38508644305314255
CC_901D2136E1F9,0.14821370037629703
CC_902648F62345,0.15885570155809203
CC_902BF0612E70,0.11113511305395092
CC_9036F7423277,0.15727838166319236
CC_903AD2767BAE,0.7394507328315507
CC_903E4BA690FA,0.28762963453565543
CC_904386E31210,0.0592582190561184
CC_904EA6C846F8,0.422275752716351
CC_90549DD3CC39,0.13541296093140728
CC_905739E5494F,0.08382547239008585
CC_906F852C69D6,0.6745371830682145
CC_907911F4930A,0.2887126358026016
CC_90798A7273BD,0.15600334578384972
CC_907F3A8AFCFB,0.08566529195352854
CC_907FA7722881,0.10361484374605023
CC_90812D9F30FE,0.10642459908540892
CC_90870A89F310,0.04680187887514272
CC_90894CA021C3,0.6627975121170313
CC_9092C5EBF5F6,0.05358014073051471
CC_90A10D649D9C,0.6919208992028228
CC_90BF8E127519,0.6188293131523311
CC_90DBB385A7F3,0.7450284777901199
CC_90EAD308012B,0.3160810515829471
CC_90F4BF0B868D,0.15677422299212618
CC_90FA39516EAF,0.08297922343755233
CC_9117894F31C2,0.20301340866618728
CC_911ED63BB556,0.35975930357227387
CC_912730AE6E8F,0.2853478640134817
CC_912CA7EE4C26,0.11077175645809513
CC_912DA46AAED2,0.094975959272159
CC_9132E67EA479,0.1464993573532198
CC_913D95FB31E0,0.1706403227542402
CC_91529F20D461,0.7742237078032914
CC_91586318C780,0.04597099302771257
CC_915F2708219D,0.16111060113845557
CC_916CCF9CBC08,0.03618556236572
CC_916CF77A29CC,0.1019727088010069
CC_9189E4FF82C5,0.145621573875322
CC_91A27CB6139A,0.1492322924273091
CC_91B7A4A15A37,0.6435344480112136
CC_91C2077BA6D7,0.07909825544157452
CC_91C4CC43EEE5,0.15860321988031723
CC_91C55BE33AC7,0.05440818244988168
CC_91C81BC58B49,0.06699591465338935
CC_91DE12EE18A7,0.38419579402405407
CC_91DED13CDCD9,0.12641614511014404
CC_91EF639761F8,0.13551228895983544
CC_91F23A7E743A,0.38113142399167504
CC_91F4C5E889C7,0.7316292986672464
CC_920E91EB28A7,0.17197868091100624
CC_921481F5F77E,0.09880429946857144
CC_92221DB27176,0.18413404634329025
CC_9224D5677C66,0.12067967286638756
CC_9230B9656F93,0.1995998571605021
CC_9231D0F8A993,0.7154634915199659
CC_923727159A8F,0.05313320115596233
CC_9248706729D9,0.04559857956632032
CC_924AEB5DD991,0.16117764756276853
CC_9250BA851692,0.30950783998076564
CC_925BACE3417D,0.10349697195684736
CC_9260CD0D7C0A,0.12666647999400607
CC_9285EB21B38A,0.10490088450323108
CC_92A09F03DAB5,0.799817129597658
CC_92BC35D7F9CD,0.10436602086569906
CC_92C5FE9E5B12,0.698116826256427
CC_92DC8CF8C902,0.10182560616662845
CC_92E006664648,0.2179970077670889
CC_92E4EFB9F0DD,0.11408726442922507
CC_92E621E0298E,0.1868125329903013
CC_92F412AC7D22,0.08204816071187179
CC_92F42886B7E4,0.22116282684429403
CC_9301E23D376D,0.6181170938081947
CC_931133320380,0.178729165187487
CC_9314B6D8B7F2,0.0659720783202728
CC_9337E3B43211,0.19550326574737945
CC_933E044F26DB,0.07201363420186906
CC_934BB89938A3,0.11515112968659533
CC_935296A995DA,0.13498274798091867
CC_935326AF26E2,0.18795020970567203
CC_935B72B8E7F0,0.05487595970750185
CC_936FF3C9BE68,0.045513109174724876
CC_937FFE1718BC,0.04299797846854132
CC_939F92AEE460,0.8153018764866918
CC_93A4365B25CF,0.8123306093029357
CC_93AB9D6A7EFA,0.07010961036380842
CC_93C719738590,0.8212288002620618
CC_93CB48930B37,0.21102415310340883
CC_93D24FAFD21D,0.08903951367968665
CC_93DB5F477493,0.0891321951607457
CC_93E1CAFAD44D,0.07254917482821033
CC_93EC9F853123,0.2038639896734002
CC_93FEAF515A8E,0.050994590697030974
CC_94063A67F136,0.31200052679540624
CC_9406E32819F5,0.062167081839415224
CC_940971CBC1A4,0.1146722170644639
CC_940ADC8DEA3F,0.14621068465465364
CC_940C7E8E0C52,0.2139735530420285
CC_941DD2E1DE56,0.1528507742389491
CC_941FC1FD0D55,0.19396452220246505
CC_943B720DB5BB,0.11106569279076134
CC_9440309323A0,0.08311900505396741
CC_944B461BC558,0.0754792825627732
CC_9453654BACE9,0.20829145238215319
CC_945888CEAF10,0.3192837118323046
CC_9458D4A483A8,0.10514902035238989
CC_9464BA7E98B9,0.08925743851283739
CC_94794B478A5C,0.3904353773575957
CC_947E58EFF90A,0.07090704346725638
CC_948537FC17AA,0.7412891712219479
CC_949576D25153,0.08494027478148525
CC_949B8CEAD619,0.08767455566262682
CC_94B4E05906A9,0.1385777188361996
CC_94C3B6F3B0CC,0.15558294470574358
CC_94C3D9D8FBF3,0.6616408438014951
CC_94CD530B2099,0.0798164805174914
CC_94E9D1E527E6,0.04908691673140989
CC_950450C0845E,0.36661083181634946
CC_95169A4360C6,0.049153382670596456
CC_951A69571676,0.05083343043978437
CC_95232636844F,0.17296372355493939
CC_953A5913EDD3,0.15100190777055408
CC_953B678083F9,0.07521444709604218
CC_9541BD0604B6,0.14745300162670594
CC_954404C1BEE6,0.4135907618954899
CC_95444ED71872,0.08840410737654
CC_9544B86C78A6,0.7593036142509549
CC_954AD7E7C8F1,0.1366615168066126
CC_95525CC6C854,0.15379039416123538
CC_95573B318A91,0.040140556192591506
CC_9569309DC18E,0.08897455040919865
CC_956A2DF28600,0.2057066275022742
CC_957C7A0D7B72,0.35094699622406117
CC_958BECCA0BAB,0.4300215275884922
CC_95A6C4DA2F12,0.6333502955492091
CC_95AB75B5BBBB,0.11660613479739995
CC_95C1274DD7DF,0.03641865219412742
CC_95CD8F6A8CBA,0.04296711356475432
CC_95DD4DC604BD,0.16554004347179216
CC_95E1AC08266F,0.12878702171343473
CC_95E3DDCB74EF,0.06512708552364123
CC_9601384AC971,0.469962526192068
CC_9608A73A8025,0.14572744447991956
CC_961F3BFBDDAC,0.8449889770193387
CC_96206C1277EB,0.2774349023587566
CC_96396AE6347C,0.15480462657807498
CC_96416D2A937F,0.21655999260844103
CC_964C2E0B00C1,0.2060614158241215
CC_9657A2A04BAF,0.2422130522557722
CC_9662D713B7BB,0.22186441351798816
CC_9664F83B7F1D,0.2243871310871317
CC_968AF836D0C4,0.054045717875633545
CC_96A6735A4317,0.06926696413582256
CC_96BC62A4A0AD,0.2047094173605468
CC_96CD75668A6C,0.07406235613491038
CC_96D928252719,0.3921555815077069
CC_96E40BDE9A6C,0.12190055530202805
CC_970116768415,0.2352720470680019
CC_970E94875C2B,0.7608079241667886
CC_9721C8A61D80,0.077943170098681
CC_972313B0F814,0.15022546282958274
CC_972FD8FFFF63,0.5115659316488237
CC_97478A77EC17,0.18818307312831026
CC_974D14774BD8,0.06384345423201154
CC_974D86BD39FD,0.0551696955053251
CC_97508465AB76,0.13117147894211909
CC_975689C0CD6E,0.06715931531782927
CC_975967702106,0.04651038618138037
CC_975F3F07ED23,0.05397189724756754
CC_976E0D9A64ED,0.3711766151781431
CC_977145B2B363,0.4358103602045728
CC_9772CABFE1D2,0.7939819358241195
CC_9773C1E6AC8B,0.6368767067600548
CC_97832657396B,0.464601129142057
CC_97963C337FD3,0.5483265251304055
CC_97978B581F20,0.17794480953951136
CC_97A9ECF23955,0.1998823368990057
CC_97ACD6D965F3,0.11408474263063137
CC_97C69AF6E34B,0.7573779635369354
CC_97D0E7256861,0.6538296904271809
CC_97DEBFBE2BDE,0.29355169872759584
CC_97ED469F2950,0.1091590374640168
CC_97EE84ABA6BF,0.25283928053088767
CC_9801B22BF375,0.11101511139037887
CC_9803B6D4D780,0.2647051343864688
CC_980E90C8A301,0.12252151489607688
CC_9814B3D08A69,0.06496286592900218
CC_9821BD45BB0D,0.1784704891877391
CC_9829FA0350F7,0.0436950666124593
CC_982CAA309A38,0.17682023971268918
CC_98346EBF382E,0.16386154936795602
CC_986698CCC6AA,0.10999239282505695
CC_988FC580CD50,0.11021540967686858
CC_989795BA3DD2,0.07602905975494828
CC_9897A1DFE807,0.07783327356198994
CC_98A2C8F4E956,0.06853757590766907
CC_98A3E6CDC707,0.14711784901392083
CC_98CE15EE1565,0.07514974848306398
CC_98D036D16215,0.07042091275614365
CC_98D09B14EE3D,0.42387187649686575
CC_98DB782DF852,0.05507332767788181
CC_98E2EA67BC97,0.06306405307976871
CC_98E6E7CF74AF,0.07057106719947828
CC_98EEEB2A83DF,0.7037444187550599
CC_98F3D3194788,0.10828006627617029
CC_98F8A8CF4F9C,0.3557235359598387
CC_98F91BAB57EE,0.17729445841226327
CC_98FA377070FB,0.16712476842070528
CC_9900D0479959,0.279778493273959
CC_99061A735C6D,0.18393267678523917
CC_99093EC1A2C2,0.11899545186798584
CC_99376CA4DC26,0.04013468799512943
CC_993A588895DA,0.12243091747891169
CC_993EE6417CED,0.08749591313219252
CC_99559319913F,0.04755147579966901
CC_9970123DCC41,0.36883780010457573
CC_998BB6848FDE,0.09880452099759701
CC_99958287B2A9,0.516797404632384
CC_999BAB2D16FA,0.3740318365426366
CC_999C7029261D,0.7229206866502886
CC_99AA61D1896E,0.06883375924032491
CC_99C03E7D99CE,0.05118957091827716
CC_99C62022794F,0.0839938983874309
CC_99D46BE6593A,0.1536453830855306
CC_99D5A5371B39,0.16341590907465356
CC_99D79709AD9F,0.7450612478366099
CC_99D7DDAA460A,0.13910628410005235
CC_99FC44B3C58A,0.10866390083587153
CC_9A02B2A17C07,0.08455584218935046
CC_9A05DE55D408,0.16922618750759136
CC_9A0C42AA09BD,0.38934747400249736
CC_9A2B390551F6,0.05499127712041993
CC_9A2D66206BD1,0.5564611576123217
CC_9A366E181FA0,0.14912406074963624
CC_9A39365FA850,0.6129745190856744
CC_9A42833BA860,0.048337514671369534
CC_9A4911A0140F,0.08769005222181335
CC_9A4FE1E8E0C5,0.4185172957450429
CC_9A51017C734F,0.364722724910132
CC_9A5DCCD62D0A,0.3159482266251744
CC_9A602F492510,0.14797623715372796
CC_9A66BDD34B89,0.049659808859227494
CC_9A6AB0AB1E67,0.055187536862767506
CC_9A7049ED5656,0.595191259378327
CC_9A7AF31828E5,0.09810568775227804
CC_9AA750377C6F,0.09899657790966158
CC_9AB359C82202,0.0587431143441208
CC_9AB7BF77EE83,0.7850489713044787
CC_9ACAC8474B9F,0.03682020749135537
CC_9ACCA4FB9101,0.0552996571175198
CC_9AE1529AF9E0,0.13971715865133635
CC_9AEE181F1156,0.2577382071125185
CC_9AFD130D3725,0.1007020342536474
CC_9B09C3353732,0.0869551386568762
CC_9B0D37817EBB,0.09333931974853887
CC_9B290B59155F,0.354673334462087
CC_9B2D487C64B0,0.11407935571435501
CC_9B3DEC76ABF7,0.05538320973099728
CC_9B4F778D0A6E,0.13371648635569067
CC_9B581A92C2A3,0.413910767549211
CC_9B5CA8C38414,0.17432633576019677
CC_9B6E82167593,0.19662312301613288
CC_9B6F6B2BCC05,0.31578959722788164
CC_9B7FC3DA1594,0.3772330093272543
CC_9B957DC280F6,0.19157026472676472
CC_9B997DF20042,0.3588972148325107
CC_9B9BC4B83736,0.07692221262929577
CC_9BBE1A16C04A,0.16207003160453007
CC_9BC63F1A568C,0.28284294054973347
CC_9BCB0166227D,0.22069265431054128
CC_9BD3DC96ACC5,0.1588225375446877
CC_9BDC5A0E43C7,0.41603575151008804
CC_9BF9485A3F9D,0.23544508419338117
CC_9BFE93FF2145,0.24257787770312492
CC_9C0470A0536E,0.2120907292145953
CC_9C205AF09E47,0.5396907317865157
CC_9C30DC5C1E46,0.05818124189924597
CC_9C325B6CAD11,0.05389092564739174
CC_9C4A200D0BFB,0.465600181800237
CC_9C5EAF238007,0.24945289888234287
CC_9C601C6BBD37,0.06135863063302994
CC_9C606C2C92CC,0.06474076925687765
CC_9C6192D3A16B,0.0745257502511536
CC_9C84FB9B1469,0.0629775060310184
CC_9C989433D637,0.21227970718471187
CC_9C9B2FEB4937,0.18633159577449582
CC_9CA7FBE1DD54,0.13427386753125484
CC_9CACA50F80F2,0.17916249530685988
CC_9CB40D552388,0.06380742010214287
CC_9CB8127D17F0,0.043955998184960814
CC_9CB9CE2989CF,0.7086200443135778
CC_9CCE51CD83ED,0.8287959157099605
CC_9CDD2F3D0BE7,0.0465614490313721
CC_9CDEC693AA99,0.40096412807682597
CC_9CE9091AA9A9,0.21593647635082877
CC_9D007C60D29F,0.08013506162027728
CC_9D017774D4FC,0.6417390992965651
CC_9D095EC1F232,0.28205785691009155
CC_9D1A1281C8FB,0.3482374739491792
CC_9D23F42B7996,0.47086136908287995
CC_9D2FBC479646,0.6853335609442424
CC_9D363365CAFD,0.08215329915545036
CC_9D44E4543573,0.15907685852895478
CC_9D45F67E3B01,0.07745657228202912
CC_9D535DD207D2,0.07566927521054524
CC_9D53ED53A15A,0.5663117562406976
CC_9D5D97AEE98B,0.5517535347813222
CC_9D5F2A5B6913,0.08200355212352896
CC_9D6BC1C470B0,0.46360783538409783
CC_9D71FBDE765A,0.04681865535510465
CC_9D73939E357F,0.17134837462353278
CC_9D82F401BD88,0.6383714650490866
CC_9D8B4454BE84,0.28241526037139214
CC_9D92537645DB,0.07508562684146296
CC_9D95ADE03ED1,0.1541079730997203
CC_9D98FE7A1809,0.05064868166663005
CC_9D9D59757786,0.06031759872404317
CC_9DAEB38616AC,0.1578932786589211
CC_9DD55CC0E928,0.03088890012730676
CC_9DD6B460CDFB,0.2786046709822868
CC_9DD80B5E3729,0.09225248033321927
CC_9DD82B4310AC,0.3929055193156815
CC_9DD9389E8AE0,0.08875310972772839
CC_9DDA8ACEB3D8,0.08173528939956629
CC_9DDCD898D01D,0.11267392563219525
CC_9DDD90B42A27,0.8092437127928344
CC_9DF1807A4316,0.04248768528836774
CC_9DF786FD2620,0.47424469900186705
CC_9DF7B9B3C8F8,0.08197577821877029
CC_9DFF6E2AC586,0.14556265892147288
CC_9E0546BD7BD6,0.13606027880130925
CC_9E0BE8227931,0.10205712341813607
CC_9E1A205BA261,0.41334836555222304
CC_9E2967559B00,0.06383184276159598
CC_9E323A031449,0.7383569091833331
CC_9E377CC03D51,0.05656539678001447
CC_9E3B83584C12,0.13494868950115632
CC_9E3D46FF5709,0.5824336231584561
CC_9E4FA91B86A9,0.08483244293076596
CC_9E53534DCD6B,0.13544545994480345
CC_9E73656FC8C0,0.7241378437920474
CC_9E7430675033,0.21706605497743758
CC_9E84CACDD7B6,0.4065468813795431
CC_9E84E0E4C5BE,0.30356505777227033
CC_9E9C65275B4C,0.08156049933174062
CC_9E9CB6473D59,0.22458214454558204
CC_9EA4F11BE6C2,0.15637605031702387
CC_9EBE3F26F2FB,0.065528268699045
CC_9EC23AB6C573,0.32828636967248814
CC_9EC34DDD0E53,0.05588431148960178
CC_9ED8EDFE8C55,0.08544814284971496
CC_9EF352F179D2,0.1130622070015192
CC_9EF505400F8B,0.6716815238836796
CC_9EF66D83B743,0.33844559800551255
CC_9F051572BFE4,0.2014066565892221
CC_9F151A782BAC,0.2534720244584535
CC_9F1A5DF4619C,0.5112936364145848
CC_9F1BF78ECD7A,0.07916124591998579
CC_9F263092AD72,0.14661784327883295
CC_9F36EC36A9E6,0.09783522475869433
CC_9F3D52242888,0.1551152222657227
CC_9F41F312CDBB,0.3441278536619691
CC_9F425167F9ED,0.17463797304731318
CC_9F6981E0009A,0.298524708955851
CC_9F706DFE0AE7,0.036967682047513155
CC_9F7B525DD52D,0.34723579357343537
CC_9F8D5A5A9DAC,0.17322410422031817
CC_9F8FAE57E6A8,0.10806164550259921
CC_9FD1AB8E65FE,0.050462567866139514
CC_9FD2689202D5,0.14554302605042002
CC_9FDBB5C2CD09,0.042446772254160894
CC_9FE52BD71CA2,0.0924750964387196
CC_9FE8E62EB24D,0.08843465534449244
CC_9FEA59AEA00C,0.24957901870900137
CC_9FEA77B36A29,0.36154734254605836
CC_9FEE9701D16D,0.25221270865937134
CC_9FF35BA60E6E,0.29605167959470285
CC_A0003F08B22E,0.14052993497582167
CC_A00AE2543224,0.05404728875807303
CC_A02A29DECDC6,0.08231523935291872
CC_A0336C21117C,0.6676234087890045
CC_A053B42BBE0B,0.07111360480501869
CC_A0591F16FA37,0.03704355575280623
CC_A05F962C80FF,0.15993099751139941
CC_A07B0549E53F,0.06649763864297385
CC_A09F230CCF5D,0.6557540889684008
CC_A0AED6346ECD,0.16971039276900085
CC_A0C4A796643F,0.11794418937458773
CC_A0D6DDFB430F,0.06517741091432507
CC_A0DF672F9C4E,0.11473857042500345
CC_A0E8C7C5558A,0.30138207312343257
CC_A0E9269DF22C,0.42318878304063273
CC_A0F1DB5CB28C,0.09522846499159517
CC_A0F42B26F8F0,0.053040043539710056
CC_A0F8F80EDFB0,0.06552019178489518
CC_A10AD9550E4D,0.03395978823903509
CC_A10EB26E5EE1,0.15569613851774702
CC_A111B065F623,0.06823716754854892
CC_A113D95B4AB2,0.12354767133859117
CC_A1320C0F0129,0.7656496718861451
CC_A1348D850EFD,0.7506421866070699
CC_A13D08B372E8,0.05778488062146086
CC_A143E64BD9D6,0.353198201060102
CC_A14B0A24DC3C,0.1131739942074786
CC_A15137F25F7C,0.07397874949832395
CC_A152DBEC5BE7,0.05571998747052193
CC_A1591CFF6D81,0.05161858034727501
CC_A168CCB582C6,0.36491455476345047
CC_A17DC38133CE,0.7841230603153423
CC_A185D5EA3DE8,0.6413101652501875
CC_A19C842508E0,0.12314013381566533
CC_A1B648DA406D,0.03674409134740135
CC_A1BF7028CAA8,0.03358783038072413
CC_A1D035FA36E1,0.10097189064661721
CC_A1DD653D41A7,0.0899431137933919
CC_A1E3AD4B934C,0.29009455467200085
CC_A1E58421CE87,0.062499676151304306
CC_A219144EDEFE,0.07228043012940448
CC_A21FCEEBB3C3,0.45425065341050685
CC_A220E4278D79,0.06534057097937178
CC_A2231BDC961C,0.23425479946662398
CC_A234E219EFC7,0.39099349091274693
CC_A239B1BD81FF,0.07380337901124025
CC_A23D8CFFA31F,0.07897018895194231
CC_A23F463F4B4D,0.046156471094941066
CC_A23FFDC4A7A4,0.0829517210368829
CC_A2423E273F84,0.10203298436200936
CC_A2493E6036AD,0.31868799260212327
CC_A25C54470CED,0.10437194084997746
CC_A25FA690BBBC,0.10863143091111487
CC_A2636CF7C075,0.10580001385368465
CC_A26C22870E3D,0.45868387405629096
CC_A26F6A272B3F,0.09648964291829513
CC_A27CDC9BCBAA,0.18247188519780855
CC_A27E5269DA60,0.12120970280795675
CC_A28D4A46B6FA,0.10773006063830519
CC_A28EB319030E,0.05159169460203474
CC_A294D3A59462,0.7773709449955757
CC_A29D8034C304,0.07809844467532708
CC_A2A109409963,0.05183273153780276
CC_A2A4FA5F9962,0.10390255481698872
CC_A2A7E30C59D0,0.16470261582758355
CC_A2B5D2D4E269,0.5732162487316097
CC_A2BB24180208,0.2600525331160369
CC_A2CF1DFEFE46,0.4569085370568138
CC_A2D6090EA5B8,0.13014983161660526
CC_A300BC40BC9D,0.043313702169440214
CC_A3212501F639,0.20451844421602525
CC_A3278A566572,0.05669476156298815
CC_A327EBE4F783,0.1816857640525521
CC_A32FB6659B01,0.08272363572826509
CC_A33915EE72B6,0.12925928635561795
CC_A33D350BE79E,0.16518232965567312
CC_A3553B8AA8F6,0.09030102267061987
CC_A36EB077BF3C,0.0358998497017152
CC_A3753EB66DEC,0.10716365216289085
CC_A378342AC9BB,0.16937295194958632
CC_A379E9455C60,0.18534362621917802
CC_A387ADBD7249,0.09021208145340479
CC_A39E961FC29F,0.19214897251853155
CC_A39FA1EF0B16,0.2811377974617858
CC_A3A4E39FB04D,0.18710560562502732
CC_A3A751BE68D2,0.04890792151200535
CC_A3ABB3C5E9D5,0.6862824130462943
CC_A3AF9C2C68F1,0.17112115887107388
CC_A3BEA14873AD,0.12972041841010779
CC_A3C2FEE13C37,0.12438745305276108
CC_A3D6435D5F17,0.15310600777315564
CC_A3E3E51AD0E7,0.04892392079380128
CC_A40566694D53,0.23795467784518504
CC_A410C0DC7125,0.04510740285122447
CC_A42168D2B94B,0.07609486543963939
CC_A43CED9AFEF5,0.45753616382386636
CC_A4475A788D13,0.11602086524381926
CC_A44D677C0C07,0.05276178699434695
CC_A44E2673E71E,0.044913341849361646
CC_A44E79A96425,0.3238510311553628
CC_A462CA147DB9,0.12605555676018734
CC_A4660E424386,0.21359314083816652
CC_A476C9F116F6,0.15588489961178342
CC_A47C83B6EE2B,0.12677702776878386
CC_A47F8594678C,0.26341666811430187
CC_A48A7592F96A,0.05403047162355477
CC_A49195E659EE,0.06597273224998654
CC_A498A936AD21,0.09455605515506595
CC_A4BE6692361C,0.6461997696141968
CC_A4BF2115580C,0.06997462300780688
CC_A4CACCD14A0E,0.13037719151746738
CC_A4CE57A1AB74,0.07384983422372086
CC_A4DE4F1B5F93,0.16002176064860663
CC_A4E300558DAB,0.05429900747034664
CC_A4E972915D89,0.7486228472323317
CC_A4EEA04CF3D0,0.21069151699125852
CC_A4F400E9A0ED,0.05557951150656532
CC_A4F550D7F95B,0.2071823596838267
CC_A4FB91B1BF31,0.2270258562143411
CC_A500C1ED0A33,0.21535514826639965
CC_A50471962A96,0.6850418957112618
CC_A5161D8AA57D,0.1242933238728556
CC_A519C84307D2,0.07393458569843075
CC_A5277A9BE02B,0.6980467564062297
CC_A53578FCEA71,0.12546286998786946
CC_A54EAD1CCE27,0.14518975181368862
CC_A5512DA239BF,0.17013724378361478
CC_A5545DF298BE,0.06991462150351832
CC_A556EEF3010C,0.4507924150777373
CC_A56756C65136,0.3233903568559097
CC_A5852E06D2D5,0.2850306418389538
CC_A5886994671C,0.16208909077545405
CC_A594D8B41A99,0.05606994064004072
CC_A59C6A6B71C3,0.060818974862223686
CC_A5A06987AF5C,0.19061128620835682
CC_A5A1512FEEFD,0.17628183514889398
CC_A5ACE4284283,0.14567701969148605
CC_A5B10F07BCD5,0.08116243472053553
CC_A5BC9ACDB4CD,0.0815057665238484
CC_A5BF8B260922,0.4536546296646031
CC_A5C52379AE06,0.25357432198483504
CC_A5DD4441568D,0.03599606623346713
CC_A5FE3BE2949D,0.05315115536363062
CC_A60EF94F09C4,0.3471676147249909
CC_A628BE74CB45,0.12256581652386471
CC_A6292E9B43AD,0.06365811792058129
CC_A638610BF8F8,0.11320170788159643
CC_A63BBA86CE9A,0.2685583037865911
CC_A63BDDAC43CB,0.0612918902642694
CC_A6409E37A735,0.1386617632808026
CC_A655EC341406,0.10727882556620032
CC_A6562E47BFC7,0.17443516697761063
CC_A6563A22D668,0.7023484643342958
CC_A6601278C1BD,0.10619162340524796
CC_A683678AC9FC,0.3474991078762104
CC_A6864FE80A94,0.10494573857717458
CC_A69117CC3C24,0.13463153958093144
CC_A69928C7D217,0.1724403101642016
CC_A6A8BAF7124A,0.2516405139526935
CC_A6B7DFC69AAE,0.5965592435854532
CC_A6BB595B55AA,0.0819744933394819
CC_A6C5284C4586,0.10011125303890686
CC_A6CB0D0191D3,0.10667972195716839
CC_A6FA3FA9F0FB,0.11565625929138833
CC_A6FDADD23BD7,0.04203386883107562
CC_A6FE3938F001,0.17324820194022383
CC_A71DB65F0BBA,0.6966325388042125
CC_A730F4964FD4,0.10510971986412274
CC_A73C02C58DDA,0.1026717130415737
CC_A746BC2289C7,0.31664367381467773
CC_A766C3608214,0.11121856029279711
CC_A76F48111A8D,0.10616835192689725
CC_A77AEC8AD2D1,0.030519134653027316
CC_A781174166B3,0.1911426619593307
CC_A79024286DFF,0.0696538729221542
CC_A792720B875E,0.08973667372958279
CC_A7952C2BC5B6,0.06304789760498798
CC_A7954EE1A1C4,0.05906498272339055
CC_A7991E6B3CAD,0.1998769111842212
CC_A7B141DF4AAF,0.05964512797193366
CC_A7BE2CED0B93,0.04949734651420023
CC_A7CF446093DD,0.2259190803100031
CC_A7D1C6692090,0.07640389015057698
CC_A7D6CAB54328,0.4645027259398699
CC_A7D8D1DA4EA6,0.1181425376807898
CC_A8102BA6933F,0.0611303300204863
CC_A81C1EDC5FE0,0.08070771378433247
CC_A82C0FDDC303,0.26840907635613265
CC_A83F92C0CABC,0.13279425317949828
CC_A849B0F60EEC,0.05955600968226965
CC_A852AAB180D7,0.04573935542785799
CC_A8536626873D,0.17410368109949567
CC_A85F953FFD40,0.32811188292533455
CC_A865A3F1E28A,0.6627910129988009
CC_A867253FC73C,0.7239798374105706
CC_A877592FE1AF,0.06340873913988039
CC_A8AE26057851,0.15610374479557879
CC_A8D50530622B,0.11689636763100632
CC_A8D5C834B061,0.7712342330655209
CC_A8DF49EED27D,0.8041707764909094
CC_A8FB53A944AA,0.08732011018391243
CC_A8FF19BCFB18,0.15756474547771537
CC_A9042AA97760,0.06049088843429734
CC_A917D68B7F33,0.06923016510494198
CC_A925B3023F01,0.13828910797277863
CC_A93A49678A0E,0.6789978747731283
CC_A944C14551E0,0.1450140604649998
CC_A949A4D6CFDF,0.03667589263678438
CC_A96085AAACBB,0.4561236597362866
CC_A968E7B519AC,0.5792015868161756
CC_A96F61DA3920,0.26607973155457854
CC_A98AA461487F,0.054620351786192366
CC_A98DE37F48B1,0.034273560632038215
CC_A99526CAE7B8,0.09028382198608782
CC_A9997F50D935,0.11273959057568043
CC_A99C3B09B728,0.05153738405814445
CC_A9A0DADE60F5,0.24525310682204504
CC_A9E27E0F8BF7,0.09990099379126098
CC_AA06B8C44B08,0.5952653794695755
CC_AA078692F54D,0.055072800849288006
CC_AA3181148667,0.10069344949293621
CC_AA36C8AD0AD4,0.0979320566878899
CC_AA36F0397FF6,0.0764043880033745
CC_AA3A8989A632,0.7167433374724521
CC_AA4A1B7522D9,0.0849156843165087
CC_AA4AE0378324,0.21394725924631558
CC_AA5E4D5A692F,0.15847360935510604
CC_AA68EABEE4B1,0.07381396508862935
CC_AA6B5A7A5B67,0.09579400473335889
CC_AA6BD423C239,0.39147059799832573
CC_AA7074B42A4C,0.5247460028736546
CC_AA7A7F3159DC,0.0848003880181363
CC_AA7BDEB972E4,0.12011925837895575
CC_AA83426311A1,0.07038454154912141
CC_AA8F7D307212,0.1244431479098884
CC_AA994120654B,0.06839396860219739
CC_AA99CC1D0A77,0.09716649369029523
CC_AA9DF917E958,0.165134447108783
CC_AA9FC6678135,0.3419284802483646
CC_AAA47EC0D4CE,0.08215234479620136
CC_AAD9F600283C,0.11668921339105422
CC_AADF003A3927,0.07972159896005225
CC_AAECFE806C8D,0.20295172399414613
CC_AAF2022B9CD1,0.16904612111814005
CC_AAF445E4CCF4,0.06679001229101907
CC_AAFDCAA5CA06,0.6596877773532484
CC_AB0384E131D8,0.1860619280249282
CC_AB0A4F4A2968,0.18515609809733366
CC_AB108580856A,0.0710321061064164
CC_AB10FED15FC0,0.8076230049305586
CC_AB176233A184,0.05399940340713957
CC_AB250982887C,0.10149966016339053
CC_AB25C565EA6F,0.060340582031848715
CC_AB31BDAE74E0,0.1935792926092234
CC_AB38A76F5698,0.38952516059085524
CC_AB38F588BDD4,0.187349978756458
CC_AB3DB55C9A2E,0.12813933248108378
CC_AB42A7DA8FAE,0.17049801044288593
CC_AB486E8855F7,0.09625692859005977
CC_AB4A79BF0F21,0.04097081814310048
CC_AB7472FE1C8B,0.06508423841962166
CC_AB78F64D1DA0,0.13397235518528022
CC_AB821E2FB031,0.05534846232389116
CC_AB873276D910,0.06113362961015128
CC_AB8CF3C05B61,0.11299970095465342
CC_AB8DD8448ABE,0.33663743217743675
CC_AB953366A38C,0.08567924113975262
CC_ABB193697B23,0.6155976669873542
CC_ABB3F0A040BD,0.1215798585168516
CC_ABB618AD3E52,0.2674517642470768
CC_ABC0DA7DAFA5,0.04202765151695752
CC_ABC49E43DF40,0.6183356766770312
CC_ABD89F61734F,0.10295684052874968
CC_ABE04CDC2866,0.597631605544173
CC_ABE98746DB91,0.5320694275770456
CC_ABFDF22BBD97,0.0702526130978773
CC_AC0498A54CAD,0.1732448314233169
CC_AC1C23EA2767,0.35251038225757353
CC_AC1E028B2A1A,0.09244560245283587
CC_AC255B902EEB,0.15550243654050927
CC_AC44A88F7869,0.06883173084096075
CC_AC51CBCACA63,0.12762376851822105
CC_AC723E5F5EFA,0.04380029095620181
CC_AC7994A5FDC4,0.1209099384428434
CC_AC7EFDBCF2E8,0.735353408571653
CC_AC8A45716CD8,0.12856907926565972
CC_AC8FB78319A0,0.04063075090240566
CC_AC95C517E726,0.08299168526365291
CC_ACA4C6C9316D,0.05820844287086642
CC_ACAD97A186F4,0.0734446377955379
CC_ACC12168D6A9,0.14839437038116549
CC_ACC53294D3A0,0.08241784666237559
CC_ACC6A74A8BEC,0.07311264569976902
CC_ACD94D2B1200,0.061042988589992124
CC_ACD988315902,0.04176644889693648
CC_ACDA59536C9B,0.10325576135473459
CC_ACE5A4081F6E,0.2047950546152897
CC_ACF4F9A2CCFC,0.18201249540238598
CC_AD0D7D212968,0.32074260561294793
CC_AD131D09EB0F,0.13049896891379686
CC_AD13C87CF26E,0.21868237889445952
CC_AD2050A0C79D,0.17355799095380647
CC_AD276D71D3A7,0.3115926952353252
CC_AD2C54521FE4,0.19285083748655107
CC_AD2E59624FEC,0.3907124145459224
CC_AD3A36AF2840,0.27421603689644247
CC_AD3D286D0B68,0.18338335450039409
CC_AD46818E459F,0.6170393148831331
CC_AD4BB2E22EA9,0.23642176042109161
CC_AD4F7F88242F,0.3193410920861797
CC_AD58ADCD54CE,0.6952852750786296
CC_AD71619FA389,0.11559661593299195
CC_AD84592B950B,0.07464810051159187
CC_AD9898C0E8D2,0.161479323532487
CC_ADC70A21D661,0.37237378082535577
CC_ADCF16189AF2,0.2274220038911786
CC_ADD894E6E4F4,0.3419153474999554
CC_ADE899835555,0.13694707978573506
CC_AE0D73A1EE19,0.38635897737709457
CC_AE0F08EA3935,0.18287032494812513
CC_AE23B59E6FC8,0.2931299747887511
CC_AE289E013D60,0.09245288307763647
CC_AE34D3F7F224,0.7719569777870033
CC_AE4069D8B4F6,0.19182265263845583
CC_AE4896E2BE76,0.6976399110634713
CC_AE51DCFE0671,0.07239927169808923
CC_AE69FEA8DA68,0.17539266717421517
CC_AE7C129CC90F,0.19796236820839005
CC_AE7CD49F20AB,0.17117203071959752
CC_AE89526E0335,0.15705008912562834
CC_AE8D62CF30C0,0.11255877170051723
CC_AE8D9CE8D6FE,0.05272949316304321
CC_AEB019CB9065,0.1475505937250513
CC_AED1D50AF584,0.1034719989317288
CC_AEE546316FB0,0.21971235139063353
CC_AEE5FA00FA6C,0.3826863590764044
CC_AEEC765D157B,0.04339307368526011
CC_AEEE44D6C8A4,0.03250211978855475
CC_AF14FF3EF570,0.35348832505965266
CC_AF1C3ACBA6B2,0.09759419838794944
CC_AF1E911C98B6,0.3174879466893917
CC_AF337F410520,0.09222998582358347
CC_AF3C7BC3BA40,0.10679796402993312
CC_AF41E4075C87,0.22044722466838743
CC_AF6B4405276D,0.7509534235305956
CC_AF78FE0BDBEE,0.08268618824775235
CC_AF8238D9082F,0.08437041690505356
CC_AF8CA6EE53C3,0.06489377421376097
CC_AF9AFA7C49A8,0.09057583184229703
CC_AFA1E3D3C685,0.16139630663455087
CC_AFA680030CB4,0.6384781751622883
CC_AFB351270B8B,0.04311755992500622
CC_AFC405AE0029,0.06569350766034929
CC_AFF90422E4FC,0.3351570557138242
CC_AFFBE2744B87,0.778583481968535
CC_B0043CA53FCE,0.09448112621103961
CC_B01B2BD4EFD7,0.24301707156240498
CC_B01E87EB9940,0.10614645902709202
CC_B0273E66E2A5,0.1758223951745459
CC_B03E98085A9F,0.08905336018607864
CC_B0420D8C42DC,0.49668029743112935
CC_B0497BEB9F6B,0.1486774599917098
CC_B04A5E60B69D,0.07324567534698435
CC_B04D5517A193,0.10997349951345517
CC_B05FF3A960A0,0.2021528791366837
CC_B06A532EC131,0.256799878197572
CC_B06D33A6761F,0.1378528126326265
CC_B074D4472CE4,0.04536883340176836
CC_B07CE95BCD88,0.33360219924973006
CC_B07D79368225,0.09300476489064968
CC_B07DD1ABABCE,0.738620360333162
CC_B086C2D77820,0.15325410006064816
CC_B088DE9C9E3B,0.2937657558573529
CC_B0CD7932067B,0.11570955220723766
CC_B0CF90073A5E,0.6458455872324399
CC_B0D397D86639,0.6428433125172511
CC_B0EF4FD19FEA,0.10661934018276506
CC_B0F2F9514AA3,0.08933784113179541
CC_B0F3B79F51C8,0.14782096645257445
CC_B0F4041B1C76,0.0361595196743782
CC_B10FE31C61D5,0.11286977252931195
CC_B114E8F19D65,0.16570266619585164
CC_B117F0E3CAAE,0.1448403505516801
CC_B11D58F331A9,0.04079966074305478
CC_B1262188BC41,0.07978922572051594
CC_B12FFB2FF21F,0.0853916418709594
CC_B13253F34A9F,0.04260494148012931
CC_B137E2BBB53B,0.08452038668222109
CC_B13FEA7CDB99,0.05581057053946481
CC_B1481ED21111,0.04599818089777029
CC_B15BE5C9976A,0.2514968794246231
CC_B15EB6933578,0.0676022518700926
CC_B163CCB3BE4D,0.13015005930055354
CC_B16DC354FD71,0.3832546117950053
CC_B1777349EB15,0.15426468638375873
CC_B17C6CE0231F,0.28590947843168135
CC_B17CA8C22E5C,0.11961229011400708
CC_B18F3C9C30E4,0.12940305838938296
CC_B19CD93DDC96,0.06811082355245572
CC_B1A647674B84,0.11989706375299676
CC_B1AEC2E5E33B,0.20935784128047227
CC_B1B5C81AC0A6,0.05566032192359957
CC_B1B932EFD646,0.1481887379661682
CC_B1C3C0B52B88,0.2598789627449762
CC_B1C7216344F3,0.07784632436449807
CC_B1C982DBBD12,0.3525817648191196
CC_B1D81F8197B3,0.35581781827217157
CC_B1DF1DCBDC7E,0.5903555726039955
CC_B1E2C36607CB,0.06735394269718417
CC_B21351C93D8C,0.1418215309585977
CC_B2174860AB11,0.7353016736699178
CC_B235818E6A04,0.15544798068330365
CC_B23CDE30F00B,0.07542380090622967
CC_B23DE4971DF0,0.462348747066654
CC_B23ECF574D8E,0.06409798781238421
CC_B24C41DDFBDA,0.22392023724600343
CC_B25EC73B9510,0.13145503832732874
CC_B25F69904D0F,0.06738147498832035
CC_B25FB6C11D05,0.6617631918580149
CC_B264F2B92259,0.5887492906171513
CC_B26B8FC23F1B,0.06164738316730383
CC_B272E29922B5,0.1422798239264126
CC_B27AA8E27BE7,0.1035821132889342
CC_B2A68FD3C236,0.08050263318610104
CC_B2AC50C00979,0.08873024744869364
CC_B2B16D7B821C,0.1615673833506448
CC_B2B32F1511E4,0.1269926761797694
CC_B2C241A93527,0.0775239341060518
CC_B2CB104FED6B,0.6549182072090654
CC_B2D352013F92,0.1218017504947173
CC_B2DF694BAB08,0.1030407939407107
CC_B2E993A9343F,0.20134394065704264
CC_B2EF61C93AB6,0.13065413836284903
CC_B2F94405EA89,0.10915904129386846
CC_B2FC07BF6251,0.053980324609984476
CC_B301A65B4164,0.12274280010980049
CC_B313E3A208A2,0.17136336206803532
CC_B318FF5D976D,0.14819430716428128
CC_B32AEF0A2299,0.06672379857535418
CC_B33BD3C618EA,0.08758634898583363
CC_B348627365A2,0.1221900923340832
CC_B35109450BDD,0.040591223622407004
CC_B3528B870544,0.09461216948741384
CC_B3530E7CF8F5,0.13538761168148153
CC_B35C5B1DB9C1,0.06629469985626552
CC_B35FF59389D4,0.20954497082297627
CC_B3812C6700F2,0.6416357367298183
CC_B38280B483B8,0.12439894217615663
CC_B38B694A18EF,0.48067298528047875
CC_B392BDECD913,0.3454029819626176
CC_B398DF1ABAD4,0.03926745996516496
CC_B39E75E151A1,0.12761168438446188
CC_B39FD0E249E8,0.052061280870540246
CC_B3AA0891CA5E,0.4147547363340294
CC_B3B1C8EBE5C1,0.12685502575863983
CC_B3BBA28E2D39,0.4173085596035085
CC_B3C4DB0303A7,0.09192208956597454
CC_B3D32FE823B2,0.03860945040531466
CC_B3DA429C6C8F,0.08734869015892271
CC_B3DC5786AB0F,0.18163267952457962
CC_B3EA537531A3,0.1538417223502967
CC_B4096D3A38CE,0.043941578887381275
CC_B41EADCCC95F,0.06343132392511618
CC_B421940B9A48,0.6669331620309576
CC_B42B3B83935C,0.8279615046796273
CC_B436B1CA6B2F,0.05635586958143603
CC_B439B06AF274,0.2007207995331191
CC_B4482E7879F4,0.060567293412055696
CC_B4660022C612,0.10735566251579261
CC_B46B899B4A63,0.11303331442646926
CC_B470280A580D,0.1135669726629875
CC_B471D3BF0C72,0.5500562356891886
CC_B4751DEE43CD,0.15404226850946795
CC_B482C254BAA5,0.059305298429503134
CC_B4889D036D3C,0.7329620358705854
CC_B4950F811C90,0.13451005552822384
CC_B49A6DE7A340,0.29485435642781854
CC_B49CD4C13DE8,0.35466436774550825
CC_B4A90370CA96,0.4905521534299259
CC_B4ADE6BC8A10,0.7038036926090155
CC_B4B6F805888C,0.046712996205790926
CC_B4B8F66BF4ED,0.6676910791004991
CC_B4C6F80DEE44,0.04677986245429673
CC_B4CCE78C09EE,0.17146099584130048
CC_B4D68D1C1C55,0.1987796502559139
CC_B4DAED63089A,0.14415181904861638
CC_B4DD9841E6FD,0.2038039792234433
CC_B4EF6743DDCF,0.07986583365197969
CC_B4F67F73D097,0.09070948926054345
CC_B50EB15EBA18,0.08926435513207745
CC_B51DCAAF4549,0.15546988339708745
CC_B51DFF8702D0,0.5452995488891943
CC_B520A001BF69,0.09243737959240796
CC_B529919BF24E,0.653376438216883
CC_B542342650A1,0.06314610457195101
CC_B54A106E91E4,0.041729237596017536
CC_B54CFFC21F2B,0.10962207123056107
CC_B55C134C04A5,0.19264225850276284
CC_B55C2DBF6D3C,0.22025631472722934
CC_B569705352B4,0.10698142460754377
CC_B56E74A967C3,0.05195251330298917
CC_B57519F33EEF,0.04347413177539918
CC_B582E4405D85,0.08887468645731852
CC_B585A11F7BA7,0.13626958131003514
CC_B59726D36AEF,0.1736113693368469
CC_B5995E4F1A21,0.1155920624407391
CC_B5AC2AAF871B,0.7630842194544679
CC_B5AD19125E1B,0.20904173941498588
CC_B5B1E42858AC,0.06167990186400453
CC_B5B7599E8BC6,0.07173288714503813
CC_B5CAE0595637,0.2083339914543699
CC_B5D49843A799,0.34357069262672246
CC_B5DDFC7AEE78,0.10894789547981297
CC_B5E29344F63C,0.2063430841904411
CC_B5EE5AE6378A,0.5895749997766196
CC_B5F2A93AD996,0.08508816610642837
CC_B5F611613A78,0.06528457788662319
CC_B6055039255A,0.7616634296728104
CC_B607B2B0AFB7,0.047791380575849744
CC_B60CFD0F39F9,0.07422973075365953
CC_B620087B1C52,0.37066072889832385
CC_B6203BBBD151,0.09794210801167885
CC_B622662E664A,0.154012077939402
CC_B62C9A2BC846,0.14327379465169712
CC_B636210548E5,0.3896215231212378
CC_B642C6714501,0.07486377520135364
CC_B64F81B8A263,0.14006094783929393
CC_B65CA581B9BD,0.15500594868146755
CC_B65D1B9B6F67,0.13459836753545673
CC_B661A8FCA431,0.04840089314289541
CC_B66AC40957D6,0.14043070517196854
CC_B672B35D1162,0.7488844062924276
CC_B68379D197F6,0.09132784351027529
CC_B6923D10FDA2,0.15486589230757702
CC_B69CC776BBE6,0.24269782008686985
CC_B69E50D76B29,0.09812316703334677
CC_B69EAA8C296F,0.22612265819092384
CC_B69F7CB8CDA0,0.07561671121783532
CC_B6B4AD157354,0.15993904020701213
CC_B6BD764CB8B9,0.22080364367023272
CC_B6BEC3F4BE91,0.14676231616474839
CC_B6C13F4A610D,0.2863416218731627
CC_B6C1C3B5766B,0.10722653022643833
CC_B6C72241926C,0.13544777077216164
CC_B6CB40E245D7,0.6340791683087581
CC_B6EE58A108C5,0.07178668631685553
CC_B706F631F5BA,0.04008476996859568
CC_B71DC1206985,0.1605412131008945
CC_B72284CED807,0.17038549956067092
CC_B727865A5B5F,0.6149293151517948
CC_B72FD7EFA6BD,0.18459179324374392
CC_B7365B5A3392,0.7638712429100754
CC_B73820D308C9,0.11482723641344067
CC_B743560D847F,0.0853003897797606
CC_B76EF26F7C9A,0.3430110849942949
CC_B7764FC130E8,0.4345426174407109
CC_B77B73B95532,0.12625705034306603
CC_B77D6653C7D4,0.044141113374898
CC_B77DA6B77DEB,0.2766189721082388
CC_B783AE19622D,0.16674695543259216
CC_B78761738CAF,0.029400763599639224
CC_B787BA135B5D,0.3293589357606864
CC_B78B4449EA19,0.10621008486153649
CC_B78B4B7F80B5,0.22436464932814887
CC_B78BEE888CA6,0.09114183017645791
CC_B791FEE1CF37,0.043037105937483895
CC_B79A58AA4441,0.09507902908275843
CC_B79BEC538198,0.13096464805067476
CC_B79DD53178D3,0.07815875358690096
CC_B7A7EFD85149,0.21004942353088768
CC_B7B5F2A15C41,0.11607497924768441
CC_B7BC46A7D4DF,0.0909833351387485
CC_B7CBC65D9AF9,0.5450987053640666
CC_B7D40C5C891F,0.0700661285478642
CC_B7D4337C4797,0.29416037016736835
CC_B7DA04826165,0.2773126556567421
CC_B7DC19DA1440,0.15750363774930767
CC_B829EC622F0D,0.5632302356796436
CC_B82B9C0C7B85,0.6764458191354605
CC_B82C55DEE5E6,0.30810655431171047
CC_B8475B977AD2,0.6709713088693362
CC_B84BD2F4EB01,0.19752768853563396
CC_B86DA7D69F20,0.06113922985546344
CC_B87989F406EB,0.18309890069350357
CC_B88B702183E7,0.03838064407384599
CC_B89B80945ADE,0.16145735039477344
CC_B8A3A44BFE8A,0.4384405379224913
CC_B8A7A6548AE6,0.17324808406675105
CC_B8A8FB83065B,0.17623900594184191
CC_B8AAC20D626E,0.19325664835501052
CC_B8AC99873641,0.06885202079831024
CC_B8C9673B7834,0.08234315779831927
CC_B8D5FEB15CC8,0.07036571392991768
CC_B8DA64A33076,0.6171970649692954
CC_B8E912A01706,0.6345979814624413
CC_B90869280808,0.12128596598582798
CC_B908EC99951B,0.27384754219567803
CC_B90CBF2A6775,0.06778968322645822
CC_B91080C1ADA5,0.3378933675851363
CC_B918FB42AFD2,0.19191533614631398
CC_B92CA425080F,0.10345394628747465
CC_B937F632B71D,0.1598786437104658
CC_B94477C20476,0.32491751078962033
CC_B9483A5C922C,0.11320209778644415
CC_B954EC1C63B5,0.3202704194130166
CC_B95580F93537,0.053981607961540216
CC_B96086044329,0.06666873465519205
CC_B96EB0A91589,0.18686460685667142
CC_B98357C70A41,0.6463142196001384
CC_B9929A66C2FD,0.6878226495275211
CC_B9BB52E4C529,0.10491572589947804
CC_B9BD45744855,0.7969261097241997
CC_B9BFDE4662AE,0.09446800256443333
CC_B9CEAF324145,0.04491096035632251
CC_B9E89F42B509,0.21498557951895772
CC_B9E8A3887223,0.2122792037576886
CC_B9FC67268C45,0.22129288636918706
CC_B9FE9DFEB3DC,0.09982825478106325
CC_BA041E14DD98,0.0694570384932748
CC_BA0619F54427,0.09764220059915263
CC_BA15072C4EC2,0.220496148699454
CC_BA183CDC5429,0.8173236432403442
CC_BA43646012D2,0.4728537560541797
CC_BA4F7E494E71,0.4421988319597742
CC_BA557F75E2DD,0.17622483017183438
CC_BA740903CBDF,0.1278369187269257
CC_BA77722A827A,0.5494622741743008
CC_BA78E47BB021,0.22147531725249756
CC_BA8C427054F4,0.038446639742871117
CC_BAA19F8D2563,0.09314037061380093
CC_BAA1BBFF8C6C,0.31200470117539675
CC_BABA44B5FB12,0.07629138416161246
CC_BAC25BCCEAD2,0.06614789205340497
CC_BAC74D0014D3,0.44913955654346116
CC_BAD99E36CC71,0.24184484525832659
CC_BADE7EB1D16D,0.773726353621569
CC_BAE7410803AC,0.1392308310483991
CC_BAEBBF8054FB,0.11850636707879704
CC_BB054686B6F2,0.04893326919243326
CC_BB05D9DF72BD,0.06080893039571364
CC_BB0D54068D07,0.78408973966749
CC_BB15DE5E0DA0,0.7677193326063516
CC_BB1A57AA813F,0.14147133604474582
CC_BB1CABE261EB,0.17626672205905786
CC_BB2BC46FCF61,0.22898355799636055
CC_BB2E5437EE04,0.047837807201042276
CC_BB2EF1FF6131,0.08110077793665352
CC_BB2F56C6BF57,0.10237414662577146
CC_BB35CEC5314E,0.08685538932526292
CC_BB39E3597B61,0.04371931146535073
CC_BB3A9EECD51E,0.08129255401317002
CC_BB44CDEE5103,0.1955057282046953
CC_BB458116ABA4,0.35369427868429104
CC_BB5F6936F6FE,0.20842876777581426
CC_BB666F8A551E,0.06718938358362926
CC_BB7355E735D2,0.11185986791332848
CC_BB8A2F186D6A,0.07061115289572664
CC_BB9FDED12C65,0.7131662653768012
CC_BBA8C316C8F8,0.07997884050318191
CC_BBADC7DC73EA,0.20093947096061165
CC_BBAEA7980B09,0.47031190406853796
CC_BBBA078A6429,0.7826188723684736
CC_BBBFC3EC2C72,0.41321187222460193
CC_BBD34B3225EE,0.035615871457915914
CC_BBE6C58C59A4,0.42020861157543593
CC_BBEBBE1E226D,0.11705009581976088
CC_BBED56D34D38,0.10125733179409203
CC_BC0244FBDAF6,0.17381794593146338
CC_BC099E880236,0.1336644395921409
CC_BC0F05C89E25,0.12179721382460192
CC_BC1BD06C1085,0.09244848472810371
CC_BC21E8824A34,0.45645530081518954
CC_BC23655B2BF4,0.061303200904822844
CC_BC24F9024F49,0.06022796074982783
CC_BC2A58939715,0.08722079330166944
CC_BC2B90F226E0,0.19497981662451663
CC_BC31382964E4,0.04881529307550603
CC_BC31DA3EAFFF,0.11995717759762431
CC_BC3A6CF6FD16,0.1286942849961585
CC_BC410BDD9ED8,0.24805487577577337
CC_BC458960887E,0.1483738824714272
CC_BC484C329704,0.12919007554037965
CC_BC4D6D6D4553,0.365051405067793
CC_BC5A59D88AFC,0.09012487309652471
CC_BC736DA19A00,0.19258679375369073
CC_BC7B9D13978F,0.19895464575416832
CC_BC84BF34D69E,0.289372877313603
CC_BC95D473C9CE,0.17977262668600547
CC_BC96FC9DCFE7,0.09241070311772756
CC_BCA0D6159C23,0.19190689701087318
CC_BCAE73132BA2,0.07196116030574902
CC_BCBBF055366F,0.047817967977782636
CC_BCC94F494979,0.08699309247417097
CC_BCF75F8B9A5D,0.1250773941573643
CC_BD10F4F15094,0.08043215980310946
CC_BD1A2052ACD5,0.8033399826216349
CC_BD217C39702F,0.33257060917949366
CC_BD2A9D4B9FAA,0.19694860061334613
CC_BD3EDD1630E8,0.052058110403326856
CC_BD4AAFE9EFEE,0.06430010748725914
CC_BD59D1252975,0.09230572245034693
CC_BD607BE97C17,0.1056186665073489
CC_BD889F165227,0.08442418890803843
CC_BD900B6BCF65,0.18511871244253494
CC_BD9967660461,0.4317584127434233
CC_BDABB99ADE2A,0.1476003378344173
CC_BDB07C66EDBD,0.4567614843469951
CC_BDB71DAAE50B,0.11481590045323198
CC_BDCB91FACECF,0.14070586447454403
CC_BDE1E398B4E4,0.0552521271449307
CC_BDE8D325637B,0.684978313467924
CC_BDE9E7F390AE,0.0919309546015681
CC_BDECF392D7F9,0.14351891671443612
CC_BDF401C3BBCA,0.1358357680960862
CC_BDF53C42C5BC,0.24171275307408255
CC_BDFE5778530F,0.338055499138221
CC_BE05EB5976EC,0.7680687809844776
CC_BE08A6D5E76D,0.05043028265204393
CC_BE146CE5BEE6,0.1192118267911862
CC_BE24C1EE877A,0.10845116227016616
CC_BE27E98C4BED,0.0777254231249954
CC_BE32DACBF6C2,0.11454172611705418
CC_BE3F52F9C9EA,0.13026106990338168
CC_BE3FC1024389,0.14497755455628594
CC_BE4595898BF9,0.09918050544253895
CC_BE4F1F53F4B6,0.08861116820285134
CC_BE648663620C,0.19689722678915378
CC_BE6627F3B9EE,0.6410771109118035
CC_BE673F70B591,0.31931820311392173
CC_BE704640727F,0.036770018010920134
CC_BE7295B354DA,0.34410704558153804
CC_BE760A430ACD,0.16670423246418042
CC_BE8A340F3876,0.045235489982510244
CC_BE9CB8845101,0.23179747435220302
CC_BEA12286E57C,0.14244781002865683
CC_BEB24EB997CA,0.10779511238744453
CC_BEB80CCF2ED0,0.05483160070341594
CC_BEB86014B5BF,0.18027968453400767
CC_BEC035C8801A,0.1302399278440106
CC_BEE1B858F0C3,0.2919660458845623
CC_BEE664893442,0.18173053141405313
CC_BEE75A33F038,0.07118817059177192
CC_BEF22728402F,0.7038045206828882
CC_BEF8AB2DF19D,0.3594337978771328
CC_BF03683CC755,0.09987121321831138
CC_BF066CB8F7A0,0.15442759024477495
CC_BF154A9FEE8D,0.1501662617491147
CC_BF17E635C67F,0.08591423038573595
CC_BF196AFA6AE6,0.17068436056166114
CC_BF2012FCFE14,0.17089661856481567
CC_BF3733356D4B,0.5005757440800686
CC_BF376C8D14ED,0.5170126574982157
CC_BF3BF8B9F646,0.10034324411475481
CC_BF588A5FF18D,0.6875183195684327
CC_BF7C643B8874,0.05472670528750318
CC_BF8919F14394,0.144123385958035
CC_BF8B759EE1EF,0.06629536237755979
CC_BF971FA7A950,0.17760801565577586
CC_BFACE960372A,0.10202491715941721
CC_BFBF917EFEB7,0.5935932536910542
CC_BFCAE2959708,0.05131574470985957
CC_BFD80ECB739A,0.23269825397683114
CC_BFDEC7E68821,0.0659335220975729
CC_BFE3AD881F4C,0.04957052221778614
CC_BFE511C0F9F3,0.5733194106061809
CC_BFEE9CF8A6E9,0.07901023548813635
CC_BFF8E82FE4BE,0.13117634612514525
CC_BFF9E8C0FE28,0.6313675858271757
CC_BFFCB2882E26,0.044775628243909314
CC_BFFDCACC1E4F,0.1139072904382124
CC_C003A15648F3,0.0790387265290922
CC_C004160ABB18,0.1613347391209155
CC_C012746F45D6,0.10736378943408594
CC_C033B4EC89DA,0.13125168628533895
CC_C03578357D0D,0.35599124671816473
CC_C040C14F27A0,0.05586078687279709
CC_C0474C48C443,0.1413793005851138
CC_C04A1EF46A13,0.2511634857795087
CC_C067DA2C5F99,0.4123666893756159
CC_C0731DB0CD7F,0.641428851470356
CC_C07C70AA1AF0,0.1426594525355431
CC_C0877F4DBC62,0.10594288696101535
CC_C0896CE6B4E2,0.07739003324703721
CC_C089B0517E81,0.08368085691514764
CC_C08B9066A5BB,0.17494988956975163
CC_C08DFB22BC71,0.08184224835945529
CC_C0A2108BEC82,0.19216017520306014
CC_C0A6B0787F91,0.09123512276851518
CC_C0B29B279C90,0.1167082244660569
CC_C0B7151247C2,0.10790924295102362
CC_C0BEDCC974E6,0.11500967682328901
CC_C0C6F913C2CB,0.7147145894698429
CC_C0C7EAB055B1,0.19839075795109287
CC_C0CCCF588BEB,0.25465089392747037
CC_C0D65A1BC1DF,0.6008593154998252
CC_C0D6ADDF1E0F,0.08119762831836955
CC_C0E49708EB44,0.22006963043388744
CC_C0F32BA57D17,0.05104820868389326
CC_C1094828B26C,0.3106560660606198
CC_C124E4C094F3,0.2398288055756996
CC_C12ECF48FA03,0.18385049356144015
CC_C12F5F7E5C54,0.13629291509686403
CC_C131509731A1,0.20007364811543274
CC_C14173B64C58,0.17876968714816918
CC_C14A4D39F494,0.3948165861665359
CC_C14DC9106B7E,0.2511025789367212
CC_C1624A910E58,0.03512311971696839
CC_C1645FA6EE7C,0.09438033355014232
CC_C165A26E7C1D,0.7172105324827217
CC_C16824A69631,0.05190639265331197
CC_C177831DEDC2,0.08106225661347209
CC_C1815DD481ED,0.7096235633474017
CC_C18313F97FC1,0.26959352674136494
CC_C18A7BC23071,0.24976194641470054
CC_C1941883C762,0.1085474853364778
CC_C1A0989CDF23,0.03529326904654399
CC_C1A8C99D910A,0.1091044075661319
CC_C1B057BAE0BB,0.2724893588496327
CC_C1B5D9A95708,0.1039268262371723
CC_C1C28181E30E,0.1374473177546014
CC_C1E8CA45E983,0.10596924361122385
CC_C1F4DD05F5FB,0.20637680636870787
CC_C205BAC0D181,0.07098665494154056
CC_C208790016F7,0.07783534054536581
CC_C219E603FD0B,0.06935144716201454
CC_C2323893E922,0.11289459363746701
CC_C236A614F73D,0.1043402357397455
CC_C241491551A8,0.12903497390123803
CC_C247E0377048,0.0943480625255572
CC_C24FBA584039,0.24830278716995613
CC_C25078D044CC,0.17309575156328338
CC_C255BE787955,0.19441075077271505
CC_C25ECB5C5FD8,0.0644595666921531
CC_C276E722FB1B,0.31911153128646197
CC_C279090E1F74,0.7817303645138393
CC_C279CA96D14A,0.13558869178293184
CC_C283330B9999,0.045519235671099584
CC_C289AF57EB24,0.2707902679663595
CC_C29558864857,0.1161519904708556
CC_C29846DE78AC,0.6466492681175855
CC_C2AEE09D92AD,0.09977584243035935
CC_C2BBFB603032,0.3067906561287762
CC_C2C2B2EEBA69,0.04078818312888916
CC_C2D1CBB42952,0.16125615164507445
CC_C2D4587A871F,0.7432778402200956
CC_C2D583F20739,0.3578743263562395
CC_C2D9086A8C67,0.05873944285245728
CC_C2E8FA308586,0.1827978121150781
CC_C2EA104630E3,0.10018748507605973
CC_C30ED2C6265A,0.046135080234884156
CC_C31BA9FD4FFF,0.2545886127382511
CC_C31DC3117984,0.18525895615087515
CC_C33142B2E26E,0.4378252501190618
CC_C340668CE604,0.09447181111704658
CC_C36580241000,0.14925172512705806
CC_C3664AFC710F,0.12426883357553559
CC_C3676D2ADC91,0.20384932751929485
CC_C368AC6AE19C,0.049973261195150935
CC_C38B446B7432,0.20816531948090877
CC_C38BE6D69E61,0.05277550441787449
CC_C38FB634E7B9,0.07298406822378325
CC_C3913A125FC9,0.1366645645335685
CC_C392AC1AABDB,0.13184712309515095
CC_C3A37C3EDCC5,0.39671072118305184
CC_C3A42A96D260,0.2229952418835052
CC_C3CA355F78BC,0.10111076082665088
CC_C3CD972B25E9,0.15338477235726589
CC_C3CE9FCB05EA,0.047182456211807215
CC_C3DA12B31CD5,0.09170148191533696
CC_C3EF46D2CF29,0.18840253087273393
CC_C3F301EAE202,0.16938553496616968
CC_C404C200B723,0.10460787552683623
CC_C40BEE2EAD73,0.2572826371820163
CC_C40CA3E960D9,0.14573653008051543
CC_C40E0EEBA53A,0.16602245349510228
CC_C42183D7A586,0.10102515771495761
CC_C427199DAC5F,0.47686840045910445
CC_C445AEF194CA,0.07709248938797543
CC_C45051D20EC8,0.13839445210533585
CC_C47FCA703A69,0.27358627237235605
CC_C4965C6C6935,0.3004094897509966
CC_C498BD798847,0.05204734998763492
CC_C49A42D1C3CA,0.0869657947526215
CC_C4A2F5B06976,0.06982913371583277
CC_C4B632AEB96F,0.15931969630043274
CC_C4D194378554,0.03704734628326034
CC_C4D90E9CA5E9,0.13704421404338046
CC_C4D941D5A5F9,0.1308519144142727
CC_C4EB2486A9B1,0.21751603953181015
CC_C4EC2923D96F,0.316257951197401
CC_C4EC9ACAE8C4,0.7575264316039427
CC_C4FB2ECB13DD,0.29607352380227286
CC_C50467EBCC58,0.07627667561315286
CC_C50C5E2A77CA,0.16096576387759087
CC_C50D7FAA75C1,0.05377356856843612
CC_C51FE3F4D2F3,0.1672535046225521
CC_C5234F4713B7,0.08004660134775583
CC_C55110310E14,0.1000908218129012
CC_C563D509181A,0.07265965508178257
CC_C5736F4887D6,0.7437894918488257
CC_C57C4F09442B,0.09034039923155848
CC_C59D2CA55CAD,0.8021754526654327
CC_C5AD04ABF022,0.092558158780437
CC_C5AF7BF4B951,0.04116758904206778
CC_C5C5FD9FCFE4,0.6920179694599593
CC_C5D9A89022EF,0.2048307126849165
CC_C5E1FA10BD6B,0.17114544235428608
CC_C6039EF0459B,0.1624608278786954
CC_C6133F44EB0E,0.08632899768323238
CC_C637C1142503,0.7832194826126456
CC_C65496C86EAE,0.15233743589311113
CC_C67C2B86A807,0.13533781965833258
CC_C690CF8AF3B4,0.09470080161585023
CC_C69204FFED48,0.31151462566243104
CC_C69DD80E5055,0.09062011329662091
CC_C6AE389CA79C,0.09164465536480104
CC_C6AFA8AF33BB,0.08630468668550052
CC_C6B56B2869A6,0.3982744089815478
CC_C6B61E03B42D,0.1893339627227842
CC_C6C2B357FDF2,0.10938848554074443
CC_C6C4A4A318E4,0.135398394346709
CC_C6DECDCC7956,0.19678001214615748
CC_C6F134ABD932,0.5609408523418355
CC_C6F24128D8D3,0.17764298222484662
CC_C6F8C5E3D746,0.0973338787063304
CC_C6FB2BDCC78F,0.4060240429057109
CC_C70DBEB08378,0.8352045445254335
CC_C71AAC6F9607,0.0915511998691711
CC_C73D1C53BEC0,0.33204822892582647
CC_C7423B380FD2,0.061097158463192976
CC_C747ABF2B4BC,0.07678059005043059
CC_C74F0C45C093,0.13700936461519195
CC_C75307665BCF,0.21460633970299164
CC_C76473DBFF83,0.3238962859804976
CC_C7652C2D1CC7,0.18828817418909835
CC_C77B38900325,0.20651770707738407
CC_C782A94E6754,0.047033995126570756
CC_C786E0FDA098,0.7769390692275361
CC_C794632B3AAC,0.4018748875551674
CC_C795250A7B3F,0.11688059627167605
CC_C79BF5794AD9,0.05771774944068331
CC_C7A2A7BF85C5,0.06008503677455906
CC_C7A2CEDA36CD,0.503337782242905
CC_C7AAAC514CD0,0.07967687783469556
CC_C7B39AE8206F,0.11409114053943803
CC_C7BA884F8DCA,0.14400200196412616
CC_C7BC592C11DB,0.04604643532473572
CC_C7CB29EBCEE1,0.05170447278081545
CC_C7D2BE35C77A,0.08008350436447587
CC_C7E56C7FFA19,0.17634124320670383
CC_C7ED63E403A8,0.07944818467852174
CC_C7EFF4BBEE1E,0.07093710934075247
CC_C7F1C90A261F,0.11978809299255663
CC_C7F38C2DEDFF,0.19963492896330629
CC_C807F881A35F,0.23707520314986935
CC_C808346EF2A7,0.04870709739907248
CC_C822401D05A0,0.13029767685103974
CC_C82D0EB32984,0.10394962973099554
CC_C82DE4520088,0.20389854011843306
CC_C84080607284,0.06483132570107891
CC_C85DEB66D6EC,0.2526614001862962
CC_C8601860B3AB,0.3125275781777087
CC_C86B56E5B000,0.10881478372639594
CC_C874E7D8B96A,0.06490173472842393
CC_C88F02C38654,0.144461514566628
CC_C895990DF270,0.11717251261654778
CC_C896D6E93110,0.38764268923412604
CC_C8A57920FB6B,0.08622778539486649
CC_C8C2CEAC6750,0.5201614975758838
CC_C8CBB38CF4B6,0.4295849941078176
CC_C8DF2AEC8023,0.17154430341476495
CC_C8E24B1925A2,0.20363340012840417
CC_C8E2F0CA5050,0.7003436239088346
CC_C8E875AAFD58,0.3182917505972788
CC_C8EF7366016A,0.08435926175623006
CC_C8F1FB9C56E5,0.08657457342381061
CC_C8F2FF7E6DAF,0.1626008721378876
CC_C916DC82A00B,0.3198833484057881
CC_C91FF308D57A,0.06791840452815234
CC_C9297D88CD26,0.3050878463046749
CC_C932D885E1AA,0.19345131274917915
CC_C947A66A6A34,0.12885358119284765
CC_C953D19C82A6,0.2884727790391601
CC_C960365C1125,0.20674166668218505
CC_C96221203852,0.22959059943743226
CC_C967937FC81A,0.7159036478654914
CC_C97434767545,0.22203303937099125
CC_C974620D4D4F,0.28443552481460393
CC_C9749B07E3CC,0.12049232876776748
CC_C979F86EC4EB,0.06497222413020107
CC_C9882357496D,0.06808846268928244
CC_C98B5F2B994A,0.10137099575087452
CC_C98CA453DC7F,0.1083684006319388
CC_C996515164AF,0.6878733533352275
CC_C9A1B8F512F3,0.45216162969057866
CC_C9E008678B77,0.0802763552265231
CC_C9E89E3728DA,0.2151944595241156
CC_C9EE0357CF4D,0.16426798474299803
CC_C9F15C15BA6A,0.11800117161871919
CC_C9F3BB887EB9,0.22508889498402326
CC_CA0906B9B58E,0.05988238681803265
CC_CA16B9133E4F,0.38030315833621087
CC_CA2524A5C7AF,0.28724165013080477
CC_CA2A17C9CD44,0.4326881609397253
CC_CA32C61E255B,0.09334362770603234
CC_CA37F92A8BC6,0.14123714556395475
CC_CA3C9D0F42A2,0.5593751400363743
CC_CA4669FF2379,0.12210378126568058
CC_CA486E08F176,0.06315760260105806
CC_CA5CF069C36C,0.06678670585637604
CC_CA6AB58D2C8D,0.21573986423486646
CC_CA6EDCBFA9E3,0.16893223207489644
CC_CA6FB58C11F4,0.08147740078680969
CC_CA7902338F91,0.16584138389671574
CC_CA7BE11DCB92,0.11582349313743266
CC_CA87A148C386,0.07260689039691261
CC_CA8E7E45347C,0.15234089609002507
CC_CA9214D0E170,0.15111740607728313
CC_CAA07EABEF71,0.05658507476111488
CC_CABC0190A9BF,0.4962384991539055
CC_CABF171B8582,0.5490313033479604
CC_CAC2F989A2D6,0.2395262515648981
CC_CAC50FF13A43,0.45136738599197035
CC_CAC9C52B6FB8,0.23928268566866173
CC_CAE19DE8446F,0.07545683660160686
CC_CAE5F6D8328C,0.4519002742882736
CC_CAFA0C6DBCEB,0.05696630002191874
CC_CAFE5D6E3E1D,0.10133504273367065
CC_CB02A97FAC1F,0.2347805040878229
CC_CB1155AAC7EB,0.11780598867674397
CC_CB1B2FC5769C,0.18115237907992937
CC_CB1BD3C19303,0.1739462368542946
CC_CB2423DD4809,0.8268517350450197
CC_CB33381406F3,0.6784505662865028
CC_CB3CBA971E97,0.0831859533200558
CC_CB45CB5C940D,0.18738766749049632
CC_CB4A2667F8CE,0.20836389492335833
CC_CB4EA92BE238,0.06313533771342235
CC_CB4EE5CC0B09,0.1614952114262564
CC_CB50BDD92A4D,0.22976560012907882
CC_CB6A55831080,0.07703511435064797
CC_CB6CE149111A,0.1374679351861816
CC_CB6F9DA78019,0.04241761234819822
CC_CB722FAA608D,0.1944982377126497
CC_CBA786C05C1C,0.7816832703137591
CC_CBA9A6206DCB,0.16263581506997596
CC_CBB7AE2847B6,0.18079293835617866
CC_CBB9DDEAC819,0.03621038525197169
CC_CBC30D127BA4,0.07721799459456839
CC_CBE67EF0D3C5,0.4957599427204046
CC_CBEC318365B3,0.3780119381823158
CC_CBED6669EDA7,0.06611968128414775
CC_CBF1B052FA7E,0.06442077992229456
CC_CBFC7EFF2F94,0.12224697505189747
CC_CC27394B5E35,0.07482513919291735
CC_CC2A7B3D7A55,0.1269169435914453
CC_CC34B2523794,0.1629758138447626
CC_CC34E9023873,0.7002410156909243
CC_CC37D81F02A7,0.6336122343770901
CC_CC4822AEDB83,0.6753578605192364
CC_CC5D6CAE5ADB,0.2182028775408874
CC_CC6D27804EF0,0.07937579200869968
CC_CC71D4876B90,0.13105565827953833
CC_CC75EA7F2C8F,0.10218085978276668
CC_CC9214A5C0CF,0.08446730322942066
CC_CCA2B8D2446C,0.4401109331459349
CC_CCAB3E56FD92,0.1754340160017905
CC_CCAF321D46D7,0.04523717183519559
CC_CCB46EA56584,0.23176646848519375
CC_CCB60CB8754C,0.14223703491352682
CC_CCD759553325,0.0642305112241364
CC_CCDC28D49832,0.17137907100466643
CC_CCE55029E621,0.6725401886238631
CC_CCEA133D7268,0.5623014221977466
CC_CCED6CEBC3D6,0.3351772555654185
CC_CCEE76415B51,0.3226021623964605
CC_CD1326D52AE1,0.6833024935358735
CC_CD35EEA81CE8,0.3172307715302059
CC_CD373485942B,0.08034396247628603
CC_CD379DD39658,0.34045055230458016
CC_CD37D5CF0EB0,0.1843439792346084
CC_CD380545A7A4,0.07203058516991835
CC_CD3A378249BA,0.2552556449769633
CC_CD415B1C7741,0.04484997679579476
CC_CD4976814F28,0.03954449323641552
CC_CD4F5F1C357B,0.25866114231417175
CC_CD54829713AF,0.07688100631233025
CC_CD5E3556D5AB,0.17513189788707573
CC_CD6C797F3C4F,0.0701042468078764
CC_CD7BA8F6C4BD,0.09926715413804434
CC_CD8352F0478D,0.1696550570095441
CC_CD972E578564,0.8250132608891158
CC_CDA1B20179B6,0.10576960673059944
CC_CDA2A36B81B4,0.2272496641895972
CC_CDF6354EC332,0.06225570102769946
CC_CE01E17132E0,0.03966705625835658
CC_CE1280B30475,0.13650754490668912
CC_CE134F878294,0.06090695652445031
CC_CE229894AC00,0.13263734990593817
CC_CE26907B9D30,0.4676428215628397
CC_CE2755B42DAC,0.07712056118087397
CC_CE2BD7F74421,0.2787061966091131
CC_CE3784121355,0.12068119100240651
CC_CE41F9FF509E,0.16596724917758232
CC_CE5AF0E9A157,0.07916716132905899
CC_CE5EA019DCAA,0.08998749375709096
CC_CE6460FE39F6,0.11787671806008082
CC_CE72D1734761,0.6330599793105122
CC_CE7FC560768D,0.32418086060935725
CC_CE871DB3950F,0.32358515806885263
CC_CE8D1564C4F1,0.1449130100386661
CC_CE93240526A9,0.32267784008515293
CC_CE980FCAB154,0.30341455296029374
CC_CEA0FAD348F8,0.0880051743321449
CC_CEA369A3451F,0.07080980610883524
CC_CEBA67081418,0.21932532230975924
CC_CEC0C00FE770,0.5759629071761906
CC_CEC3B21D2982,0.41287675197268925
CC_CECEC680F701,0.15243526089677017
CC_CEDB263DB07B,0.04161419363692851
CC_CEDF9C14DC79,0.2608584559568004
CC_CEF23255BE06,0.058302175008105805
CC_CEF8C71C4E8B,0.41295064161211936
CC_CEF91FDD41AE,0.3876479858774294
CC_CF0B68684C3D,0.09590575239257522
CC_CF149865368F,0.08702093599885709
CC_CF2A7A5582C2,0.19299339698705625
CC_CF2B3E37CF2E,0.3443157111920827
CC_CF2F163CE005,0.1657370125926039
CC_CF3C063DF626,0.15496702817722777
CC_CF3E91DB8220,0.36726903603594485
CC_CF3FB5744443,0.7300811360388859
CC_CF4991B8EFE9,0.11275224577469153
CC_CF53FD3AC9AD,0.03804467818459549
CC_CF5A140B279D,0.17948803127795143
CC_CF613A7162B6,0.13623019904985498
CC_CF6A8A460B19,0.098858166735159
CC_CF792E77A16D,0.04719781977715661
CC_CF7BAF373E0A,0.04117553807927843
CC_CF8B1D0015C4,0.14388046989904144
CC_CF8D0517B79F,0.06732648974807225
CC_CF92037ACA93,0.23812606915827605
CC_CF960A300F40,0.3100571501164451
CC_CF96B6335E6C,0.171158497508932
CC_CF9880D67A7D,0.20097562369812835
CC_CF9B249283A7,0.7314645009278385
CC_CFABF7407978,0.2100230781165049
CC_CFB2AE99EABF,0.1463545839215333
CC_CFC0BC440771,0.14876236738160623
CC_CFC235739F25,0.5623719814045526
CC_CFC6E8954325,0.058098379657637214
CC_CFD37EDB214D,0.22831127714027286
CC_CFD93C04478A,0.5992160607447893
CC_CFE0AA5381FD,0.6231505443077477
CC_CFEB021AA137,0.05392169962358937
CC_CFF6E2A6A3F9,0.2843944362666446
CC_CFFDC4947256,0.1659287168562181
CC_D009368CE434,0.05188757785621303
CC_D02E59E08B02,0.05275332432714211
CC_D03848B7353E,0.05677629286036917
CC_D03A69B1563D,0.13199752513419094
CC_D0576802096E,0.09474791117249433
CC_D0582E0F3440,0.05748534916605411
CC_D059D0BEC5D5,0.31519478201214945
CC_D05C4A8F2A25,0.13978327850597194
CC_D05FBA9B9040,0.7352297584392159
CC_D0653EA71CAD,0.17001796924646773
CC_D076A984B786,0.14746259396376063
CC_D08FC2D99CF5,0.18807829511319668
CC_D09942A02904,0.1120380916338635
CC_D0A8EA2D37F2,0.12925275423287724
CC_D0AAD35C800F,0.13858404331911756
CC_D0D666EC0244,0.0956026899674108
CC_D0F3F68F4452,0.5299548764192774
CC_D0FBDE8ABAA7,0.10367873663643946
CC_D103D50237D9,0.2675948126123062
CC_D11E5A30CF3B,0.26694579287946796
CC_D122B30AE7CB,0.5533278154016753
CC_D1679B40D83A,0.0834180585949989
CC_D1760785D631,0.25245819423620974
CC_D18088587757,0.22586135935089996
CC_D184160042B7,0.3383166913452725
CC_D1886485E8B4,0.11905001201282053
CC_D1893DD5B4D4,0.07940857094955231
CC_D18B60E035CE,0.7424790213804308
CC_D191D099789D,0.07663500139523274
CC_D1BDB41E7FF6,0.0964307147268311
CC_D1BE2E6E9C9F,0.2052194998144302
CC_D1BFB29BF61C,0.07793230098314242
CC_D1C259F80E13,0.08964877955319225
CC_D1C63DA9CA93,0.1039804952533718
CC_D1C931E4F305,0.06920518649920507
CC_D1CE25F271BE,0.15118610036992147
CC_D1D2127A0C67,0.05101538356807615
CC_D1D31EA359F4,0.15167279564415667
CC_D1DB888BD9B0,0.10694227848095426
CC_D1E82B9DD102,0.1555569268350361
CC_D1EF68A649AA,0.13353178369655552
CC_D1F05E69F80F,0.057272521637260015
CC_D1F6FE158DCF,0.2228705724706469
CC_D205612FD566,0.6676029042909577
CC_D21474C31E3C,0.6952359970079911
CC_D2195A061A0E,0.6925602940100632
CC_D2199CC1CB08,0.03591284236919438
CC_D21FCD9DFE53,0.5323930368103601
CC_D233B2C8062B,0.41515708049915184
CC_D234CF2C21AE,0.6963176832389477
CC_D2373015DF41,0.05933709223608664
CC_D239CBE1012A,0.1162183097949263
CC_D2591377E980,0.7421194118109136
CC_D25E25C831B5,0.06921605158192597
CC_D262BB13DAAF,0.30019395835497054
CC_D272BC699F38,0.05532469769162952
CC_D2813C835750,0.775527094102906
CC_D285B0D67016,0.03350852280601241
CC_D28FB525E310,0.23781159932110812
CC_D2AFEE04E96F,0.04301636010750609
CC_D2BBAA423304,0.18021743550302574
CC_D2BE8B4011D7,0.06225927716651664
CC_D2C49D2FEBF8,0.18319910507641102
CC_D2D09498D333,0.14504112820744294
CC_D2D187DA334A,0.13665390285589282
CC_D2D47A5386CE,0.24160596609066887
CC_D2E98F50621A,0.047910013370670204
CC_D2F265035F0A,0.04855780156063965
CC_D2F91355C6D0,0.16948367000761722
CC_D2FC934F8324,0.13775224942905387
CC_D3044C67CFFB,0.06346516793954114
CC_D313F2C49E46,0.3580361438973156
CC_D31FFB053D60,0.10235118823495268
CC_D336DB6323BB,0.3459087397753014
CC_D343A7CBA377,0.07326872314013998
CC_D345AF4C4B61,0.14743633727585523
CC_D34FA9410740,0.0698586057749618
CC_D354C5D1665A,0.14478852687428212
CC_D35E96480AF8,0.2664985447271925
CC_D3616386D6D2,0.14335109153441242
CC_D365173E852D,0.7933955055834785
CC_D3683C6CFC5C,0.6313012692947204
CC_D373463038E0,0.0557906562486072
CC_D379CF8E3FAB,0.7344735321854301
CC_D37B4CA7F3D8,0.062477437619813635
CC_D37B5B3CA4BE,0.6936130606619203
CC_D39265D7B6C9,0.05424868866750475
CC_D39E3F732408,0.0673945207016295
CC_D3A7B21165B3,0.24268917001857182
CC_D3A9028A4660,0.052967933766809444
CC_D3A948322BD5,0.7067729955346647
CC_D3B95DB5E6C1,0.2813625590818993
CC_D3C8C5014D5C,0.19742960744414237
CC_D3D80929AF52,0.10364008458821461
CC_D3F25136073A,0.2131733219578471
CC_D4102AD032BE,0.19330313165186977
CC_D416EFCEAD89,0.048398630111990346
CC_D41C5030494A,0.7210255865129994
CC_D42E477596A3,0.060866096320952225
CC_D432C89BADA8,0.14299332835103332
CC_D434638E9569,0.13116498821228076
CC_D4518F98BB77,0.08571607669996675
CC_D452847F2A4C,0.08085189119747778
CC_D454056F92E6,0.23099142052270363
CC_D461FB973AB2,0.8057121985793506
CC_D462250B13D3,0.3613647917720203
CC_D48E686A834A,0.6794929486657967
CC_D48FFD985E51,0.08380776355134893
CC_D49263A1BDF7,0.12123840110375798
CC_D49668C65C33,0.03545784824270671
CC_D49D9C57A849,0.08393987501961947
CC_D4A029A150E4,0.19244704947098748
CC_D4AC998C0BC8,0.7273281429322912
CC_D4B02AAFC697,0.11275843676221221
CC_D4BDF0F4FE9E,0.10979826302451404
CC_D4BF2778371B,0.1325226025907308
CC_D4C0F4DB3501,0.16056404045455536
CC_D4C6DD8A364F,0.14685202945670392
CC_D4CDE2A1E174,0.14512076871544483
CC_D4E7EE35695B,0.12527095988125092
CC_D4ED652E86DF,0.3038586547248051
CC_D4F844B54B84,0.04447023761511275
CC_D4FA0055DB4A,0.047281631595348976
CC_D4FDCBAFEC74,0.7378935352749858
CC_D517D90E105F,0.08234422248440981
CC_D52B87A01028,0.2004512969256261
CC_D530C3D1DBF8,0.6797717557696178
CC_D5327E41EBA2,0.1302045322364021
CC_D53C8BCA531F,0.0950799985176655
CC_D540C7ABF683,0.6995862377370534
CC_D54105FC1349,0.4061717134597315
CC_D550CE8B9313,0.7377729439386351
CC_D55C5B432387,0.1778419094949641
CC_D5646FCC5E14,0.558559214788771
CC_D56F34613338,0.11567427619301004
CC_D573AF0F1674,0.11070542826665324
CC_D586E2C2B3EF,0.20529849132795822
CC_D589E388CA02,0.058883133717358274
CC_D58EBD954E68,0.2873517065497191
CC_D59AFE884BDD,0.3954240758026628
CC_D5AC596A85E1,0.1648052299363424
CC_D5B99B578573,0.04699078617669386
CC_D5CBF4A4D3B3,0.10959788202623306
CC_D5CE05EAA837,0.22570686681809465
CC_D5D36A6C8DB3,0.0707887248669026
CC_D5D8D545736F,0.07089007708278276
CC_D5ECFAF8C1A3,0.06822798459625669
CC_D605715F737A,0.11470431201043255
CC_D617428B4B0E,0.39409872712763444
CC_D61E8E5C4414,0.10625266454299805
CC_D652B5F05769,0.1815376964388103
CC_D6564D0CB9A8,0.1898657433164633
CC_D66183657419,0.06807475127905147
CC_D66BDD3E1AA7,0.14108770148216404
CC_D66DA331534A,0.098982520513697
CC_D687A780C0E6,0.04541755983197088
CC_D6AE871A4C9C,0.10659513485319849
CC_D6B7AF1FBDD4,0.4796017704547232
CC_D6B874308353,0.5644375112230844
CC_D6B8F47FE484,0.38396002229557064
CC_D6CB1BFDCEEA,0.11913544301804464
CC_D6D47D7E1C51,0.04387410379291192
CC_D6DE060699C6,0.15226714185560755
CC_D6E06014457F,0.8449841265179839
CC_D6E8E17EA449,0.32283475624025565
CC_D6F216AB1C4A,0.1527088286828197
CC_D6F5E3A51C8A,0.10857280521082108
CC_D6FB3B76D7A0,0.6637372075096313
CC_D6FBCD4BA3DA,0.28476435185240506
CC_D70918916097,0.492335428831777
CC_D73B1B9B81A5,0.05200313856944572
CC_D73E9E24BB48,0.14662005519786298
CC_D74AA0F20466,0.12307221558241041
CC_D750070C44BB,0.7242186808040225
CC_D7529675CB7D,0.14454421158316655
CC_D75C8CDB510B,0.6134786222470113
CC_D76009C47709,0.3043887791579211
CC_D771775A58F5,0.20401522203187192
CC_D77F9D613EF7,0.16114670726608898
CC_D7999C3EDE22,0.16561902895993802
CC_D79BF1D26499,0.18862629807839887
CC_D79C05885899,0.10175875385151804
CC_D79D4F15D10C,0.045148269062653124
CC_D7A11E3512D2,0.05113104056151813
CC_D7AD7A7279C4,0.12559401809429313
CC_D7B35055AF0D,0.2074851866829252
CC_D7D99409D57E,0.30503873177976226
CC_D7E403181D8F,0.10127600642311749
CC_D808C7BA9399,0.12728967710054023
CC_D80DE8B544F3,0.04019272179353314
CC_D81D19AEFB77,0.036176051640418996
CC_D81F317F6384,0.13103961610213335
CC_D844D9DF962C,0.09197678676094873
CC_D847D978387D,0.0484727600092384
CC_D85C7B85C440,0.30151114406230795
CC_D885591596E7,0.08105965195876873
CC_D887D07BDE23,0.3934032521809781
CC_D88ACC0CFDA5,0.10837458424859904
CC_D88BDD0F510C,0.0557251928979088
CC_D8956424CB37,0.3495234893842152
CC_D8959BB99A7F,0.23888824062375064
CC_D89A9A14B5E8,0.05240485385771427
CC_D8AD01F3CCE7,0.05366910508792575
CC_D8B4122DC296,0.13642585074362992
CC_D8C38B187875,0.7262433305335279
CC_D8E55509595E,0.05600467317279092
CC_D8E6B90C37A3,0.10805033536933556
CC_D8F1AECFCC2F,0.05793068002606647
CC_D8F7672C70D7,0.04027763087221527
CC_D8F7E904E7DF,0.18484603719504591
CC_D8FEF1C99F88,0.7005773266107874
CC_D90761F9E9C9,0.4082053294340544
CC_D90D9D5C8FEB,0.10330258283627956
CC_D912917A4F4E,0.7578031927801783
CC_D91ECE64FD0C,0.12059216825983796
CC_D9325E5695D5,0.0559988237748653
CC_D9563654A397,0.15696749979252692
CC_D95766A6C24F,0.11724404918975796
CC_D95939B1BBFA,0.059735145015583954
CC_D96729C38BC9,0.0895938500222023
CC_D9791EFF766C,0.21891350490982917
CC_D97AA7C54F6D,0.11791310905996545
CC_D98BA5CE8EE6,0.524794913584419
CC_D991DAD5413D,0.159844374978763
CC_D995C89AA359,0.2091628562925004
CC_D9A54F55AD6A,0.11316281013334809
CC_D9B87A96C353,0.2626107179263732
CC_D9C42B0B6A0C,0.2033557835336194
CC_D9D487E78FAF,0.6469374153224183
CC_D9D744A66B09,0.08493451142808524
CC_D9DA3F6E2E7E,0.1274987933008982
CC_D9E5792258E4,0.08135396805840096
CC_D9E6B9CBEB77,0.052944109916333776
CC_D9F0CDB02AC6,0.13277637322344005
CC_DA0201D1BCF2,0.09122829693309305
CC_DA0500AFE692,0.06420630759221051
CC_DA0E0BD3880D,0.29087721640388714
CC_DA10F53AE655,0.6656477291597509
CC_DA1643A835A2,0.09368934886255825
CC_DA1C5BAB7E35,0.4733874507500587
CC_DA1DC6A6371D,0.20094970662543757
CC_DA1E6B31DD2A,0.6608780165228412
CC_DA1F282809D0,0.03715887072941589
CC_DA226442D919,0.7470616222061323
CC_DA31EC318B1F,0.06441274201991697
CC_DA33597C6459,0.11977900073875716
CC_DA43CFB5CC2F,0.19979539856657305
CC_DA481C72B8A4,0.21120496467917524
CC_DA55447636EB,0.04645171720195565
CC_DA5AE34842E3,0.09376469751477945
CC_DA6880B018AC,0.17521691671495823
CC_DA700A961616,0.18484352005269333
CC_DA7E65F1E6AA,0.06818638633087636
CC_DA80FAA7FE30,0.10149454644703519
CC_DA8DCCC1199D,0.32167959672042523
CC_DA8EA724C1D3,0.42784904456153006
CC_DA8FA65D1924,0.05061611382743667
CC_DA99D1E41C3E,0.05755024671171107
CC_DA9C3BEFD0B3,0.15847120294954595
CC_DAA3B7FE1C62,0.07086826848434707
CC_DAACE4211B34,0.1571066736737634
CC_DAD239E56638,0.7797077359837781
CC_DAD4BC090253,0.07884491100641026
CC_DAEDBA26BA12,0.2990986582787599
CC_DB1EB08EB40E,0.14077318942843348
CC_DB2314ED6960,0.08201456267125533
CC_DB25E05EC5CD,0.44916559171475195
CC_DB3BE0C87882,0.050239855374102575
CC_DB44628BC147,0.1494251181431683
CC_DB562E602BA8,0.1272409984498588
CC_DB61D7F5F8F2,0.6849910947145207
CC_DB6498598C32,0.1644940070538984
CC_DB6B59FB6E30,0.042774551310585635
CC_DB801B947698,0.30074958580980393
CC_DBB8C467FF1D,0.09419063985782514
CC_DBCD21C2C322,0.06778372477828833
CC_DBDB148E45DD,0.10858960466627235
CC_DBDF9BFA7E87,0.11102669193918982
CC_DBF5CD2D854F,0.19542868073298286
CC_DC0077DE6E39,0.1855490050850419
CC_DC23159A1F99,0.07425844497692252
CC_DC2458827FD8,0.21235391454052424
CC_DC2BE35D58AC,0.21761822435932554
CC_DC49C8D3F7EC,0.568126218602174
CC_DC5DE66826E9,0.10799939330678628
CC_DC6063FC6464,0.07151686297850587
CC_DC771AE1B4BA,0.687031817176307
CC_DC7DEBC30E17,0.43122790679695333
CC_DC978F3A711F,0.6825016573629251
CC_DCA2140C7BC4,0.1876594366520692
CC_DCA5CE7C9DC3,0.20258423459753874
CC_DCB5798049B2,0.12359736432854712
CC_DCD10C95C942,0.514009683317985
CC_DCD145E8E729,0.29850055927666136
CC_DCE0BFC03B86,0.053770933611886056
CC_DCE75AE2FB52,0.056129687707005285
CC_DCFCEEF21BA7,0.36473510995456515
CC_DD12A8C462FA,0.06703924018752541
CC_DD14867350AC,0.15735776625947814
CC_DD232BC8881D,0.2099798923239149
CC_DD2473D34D68,0.2035338688415415
CC_DD2B5C4CD318,0.057544034855382876
CC_DD4EC06C3A92,0.23177789457656187
CC_DD5299DA8C1C,0.08439983918251737
CC_DD59BFF18ABC,0.14755040072555023
CC_DD6777E1B05C,0.04724287819541133
CC_DD6EE1501B89,0.10032989685801973
CC_DD78B52AE022,0.13291005502769496
CC_DD7983A07B43,0.7035519844043604
CC_DD80B5CC495F,0.1089694525056327
CC_DD8956B71825,0.6530342791493002
CC_DD8D40E7E2A9,0.08791683369650674
CC_DD9972D0B63E,0.11704930697426601
CC_DDAE70634ED3,0.09245812434886048
CC_DDB4A9FF2B03,0.08686695708678903
CC_DDB68302DA2A,0.17298094910276007
CC_DDB9DEC9C037,0.07088600063666711
CC_DDC610D2B2F0,0.06318469743390752
CC_DDCAEC6BD9F0,0.2018806658762959
CC_DDDF665EBD93,0.2836201818707109
CC_DDE66EBF2157,0.06632983798726713
CC_DDE8B7E9C7F4,0.32314207878097184
CC_DE019FC36D28,0.36430005746071314
CC_DE07076B04D5,0.12021874130687153
CC_DE07AECD2361,0.04006030924970707
CC_DE08A4514010,0.5530645151316159
CC_DE093FAC5293,0.5304394447794097
CC_DE17BC1C2324,0.07321258902797059
CC_DE1B13B3E504,0.039409035972646084
CC_DE4264861B73,0.09400289446638865
CC_DE4810B88C51,0.2959134097100335
CC_DE4EE8A16896,0.12852456836591122
CC_DE523A2403BB,0.08217204381112662
CC_DE52860CFBBE,0.16379463737188102
CC_DE593193FB9C,0.15832397010491622
CC_DE5A9B499ED4,0.08163009722099854
CC_DE6AFFA63ABD,0.07868387996842315
CC_DE7CEC14CCD5,0.6775068029768433
CC_DE7D7B5BBB14,0.6347551449487697
CC_DE81AAB7BF48,0.05129755639250735
CC_DE8956D433E2,0.6561191388801935
CC_DE8FB8D1CB71,0.3195388580647433
CC_DE90D07B269D,0.20364214568820602
CC_DE9A62529780,0.1386706770550962
CC_DEA425EA8441,0.09332893987033564
CC_DEBE01582EFF,0.20317807818898795
CC_DEBFD4E79A38,0.04162242780324811
CC_DEC97F13CB8C,0.20627775032418275
CC_DECF1507C86D,0.17235053199267383
CC_DED24C8D047A,0.10781278963561963
CC_DEF4AEBD31C8,0.22495063698781165
CC_DF062F698349,0.11043356322124277
CC_DF13D5CB626A,0.1169948887766168
CC_DF15C526CDC5,0.04640052680630695
CC_DF1F6C68F7D2,0.14674198636121005
CC_DF3EB88F509B,0.12501769765667772
CC_DF4E332C886F,0.037270493400126656
CC_DF514171DC30,0.15913482027191134
CC_DF536CEAE5C0,0.0516954889641454
CC_DF5806CC2CFF,0.12959287096291772
CC_DF715690EF20,0.2026449865021273
CC_DF718A37AF15,0.08929233990266167
CC_DF7276DD74AA,0.10923756600664035
CC_DF750B2D6872,0.3266085200821399
CC_DF9FB6670627,0.06558358838594103
CC_DFA65A0125D9,0.047739771286362254
CC_DFAE355359B8,0.2020507217388728
CC_DFEA562F7BCF,0.2938763908285682
CC_DFEDAF0F0D6E,0.040333235703400784
CC_DFF6F74C64B5,0.6591101218982713
CC_DFF87DF16763,0.13577997115681179
CC_E00D8ECE9FA9,0.15265192515069775
CC_E027E36615C0,0.5063634532727421
CC_E02E23CE49A8,0.07351698996648022
CC_E030B3AEBF19,0.1424101232089691
CC_E031A4C862C1,0.1506575647428538
CC_E0339B331F4F,0.08700146329758131
CC_E038981B2FEE,0.13518118566223944
CC_E0463868968B,0.1685218595044728
CC_E05A8621B581,0.3217809246034249
CC_E07FB0312232,0.14925528667541874
CC_E088594E0624,0.1984535798694049
CC_E09AC3B1E534,0.10207435307789692
CC_E0AC29AFCF97,0.1647697042232713
CC_E0BAC6E0D0DA,0.07510009573608026
CC_E0DDDA07F0A1,0.14374212279753093
CC_E0DF45AB72B6,0.18590641362113355
CC_E0E1F8E7379E,0.09449444758681264
CC_E0EF095444A5,0.15810258050212816
CC_E102E4F7F8B4,0.2507925620461161
CC_E109B4CA6A8D,0.13558674693230593
CC_E11470A2D92C,0.4082775618251109
CC_E117B8A6ADC6,0.034862336460708555
CC_E128015073F3,0.08779408750708423
CC_E131D5EB9237,0.19665713321964584
CC_E14A24095E9F,0.14383945522440944
CC_E14CADF89123,0.48909875735625613
CC_E16876025011,0.050984821729096325
CC_E16C71C15D04,0.7329102452146684
CC_E16F1BB83653,0.053075958017418975
CC_E17448FB08EF,0.5424472374146669
CC_E17AAACEB07D,0.07615087653071617
CC_E1875522DC57,0.15599617057228635
CC_E18A0734641A,0.10546647159964605
CC_E18A22453843,0.07902729375662321
CC_E1B4E3360C0F,0.16975741661179755
CC_E1B5AE645169,0.0519048448548743
CC_E1B71F6B7DD2,0.26314095871366355
CC_E1D073F693A2,0.269528502971704
CC_E1EA83C31C66,0.10799197518913319
CC_E1ECAE226485,0.24625088627403502
CC_E1F0C5076481,0.07683944703733561
CC_E1F78CE289D8,0.052223353917042865
CC_E1FBCECE0A54,0.22512754225293707
CC_E1FD46CA26D5,0.09059497096625141
CC_E20E7C7164A6,0.7594128822656916
CC_E211E2698C14,0.03705620433478009
CC_E21B4F587C45,0.1495434939871593
CC_E22A278A1386,0.058692464029430506
CC_E24078C03B7C,0.14790969334895446
CC_E2452737F950,0.13776075269002452
CC_E246119AA09C,0.6263014742660792
CC_E246942C7310,0.07443542109896696
CC_E2474A334F3D,0.09375055129002245
CC_E2489637D0E8,0.14428423875811555
CC_E2521AF9C2A2,0.07905853951674224
CC_E253F4AC4762,0.597859885650154
CC_E257805D0F0A,0.2133526944556929
CC_E25A924EDB70,0.0902140336485995
CC_E25B5D5502AD,0.09935103149121195
CC_E2619E24BEDD,0.6923654201626404
CC_E274DAF3C064,0.07410950656571717
CC_E2787CBDFBF1,0.14408042915884292
CC_E28AE2E68BB7,0.7289439664120576
CC_E2C3E272D059,0.26707086871292884
CC_E2D653061523,0.44512168825182385
CC_E2ECDC7D23EE,0.1289623285335349
CC_E2F0E725C3AB,0.05370976981528348
CC_E2F7712CD056,0.20124190198164763
CC_E2FD7FCF0AD5,0.7933339177108629
CC_E308C7DFB2F2,0.12734245236347722
CC_E30B791D5F11,0.21686777862632967
CC_E315F7A94400,0.3484502154789867
CC_E31DAB1E73F5,0.058147379153949234
CC_E32034C97E83,0.2489258186619579
CC_E32DBED5EAC1,0.2473757622550694
CC_E32DDDDEE3CB,0.19492178380993705
CC_E343EC3EB052,0.6560005402412662
CC_E34A04E78D60,0.17410419256740556
CC_E3503B565AD0,0.23882603731020247
CC_E356B05ADD56,0.19922082318069642
CC_E35D02BE6780,0.031200617895086297
CC_E369AAECB2B1,0.4902221404270481
CC_E36ACDB4F96F,0.48110421166880746
CC_E36C7F0E1657,0.8422834265120053
CC_E381FD4674D5,0.03796933902434249
CC_E38E3835121E,0.049562775036590415
CC_E3A70438A0C1,0.2411690189035707
CC_E3B5C76189F3,0.2381378622526049
CC_E3B7B7E57889,0.1640989452606359
CC_E3CCC0D886D9,0.17329037230722608
CC_E3DD8AD10171,0.2887478003525062
CC_E3E230CF20A1,0.184309574962928
CC_E3E4B2543CCB,0.060437436360853095
CC_E3E5DF01E014,0.16423035845291675
CC_E3EB157288A2,0.09256076508334514
CC_E3FBDA203EDF,0.16742161208994505
CC_E404FCA6CB2B,0.7006394913931705
CC_E4054F9C8442,0.30756401083757406
CC_E405D808772F,0.04324163626045045
CC_E4137B250609,0.3774454272877907
CC_E41482A7E968,0.07012887078034982
CC_E421FA1874F4,0.096581030992807
CC_E42C38BBBD04,0.2018445129991791
CC_E42D90BFB285,0.048102091975797893
CC_E42EFC05C891,0.06796808423661184
CC_E430F3C75969,0.127367905745682
CC_E4576D6B6478,0.09894848638922953
CC_E46B27A13728,0.4015699651938988
CC_E4783FB590D4,0.17653927550120746
CC_E489009C6500,0.16164636778838704
CC_E493CB46177D,0.08974991056357233
CC_E496AFA9B40A,0.30392581911980254
CC_E4A2FFE0EE1F,0.10579720077894605
CC_E4C553538385,0.3319870543351511
CC_E4C7B5501ED1,0.14246219046970585
CC_E4C8A5A60F51,0.15489148311585632
CC_E4C94AB69214,0.4114775564652933
CC_E4D75244E8B8,0.17093117029395388
CC_E4D9A8EEDBAE,0.19332792431545942
CC_E4DF787730AA,0.13564541249715145
CC_E4E0DC070132,0.16566580553329202
CC_E4E3C08B7F86,0.050855503011200454
CC_E4FEEB4389C9,0.32293084429134333
CC_E50598344DD9,0.3762612713179554
CC_E50C634A9A18,0.03888270273255361
CC_E5107337FDD7,0.0668702912925485
CC_E511BFCFEC9E,0.6784574069918414
CC_E51318749E09,0.135715317153853
CC_E53FE6708AD9,0.6632149047937577
CC_E54290FEA34D,0.09723742310171517
CC_E54B723C018B,0.045775601205308616
CC_E554618F383B,0.09162726278917745
CC_E557336955A2,0.10650557639716678
CC_E55B48E73651,0.25017551974404906
CC_E55D8DC645B9,0.053718814793633766
CC_E575DA02C575,0.21742397306791625
CC_E576BD98A727,0.1717012158302673
CC_E578DC77656B,0.133890193000705
CC_E57F3EAFD9A3,0.12463957993440886
CC_E59A01603B7D,0.25959290270680707
CC_E59B2D974CB3,0.20727596007911453
CC_E5A1C44F0F07,0.6726780008932958
CC_E5A8BDF6BFC1,0.17013114604425658
CC_E5B284DA0E5D,0.09019375264826324
CC_E5B8363BB378,0.5894197931793101
CC_E5D8BFFA5F88,0.05593637777818619
CC_E5DA04902EFD,0.27556365374271574
CC_E5F53CFC20EC,0.0712961963135347
CC_E5FAECE63C59,0.476662726608316
CC_E5FB6E872C58,0.0827822663192822
CC_E6045565E7ED,0.08182856819781044
CC_E60845ADC7F1,0.04252165733325033
CC_E61567D6B392,0.09857076666042912
CC_E62174AFA94C,0.1666520671170149
CC_E6247DD14641,0.08674207698969683
CC_E6289A61F0ED,0.10496293424362181
CC_E62E32FB6FBB,0.03231920715001151
CC_E62F6BE942DC,0.21546115754422118
CC_E63E49B128AE,0.07657884222657318
CC_E63F89885A3E,0.7946433965664624
CC_E6466E6A92CB,0.22856824829516378
CC_E64BC95F8B2A,0.8341275147010898
CC_E64C652BBAB2,0.0678997561028097
CC_E659DB355476,0.19749149082036402
CC_E65C8BA5A7CE,0.062395951672470654
CC_E65F39446752,0.32930674315361796
CC_E67395791589,0.19697955714629667
CC_E67622A69EEF,0.0770914858184687
CC_E680830CAEF3,0.06381237992344543
CC_E6823643AC4C,0.6867418498612522
CC_E683F33931BB,0.11338264779682865
CC_E68841DEB163,0.08097262796651654
CC_E68B2C33D180,0.12904021539363272
CC_E68EE6EC2618,0.05168669661910654
CC_E69508D3D3F1,0.18839089148793986
CC_E698F1348426,0.2210814897373557
CC_E6A178F3709D,0.12112503714087024
CC_E6A4B6E8619C,0.6748470299410011
CC_E6B3887C66BB,0.2951348860162702
CC_E6B6BBBDBEDB,0.3246146914711949
CC_E6DBD0F9DC3B,0.06572417574452592
CC_E6F090F70DDD,0.2644467402074695
CC_E6F2D8CB45C6,0.08636271424111618
CC_E6F8FBEDA2A7,0.07481454303033283
CC_E70854CDFE9C,0.05807728627313798
CC_E71C05F07F85,0.061340791154569446
CC_E72797CABC60,0.08844713817155928
CC_E727C1153226,0.09543339041804944
CC_E73489D828C7,0.12195490572373022
CC_E7355465CE6A,0.07233290881311967
CC_E73CDBC743FF,0.22346877006941596
CC_E74F00E75A4F,0.06218131542645068
CC_E751F7E19192,0.14109511626383536
CC_E7522AD6431A,0.5563159245608658
CC_E7523630D2D9,0.2718094069781101
CC_E767372DD95A,0.6559125119040508
CC_E76C5DFD3BA6,0.23788477591280502
CC_E77326438575,0.19295815746329645
CC_E77E29E11EB1,0.15248161545175407
CC_E78F20B3223F,0.7004928370764861
CC_E79A23E64518,0.09045532329611038
CC_E7AC69AEA182,0.6999552388658213
CC_E7B754CA9668,0.05630415932665091
CC_E7BA60365AE8,0.1472066616586685
CC_E7C95D4A741C,0.07013085395180015
CC_E7D3D728EC5B,0.1641628239611201
CC_E7E4D5F851D3,0.06410437586580763
CC_E7EA49D37B64,0.3626759376185792
CC_E7EF11A24F73,0.7787061956464394
CC_E7F6F9A7EC65,0.0745021222687674
CC_E7FBC7F69DBB,0.19752979204132629
CC_E80B1A55A74D,0.16850091036462989
CC_E824AB0AFDBB,0.20757641382296516
CC_E826DAC92D9D,0.22204521375588318
CC_E83AB7100D06,0.1269337290347401
CC_E83E6D31EC76,0.2512612249971481
CC_E86650461FBE,0.18065104056618161
CC_E868A3754B11,0.848706859743197
CC_E86A993F7D05,0.0910933002467374
CC_E87992FBEE80,0.6716981697043474
CC_E87B909C4DDD,0.24935748057963414
CC_E8828BA7EE08,0.14613541616923048
CC_E886157F6FBD,0.3070747491520966
CC_E88711C5C98E,0.10834036443188233
CC_E887680BB6CC,0.17581474502631028
CC_E8909BF77D8D,0.1212680021672287
CC_E8A82DA3A246,0.1522225449901361
CC_E8AC7545DBD3,0.0749949773628089
CC_E8BA6B224C3E,0.1012025909172597
CC_E8C6CA45BF72,0.2113009133496039
CC_E8D2E3126A8F,0.6839809192365123
CC_E8E55DAC4FF9,0.06124668353047239
CC_E8EB77AF3F78,0.8060640206982025
CC_E8F2C6905503,0.3884856233680674
CC_E90831F897A9,0.17527916247914976
CC_E90B14D51185,0.548028507544897
CC_E9188329C9E7,0.07347449245600944
CC_E91E1C0C0C61,0.6444637115973713
CC_E91E9D34C5F3,0.11988851675801038
CC_E91F555DBA96,0.14562330977359503
CC_E932CFF4B4A4,0.2154122985757865
CC_E93643CB34CA,0.17502352929839685
CC_E937CA493910,0.16185317124713003
CC_E9409A50B4BF,0.5191149616305687
CC_E96711AD5512,0.05737509499726111
CC_E96A3E6912B4,0.49218934355129634
CC_E98AEE74B9BC,0.23644580947949687
CC_E992FB78BC2D,0.2697242121102094
CC_E9A3AECEE3A9,0.0746288300604674
CC_E9BDA7766728,0.3240955799016773
CC_E9BF1AFE86C3,0.18107619247906948
CC_E9CA055AD1A3,0.10702904685812537
CC_E9CA0A56E917,0.18226747210050095
CC_E9D3453F53AC,0.6133955484765564
CC_E9D46EFFA839,0.19420124403684763
CC_E9ED872B6037,0.0451824011702645
CC_E9F40C1B559E,0.12281584887861957
CC_EA06928C0AA9,0.2610755145015884
CC_EA0A46F64C80,0.14255470688819558
CC_EA114B15FC04,0.5810649634602497
CC_EA1F3F67BA2E,0.09024506167258262
CC_EA21618614D1,0.6835325902912038
CC_EA26B5A89181,0.22107715179530857
CC_EA26C6C27662,0.14511760604385598
CC_EA3B5AC76649,0.1998160148790643
CC_EA4E669C8528,0.08196988208582398
CC_EA6917E7A5C2,0.7105781006178179
CC_EA8A25862433,0.1225245826505445
CC_EA901D7CA670,0.1532768237802448
CC_EAA2BCE323EE,0.7232971771360255
CC_EAA6D5189190,0.105206923469784
CC_EAAA8DD7FAAF,0.14733976140254923
CC_EAB7408CCE0E,0.29648087338009727
CC_EABEDB3C4827,0.14811170178988434
CC_EAC6D83D1BFC,0.03993176709672957
CC_EAD7F3E9DAD1,0.05998521045291435
CC_EADC7D8196C2,0.24839683079428299
CC_EAE608E24E29,0.03980881162871995
CC_EB05AD2C7C27,0.04706753740898237
CC_EB1DA337E2D1,0.13429669762639615
CC_EB1F425EC937,0.12422908058003417
CC_EB2FE764BF6D,0.12540121425379444
CC_EB55483587DE,0.11903351122007472
CC_EB569B3E2E12,0.6150753851541039
CC_EB57E6E6C96C,0.20541392165229655
CC_EB5A0FE0605C,0.09948242329288089
CC_EB64EC97D01D,0.13981853186426568
CC_EB691249B91A,0.15140090732798941
CC_EB7C50A7D4C1,0.5269831981544325
CC_EB7C52FDBEC3,0.1522112267123811
CC_EB86FED24535,0.25068671862121705
CC_EB89DECC2021,0.09449118455585744
CC_EB999F9D6095,0.20680842334894683
CC_EBA2F85924CE,0.06910047578825249
CC_EBAC5A53FD11,0.0837320436708721
CC_EBB109EF7619,0.15319374599443358
CC_EBBD00C18763,0.06560241946461778
CC_EBCA68C7854D,0.06256394337350797
CC_EBCBDE122879,0.13217114610682168
CC_EBDF6C88BBA5,0.05754432449748152
CC_EBEDAC91ED43,0.08713073701614403
CC_EBEEC4183FDE,0.04798111595300339
CC_EBFD9D007253,0.4403592145091498
CC_EC1ABC58E09A,0.18085162802523558
CC_EC26EABA68DC,0.8039630518297668
CC_EC2A485A3E71,0.15405356954994578
CC_EC3B9E2FE47B,0.07682370670594983
CC_EC505F03EE5F,0.035719869348439535
CC_EC5317EC6706,0.16421894821154773
CC_EC5B7FBD1EA7,0.13125798483139783
CC_EC5C7471FFC5,0.053337569179619765
CC_EC5D92B3617B,0.22663933337530928
CC_EC5E214BFED0,0.6840586534660179
CC_EC6406527201,0.10377361004253009
CC_EC79022358C6,0.30708520900746195
CC_EC831A90189F,0.0853589416448447
CC_EC87C131FADC,0.05236910741973561
CC_EC88785D6F39,0.17245074269448207
CC_EC9173F5284E,0.04297585512098808
CC_ECB7B3B6272E,0.06024907766191097
CC_ECBF4CED56D1,0.11590214075356331
CC_ECBF80B94EAE,0.8061582239546317
CC_ECC78B7AE3F1,0.5540327946721134
CC_ECC7E9E691F5,0.15008473262125294
CC_ECC9235F612E,0.2548618973737282
CC_ECCB0BD557DC,0.15388673401895467
CC_ECCCB1B4EA8F,0.0805317187871723
CC_ECDDF4983DD9,0.051574841450692036
CC_ECEE93C4F564,0.5627636880363396
CC_ED07BD8B2CB3,0.05206077788952942
CC_ED0F4A02A01C,0.28958490556143773
CC_ED11D72A1D3B,0.06338805823164621
CC_ED165FC5A06F,0.05274144072611598
CC_ED2B6A40ABC7,0.2804437484722304
CC_ED390F22A931,0.08433576071837019
CC_ED40E7CE5177,0.19704098149093643
CC_ED4E4B13DB1A,0.03869687483179002
CC_ED4F22572419,0.1301804076535828
CC_ED5AE5CB1DC5,0.07717726497993815
CC_ED6090A4E6E4,0.20194405300061147
CC_ED645D91E6A5,0.11824895719862137
CC_ED6B045B6075,0.15815841456928387
CC_ED9313C71C57,0.151940675129333
CC_ED9BCE7C776F,0.7597072261657025
CC_ED9D4644716C,0.17350048104292562
CC_EDA794402358,0.22790206802751803
CC_EDAADACD4DED,0.11084333406938847
CC_EDBAD2E989FB,0.1261485110532674
CC_EDC98B474E76,0.3039325443080684
CC_EDD1FD49A66A,0.7776678521598531
CC_EDD448008C0C,0.70275846596656
CC_EDDA3B790095,0.06759172461410301
CC_EDF95BF0E3D6,0.19735926599441722
CC_EE03D7C2BC69,0.06570552446656917
CC_EE0D95184E81,0.055286436413298605
CC_EE0FF690C214,0.4468853486874808
CC_EE2412C352D5,0.07600996552530746
CC_EE2A010019CF,0.0714424950140306
CC_EE2AC730827E,0.059966186005058535
CC_EE3236E6A9FD,0.1201451310703267
CC_EE3759EA49FF,0.15520717584033514
CC_EE38C78AD88B,0.3413267604189856
CC_EE3CE0FD6B77,0.6019378335785804
CC_EE6B7E58FC63,0.04302046497642219
CC_EE6E02464067,0.25964992889291155
CC_EE6E1FA7A753,0.1377613452750841
CC_EE6FCE6C233A,0.21232754745089655
CC_EE88C07B9333,0.09870801690750426
CC_EE9004165810,0.06796776408387466
CC_EE9BD17AD343,0.05403388473525794
CC_EEA608D5A455,0.14264760568471488
CC_EEAFDB1BB486,0.5590510613324469
CC_EEB482736C41,0.20647682699730274
CC_EEBD9DA093E1,0.049391412093892105
CC_EEF23DDD2262,0.11996303207756866
CC_EEFBDC9AD94A,0.07497675220208959
CC_EF05000895F4,0.48406639698891735
CC_EF16B2CE0988,0.37785058868817184
CC_EF1DD3F0CBDF,0.061746994629618364
CC_EF2D82085BB9,0.08785137452115092
CC_EF2DBE79D656,0.2514999679276862
CC_EF3000C48A4C,0.07167503528725518
CC_EF359AF608EA,0.043106750828319856
CC_EF362432D758,0.3312120490476461
CC_EF548B30F1B6,0.23496101624109186
CC_EF5B403DFD7E,0.10523779178455298
CC_EF66DA0DDF9C,0.2934467211349382
CC_EF70BA4AEEC4,0.15507895068897018
CC_EF83DD56FCC5,0.06185355532871589
CC_EF8B642A6F8D,0.07658226473563205
CC_EFA1EB27DA19,0.042708543890778744
CC_EFAE84EA9BDE,0.09481373803180446
CC_EFB26BEA106E,0.34651326788143677
CC_EFBB51CD8502,0.19589030399342422
CC_EFC18E9B3B55,0.12591965450243656
CC_EFC4B0020E2D,0.11405645110697761
CC_EFC9FA5108D9,0.13779637769742403
CC_EFE45D9B9D9C,0.048968186492582104
CC_EFF27FA98DF1,0.05720731578731337
CC_F000DA497736,0.23596921024260054
CC_F00107DE219E,0.6508427433890632
CC_F009FC54A64B,0.7755391811316956
CC_F01DF28C6BFF,0.08964989959356331
CC_F037C91F63BF,0.1272738752446859
CC_F03FADA95A03,0.7273636872971317
CC_F05235F3C894,0.13717575348070463
CC_F0649FEBFEB8,0.5383588573243548
CC_F066C78B5C0D,0.13696851565497237
CC_F07313626618,0.6621247468979007
CC_F0783F6A56F5,0.79394266244304
CC_F0791523691A,0.1554941619601375
CC_F080750455CE,0.05467025279654117
CC_F0809EBB0B51,0.03370025350128031
CC_F08259F86E23,0.18988495231046276
CC_F0929F859702,0.17878691125816407
CC_F0A7203CCA39,0.13622815039833028
CC_F0CD4DD9C63C,0.1769031847188593
CC_F0D29AD328E5,0.1563510371513111
CC_F0D339E5B80C,0.059973387099620586
CC_F0D3BC14FA77,0.0765452106771216
CC_F0E16D28D49D,0.17662303957243058
CC_F0EBE2C00A7B,0.07428500470024076
CC_F0F137758DC2,0.057961190436476864
CC_F0F6BD40CA43,0.3635718690755624
CC_F0F6FCF6010F,0.1631732954405731
CC_F0FBC9D4ECA1,0.03480511337309522
CC_F0FEE924096C,0.2038135647798302
CC_F1074E035DE6,0.05460120978269727
CC_F108D26930FF,0.3745769065709054
CC_F10DB853B9DF,0.4030513225882045
CC_F10E06D52D76,0.1427862767211716
CC_F11F5F477B91,0.6965889116090564
CC_F14913B5BE1B,0.745356088923768
CC_F156C1647E3D,0.07594360182354444
CC_F1598097E314,0.6817707381115459
CC_F1641E3AAB3C,0.051737694550791705
CC_F166878FB959,0.058510760927821426
CC_F17540FE7C9F,0.10503725333497127
CC_F175BB08B29E,0.057231202225050404
CC_F1782AF286D0,0.38591713394863925
CC_F1796AD4B774,0.5685159634717972
CC_F17B3A3A5E56,0.6298999758250655
CC_F1858D6F0080,0.1828024456076132
CC_F18689FA8E29,0.07221924495418063
CC_F18A82B0F153,0.14117558797999893
CC_F1AE7142A128,0.10706261738872243
CC_F1B43DD57C9C,0.1144818446447705
CC_F1BCB7676492,0.08624178161767006
CC_F1C8B8BB90AE,0.13604407145145653
CC_F1E044CD2D75,0.2496899258292667
CC_F1FCB96B5E14,0.23057062332254585
CC_F2067E92A939,0.13501074932810828
CC_F21512554CC9,0.07808370325253397
CC_F243956B7575,0.08733356606136204
CC_F24FBC9FD3F7,0.37256006344930576
CC_F252EB3F208B,0.06579866366497608
CC_F25D793346CA,0.37487205512612515
CC_F25EB1ED5AD9,0.06085935352351514
CC_F265A0AE845F,0.6662455438387849
CC_F274BB4AEBE0,0.07893476582079863
CC_F28BF2185131,0.10642377590761126
CC_F29077E45AF0,0.20499728507960208
CC_F2988560CAB8,0.361559138026363
CC_F2993AB36C56,0.08039914308563066
CC_F29D6C65779E,0.0596318811799894
CC_F2D2BADD0000,0.06353534053765676
CC_F2E4AEB73D57,0.13572635579949124
CC_F2E630BAF431,0.04811458358385539
CC_F2EFCB40AE74,0.15649178271704758
CC_F2F085891915,0.7124145890684855
CC_F3030E2C80A0,0.1929049701625795
CC_F3044C7C16BB,0.05958023519838668
CC_F30B21CB4603,0.09360013451949384
CC_F3140FCE870A,0.07942584297163814
CC_F32A84B321FC,0.18464950123485108
CC_F339FF584607,0.27548760163546504
CC_F33CEE0F6DBE,0.4589431919609415
CC_F33DAF3E9CF0,0.13200860150957724
CC_F34EC3FF202F,0.07794064977089642
CC_F35A6C383B39,0.2105267513072109
CC_F360E0FF27CA,0.07929104264631297
CC_F36B7AEC0086,0.09864593866764383
CC_F370665BECB8,0.5633584485807285
CC_F373A60E53E8,0.03926652412025672
CC_F373BDAE18B2,0.07502414403535741
CC_F3745BC63340,0.06722448021865725
CC_F37DC9169301,0.18109254583649115
CC_F394E57C5243,0.2308052791726295
CC_F39E98FD418D,0.08433473246606561
CC_F39F51452381,0.04565697035280032
CC_F3A52465664E,0.05936267642649948
CC_F3A8CF761A0F,0.20948275298227825
CC_F3BF1709E29A,0.39162655012254904
CC_F3BF72C29211,0.06038007726975143
CC_F3CF35465CF1,0.051318745619614144
CC_F3E2186DBD4F,0.2956609315087634
CC_F3F0F9B9B56E,0.16920996103665453
CC_F3F185395BE1,0.11934032699853828
CC_F3F68E6599E7,0.0727536827160139
CC_F3F7763C9DFE,0.19036647385112393
CC_F3FFF13592CE,0.06206222419085357
CC_F410C3CE89E1,0.16290338585702574
CC_F410C8B811FE,0.059633219213552
CC_F4132072D78E,0.12058920257779783
CC_F4157B8E5B32,0.5723713871055764
CC_F41CF067E828,0.11866438470772535
CC_F41DC456E539,0.044290516253604126
CC_F41EEF55A0EC,0.046689671823882596
CC_F426B5C1F07D,0.33642338320059706
CC_F437875F9000,0.19293126533172164
CC_F43C961F8A30,0.13473988394903522
CC_F43D9BF23472,0.06350701866929855
CC_F444BE033109,0.13604630843738763
CC_F4481124F17A,0.15165352627145334
CC_F44EAAF80F70,0.10926577064259922
CC_F4521F6D3492,0.5420945077547399
CC_F46BD9AB1B68,0.13084895341035174
CC_F4763AA0B824,0.5442500210145774
CC_F47976F33E20,0.2050382991678795
CC_F47E588D4470,0.20415096298348195
CC_F4A2777912C2,0.11196006139037709
CC_F4A6C2B23685,0.062373171684316685
CC_F4B3EAEEEA8B,0.03792785615352081
CC_F4C6CD1E720C,0.07039743605811717
CC_F4D05DA98C83,0.059669073453743324
CC_F4D15889CDE0,0.14937019828697135
CC_F4DEC1E6173D,0.04464858248539371
CC_F4EFAD6AF8BD,0.2631521553385784
CC_F4F7835A1FA2,0.19298244542884208
CC_F500597795FB,0.12324787421291687
CC_F5197FA9580F,0.7019908666348259
CC_F5240F59146F,0.08491817855929674
CC_F534A0B87C3B,0.17625753767651556
CC_F536972BFE98,0.1384463105482544
CC_F54FDFE5A5C8,0.08156787543413582
CC_F55727F65F86,0.19477849311056933
CC_F558EBDCDD6D,0.1313472015600858
CC_F56D569AC51F,0.10374040913404681
CC_F5714D180EE1,0.09142920855519751
CC_F576ED9554AD,0.39337627230772526
CC_F57C2559358E,0.19568782591987208
CC_F5AA72FC0972,0.09987831908105847
CC_F5AE7DEA2B48,0.0724535105158519
CC_F5C6A5E9D495,0.18363700179150505
CC_F5E0731F2181,0.2546279508945814
CC_F5F4F3B03FE8,0.7803921282767734
CC_F604D7B9CBD9,0.18062567040492197
CC_F60F13391D61,0.15897312038670125
CC_F618D72DF162,0.06911186869035885
CC_F620B15ACC5D,0.07726957960406196
CC_F62D426D6614,0.11924692265827339
CC_F634999D5C1D,0.03239305129557016
CC_F636E5BAEE47,0.1406369514510639
CC_F6461B692240,0.733319742001317
CC_F65BAD63AED0,0.22555517633476146
CC_F65DD2AC57E8,0.28154124866764296
CC_F66C6577674C,0.054660096900715056
CC_F670896FE959,0.18574176438710166
CC_F67376F272EA,0.7151880318877443
CC_F67FFE9E884E,0.21398565526314467
CC_F683C99F06C1,0.13228501960642894
CC_F68523E2CE7A,0.7375416492982365
CC_F68E62F9AA0F,0.03706681125460162
CC_F69604E05962,0.08174078816347888
CC_F6B8913740B3,0.1013512152058919
CC_F6BB4952DD35,0.30418824542797507
CC_F6C0B7AC57B5,0.5848427254602785
CC_F6D2B06E6E8B,0.5869238838533564
CC_F6EB30A84C9F,0.2818784565387495
CC_F70345A4792A,0.10170103567236927
CC_F7068C1F77B3,0.2926053917903357
CC_F70B0EA8C0E7,0.05612812909067527
CC_F71CC97FCE83,0.09180260906418687
CC_F722224A84F4,0.716926263738628
CC_F72D1046063A,0.2978647746331427
CC_F72DAB32A281,0.0582455964105171
CC_F733AA5C0ED9,0.06954947711628234
CC_F74043C1BBEB,0.053551197565613634
CC_F74A31E36137,0.060514818087379414
CC_F756B167634F,0.16511557663583493
CC_F75CBE8E1B92,0.4313174202757933
CC_F761F7EEAD39,0.13472636340894598
CC_F79303D62FCD,0.06325435216276248
CC_F795134B52E6,0.6705527906065816
CC_F79533E83ECA,0.07358830530972346
CC_F79F9A7ED432,0.7308633177996589
CC_F7B2FC73E020,0.042773862034701945
CC_F7CF24594B20,0.08106942712995255
CC_F7D31937AA89,0.04499715583954077
CC_F7EFD378035D,0.4010409407717802
CC_F8014B1E00D6,0.04601248817548078
CC_F80ADE95A7C8,0.06281054379867386
CC_F82E58E476A9,0.10358497728214117
CC_F82EB123CC19,0.24019144648863197
CC_F83088660331,0.0905104403772928
CC_F83C6DF6A815,0.5342224426957148
CC_F8620C4F7581,0.15756613627241986
CC_F869F4DA5077,0.7905111275409425
CC_F86B1C53EAF4,0.2088554688303352
CC_F87B7F26FF51,0.23273906293336746
CC_F8803D1C899B,0.061750693775565794
CC_F892E51AC9DD,0.055405117228866395
CC_F89C185743F0,0.1043346491814995
CC_F8A4D45C3769,0.07573140078291354
CC_F8AD68EA5A16,0.208339864781558
CC_F8B4DBD0CE8A,0.34785124850229054
CC_F8F3E551F166,0.2777364865071963
CC_F8F9FE2C9B65,0.27488365512980106
CC_F912A50D0DD1,0.17000306793594747
CC_F91B7C2B1AFD,0.08948099880870936
CC_F925251D4BF0,0.3992684321446537
CC_F925ADD60E7B,0.04836997216092268
CC_F9282C144479,0.05149591985744145
CC_F92EE3287CC8,0.08930620634948136
CC_F93332608FE1,0.14565695958303052
CC_F94070DE3B81,0.05765649251085747
CC_F94C81428D20,0.1831137080861074
CC_F95DFFDA9B12,0.4251634408913217
CC_F96A53B02447,0.5840841152874836
CC_F96A965CDCB0,0.6428163530144241
CC_F9721FEDBE9E,0.20948962506391697
CC_F97C3E145882,0.2611946476978768
CC_F97C64C64052,0.07568480619364688
CC_F98660A07E6A,0.7973973376926733
CC_F98BA4B13724,0.07984845478167416
CC_F9A3F3A76B1A,0.10712479678028991
CC_F9A8E2B3A703,0.13535533293840873
CC_F9B3E7E7F2A9,0.4338264340646098
CC_F9D7D0B1E4A8,0.7039525028750492
CC_F9EDA4EDDD44,0.05197422422424512
CC_F9F2176B12FE,0.04687953528826406
CC_F9F90E76CA5B,0.104299981754858
CC_FA0157249C01,0.10341821314146331
CC_FA169BCA835F,0.09736084146882172
CC_FA19B61BCABB,0.13442269061206366
CC_FA1DD203C293,0.2679260317269619
CC_FA2E30269BC1,0.20009975248112183
CC_FA304CE8E045,0.19699663043203253
CC_FA310759A257,0.6721890940246089
CC_FA32397E7B8C,0.07825399126517091
CC_FA33D97B84D4,0.10206090472654701
CC_FA38991B9434,0.039291538805471864
CC_FA4079FFF1E5,0.24640167441485528
CC_FA716665CD8F,0.08395782726202307
CC_FA770268B207,0.14766264943054133
CC_FA7A2F59245B,0.4419257646222428
CC_FA8205104EBF,0.12013483330319819
CC_FA8370AF8740,0.052603233815603376
CC_FA858F1025FF,0.10968898793683703
CC_FA86320CF6B0,0.05022382270536227
CC_FA8B341CD3EA,0.17760470634561665
CC_FA9057AAF95B,0.10432535685404198
CC_FA97314C666C,0.05266135359855421
CC_FA974C1D91AD,0.37015294202501814
CC_FAA0E5BC9F44,0.7074277018725875
CC_FAA2694D8578,0.27672538909358674
CC_FAAFFC74BC35,0.6877761013742304
CC_FABA6DCF8E45,0.041037011718382685
CC_FABC53294AC1,0.15741622661827326
CC_FAC52B8E66DA,0.08891449652882161
CC_FAD284D8DAC8,0.8480820535929431
CC_FAE70CA5999C,0.12581962901876287
CC_FAF1CCB40132,0.08194430251056443
CC_FAF93D8B3B59,0.07885058005507327
CC_FB09E5481B64,0.09310997238691189
CC_FB150A1F7C3B,0.12713535346438615
CC_FB1808471515,0.3770229654210413
CC_FB296D823CF6,0.07020024356855677
CC_FB301E1FA7FF,0.03880395290431311
CC_FB33C958A19E,0.4103000539803998
CC_FB40D63FC3D3,0.190740623259642
CC_FB45A1837AD7,0.09021369539368579
CC_FB45B79CED15,0.10385676633830063
CC_FB52260232E3,0.05575153845616581
CC_FB6A0A7B8813,0.27342626119111335
CC_FB6ED10D82D2,0.09107969716351834
CC_FB78DE84AF05,0.038208641268761584
CC_FB8DF8F93E7F,0.16478913724020253
CC_FB8F89048B89,0.07608896998905765
CC_FB9C3E77A49E,0.14495904947842814
CC_FBA40CEAEA18,0.09244293010562461
CC_FBA998938FE5,0.16997133916392032
CC_FBADBAFCD1B3,0.2614333072058513
CC_FBCB85E21ADD,0.1483484678035437
CC_FBCD00EE4402,0.14028932890945534
CC_FBD40DFBA5D5,0.2341863940737133
CC_FBDECF3DACAE,0.22937690118037557
CC_FBE4E2F652EB,0.2559572317274381
CC_FBEA9510C687,0.2049636521402336
CC_FBED1E2E1CC0,0.12394615543478775
CC_FBF54E48EB13,0.05583579799598919
CC_FC1E279EF320,0.05522776926287999
CC_FC2E1D460089,0.10048170285822461
CC_FC31CBD20CDF,0.15910737141208198
CC_FC41D8134A1C,0.08813298920470174
CC_FC44D7EF257E,0.051692372759773515
CC_FC4A649BDD07,0.2312269894311017
CC_FC51BCDBB6B2,0.12491131598330676
CC_FC57B6E79AAC,0.20209339677134042
CC_FC6AA879D9CF,0.1476007261876877
CC_FC7A926F3A64,0.6949727526916093
CC_FC83CB9C71CD,0.041976312429195715
CC_FC9E6D511294,0.14958016864791202
CC_FCA657E69930,0.3809502535076875
CC_FCB451237214,0.7774707551672035
CC_FCC7E51DF812,0.5170452240446062
CC_FCD42ECC012B,0.05451751690880246
CC_FCE8FAEAAEF1,0.11672112928189178
CC_FCFAE9BE2522,0.46877317860895446
CC_FCFDB5DFE5D4,0.09193067592431621
CC_FD24FC7961A5,0.08467983577930006
CC_FD2793DCB5EF,0.11039466344945996
CC_FD2EEF724088,0.12048324238939838
CC_FD3205367675,0.08170467169256052
CC_FD3A21CDCA7C,0.10648491373429088
CC_FD3C4C2FB68C,0.13211263620941377
CC_FD41687DC1A0,0.14710926861199866
CC_FD44B4E31EFE,0.0781728302813597
CC_FD5721556AB7,0.07427298494636862
CC_FD643C174587,0.30572561649654656
CC_FD6BFA30DD9E,0.28217494141023064
CC_FD7C9DD7F11B,0.13138063413492235
CC_FD7F2D90CF8C,0.06862191313724404
CC_FD8C4F601909,0.06012467757766861
CC_FD90B45AA24E,0.088837566317304
CC_FD95457772AB,0.0600700585136045
CC_FD9D9B58DB1A,0.20046331043274906
CC_FDA918AEB5D6,0.6286413428328278
CC_FDD4C2065540,0.3524392407467108
CC_FDE57A2C5156,0.22674278241389015
CC_FDE9920975F6,0.2411558774166168
CC_FDEC856F9C6D,0.05990528535840081
CC_FDEED2AA92A3,0.4375506871861887
CC_FDF5607ECC1B,0.05894925259129094
CC_FDFED3D7E70E,0.14207317932976227
CC_FE0324F99784,0.09383186189211788
CC_FE0A18D6570D,0.04600873263593096
CC_FE0DACAC84BC,0.24387716824384958
CC_FE16586C9FAB,0.2558454829092136
CC_FE16FBC86237,0.17798817374016007
CC_FE1C808C4515,0.072466804511381
CC_FE1E64201B9F,0.10119016094705349
CC_FE33D60E29EB,0.03785866400482117
CC_FE3ACE674BEA,0.13959031723677934
CC_FE468E9AA9D9,0.03526956934428311
CC_FE5AA923C220,0.15405611256525042
CC_FE6C777DDC19,0.0588670101646904
CC_FE6DD8C8EC90,0.2522590881575559
CC_FE7A84AAA8F7,0.11196143323459323
CC_FE7DB6B410A4,0.1145401085153443
CC_FE8691B1F3D9,0.08624844782719333
CC_FE874279A94B,0.08995866541899457
CC_FEA61499305D,0.18859060309719922
CC_FEC22B334AC5,0.14212331458788424
CC_FF045F9508F2,0.20489710308449224
CC_FF0EFF711598,0.26080596492244046
CC_FF12F53D5676,0.043420298261849136
CC_FF13D426EC1C,0.17156456743248624
CC_FF16A7C8600F,0.18757498527389732
CC_FF2236DC115C,0.42789333310177846
CC_FF2725428B6F,0.0823243734532235
CC_FF3176D91690,0.1285856964926335
CC_FF393D295D66,0.048010550696428345
CC_FF4598202C5F,0.6453760372621292
CC_FF463A4B3D04,0.2774639880164886
CC_FF4703F7664E,0.057369882277213444
CC_FF86EC3C0851,0.4793718199960571
CC_FF8A580DD831,0.16445735988949686
CC_FF8BD8697ADE,0.13470686263631282
CC_FFA681A2054A,0.04775800738277742
CC_FFB6B2D2BB2A,0.3603742688082748
CC_FFBFA27643F8,0.1459197937804865
CC_FFC81CC80F9D,0.13876747372099993
CC_FFCC9C0763D4,0.10642904773625432
CC_FFD4E33DC920,0.5441837324535922
CC_FFDE11143038,0.07322448393870076
CC_FFEF28047C4F,0.3753427080204501
