client_id,default_probability
CC_0012A082B7B7,0.12750245210911904
CC_0012BC27DFB6,0.12820162626650425
CC_001563B2143D,0.11168993792278488
CC_001B46930B6F,0.09332198103714039
CC_001D771E1C9F,0.0430745918955404
CC_0028BD91E759,0.08537319657563681
CC_0029971D7EF4,0.20556383201807651
CC_002B8C00B239,0.044459323879335357
CC_0035DFA86185,0.7441077479997213
CC_0042D11A6D0F,0.055201552914236285
CC_004D21A4ABB6,0.11927267378399657
CC_004EE05FC2EF,0.46819091286354314
CC_0050E546EDCE,0.6919310620838736
CC_005D7F31F785,0.06955137944506104
CC_0079996ED779,0.1893513959643943
CC_0082B4E1D9CE,0.05316929576533687
CC_00B01C73CEB8,0.18660009622203372
CC_00B74FFEEA53,0.20175352939605948
CC_00BF6791C18C,0.11272410882884028
CC_00C5E30B288C,0.31750023383907505
CC_00C68CE1CC12,0.3887140054579101
CC_00CC4148959F,0.1792829798371324
CC_00D428772D30,0.3405164562207765
CC_00D5806C7783,0.09416807367973672
CC_00D5C677C2AE,0.5161613083103415
CC_00DA781C4D66,0.07240430477885648
CC_00E7E2D6B548,0.19736383758313542
CC_012BC0A68DC1,0.07671250486619548
CC_014911033882,0.16273800040955358
CC_014F7EF4E595,0.6579065942736522
CC_016501B25F2B,0.05076153031420039
CC_016767D9B049,0.04744115737028539
CC_017598512EA2,0.13826783116836472
CC_01941532C804,0.19628529998582736
CC_01A66C6E22FF,0.7827352347667998
CC_01A684355200,0.1835408506565221
CC_01AC62740827,0.11260192839214227
CC_01B0EFE5DB79,0.20781932415901275
CC_01B876B2988F,0.20993591570094147
CC_01CBB64C1DB1,0.38665381314480535
CC_01DBD993A1FC,0.06560560258532379
CC_01DC49D55C2D,0.04895466579543046
CC_01EF18A3ADBC,0.5324113299015862
CC_020252D37557,0.17147952620134022
CC_020BCDBCA8CA,0.36278635585326874
CC_021A6DD97ED4,0.15639756340756042
CC_022054506F33,0.0709523233458974
CC_0225D6231EAA,0.061735364271966076
CC_024B524B0176,0.03440576799544477
CC_0256303A6DC0,0.24123317446612852
CC_02589E6E4714,0.056618423854587076
CC_025927626E10,0.7243910346777411
CC_0283023DB294,0.037091171789567515
CC_02903C6FC0C0,0.18547639258202245
CC_0296E572CF21,0.0499847657402041
CC_02999E509460,0.5800447486207078
CC_029E835D91BB,0.06940610655610158
CC_02A32EC3526B,0.1330007504893088
CC_02A393632CD3,0.27907246647431877
CC_02A3E21B28BC,0.7111699208187369
CC_02A4B4644529,0.09118463951871525
CC_02B43865B30E,0.06527987557032412
CC_02B5A1A178A2,0.17132158673855422
CC_02BC4785773C,0.25276875636952817
CC_02BEDD9627DD,0.6895720366600335
CC_02CD2C1EFBB0,0.11399022998349173
CC_02D4430492D3,0.3451604456384678
CC_02F79A06858B,0.11380231428575249
CC_02FA254C9D43,0.04672956396034345
CC_03062402B4EE,0.06176388342852602
CC_03072CF2EC63,0.3621785062607144
CC_0315369B079D,0.08190890983241812
CC_03199242A810,0.1702812385794748
CC_03214BA76DB4,0.2100859060539855
CC_032735A44CC6,0.062322354985492066
CC_0330340F2FE5,0.17212954586885673
CC_033236FAAFDB,0.16882089851185444
CC_0337298F948C,0.052188367589443285
CC_0341CAE5E2E8,0.18823399183360465
CC_03434E2371CD,0.3288248430216224
CC_03547AAB948A,0.24498484728786335
CC_0354D0453D8E,0.09886517459693268
CC_03592E51F427,0.7759452485180636
CC_0365DEB525A3,0.08725236852621018
CC_036782052BC9,0.3699110898552822
CC_036977A50F1A,0.13779650599616275
CC_03720D08B8C2,0.2529330754074324
CC_038AE599BCA8,0.3152540201119094
CC_039E67CDFE1E,0.29384375944702784
CC_03AC962FC717,0.15917951056593468
CC_03B00DFA3A85,0.7913913598744582
CC_03BC6380E968,0.5171162279247238
CC_03BC730E0B02,0.028080081494364827
CC_03BD4F22DA3D,0.13294562422847891
CC_03C7E1EF6F69,0.8036856672871354
CC_03C9FA383477,0.08291317157742398
CC_03D1AAE90CA6,0.061241850415404295
CC_03DBB9598F39,0.13951911573760228
CC_03F18B43797C,0.1120050273032688
CC_03F80118E46D,0.05823618891451009
CC_0405E0151A6D,0.1827665469537223
CC_041FEE6C805E,0.3607980583602926
CC_042F88EE269B,0.16365355499752737
CC_043D98ED7F98,0.15500901389816654
CC_044C3537B769,0.16063505769787495
CC_045932C46685,0.1596788445492263
CC_04629624AA8D,0.19251917664918414
CC_04690B4A6AF1,0.24202991695389847
CC_046CF40369FB,0.12270233696223871
CC_046D6EC816AB,0.4048506933265173
CC_0475CD95EDC9,0.1210439254757699
CC_04796F06B82B,0.12676182904915423
CC_04AC7C1CE736,0.3328249677124698
CC_04AEDD051B96,0.30900707522748194
CC_04B42AD0E01A,0.37266084918098025
CC_04BBD1DB360C,0.30762984210437605
CC_04C767FFDA0F,0.45110407487461457
CC_04C7B819B9B9,0.10125898886254185
CC_04D127A775DE,0.09252995567614374
CC_04D9ED00053F,0.0662184459260105
CC_04E0EFC4F548,0.2737455438359464
CC_04E6848903E8,0.0384263625246371
CC_04F69D03ECE1,0.2766222280590793
CC_04FA1CFA1DEB,0.22871069007677997
CC_04FA6842AC62,0.03834255890517671
CC_0502F3791166,0.32725555696028297
CC_050B514E15FD,0.14366342173583566
CC_051ADBD6D835,0.1313900499430517
CC_051B4644216C,0.06818977183815063
CC_051C0A644DD3,0.028260720659863986
CC_051CBF566856,0.04177669754575276
CC_051EEA9AE819,0.16584295217899672
CC_0520E27BE904,0.1617043415064604
CC_05224448D290,0.12928913199978323
CC_0525DE4744C0,0.056394122922664276
CC_052F5CD81EFE,0.19776080300566642
CC_05368FAD2E6D,0.06255234601841454
CC_053788B82006,0.0938667542380631
CC_05471A48C6F5,0.1887885915670108
CC_056DBA1A87BA,0.06799876481952576
CC_05901F3E7A0D,0.1835843712061284
CC_05906BC8ED3F,0.15785407380972175
CC_059D55E32C78,0.08962549511250593
CC_05A12EF84A86,0.5167252639347243
CC_05A42D035609,0.1860098780273628
CC_05AD75A5CE38,0.05610285428208514
CC_05BBD4B92613,0.5516332078725719
CC_05C8EF6500D7,0.7903374717324082
CC_05DDB7B07497,0.06988744218784722
CC_05ECAE6E0774,0.22723592714103208
CC_05F11F14DF9E,0.32573216146975137
CC_05FA9192590F,0.13151181204759194
CC_05FD764FB154,0.7598629363161112
CC_0608DBB4DF03,0.26907101479888573
CC_06198383F6D4,0.12789361248572909
CC_06199EBE2B05,0.18276007460823362
CC_062A8881A331,0.06386755799544308
CC_062F74350907,0.0460268631050731
CC_0635AD30F004,0.7726216250825112
CC_0639F539946C,0.31184933431492684
CC_063DDB42CF5C,0.06743032717128057
CC_06405C00E240,0.22117865285473692
CC_064920FC9DAC,0.0799874597577124
CC_0650AB329174,0.7677055011843492
CC_066941B109B9,0.15967040820879047
CC_066AA16F5874,0.3115979385784982
CC_06732311FB8B,0.15746844618621025
CC_06780061F889,0.1095690847786296
CC_068A81B06B74,0.4440679355622397
CC_06A1C5FE269B,0.31420021322534036
CC_06AA7138DAF8,0.038457108189989674
CC_06C0DD0D066E,0.7604209548949727
CC_06C97CFBD476,0.12376319916292165
CC_06D15F523C05,0.18284841723377937
CC_06D35787AD65,0.045467563951522634
CC_06DA375201A2,0.08936891433275049
CC_06DB455FF19B,0.6981532596385776
CC_06F3674E7313,0.45694451402197056
CC_070232DF9996,0.14043973047841207
CC_07141FA77DBF,0.11212376143630272
CC_0715F11CC8CA,0.2225110234415817
CC_07168A9C843C,0.17645544681671366
CC_072AB9F855DD,0.046767544350437854
CC_07337AF6AC2A,0.13358096930537866
CC_07434E4E5C28,0.06523134222120476
CC_074381358A2C,0.041567904976425415
CC_074E7CA75E8A,0.27329208763175106
CC_075D0C618BAB,0.19525465374165563
CC_075D804F7851,0.08983305813508678
CC_0765961D818F,0.38502057683727997
CC_07698F10563E,0.05550022059697964
CC_0773B9BA9E18,0.29830329236129544
CC_0784ABDA7F8C,0.18344084583099846
CC_0790C9F9EC9C,0.08655012844671676
CC_07A996E6CA6C,0.23800712459985032
CC_07B588ED677A,0.15944193379118485
CC_07B730FD7F82,0.16225618658219104
CC_07BE6961D039,0.07777334160412856
CC_07D23A6BAF5C,0.13505602818080822
CC_07E08196A3DB,0.05135771224575593
CC_07E4850039B3,0.10991040688656394
CC_07FAAF8B2D23,0.05705261522343966
CC_07FB3FD9BE0B,0.11183067218332748
CC_080CB94A724F,0.3300406661047205
CC_0837C56711FE,0.09443586571105082
CC_084100A049EE,0.049054999643758056
CC_084113D0951B,0.27151692250374654
CC_0843DDCDD601,0.6463980593512672
CC_0846C14EAAFE,0.0609883082061532
CC_085091ADED2C,0.18742299749986205
CC_087943B4A5D2,0.16633612687859403
CC_08A97B98C405,0.16625462316926648
CC_08AA321BC4AD,0.18594245560030517
CC_08AA44ECBDD5,0.056080716848719715
CC_08AE2EE9D798,0.19125219433125304
CC_08B149462891,0.19782481826642032
CC_08C71A8D2D58,0.04856879829443623
CC_08D645F7B257,0.05834865038548992
CC_08D80BF0B273,0.049745499862514794
CC_08F52B1BE431,0.2249824909927375
CC_0903571AC7E7,0.14994971107810934
CC_090D528C09D0,0.44748410541118205
CC_09106BA6CFC9,0.08740488739190683
CC_0915905A5D48,0.13016353008607057
CC_0918F67CDF01,0.1892259562854428
CC_0925D0B6276C,0.15585631368078667
CC_092A2830E36A,0.8061435987490058
CC_0951489C8F79,0.04084843318957866
CC_0951FA4D5513,0.11205624534386167
CC_095C712064EA,0.093403134854279
CC_0969AA7BEC71,0.0746937271922639
CC_0974840BED49,0.7734374138488718
CC_097BD371F652,0.08481024165453716
CC_097C8139DBD1,0.06015174763637018
CC_0981CA4DBCE0,0.031182762340580726
CC_09A5D2F129A4,0.2878630217982133
CC_09A9BE38080D,0.08447706587365593
CC_09CDC42E000B,0.2025992626120301
CC_09D8DBAB2A42,0.13823006292518464
CC_09EBB1960580,0.05696977808208093
CC_09EBF206FEE6,0.2086361178091561
CC_09F2AE996181,0.08934169610916871
CC_09F45833F53F,0.14933240432815753
CC_09F4F5C5B4EA,0.7679508939568866
CC_0A04BF4005F8,0.20852783718879025
CC_0A0E563D1060,0.08489069560653771
CC_0A0F781A999D,0.24446783352336762
CC_0A1138C37BC0,0.1739727579068898
CC_0A334A16524B,0.06732682115575597
CC_0A359CD5D73A,0.06750557699496097
CC_0A3E2C273DB5,0.06583221971194268
CC_0A4705B1E08B,0.05120100374929424
CC_0A67EB7C5282,0.12617536476552035
CC_0A6CD64871E5,0.37973481998210773
CC_0A75643FDC7B,0.06085171267758252
CC_0A8066F501AC,0.0446309306616914
CC_0A83017D027D,0.18432836926138368
CC_0A9AB7441D5B,0.3200288011828374
CC_0AAA72FA148E,0.32660585478508175
CC_0AAC488C8AE4,0.4778054383989219
CC_0AC2DB82398C,0.3213179402830444
CC_0ACA2C49A497,0.1288779943670187
CC_0AD4BBEA75ED,0.04196346719113856
CC_0ADCD6553B8C,0.061324892583938174
CC_0ADE56B56C41,0.042515084318050594
CC_0AF4B5B4162F,0.7268283085925498
CC_0AF9BD814AC7,0.10395068338316925
CC_0B083BE0FEA3,0.09806895850342562
CC_0B1384331163,0.049813613743772855
CC_0B216C6AF0F2,0.03258615433618267
CC_0B3465DB0684,0.5692880532100815
CC_0B442B91679E,0.11772089858833899
CC_0B455175F494,0.10214757444410037
CC_0B4C01B4002C,0.16120264092718736
CC_0B544A526D6C,0.06307167979569417
CC_0B5B19AFCD18,0.053104567419854545
CC_0B5BD2D224BF,0.07909877941392646
CC_0B6407C2C9BD,0.16952491878789583
CC_0B73F59991EE,0.07868021375279442
CC_0B7579216681,0.07861417563629246
CC_0B7F3B4B32C1,0.2584304642596667
CC_0B830A67900A,0.10750097759955794
CC_0B84250F96B8,0.2428502138010627
CC_0B92212B8E27,0.30659959233716233
CC_0BB43BC4B3BC,0.11963780113201444
CC_0BB992973640,0.05869507889852279
CC_0BBC41297846,0.09598133201119222
CC_0BDDB468A1E0,0.29262023982204083
CC_0C00A631C2B4,0.06533944353836302
CC_0C011AF6C857,0.3546802155352288
CC_0C0459AB67DE,0.13001700425687984
CC_0C18B07E451D,0.10928237666922748
CC_0C19EB845CA2,0.22770609468040723
CC_0C1A736F37CC,0.07240582142247723
CC_0C335C9D86F7,0.7824043665284068
CC_0C4C24D066E9,0.17681554592281054
CC_0C5499989AF4,0.21400550247515132
CC_0C95548CC1BD,0.15367955689131232
CC_0CA2DE660B41,0.2539591067737615
CC_0CA6D8CFCF2B,0.21960874206918707
CC_0CA9DF9C5C15,0.08254902590707092
CC_0CA9F52C92A8,0.19877431593349032
CC_0CAFB6C41CE7,0.11058378378719805
CC_0CB27D5313F1,0.5668250026843303
CC_0CC9DDDB8B44,0.04936458963861566
CC_0CCA18595BA5,0.2146711427334639
CC_0CD90568D3E6,0.23078086627779248
CC_0CE0D56B0584,0.07622772905250828
CC_0CEA028BF961,0.2864232805284634
CC_0CF67D68AF16,0.35923146569835984
CC_0CFAA0FB0691,0.06633464536446396
CC_0CFFD2785D2D,0.09933943086485712
CC_0D28AF91CE97,0.15223302995980836
CC_0D34E55A580B,0.10590972556281746
CC_0D3663B6524E,0.7213689799435185
CC_0D3C2864ACD2,0.32532965402514524
CC_0D5F4BE8132C,0.16098004368351357
CC_0D6D5ACB0889,0.2292721970964488
CC_0D7BFE8CC0D5,0.1406601693915099
CC_0D8852AAB481,0.18958649346417838
CC_0D97EF394C79,0.4379955044663445
CC_0DA8FDDE6DD0,0.06762489439772096
CC_0DABB89E37CE,0.1003418465514861
CC_0DAF0F2FAA86,0.10669728448609953
CC_0DB9E5F8EDAD,0.07914786247627352
CC_0DBC64F88C05,0.15647681172433422
CC_0DBDF018E822,0.10537830968935784
CC_0DC31A5A1096,0.04630378541104716
CC_0DC3870F23D0,0.0402567947850933
CC_0DD39F5D7C0D,0.08973289115011784
CC_0DDC2C18BBDE,0.052891990276748874
CC_0DE09CAA93E5,0.14469938068015953
CC_0DEA4477FDC1,0.11192787820769168
CC_0DED63EF6639,0.17607434636239644
CC_0DED7DBF26F6,0.2939488607624199
CC_0DF01CD21B9D,0.1802938759819109
CC_0DF6A478C01B,0.22523825368053454
CC_0DFE1A3FA5AE,0.14700764203260122
CC_0E07D5FB24B2,0.13236652808211713
CC_0E0CD9F23A5F,0.758104967438408
CC_0E121FCB1D47,0.06962963520629516
CC_0E1423A4C263,0.17702930014839507
CC_0E16883EE8E6,0.45201150754031566
CC_0E1A2BA1C545,0.20095860911020547
CC_0E2B52BBA69B,0.06484789776545508
CC_0E40BAFC3530,0.17937646497039714
CC_0E48EE235179,0.07392851463593537
CC_0E4FA0FB9797,0.6251917000408891
CC_0E5162F59924,0.7557488797843043
CC_0E5E2FCAC8C2,0.27127747728863805
CC_0E68C2BE2A75,0.11910248128253183
CC_0E6C5A8D8CE4,0.10082067503996865
CC_0E6E9B0E674E,0.09249733676703424
CC_0E746EAD6CE9,0.07486952981989281
CC_0E968E7C22C1,0.3812030025167069
CC_0EA1483F50A9,0.15577595265080244
CC_0EA81362C7D1,0.17689532498749364
CC_0EAE97520873,0.32945292916112817
CC_0EBCF4228FF2,0.4805437878861182
CC_0EBDEFD0BDC2,0.059676086862926414
CC_0EC6AEDA63EC,0.30598015099635684
CC_0ED61DD76795,0.09325808022274622
CC_0EE33B1B71D5,0.13823725758714958
CC_0EE7EFF13EBA,0.05322345265834124
CC_0F0F136B0991,0.1284573388998217
CC_0F0FAF218BCB,0.05348227978583645
CC_0F125B48F175,0.09821869184522228
CC_0F292A238627,0.1079848045658787
CC_0F2949A1746E,0.08119962106502177
CC_0F2B71163121,0.08759368864539915
CC_0F393F1DE2EB,0.07766614617479409
CC_0F41B187053C,0.42934760911656017
CC_0F52EDC9D383,0.10008106675900112
CC_0F62C4F36236,0.09034047921271247
CC_0F6A29CE5D45,0.1987080306636364
CC_0F7C0515A6CF,0.16653384004902436
CC_0F8D6C89202F,0.17937424320727194
CC_0F933684CC08,0.17065543104713615
CC_0F9BA54F2AF6,0.05184788610872335
CC_0FA06CE7FAE8,0.04395464483561649
CC_0FD25AA655DA,0.13614786684759853
CC_0FF5570E06EC,0.7036038748180337
CC_10197FE0E34B,0.6784050205221759
CC_10355B5718CD,0.10685580795635095
CC_103A9D18EC12,0.1598545864535295
CC_1040DB6A21EA,0.11622258163874433
CC_104D2B84FC4F,0.042511980620109635
CC_104EA2802A11,0.08921550484453637
CC_105777B1BF91,0.06891053023491425
CC_1059F1B6C0C3,0.13700645182583462
CC_1061947FDD14,0.059149919456508465
CC_10689257E68C,0.371503898395465
CC_106BFCFA7D7B,0.04591377492488639
CC_108FA04AC10D,0.11117329884639865
CC_1092915D0093,0.11513288407984251
CC_10A30F88E157,0.17680826197148702
CC_10A657027AC9,0.7450088406013748
CC_10A6EAF27BF3,0.051276280769394625
CC_10B148BED568,0.3778363659418318
CC_10BB7101F191,0.05193296576555623
CC_10BC5BC3A9AD,0.34237103804948205
CC_10F27C70AB99,0.12014957065208835
CC_10FADDF63CDC,0.17721315681486813
CC_1107D9301AA0,0.07263422858443982
CC_111A6DE5D9C7,0.7383652676408775
CC_111DC3B1756E,0.2750447160749429
CC_1131156CC6F6,0.13298412302959944
CC_113B66D5D5D9,0.1270419960128425
CC_1143254EFF36,0.05005621478574904
CC_1145E5277FA7,0.3344985948433917
CC_11521077BBB0,0.14006629681303043
CC_1154861ABCCB,0.5339009167548994
CC_115BCAEAE2A0,0.08594460865428173
CC_115BF13E8BFC,0.21268682798993127
CC_115EBE5044BD,0.35487395561918333
CC_1165AA07FC47,0.7481358347592107
CC_116EE8219753,0.05261757389369912
CC_1176FA3233B3,0.05350401440035384
CC_117C2A1587ED,0.08043152119388773
CC_118C0A1D14B2,0.23160855447376588
CC_118ECB589F3C,0.1006071193010121
CC_1190F13FB1FC,0.13336135006418343
CC_1192EEC65A1E,0.22929497894626744
CC_119B1FEC4D83,0.24501446321417336
CC_119C413C2580,0.148965158775464
CC_11AB74142A2E,0.7932625768830192
CC_11C8A291FD11,0.17283893369808523
CC_11D1E9C39E41,0.07879345869708483
CC_11D600EE1BD6,0.1974623732751543
CC_11D7539AC69D,0.18098105192759806
CC_11D78BB50016,0.14182512775378334
CC_11E0C583685C,0.10889940181695122
CC_11E0D2F15AA1,0.04472617135192106
CC_11EDFE67C719,0.6739828848596365
CC_11EE85F284B8,0.22020165952729143
CC_11F700202C6D,0.16821872996773773
CC_11FB668DF543,0.11330012193131819
CC_1209FA26609D,0.03806011170478753
CC_120CA1B916D0,0.11405799732097162
CC_1210186F4D33,0.09052331636055838
CC_121F621374FC,0.2126506105916647
CC_122532C1FBCB,0.1250634964327431
CC_122B19CBC88C,0.6628598245013804
CC_123C7F0111C7,0.62584751889136
CC_1241EE42F174,0.14350012869606124
CC_125B7100F1DD,0.11960913382919308
CC_1263B255B3B5,0.20142716770760974
CC_12878596E940,0.0799379208859956
CC_1298ED71A9E0,0.0732435659251993
CC_12B555C6F086,0.14270290126725094
CC_12D22C629874,0.1771535043326406
CC_12DD89EA0C14,0.16431766437615544
CC_12E24CDE2684,0.17869651946561146
CC_12F3B7309455,0.6161450893073506
CC_12F8E7A4BBE5,0.3599912557107882
CC_12FDEAE4873F,0.22167802931179065
CC_130F7B067939,0.4084379958573889
CC_13209EDC85EE,0.6727727037906006
CC_1332B6F0E543,0.23034855730198014
CC_1334E256AEBC,0.6150033664300882
CC_1337726B2AE6,0.09566301554596196
CC_1338237BF402,0.17635791102308085
CC_1341DF38D9C1,0.1924947150628778
CC_1342F868176B,0.6624672089518837
CC_134651CCD2F8,0.18033537268201313
CC_1363E3090578,0.06146680562537983
CC_13736493B695,0.049505445915954974
CC_1392DE633D4C,0.2934605572129935
CC_139ED2E0AD76,0.07955281842437782
CC_13A5383EA098,0.6026375293227433
CC_13AA272C6861,0.08313748954357326
CC_13B74E4EE3EF,0.1966296471275024
CC_13C437E86B81,0.5135562566339608
CC_13D61B077E7C,0.07270472402012648
CC_13D7115A8FCC,0.19353103332273633
CC_13DFE319B21E,0.7927163114533231
CC_13E0F0B3FAE6,0.22119444224011928
CC_13FD88C2920A,0.6882398522143527
CC_1401CB818627,0.23928858688036658
CC_140B86E74F74,0.8136553350360439
CC_1452A0B69085,0.047700186385377055
CC_1458CA7329A7,0.26457570994963514
CC_1459E7125AFB,0.09413995336236956
CC_14633EC7F622,0.4218500101288383
CC_147B1B30DE7F,0.11526964582775352
CC_1484511F54C5,0.35147801304637555
CC_1489A941A69B,0.3053528207356624
CC_14A8B16706E9,0.07962909704531064
CC_14BE52BADB77,0.0948198082415689
CC_14D53413FBCE,0.32257737860588154
CC_14D59B58E51E,0.14532066956961995
CC_14D964327B1D,0.061816858610963886
CC_14F5D06CF093,0.13585403100676058
CC_1501D63D5A80,0.3355448396014813
CC_150E3A0E5084,0.21415035515931344
CC_15152312AC56,0.05226509321611733
CC_1522BA0411C3,0.06595671289462927
CC_1534B0241A1B,0.05144699595280147
CC_153BE2BEB74C,0.13997542467252047
CC_154BBCD4DCEA,0.24684661947628275
CC_1552EC27FC0C,0.6909810152833838
CC_1566BFF4BCDC,0.3249180652245678
CC_1579BD86A63D,0.32439892652244146
CC_1583CFD90530,0.24451507903579683
CC_1584385F38C8,0.0746901643995032
CC_159656F13BE8,0.11801795150409894
CC_159B6F6AAF1E,0.09968726275509543
CC_15A4934FD96E,0.10873057051381665
CC_15B2140CE869,0.07849598140177076
CC_15C0972DE384,0.6408857855253537
CC_15C0E30FF2DC,0.12363028664345863
CC_15D617FAB434,0.070878052039704
CC_15DA0F4FFF0E,0.3181889524977495
CC_15DAE76D15DF,0.04638631371452778
CC_15DC7C139EBC,0.35198913520060515
CC_15EB741857ED,0.08300585129436798
CC_15EC51F4C521,0.29299745650383496
CC_15F6259C7C53,0.06659963614263907
CC_15F7C012E10D,0.40653391060271504
CC_15F7C1BEC28F,0.1728431521927037
CC_15FF58854AEA,0.27624211729083414
CC_16035CDDC2F6,0.15124090989624447
CC_16095572722B,0.05530303680181231
CC_16109F1CE0A6,0.28097182461686987
CC_16150E74E4DA,0.17293174447447657
CC_1629E47AFBA5,0.07379489181028623
CC_162F4582D06D,0.6780067948067798
CC_163194DFEDDA,0.04628844923751083
CC_1640F01B7730,0.09417110246765856
CC_16460554039F,0.042194620406605585
CC_164D308CDE41,0.2081457509948127
CC_1661041F819B,0.7888811168912028
CC_166829780A76,0.10724706228664366
CC_16798666E855,0.1116987102713565
CC_1684B5493414,0.18878779384276317
CC_168A8907C8F4,0.06905270111248968
CC_1690EC56D088,0.07347147449282934
CC_169853EEAB4A,0.10125530580027546
CC_169B7FD839BA,0.14847301934391652
CC_16AED1A3008A,0.12104461779234417
CC_16BAC7837C73,0.17656459590649454
CC_16D57E1EEA01,0.12307217169508684
CC_16D833E56D7A,0.19270159317523922
CC_1702487A047B,0.18560931133280473
CC_17029F78E70E,0.06416710613120538
CC_1702F3E986AE,0.061463306554646525
CC_1707181BB559,0.04635843623190898
CC_17117BF03935,0.23951953858010172
CC_1723E40C3D40,0.23045599513885065
CC_174FBBE9ADD9,0.158533983155538
CC_176E6E58FD1E,0.09720719134303207
CC_1783F37259BE,0.08204271392092494
CC_178B135605CA,0.08997191741888898
CC_179AA5165026,0.3472243222878362
CC_179DBA1C4CDB,0.34694814502223736
CC_17A1090B69C9,0.10813287154715927
CC_17AA1A4C904D,0.19750883998163465
CC_17B06C06FDC1,0.15097573923333205
CC_17B89AC1FD03,0.24824215719946388
CC_17DC33AA73F3,0.06883944526190947
CC_17DE4D267831,0.0988452011927439
CC_17E929BE0344,0.3556333548105723
CC_17EB83DECE5E,0.40817908577758805
CC_17EC9982E5A6,0.15309240774590413
CC_17ED5555B4FD,0.2137735114791372
CC_17F4292DAF8D,0.10938801384129841
CC_1807B0980C86,0.07780711016780326
CC_181354A58B53,0.09412086162027875
CC_181E7266E018,0.08602203221707336
CC_182AAE7CC3CA,0.46424022624378863
CC_183EDEDC5DA7,0.08697608524161113
CC_184C47552665,0.21974295889685624
CC_185A7392A475,0.271767368603845
CC_185FEFD3233A,0.4062800954536563
CC_18676FE5FC07,0.09124860261791715
CC_18776C4FDE28,0.08648350566910967
CC_187A8AECEFBC,0.18659841736352598
CC_187E7D0B4E82,0.7274499534367559
CC_18839D393105,0.14815846903247634
CC_1888476F6CF3,0.10368945118099208
CC_188B1ED2AAA5,0.329167362789303
CC_18A4257C3172,0.3111738378135389
CC_18A7929D9FC9,0.28078871666691513
CC_18A8695F185E,0.1031973629492382
CC_18ACE64E8F74,0.18586571793616585
CC_18BF4A29BB38,0.12658836202664478
CC_18DE36F7D294,0.15337049253381843
CC_190EB07AC1FC,0.13546330664405026
CC_19219F2C60B7,0.1717412610852682
CC_192262DB0B0F,0.0806701252008361
CC_1929746E06CD,0.6339614213502377
CC_193356E72D61,0.6831986424753714
CC_193938E8EA40,0.17275311963525766
CC_193C60092202,0.49042496020842113
CC_193F669537D1,0.15115322115837532
CC_194E13150BE5,0.07232915415755238
CC_19556DDCCDB3,0.03733484516504602
CC_195A6E9B48A2,0.17653288160555355
CC_196DEC616B33,0.09562880598793028
CC_1978B23D64A8,0.10826368469609154
CC_198562A4BD86,0.1346882877495632
CC_19864C9572BC,0.18438488806566986
CC_19868B6887C9,0.11852085900708047
CC_19969E05AB2B,0.1386240755978901
CC_199FC89885C7,0.11426986856914571
CC_19A40411B404,0.23060357239314205
CC_19A6D9B60B29,0.6437926434851976
CC_19AAB010550E,0.06947342503638282
CC_19B4743DFEEC,0.07219582185411101
CC_19B95A61D757,0.1819379703754871
CC_19E6A00F6A5B,0.07109742230832918
CC_19E8DEC29F47,0.6003407084895074
CC_19EA54976042,0.1664595886233541
CC_19FBBEA75B7F,0.14115207866042218
CC_1A039E58840A,0.05563973284102922
CC_1A075331756B,0.10449988556074569
CC_1A1E1302C432,0.17607133676869038
CC_1A37690EAEDB,0.1789078251778295
CC_1A3BF9F5BD42,0.16197151736642748
CC_1A4268FEB02E,0.1741551418370407
CC_1A5F8618A912,0.3440360884056206
CC_1A659D4D521E,0.4080122761120047
CC_1A879655902A,0.07244428339249918
CC_1A9F6DA46BC2,0.11129669523449892
CC_1AAB15E81743,0.03897590097226811
CC_1AAC389EF8A2,0.26305065988247317
CC_1AAD0CE365D9,0.1297318814165474
CC_1AAD9152C90B,0.048592715072815096
CC_1AB15BDA9296,0.08414545774524267
CC_1AB8BDA3041B,0.1490431227038553
CC_1ABB9CB074E2,0.7166618447976884
CC_1AC1B1A3978D,0.05680049072816238
CC_1AD20D1F9C08,0.722312417976693
CC_1AD881A90D1A,0.33498120741248105
CC_1AE9811724DD,0.7225795409341816
CC_1AF1AAAB9D12,0.7650413523581818
CC_1AFCC4D0ABD4,0.18115010796471503
CC_1B08ADAFD1C4,0.15084033482018822
CC_1B10139C7917,0.12293111581473051
CC_1B127133B948,0.10459772410699814
CC_1B25964EA376,0.1529764448142711
CC_1B27A85C7244,0.1788527944403293
CC_1B29F4378A34,0.1123709964161904
CC_1B2EC0BD0677,0.33614987024650655
CC_1B4AAF37FB97,0.07597192033053204
CC_1B5E792F6E6C,0.28876735682639704
CC_1B7166DAA790,0.15633231766905892
CC_1B89FD901C95,0.1088962281557968
CC_1B91E3A70338,0.08335999479832558
CC_1B9D9B7184F7,0.14876009173419447
CC_1BA3FDD92B1B,0.058313728728167216
CC_1BA9B3D67170,0.13992523566941414
CC_1BAF97E2BCF2,0.08553277015918946
CC_1BB7D8A54021,0.10883912587166295
CC_1BD548A5FEF3,0.1252500910490593
CC_1BDF1893ECEB,0.24122680160005666
CC_1BF117A8AF9A,0.07211240957634542
CC_1BFA7E407428,0.6935399531149441
CC_1C0066F472E4,0.6835018757220711
CC_1C09CC2385AF,0.05528089066711023
CC_1C11467AB472,0.6383999947223344
CC_1C1627B7EE6E,0.04552733846280732
CC_1C3259B85E28,0.17155296989926838
CC_1C334ED885FA,0.05746069735639063
CC_1C376760FE39,0.07783150467265974
CC_1C39A1ADF3F2,0.16584475238659097
CC_1C450FC77478,0.12149015728944053
CC_1C48409023DF,0.41488748694135025
CC_1C4D03324C60,0.34995239954408697
CC_1C5F1E1028DB,0.0476449145063817
CC_1C6681C0AA7A,0.770556652554258
CC_1C84CFE19CDC,0.20894490298281823
CC_1C8B3F689C6D,0.24123054062066662
CC_1C95674B902D,0.045261160347995225
CC_1C9A4C11F28F,0.14133352888851486
CC_1CA3F50BABEA,0.08838958062901608
CC_1CBF42D35AED,0.6151060293790166
CC_1CC11BEADBD5,0.11574257346725897
CC_1CC3CE396A8A,0.22803378848723474
CC_1CD2B13C2E6B,0.09565048205188217
CC_1CE0B37CA670,0.0754757487388433
CC_1CF5A99FC068,0.13389515711129113
CC_1CF71AEB6671,0.07527538843739752
CC_1CFE066F5EE4,0.16226785794871362
CC_1D00B360809D,0.06351134264178647
CC_1D1173F82F2F,0.0996639365648124
CC_1D1E06E0B393,0.1623647165973358
CC_1D2789866B1B,0.07328029262210535
CC_1D2DD7DF781A,0.23785697310701057
CC_1D313498A2DF,0.19840599430738298
CC_1D68396533F9,0.29838050201238103
CC_1D7235BA1EAF,0.16267776580832685
CC_1D7ABAF9D080,0.0467907514550377
CC_1D7FA51D0D7D,0.47016130205786055
CC_1D8CFB3589AE,0.05981062769535639
CC_1D9421A6EB19,0.3199030069424635
CC_1DA0AC68719F,0.36043080251339316
CC_1DA366D588B6,0.10832775140855494
CC_1DACBFE0296C,0.10615249575860376
CC_1DBD6A716910,0.6324484158067999
CC_1DCB75B5CBDE,0.33373105631676236
CC_1DCDADBC0E90,0.48332856525779394
CC_1DD11FAF43E8,0.12884070113057783
CC_1DD8064E71C7,0.14815057863047112
CC_1DEC926EE25C,0.10916903352982639
CC_1DECBAE4FC5B,0.0537138600733243
CC_1DFF80E6D4DF,0.06439632107166932
CC_1E025C3597E7,0.285575199308062
CC_1E082052CCBA,0.6579979515367795
CC_1E0E30441DD1,0.19018839892624817
CC_1E20E200611C,0.12751542033002095
CC_1E354C75EB9B,0.044468591755643
CC_1E3B2C15EBCD,0.15999182366850684
CC_1E4DF11FAF55,0.1434390098018145
CC_1E4FE60DFD8D,0.7180254729315297
CC_1E5A648D299F,0.17121744464851116
CC_1E6C0A8B3841,0.6778825866021754
CC_1E7FA6E807A3,0.2160078017632803
CC_1E93F760EC93,0.2378679722043998
CC_1E99F40FA03E,0.06971403839681466
CC_1EAD09DBC23F,0.23228279791295542
CC_1EB3D53252DB,0.2434371196120246
CC_1EC889E04D69,0.09844706348495263
CC_1ECCBF6853F6,0.48397660638305884
CC_1EEC4520436C,0.17891570076612898
CC_1F2827DC99C0,0.14308685869975926
CC_1F2C184C5227,0.09518982435136487
CC_1F3FA8091B02,0.10983234148556369
CC_1F4E07BFDC8C,0.057419308343988174
CC_1F4E0E9B54BF,0.07336390340257411
CC_1F55738A6A27,0.3195394258014813
CC_1F65276D0EF8,0.12748648573452057
CC_1F65C797BD40,0.05060155313956659
CC_1F668C0AE868,0.08281069683610577
CC_1F6B19A04BD8,0.05134717651828207
CC_1F945A60367E,0.45910480855574876
CC_1FAB6F11DFCA,0.6164577589436665
CC_1FACCCE95224,0.27693380266878687
CC_1FD010E5EA82,0.06601088929545851
CC_1FD2B7BCCD20,0.6857932782322796
CC_1FDAEC3D5CBB,0.10770316941251228
CC_1FDC65FE3DBE,0.1290758332461638
CC_1FE696D8A81B,0.06629460528952823
CC_20027685F59C,0.7649131124928886
CC_2009F3D77774,0.1349987460165312
CC_200C552C40F3,0.13290803381446087
CC_201459527065,0.13104513303541118
CC_20275029A688,0.08735655963488205
CC_2028DA597C34,0.19896154432158303
CC_204E557E5046,0.3894145093721024
CC_20542CFCFB39,0.048315126910254066
CC_2060F813C9B2,0.26339217042613217
CC_20813A9A7F71,0.12298665175696707
CC_208429A11E2F,0.15805318140770552
CC_208B0FE7CBAD,0.10524585001280036
CC_209A511030A7,0.0391392629949643
CC_209DD60421B5,0.07397259185355703
CC_20B26D646D62,0.1880645097017614
CC_20C47966B174,0.24705507373327135
CC_20CFE9681E4D,0.0710151506190878
CC_20D4DB0F3E3D,0.049083921862983604
CC_20DD84CE3CA0,0.11122790567602253
CC_20E57CA675DA,0.5755251857970095
CC_20F129FFBE00,0.2377760191001521
CC_20F4E0F62D2C,0.07915823521296077
CC_20FEE0B2130D,0.5826688502864387
CC_2111B298C212,0.09253196586993366
CC_211315AD7633,0.21097512444488445
CC_211504721E27,0.15019336758401267
CC_2119919BCB4F,0.7584891524662011
CC_21375C9ED931,0.22914407784106725
CC_213D2A5355FB,0.18754410945983896
CC_214B50E48E94,0.14589777461891135
CC_215F86D986BA,0.10372693768818776
CC_21600308F496,0.0419180234823319
CC_2166F3F6344B,0.136886997690078
CC_2168BBB42053,0.12772614560681075
CC_217030CE0127,0.046547840890174566
CC_2179067B405D,0.04791233121950731
CC_219B59B67193,0.15818869765646223
CC_21A9E8DB58FE,0.17169646481469164
CC_21AE679C5E95,0.24267313300195784
CC_21B98D13174C,0.09740575456896752
CC_21C81BC15002,0.10901928620785503
CC_21C9B26CFEA3,0.09417927167056447
CC_21D22081A4CA,0.7734091649992648
CC_21D29CD736D3,0.3184802799821336
CC_21D3CEAF838E,0.15902750495656057
CC_21EF792A3811,0.6257496893503636
CC_21F04E996723,0.46373036611191987
CC_21FB6C8AB8BF,0.4374511560529011
CC_22067686F6C4,0.7192016816420019
CC_2207A39B7BB8,0.12291253746388295
CC_221053121AAB,0.17568705234528884
CC_222423774191,0.0675515570745226
CC_2230EFBC99AE,0.4372102468283535
CC_223BDED2A465,0.24902444191505654
CC_223E3CA7A07F,0.15420714097042962
CC_2250B42E48B2,0.12368376710326215
CC_225935E43583,0.13028779695299794
CC_22781E93CF84,0.16186441731426418
CC_22784AF3CB6B,0.4827724136000227
CC_22831690395E,0.18574080409535235
CC_228E6CBCC935,0.5930328281564453
CC_229338EBBA6C,0.08985473239333622
CC_229A63057E54,0.4783877060707715
CC_22A2D8A4B437,0.09191931533030294
CC_22ADE1EE9BC7,0.11818702351155531
CC_22B69E7C415A,0.045275468882408534
CC_22C590B43FEF,0.3020351510933473
CC_22F06379D8FD,0.038125105634761416
CC_22F282264A1D,0.1180261141306548
CC_22FBF5F0E1C0,0.23531228608384738
CC_2302088175A3,0.25259660926394517
CC_230672EAA654,0.035127713417728905
CC_230870B121F6,0.14150423270375723
CC_230A051B2B3E,0.053227166514006954
CC_2316F57AFB7A,0.08033611543846114
CC_231D091FCD1D,0.06537079574052085
CC_231FDED1781F,0.23939225216217688
CC_2320053D1183,0.08701430071824644
CC_2320AF507566,0.19015333850560046
CC_23321FF41C3D,0.2535260453288114
CC_233470D6BE72,0.6082710417454644
CC_233C8EBC95FC,0.3715908112434518
CC_235F99F13500,0.1580600593437803
CC_235FC02CA52F,0.184077902393561
CC_236C80CAF53D,0.20579868108042737
CC_236E7222D97C,0.07307470436458967
CC_237B86FDC93C,0.06229888223100814
CC_237E7EB2D7D8,0.11320017705746767
CC_23830081EE1A,0.6155426907779376
CC_23894AAA08DB,0.49948141861177
CC_238CBFD6E20C,0.4258768264062329
CC_2392A4A79C9E,0.04249459292593698
CC_23A474D43C73,0.2018692243288781
CC_23A9CC59BA0D,0.030730826846436965
CC_23B158D8306A,0.13142324652262377
CC_23D147F1870B,0.18425990496783268
CC_23D2E73DCFCF,0.1268999779798302
CC_23D9103D1EAB,0.037989780066154805
CC_23E142182F2F,0.672637205889161
CC_23E43713A108,0.04574461698444406
CC_23EF2911610E,0.5140049742497683
CC_24056B76BD7D,0.04978489418686751
CC_2416ECE66177,0.1337524245954583
CC_241E65816FC2,0.07436984188346464
CC_241F7E97FBDD,0.06145412186525822
CC_24217201D7A1,0.32761407273354437
CC_242301FCCE50,0.04916014414360364
CC_242C69CF0B12,0.1043614683833187
CC_243B23702DC1,0.19619984907213325
CC_2456B9C796E4,0.12320956287036092
CC_2457D89CB88B,0.6506429706238936
CC_24667210E2AF,0.23494065246896245
CC_2468D206CAEA,0.05926106127314711
CC_2469630A4F86,0.34274132039742083
CC_2469D83D9594,0.04278977407870493
CC_248C65EF54A5,0.6680331826231981
CC_24BCCA7941E8,0.09257115419562012
CC_24BDC1CE2A3A,0.19878733800510226
CC_24BFCCDF957C,0.04476437893160766
CC_24CC8A1B1CB7,0.1295463656153866
CC_24D4B1852554,0.21159567850645808
CC_24E65FA5A32E,0.15286414706463847
CC_24EF3EDB6857,0.055555214406240755
CC_24F15A19D648,0.17591170270342044
CC_24F2410B5A19,0.15793489797877905
CC_24F27E7DE1C6,0.46725821199740836
CC_24FFFD0C983B,0.0403524406259877
CC_2504E9D5D5E4,0.15983360108355685
CC_250F6A0DB62D,0.06803332369468368
CC_2520E13DF0A2,0.7424169010044526
CC_2539C315029D,0.2602801519471927
CC_25519ED78507,0.2055560677142551
CC_255D49296DB6,0.12180784570823176
CC_255DC60FF5BD,0.04981835166262738
CC_2563C9EF9D55,0.07519513041940605
CC_25756EB9651F,0.12896234372157872
CC_257CC46D379B,0.44266902606061576
CC_258D5F80A933,0.6921885686036878
CC_259D87270257,0.21038400122965953
CC_25A41AB21C94,0.24967490678436366
CC_25ABCDCC8B71,0.11362821170686396
CC_25AF0D0569B5,0.07389925949137029
CC_25B61D393144,0.15464075032551056
CC_25B95D7288CB,0.39822511217908857
CC_25CE2F2F13BE,0.21874503242126292
CC_25D1A5971976,0.39092430521229915
CC_25D411B46F00,0.7400381496554148
CC_25E7A2DC5E41,0.06474923962296998
CC_25F4C8E51AC2,0.5239237141081621
CC_260323EFB122,0.5827433477152624
CC_260F10484312,0.0548185369329988
CC_2610D0F1D0A7,0.1764722470805388
CC_2615866F35A2,0.12230067399019943
CC_261DA4E8DBEB,0.11565425903629321
CC_2628F00B0745,0.37452591383804923
CC_26338E9AD15F,0.14606211270522368
CC_26346B99BDBE,0.6667263467550635
CC_26351DBC1AF6,0.1346576328009119
CC_2637397AA3F3,0.6070456404440835
CC_26675C32611C,0.702738739019432
CC_266E49E49071,0.20015077155641486
CC_2696368A4DC6,0.038482697447212603
CC_2698641B68A5,0.12349347799166693
CC_269C5AE6A1A3,0.6643794308005279
CC_26A06AD1206C,0.7616718826586066
CC_26A358B0C10F,0.18613194429850372
CC_26B07CB02EA3,0.597797988262391
CC_26B638BEA8CE,0.12282918365098536
CC_26C33B649FC9,0.0707793894584659
CC_26D5B969A36F,0.36851121995024116
CC_26E3A1226C2D,0.1446641437218808
CC_26EEA3F0224A,0.24367792582233544
CC_26FA5E5A718C,0.15575157826100078
CC_26FE119D4919,0.06924445704696464
CC_270B462BAEF3,0.036849746361297286
CC_270D929FEA9F,0.0627100917808941
CC_2731AD82BA11,0.14393819556355142
CC_274144AE3E86,0.12538963391780603
CC_274AE6E82879,0.16370634622766897
CC_2757A490C5E1,0.09078841197849516
CC_2766F6011BD0,0.3846491557023025
CC_2768E644C697,0.05520457861876862
CC_2770DF70328D,0.0763033409222522
CC_277503968C44,0.5679339278834179
CC_277CE974AA8F,0.2982036945234027
CC_277D246E39B9,0.20307709404858784
CC_27A1CC725B7A,0.06734267748123743
CC_27A798829CA8,0.7286565178825767
CC_27C938FC8DC6,0.4431938117592203
CC_27CA2D819E7A,0.054284853123692044
CC_27E3712F0E38,0.13796203667149542
CC_27F3B3F43FF9,0.043936199549458536
CC_27F9832EAB8A,0.4698176045411781
CC_2809CC131F3A,0.6711300009190762
CC_2812523510C0,0.15263776653787192
CC_28151C75756D,0.04821828342355452
CC_28203CC976F9,0.09825958703133414
CC_282AFAE06F96,0.07788658140232872
CC_282C2404F4C0,0.06959949626060992
CC_2834BA2F19FC,0.19098442439962043
CC_28432E22F47D,0.5927086185509085
CC_2844882CC439,0.048764133735722255
CC_284F79726032,0.3641355358820872
CC_28544783AB15,0.4834426062101022
CC_2856104729EA,0.7106436578782854
CC_28625CD86761,0.18553589205957624
CC_2866BDB46FB1,0.10078808128708251
CC_2872415C6B36,0.07789316028593553
CC_28752737647D,0.5989356880752628
CC_2875C281EE88,0.05284505914724884
CC_287E3E9EDAC9,0.081094088178905
CC_288A2C49D62A,0.05303180431178802
CC_288FA8CD819C,0.16008371292196766
CC_2891894CCED4,0.0862935570098878
CC_2895608A9699,0.13286718114694143
CC_28A2EF7926AE,0.6353784756955252
CC_28A7DBD2B710,0.17788481708390946
CC_28AD81DF2C51,0.1216502705939496
CC_28AEC29CEC25,0.12782793105702822
CC_28C1C3DF7928,0.09557063094574053
CC_28CA76962EC8,0.1860775691280465
CC_28CD47803B6A,0.06984828037798557
CC_28DF569DBBE5,0.08135268334121852
CC_28DFE611C657,0.08775239359515272
CC_28E11E6A6C8D,0.17246145207139774
CC_28F58ADC7CBC,0.11845845596326238
CC_2916479EBC84,0.1369385722138127
CC_2917C6CB0B2C,0.13384062768445062
CC_291C7830D4B5,0.3780560736903383
CC_291FE1744E5F,0.07385217979468234
CC_293124F1ACD1,0.13450508065263198
CC_293C2D704AA9,0.31498781273351883
CC_29432A6B2555,0.11619801634511875
CC_2944B427406C,0.17402673892324413
CC_29468B7035D6,0.11107726151647176
CC_294A9A24E473,0.06970489392147958
CC_294B94EB0E07,0.2302013470701487
CC_2967C29E4C3A,0.12770150451828105
CC_29716D5835F4,0.20101276933742696
CC_297179FF2BCC,0.4262531374044867
CC_29803690C939,0.21668815382986953
CC_29821539DC4D,0.14837053223074065
CC_2983C1D2A273,0.15492989489942724
CC_298CAC5A1868,0.6242549126329852
CC_299EBE0FB429,0.14717834271010471
CC_29A1C0073882,0.4277319553061828
CC_29B6065F187B,0.39683682971229384
CC_29BC66C10F87,0.6484881621511752
CC_29BF3C3D9682,0.1913419753245289
CC_29C4425FB2DA,0.18644206640237154
CC_29C5D0D72D61,0.13678083264042598
CC_29D65E313500,0.11561105366526543
CC_29FD856F47A5,0.7371770778719628
CC_2A097F88615A,0.08670241569955986
CC_2A0CB4CE1A48,0.19673491553374178
CC_2A14C1652D6D,0.20997479024585064
CC_2A1F96F80938,0.1616302305449738
CC_2A23F71805A2,0.13771136252556693
CC_2A2BF2FD0498,0.14949066681146622
CC_2A358A1D3DDF,0.6528984007477118
CC_2A3E371F0DAD,0.2234857827587244
CC_2A423FC8A330,0.31521213930112607
CC_2A43368D54F9,0.4551221786266239
CC_2A47A21C0E07,0.6777390300079129
CC_2A4CB02E7A1E,0.1413635579141869
CC_2A510080BA29,0.1654588760921843
CC_2A5316E550F0,0.08873935749172585
CC_2A59695EF90A,0.5779224373694886
CC_2A606D00CC46,0.07411275961598945
CC_2A6C69145AE0,0.08100082329730093
CC_2A6CD71471A6,0.10753902789573566
CC_2A70D6EF64E1,0.07706466992344432
CC_2A844754AE67,0.6479046716804139
CC_2A85A7B242FD,0.16887641960148272
CC_2A9A51067D7F,0.15628951700335014
CC_2AAAD4020436,0.2123906399668831
CC_2AB62BCF3704,0.07948542413445805
CC_2AC1C8DE5649,0.12204397833883901
CC_2AD10D78793D,0.7363982855909953
CC_2AD26446A7AE,0.04067907886710451
CC_2AD2D35975D1,0.0785375116132148
CC_2ADA07B0211F,0.3112675325110536
CC_2AED2D284351,0.31684285727226597
CC_2B01FDE2552D,0.24168103717889436
CC_2B06DDFD7F8A,0.0763259597764338
CC_2B08FBC0A948,0.1752550397787994
CC_2B1914218468,0.7666784480419979
CC_2B1D93E12DC9,0.23091117637505212
CC_2B248C488918,0.08043918518077006
CC_2B256891C60A,0.6010910995035572
CC_2B2801591A25,0.3621395887963325
CC_2B2B7CF1E40F,0.10402167074465314
CC_2B2F4204834B,0.20957396079118878
CC_2B5443C7AB87,0.07098049897050145
CC_2B5D780AC244,0.6436151986879525
CC_2B64E67CFF13,0.05643712228215239
CC_2B6B872C8D21,0.07279259294520568
CC_2B85D931F011,0.10045853366098548
CC_2B959EF030DD,0.1693676883997816
CC_2B973D1AC16E,0.1301625164540785
CC_2B98983C2687,0.05268204704129977
CC_2BA581E7B8D2,0.10417186612655686
CC_2BB2C432C369,0.10210029843864583
CC_2BBE19587CD5,0.08616729048985139
CC_2BCB838A9581,0.14435816848089636
CC_2BD0E9336EB4,0.079965780033223
CC_2BD1633FD528,0.09053814377577032
CC_2BD58FC8C2B9,0.04240932234147422
CC_2BD6083CAB0B,0.7945327491912252
CC_2BDD47B177E5,0.7995956837788983
CC_2BDE889EB05C,0.28572186030946833
CC_2BF8DB192A49,0.6291037160631832
CC_2BFDF46F3AC2,0.15560232792855427
CC_2C00CF2FAE22,0.12534165303888792
CC_2C06DDBA1073,0.3549752691429268
CC_2C16C7838FAB,0.8081317101049846
CC_2C263A1A732C,0.19546979737562517
CC_2C34105831A6,0.16802417493009192
CC_2C43FFA06F31,0.0898261047621382
CC_2C4DEE4CA1CF,0.06203960352304531
CC_2C56DB55E40E,0.0895767685103204
CC_2C59F565C183,0.13747127547274202
CC_2C7F54E56925,0.16665199527046184
CC_2C8CFCC646BE,0.04128941420568278
CC_2C91AB1DB754,0.06214052339904833
CC_2C93356976AE,0.40250483303839246
CC_2C9DADC294C8,0.06090775418572195
CC_2CA94231028A,0.24301389302866933
CC_2CC8CB17283A,0.16723885300515326
CC_2CCD42AA2376,0.11171779452015909
CC_2CCFE560A79E,0.07175863690296061
CC_2CED227E5216,0.10388122259368293
CC_2CF326E90715,0.04582532834591292
CC_2CFEA03CC6A0,0.671953456298473
CC_2D1D032137DA,0.11893201137974276
CC_2D258781011B,0.19614798028225328
CC_2D30260A1CEC,0.20601765608757514
CC_2D35C002A9F1,0.1283393915415799
CC_2D45DEA4EB25,0.13821993952668357
CC_2D5494C13FFA,0.07214742664926549
CC_2D5EA2953E81,0.18320899908469934
CC_2D6E7894EA16,0.6473479858375271
CC_2D7DA36360AD,0.21711936637658039
CC_2D7DFEACA38C,0.2901270393229425
CC_2D836654A121,0.15124047243603797
CC_2D9CDFC6C57E,0.738165950254817
CC_2DAC67585B03,0.179789254297446
CC_2DAE338809DE,0.2629774834291141
CC_2DB062A18C75,0.5223620200590862
CC_2DB2C55CF89E,0.7850734440377801
CC_2DBCBF870292,0.04204283863239225
CC_2DCBC03B4FA3,0.7252886048987603
CC_2DD78131B5A1,0.10573825597478127
CC_2DD7BCA75AB9,0.11406077588987842
CC_2DEB49017220,0.09803301432681541
CC_2DF6C71ED372,0.14623940866859714
CC_2DFBFA1A4FE8,0.16917752185877322
CC_2E12A41F7733,0.06889350915096855
CC_2E1A348EB1E6,0.09466803289916209
CC_2E23CB0F6F7B,0.36411392643578366
CC_2E3634587158,0.052057721394051945
CC_2E3F4B14D8DF,0.3486742206632509
CC_2E3FDDBF4F48,0.1919908436389377
CC_2E61C46BC16A,0.1796770714464851
CC_2E62AEB14351,0.2915548914278722
CC_2E6F1C0ADEB8,0.15201144555290902
CC_2E7415FAB62E,0.08212088170130888
CC_2E77F7444FDF,0.04240355362548413
CC_2E78431BE3DB,0.07305067343853236
CC_2E7D44FB8075,0.16211172325725554
CC_2E7D8539BDA6,0.3510253425846717
CC_2E7F248874AA,0.7288280479527872
CC_2E85BB8F3BB5,0.09241588849521991
CC_2E8897E4D9BB,0.29199402866390417
CC_2E8CCDE89E2D,0.24342999365895612
CC_2E927D910813,0.1429770171656304
CC_2E9891F5A2D5,0.10857797062090144
CC_2EA56A7EAC04,0.28809539590773636
CC_2EB45D13B248,0.11632957967611895
CC_2EC924B0EAAE,0.10516405386265452
CC_2ECC248C96B7,0.05085685501276277
CC_2ECF0C98B06D,0.3965236430171823
CC_2ED3F6481454,0.14280169029737277
CC_2EDDF0B40ED8,0.14501457880991428
CC_2EE2A139642B,0.14101170628378942
CC_2EEE072DA301,0.20689322661070134
CC_2EFEBB85DAEB,0.14614349899647502
CC_2F133BEFAA69,0.11156062931950633
CC_2F1AAE3B81F2,0.0747790536016536
CC_2F1BC47CC90E,0.05183768587897897
CC_2F2128FBBDDC,0.1681764059616069
CC_2F3D3342834E,0.06270013311901355
CC_2F42D39F710B,0.6207282136971031
CC_2F4AFE398419,0.7145861540880349
CC_2F4C24B38EE6,0.062325747924904445
CC_2F508C0838A6,0.07973312327904468
CC_2F50EC193942,0.20648293044303118
CC_2F5BD03D4900,0.07469870682346098
CC_2F73AF6728BC,0.05549166950085837
CC_2F7EBEAB9CF2,0.1774209993730439
CC_2F9AD2BC25F5,0.055591229591070525
CC_2FA3172ED3FE,0.7068001511949658
CC_2FBEF8808F48,0.1748330466357026
CC_2FC014F0EA3C,0.07889967056872521
CC_2FC3AD2EC986,0.2359233809199867
CC_2FCC82AC097C,0.22268272007460338
CC_2FE2ED7D464E,0.2498168529343984
CC_2FFCC9802D2A,0.1858070028783712
CC_2FFE32627DF8,0.19710338999723592
CC_300BEA90EF3F,0.1478194093841918
CC_3017B64D0364,0.198496585552275
CC_3017E5E87C94,0.13225836031793958
CC_3028375CC87E,0.773944811359267
CC_302A48CFCEDA,0.07508269429138477
CC_3031F96196BD,0.45616589907430377
CC_30328ADA0AE8,0.08674056798739554
CC_30451015D913,0.034413691042663175
CC_305D33AC15A9,0.7342652164497108
CC_306015CFB66A,0.14972211351775155
CC_306413849CEA,0.3804135655971057
CC_306EF0BC7CB3,0.03607019182030686
CC_3075C5B861A8,0.11766369157063294
CC_3083D9B76858,0.05517350062266766
CC_3096994A495B,0.20609261370254653
CC_30B106BC1657,0.1987288037744467
CC_30B967417C42,0.18253111692248283
CC_30CABAFF5453,0.10108647028982143
CC_30D68208FB23,0.35347312957043925
CC_30E2A90BACAD,0.17858294386715856
CC_30FFD856443D,0.5719341112469747
CC_311EF26786A8,0.08173596060391147
CC_3129843EADE6,0.745042347179959
CC_312C34EF683B,0.05131574802265239
CC_31302B64C078,0.1120318105803738
CC_31344A25B569,0.03812247601581065
CC_31397A399AD5,0.08586246183736745
CC_3145B5EAD7AE,0.2005746782291946
CC_3146EE0BF81A,0.11506807604839533
CC_314D02632843,0.2354158890025329
CC_315133406E42,0.2794917253274559
CC_3180D1C6FB7E,0.18729252095789034
CC_31827EE8A968,0.28630408061432233
CC_319BE06CC27F,0.03980981191444669
CC_31A0A97AFFCC,0.42914127189506857
CC_31B22116E36C,0.16481166503328643
CC_31C78D9B6494,0.3685158983671608
CC_31D3FA367B41,0.1055133252589928
CC_31DAAB3E6DA7,0.15201019343567837
CC_31E36F666FB7,0.07417224973373554
CC_31E72EA14FE4,0.14132974146669525
CC_31FC6DC9482C,0.2131142690835279
CC_32076DA6AE23,0.15634582670782782
CC_3209FA12D938,0.3123201124440354
CC_320E17F947CD,0.41040260906183224
CC_3223C706DD92,0.22907907165536523
CC_322EFB2E377D,0.09318716322087499
CC_3248EB928073,0.08534214844364409
CC_325D5DC52B1F,0.10037749238750482
CC_32662A6DB78D,0.1650173319125759
CC_328DD3BA068A,0.2603318354723815
CC_328DF7798F91,0.20224260165625246
CC_3295CFEB188B,0.08356540578489186
CC_329DC79286ED,0.6121146538358321
CC_32CB77D55C73,0.1240081540919737
CC_32D129B9E651,0.09600027075116878
CC_32DB12551D37,0.6681059351423358
CC_32F00D77D5CD,0.10270328830455865
CC_32FF5F6892D9,0.19693573981055829
CC_3301EF60877F,0.15177861911443005
CC_330F334BD816,0.11395220860334294
CC_331285B3494C,0.21845702812801376
CC_331364283D5C,0.152268997249415
CC_331718E0F54F,0.1603927726250126
CC_33194D48FF66,0.09744397026518097
CC_331E8B8BCAB8,0.07875305764303785
CC_33254134ABA9,0.7905830411262706
CC_332E42439579,0.08221114167592318
CC_333102AB964C,0.15018199919668707
CC_3338AC0E8112,0.25856762586224663
CC_33656EEDE6F2,0.42785174633485945
CC_336777D934E0,0.47678687580730256
CC_336DBFE464D1,0.5230644691404188
CC_3382BB2F3152,0.15260065152081612
CC_3387207793E4,0.04737602480345782
CC_33992C973839,0.19032350679994936
CC_339C36703675,0.10171179571350183
CC_339CA5814519,0.10841202275848447
CC_33B157F2A921,0.09263773563800105
CC_33BBD10F239D,0.06379466414652828
CC_33D3B12EE56E,0.08975433052604984
CC_33DB68EA27CB,0.09486670949924793
CC_33F0B95E70CE,0.2344175297410228
CC_33F40275D630,0.052918403260155455
CC_33FD5DE22692,0.08088091778867641
CC_340961106343,0.12408985219411832
CC_340BB1F4CEF0,0.12996444813117855
CC_3410B11F1FA3,0.22704686517020953
CC_3424972707B6,0.626297629320374
CC_34452758A645,0.03654260779023231
CC_344D239879D6,0.1347140000995346
CC_34503B6891CE,0.1917879131288983
CC_3451722A3813,0.09009828603865813
CC_34517B513D8E,0.5014010889471289
CC_346ECB4CF2F8,0.1112489366867176
CC_3478E8B6B56A,0.061691417694753524
CC_347AFDE16722,0.08891654819798597
CC_347B1A01467F,0.048958604659798184
CC_348AA62FF484,0.3289843710187074
CC_348D3F098A4D,0.07841719841955266
CC_349290E4D0C9,0.1667884770873326
CC_349347D553D1,0.26571457055113784
CC_3495CE27BB05,0.21404573660451093
CC_34B10A654721,0.15092212434456068
CC_34BD2C5130C8,0.1388642113408706
CC_34C433439160,0.05078982252780906
CC_34CA271F73E3,0.31284955368918044
CC_34CEBEA3B15A,0.06544417500078271
CC_34E58CF793A0,0.16617322424381126
CC_34E6909B6027,0.5814373043940744
CC_34F4292A8B5C,0.20872676163227732
CC_34F6DD223594,0.047610963277730435
CC_3508A7A5E9EB,0.16663305269671475
CC_35094977DD75,0.12231235284578801
CC_350DE157CE6D,0.17786483538862766
CC_351BD5C2EE8B,0.031803323563758035
CC_35486249EDEF,0.2123968776520049
CC_354C9ABE6DDE,0.07132707007353843
CC_35578162927A,0.1347893715642989
CC_357C3E7518D3,0.7530498794370463
CC_3584C15BF11F,0.049081202630776234
CC_3588C5166872,0.0789649962846232
CC_35A68306B19E,0.2571827042422853
CC_35BFB3093D02,0.0529090146653286
CC_35C085ED37BD,0.5211414875892681
CC_35C695C13279,0.0799715318676476
CC_35D1668A4C13,0.24653585653392754
CC_35D27495E0CB,0.7963122464072799
CC_35D562E1DBE1,0.6399213684603753
CC_35DCDC74A757,0.504263204550835
CC_35EC2AB1D1EE,0.14367244529247078
CC_35EEB90317B9,0.5875537983934467
CC_361A9EAF7706,0.23207432350389132
CC_361B968FEB98,0.29931622297620547
CC_361C9FA031A7,0.7971627463442241
CC_3620C5D1B3E2,0.05632605679051849
CC_3622D7221940,0.06312109915366941
CC_363175E92F74,0.32139836026488644
CC_3638C9146BFC,0.13660038005733574
CC_3643A4C7EC5C,0.053109350589446186
CC_36690A9AE112,0.737518932278153
CC_36719170F638,0.10459908170383948
CC_3673466BA7A7,0.09122447587380368
CC_36847054DF52,0.38606530371393305
CC_3691CE792752,0.7688940864830789
CC_36A27FE53743,0.506305261612614
CC_36A3FB06D1D8,0.7906053419756305
CC_36B0F2AD5413,0.06240140986922585
CC_36B1B7BF5F75,0.1648310527893144
CC_36B68E66951E,0.38354297741167376
CC_36D3F09AD810,0.48404810017275124
CC_36DBD8424220,0.5915875287937815
CC_36E5645D8018,0.06770060876690691
CC_36E6592E4E23,0.1453152698199974
CC_36F143AEC864,0.11740719417771818
CC_36F2A735DF73,0.1522663275029676
CC_36F81C003E8F,0.050010249576446356
CC_36FCD55EE425,0.4903648737273124
CC_3701D5DB7FA1,0.0868183752003204
CC_3706E1EB2587,0.5293521011908856
CC_370E0F8EF86F,0.5524898699363245
CC_371D47444D5B,0.7039751005609711
CC_372CFE308EA4,0.631194647398673
CC_3731D90357A6,0.3142206338918237
CC_37322F66C543,0.0418341077643737
CC_373539DE38C5,0.13081113927382176
CC_375225700242,0.3775363557363053
CC_3762D0B6F3C2,0.11989095788145933
CC_377A277E831A,0.15327215374937264
CC_377B6066B91B,0.2343165534049356
CC_378D71726B5E,0.07178533038834987
CC_37A46BD0DCBF,0.045031014904792666
CC_37B447368F02,0.7436802678972815
CC_37BFDFE369A3,0.2335447872733984
CC_37D09FE492BD,0.07602378831239487
CC_37D3F4C07235,0.2431880413947272
CC_37DDACE48E3C,0.13740641407856477
CC_37DEF85C0A37,0.3358032009771055
CC_38020CED9EEF,0.08918693727330275
CC_382207621EC5,0.7923046909165249
CC_38374AB27F95,0.10152754775589268
CC_383A5544DD5C,0.1322760030644587
CC_383C129A5B96,0.25563245551819974
CC_3847AAA649C7,0.10746333425075788
CC_3849D992C1E3,0.07963113441052248
CC_384BB17F0F0B,0.5778741895549091
CC_3851177E5E76,0.0675406829517263
CC_3862F88850B8,0.2699270821174638
CC_3867CFCFCC94,0.2229668184742963
CC_3872ED018F85,0.17706095887087855
CC_3881A587C072,0.1276656885192862
CC_3882F8EB5EEB,0.5846993971526457
CC_38911341EA6C,0.08339446370723685
CC_389E5B71E254,0.5526724453237123
CC_38A0DBCD3728,0.10318250986457878
CC_38B3E9142747,0.11373968555027478
CC_38C1B8860300,0.05365664473735087
CC_38C8CF250B60,0.032458361493378565
CC_38D32B790B4A,0.12096088979302112
CC_38EB304A9915,0.1853254792564518
CC_38F26461C872,0.7219025552311454
CC_38F942257E28,0.5337936615238646
CC_38FA5D78A8A7,0.050228799696098746
CC_3903D7BCCA95,0.07428991061923795
CC_39043D7ED04D,0.21757643109631272
CC_39098B256732,0.06070460875029131
CC_3909A2E4C679,0.149480365317578
CC_392344DF8D55,0.31458911424781677
CC_392628C8AD47,0.07860047037789059
CC_39285F4C42BF,0.3743425581939082
CC_392A376EA1A2,0.08829742448313495
CC_3932E086F150,0.15243117666201517
CC_393D1D3640D0,0.06301143932087
CC_3943B3490B49,0.6970067835277899
CC_394DE164DBCD,0.12528198014970274
CC_395600E84A54,0.11981923698410465
CC_395D181A7E1F,0.09052234804348865
CC_395E8CACC437,0.13511614907627362
CC_39635AC6A70E,0.05388951322039276
CC_3969352E3ABC,0.09112366801208098
CC_3985C0DF9CB5,0.5352024253153778
CC_3989F2C6A9F8,0.21262366462763366
CC_39A82672A1B2,0.07338232936424949
CC_39AA15DAE17D,0.6565691365642299
CC_39AA2A3D98CC,0.03622537733240139
CC_39AC257B00C5,0.10279514148642298
CC_39ACC63CDAEE,0.11043966112477846
CC_39CE40784C2C,0.22294599835451256
CC_39E1A306D418,0.1453748837909629
CC_39F2B11C46D7,0.10181604113633189
CC_3A10F5F50A27,0.047299340582292085
CC_3A27CF9D162A,0.5458251307949379
CC_3A297424A7F7,0.1213476626249857
CC_3A39F7930BF3,0.0868760339022699
CC_3A57566F9977,0.5494651246761851
CC_3A61121254E6,0.05371277144555393
CC_3A81C568A7F8,0.1542934263802594
CC_3A82E7050A4D,0.04876530910093869
CC_3A860AADE6CE,0.15864046732287299
CC_3A8B3FC29C9E,0.11461056328439556
CC_3A8E9056A5A2,0.08832834667074634
CC_3A9617A5777D,0.4316598850208135
CC_3A99D25777CD,0.13615822755553936
CC_3AA9E8D01340,0.5605506912660485
CC_3AAEFC09C290,0.7497954304469314
CC_3AB5E579843E,0.24802916567371225
CC_3AB77A30AD40,0.19905450681439527
CC_3AB7BA36A414,0.3088720804635827
CC_3ABA830A5BB2,0.11602118486554147
CC_3ADDDA550A57,0.11358262959962759
CC_3AE7B1151DC9,0.1353889009029286
CC_3AE9A209EE00,0.05140061730547919
CC_3B06FCD75C98,0.05511613829344209
CC_3B0722FB5E8E,0.2751315665668973
CC_3B1C51DD7429,0.17190601504023095
CC_3B1F4696D710,0.5737400990977236
CC_3B224413A072,0.22764785116204062
CC_3B35C3783CCD,0.23248125466025302
CC_3B3626F3DF9F,0.20263564529543868
CC_3B4405C7E486,0.566876404478838
CC_3B4C4A9C9D99,0.33117774339652656
CC_3B72F0E9E3F8,0.2081764900505179
CC_3BB02A95C6C1,0.7203540169927293
CC_3BB8B675C2BC,0.4354955164357226
CC_3BC51B069218,0.12942512012072332
CC_3BCA5BD201AC,0.1509544581998216
CC_3BCAC9793441,0.2941962111000687
CC_3BCBC867AC4A,0.0414219826505177
CC_3BE51412ABE7,0.39470496060415206
CC_3BEA98B401CD,0.6517611404216057
CC_3BED6DF1ABF1,0.16395210828333762
CC_3BF0BF7CF827,0.8281852511478852
CC_3BF110035599,0.6422099379380918
CC_3BF213810DEE,0.6555761482734976
CC_3BF21CA88D3C,0.48678956376917293
CC_3C0E29764C71,0.07608881477903441
CC_3C19509D4636,0.1571758254868842
CC_3C1B038BB068,0.16963863493902737
CC_3C594CADCA2E,0.20180870538953344
CC_3C5D909498F7,0.643505396847135
CC_3C68D5179A01,0.09702876003016248
CC_3C83955704BA,0.7857234986455301
CC_3C93218F41B2,0.36055204426068765
CC_3C9CFC8FB4D1,0.7424278096328806
CC_3CA266EB55BE,0.11552506489316541
CC_3CE49C937F7C,0.1112768822353396
CC_3CEEB9C04F0B,0.38870453061469185
CC_3CF504AD4DD9,0.07519563018494752
CC_3D1092DBC5C2,0.2200588018055902
CC_3D185833E7BB,0.05324989523258946
CC_3D2309981121,0.33526054622026036
CC_3D27A0086AA6,0.18249145569074665
CC_3D3BE7D0F4D8,0.11036370188481202
CC_3D412B5EA919,0.09844861356274971
CC_3D47650C6F30,0.08029005609588392
CC_3D55D1FD8457,0.05039943482145764
CC_3D599501BA76,0.07151009397630913
CC_3D6181EE3C87,0.6582100044031942
CC_3D65CC165F44,0.1554841167017131
CC_3D6CF6DB8014,0.37752561590554257
CC_3D7C14801D40,0.17444919864301325
CC_3D836BDBF866,0.6024154984555931
CC_3D8DF3A3DB71,0.7578526336170958
CC_3D9309851089,0.1817547572493916
CC_3D9ECB4274C3,0.11966405819027442
CC_3DC8A9A92802,0.33990653436637125
CC_3DDD3813D1D4,0.09517939577864365
CC_3DF3FFB3CFC7,0.13250797982310095
CC_3DF88701601B,0.1477799552885756
CC_3DF91A482CFD,0.3226082411487049
CC_3DFD6349D046,0.6025875397502354
CC_3E0D54125AE0,0.19855166529581836
CC_3E10CFE1DD57,0.053472981420061225
CC_3E13CB98572B,0.13274611965016808
CC_3E142C8ACA6F,0.0925886381800572
CC_3E1BAC4E5B90,0.05439705722016127
CC_3E2DD0D1E2D8,0.1377071784281637
CC_3E403BF08A45,0.10596209954718296
CC_3E46368104AE,0.1026170851722248
CC_3E48A086B5C7,0.26696897029526373
CC_3E54451B0F6D,0.08419042347381328
CC_3E6335ED3F4F,0.0890287002010265
CC_3E87A65C50A5,0.15898429328950825
CC_3E91109E2090,0.062458487709476894
CC_3E92A1EDA618,0.24068934370339232
CC_3E94684FE270,0.505521533152166
CC_3E9DB402F352,0.16673533824139306
CC_3EB5A15A6C04,0.7969633813235053
CC_3EB8A9A6C49D,0.1168075787438614
CC_3EC96BC884F2,0.11484154500176721
CC_3ECA9E44B90F,0.24998597988167395
CC_3ECE4EF16A44,0.20134367280100202
CC_3EDDB8E70F57,0.2084886651477217
CC_3EDF137D0E1C,0.13982107633749402
CC_3EEEE844410D,0.3590947732506923
CC_3EF4F348C967,0.1257705460719383
CC_3EF91DD11A81,0.14717563570549272
CC_3F08C55E7A40,0.21412126776544474
CC_3F171CED0CFA,0.0343521437481349
CC_3F2544EFA753,0.11025978794314055
CC_3F28F3286CCA,0.07881193274840023
CC_3F379CB37B0D,0.1812554919259339
CC_3F42D798AB1D,0.6521015183853313
CC_3F48724540D5,0.16757579577855325
CC_3F68068E2D5E,0.11866883259848544
CC_3F7FBE71B77F,0.07251291082188946
CC_3F80017B8599,0.057339977026035285
CC_3F8B17953200,0.07083926032570474
CC_3F964BADC4BC,0.7222542104817151
CC_3F9767602FCB,0.18996318658047046
CC_3FA84F0B23CE,0.06078849425791003
CC_3FB4B189143F,0.15348619227904942
CC_3FB7C976EB26,0.4589632291711064
CC_3FBCEB2F36D5,0.11910948489638579
CC_3FC4FE843245,0.11916530699570889
CC_3FD52E32FE8B,0.6675210345823582
CC_3FDB44EC6254,0.054630258971718644
CC_3FEFBD6DC62F,0.21244248391320636
CC_4005466D00ED,0.31745793658015464
CC_40095FFBC1A2,0.059498062179042806
CC_400F1887A662,0.11553889698075356
CC_40133FF3069C,0.10436157751971666
CC_401C6F0EED5A,0.10997964740308891
CC_4021AD03FA01,0.1529965156615251
CC_402E91F3A56C,0.11596858823292211
CC_403754B6988D,0.10374809732044923
CC_4052DFCB1656,0.22316511741528783
CC_40579C5C13D5,0.7823201616095075
CC_406937FF97E7,0.09168389721206563
CC_406C4233347A,0.21893568242468534
CC_4073E42E11E4,0.17557048292527197
CC_4077BB12A5F4,0.09352204990169315
CC_4077DD5B5C4F,0.12969601686308158
CC_40824D899215,0.07660075903792106
CC_408D79189FBF,0.31223428733862146
CC_40A3F1D5EA0F,0.32801717073608805
CC_40A852A592FB,0.12140380269683763
CC_40AADA91D560,0.18958872187748096
CC_40B39CB2CC58,0.04021838505232446
CC_40CE2030F058,0.05912943384428962
CC_40EA2F8481E8,0.16126981849946972
CC_40EFD7778F98,0.13559142330104396
CC_40F278D49681,0.2534584130338507
CC_40FFCF631F19,0.3999464420879111
CC_4101D1B82788,0.22829979967735747
CC_4109B79A4B06,0.037472600188755534
CC_4119348F051A,0.12138314667444772
CC_41206EE45803,0.07692321826187626
CC_412DF740DA62,0.1505041660733108
CC_413AB4CA7451,0.0868512364548773
CC_414C06C60FF7,0.6930691903632024
CC_414F50748A51,0.0649078051654136
CC_415C65EA66AA,0.05231275912781244
CC_415CED95F7CA,0.14124675714321064
CC_416584250060,0.1103511618729431
CC_416B3A1F0F0B,0.08035171357971771
CC_41735021FC7A,0.2015817833013814
CC_417858CD20F4,0.11820115685673181
CC_41902EFB3974,0.04817267480625014
CC_41A27790EFBF,0.13504256982096802
CC_41A4A223F39D,0.09554255482768252
CC_41B464757ED6,0.11732786493368039
CC_41D1A87E1136,0.4631426712994739
CC_420FE297808E,0.04023371367093387
CC_4211096D5588,0.17931869059084957
CC_421F4D78128B,0.45163084710773455
CC_422F2780C85A,0.3401330745796805
CC_423B0296BE24,0.07307937700832817
CC_423E78000AA5,0.16650690970964738
CC_4246081DD359,0.10542544037236777
CC_4249EDF2FDCC,0.8124063714771363
CC_42568C67F412,0.4068013164773807
CC_426A25EA9E21,0.7021974497203396
CC_427ECDDEECE6,0.2985921127781046
CC_4289EEC8F0A2,0.18773076922728488
CC_429A7158AD07,0.11840635296169716
CC_429C51AE729D,0.04696154840025515
CC_42A0DE1E5E80,0.08787966193937419
CC_42A7D0F5388F,0.08412723365688561
CC_42B23C8C9F66,0.16118865574618163
CC_42BD3999AC3E,0.28485688721295244
CC_42C95B199130,0.42026224685059677
CC_42CD6CE97523,0.4283044185584349
CC_42DA114F12A2,0.2833156258777295
CC_42E2736AA331,0.17139628436968848
CC_42EA825C351B,0.46013240651052617
CC_42F1B2B4D258,0.4955104852098755
CC_42F4588EB38D,0.2927142400133611
CC_431F29A12E99,0.19412195625444714
CC_432EB78A198D,0.23262712363765642
CC_43383344BC72,0.17737549563772884
CC_4339187DD10A,0.06569440653396796
CC_4344A2E7EA1F,0.4852129217647635
CC_4347468ABE51,0.5633070009375877
CC_434894BC2577,0.06444521953217593
CC_4362DB93FC92,0.08084128534474341
CC_436850DDC704,0.1384591981031511
CC_43698E2EEA0A,0.10225177264047906
CC_4387F73F131E,0.10769947986029206
CC_43A33C994C70,0.3604985677650357
CC_43ACD82B5514,0.3090327475806751
CC_43B37131B8FA,0.20799276883469234
CC_43BFCAF8BD20,0.15336695937058167
CC_43C060E01266,0.20192545201348028
CC_43C41AF27375,0.0594637151709596
CC_43C5AFA48B93,0.08520822749128339
CC_43C767A44C55,0.19551719072821433
CC_43DECAB53552,0.04994237524387144
CC_43E6D931158D,0.37447229252154834
CC_43E9F88019F8,0.06730225539195404
CC_43EBD6EBD675,0.07814085103653297
CC_43F81C577002,0.33766797275004207
CC_443C4E041687,0.07349140649633051
CC_443F63BF238A,0.09930639370574057
CC_4463776F9AA1,0.11196781673031513
CC_446F1EDF03C8,0.06753873644998905
CC_447BAD4F7820,0.8388936816844142
CC_447D02F917B5,0.059131861716590704
CC_447E705746E2,0.15550925252737638
CC_44A017104F93,0.6468815619006714
CC_44A1E58CDBC0,0.055466087844858215
CC_44ABCC04C418,0.08634470910512165
CC_44BF6BCCFC2E,0.0539967789479241
CC_44D0671A3B87,0.12410274554243951
CC_44DBEE3A7D81,0.16303442577464425
CC_44F7DD6A88A1,0.23601290264045655
CC_45080C42280D,0.20087077138941978
CC_4524AD74135F,0.3868294865019059
CC_45262103231F,0.20278759557113424
CC_452D8C5D039C,0.8137911488318713
CC_452DECDBC90F,0.08606289515107006
CC_453C9B3A5992,0.4725764074807125
CC_4542AACA1FE4,0.12162504796742572
CC_455209549D3B,0.7894965340910473
CC_4555C804C4D0,0.08367706190424515
CC_4581E4190B2E,0.1058438871597693
CC_458912F91D6F,0.4615944211812451
CC_45913E1BE65C,0.3204153643226548
CC_4594791FB40D,0.12644526405218753
CC_459B49073E2C,0.32694351872282024
CC_459EA8E0E2EF,0.12946060670808418
CC_45A4A38557E9,0.14438242255244377
CC_45ACE2B1DB6F,0.07637851221894566
CC_45C1A92F0E8D,0.10600076178945503
CC_45D0673EDD20,0.12244211372655453
CC_45D70DC84DA0,0.1048941592536083
CC_45D96479EC1E,0.06241738294832348
CC_45E8597BF74E,0.07732615071357664
CC_45E97246F83A,0.29782178010491306
CC_45EC44761309,0.12064977672077305
CC_4603A6F83E2A,0.06613256637066912
CC_46045CEE8330,0.06705552639891305
CC_464E17187A4E,0.3664726932079926
CC_4659FB4B8536,0.12869865306271805
CC_465EF4F9B68F,0.1962043525578551
CC_4663FDE62E3A,0.25636297608373576
CC_466D54BE0809,0.0731361735252169
CC_466ED9BD34B5,0.08113867879412133
CC_466F7908E13D,0.18811100718007634
CC_4695A5525A11,0.15705087200848278
CC_46BBB8A4854A,0.0632414279876888
CC_46BC61EC8F2E,0.2151628475880808
CC_46C0DFA660B0,0.12284915630811787
CC_46C2DCF84CA0,0.11267656189997852
CC_46C38B9F0D8E,0.08422307562120611
CC_46CAB9AE7C87,0.5163604755900787
CC_46D0D1ADEA59,0.17136716087691087
CC_46DFC1AA0821,0.80102679992262
CC_46ECA5976180,0.10892705925333895
CC_46F5F6D27991,0.08530023488873649
CC_46FE9F226120,0.23995939792525836
CC_47130CC63FC5,0.19358435349948663
CC_472330768F5F,0.10497705500647535
CC_47292EBB8BD1,0.15142452555386138
CC_4734AB1281DA,0.055430932758015895
CC_473989E6BA47,0.27296178323457354
CC_473AE07014DC,0.17656047322608384
CC_4741EF45C3DB,0.23037502926039577
CC_474586BE49EB,0.14328737297283192
CC_47490BF44944,0.25818117086875964
CC_477213DAED38,0.07422994589676785
CC_4778086276B7,0.12944447114108193
CC_47910B073CF3,0.1566377279879604
CC_47939776FDF6,0.7135702915223403
CC_4796F6A64420,0.06495655308593137
CC_4798549B52ED,0.3002790887419732
CC_47A3714E7D2E,0.31440553619260164
CC_47CE219EBAAD,0.18574799001881304
CC_47CF9074E03E,0.13266892747764442
CC_47E4537A53FD,0.11856631194440871
CC_47E8BC938FA1,0.14092346768501451
CC_47F134D17818,0.1432875312544341
CC_4812FBE05C7C,0.367503425311589
CC_48152725FAB1,0.568327006296952
CC_482256495FAD,0.6423527165701272
CC_4829FF15D21E,0.1275420257169034
CC_482D26D81935,0.6662096591116492
CC_4838990A8D02,0.06460070042813151
CC_4862EA9CD1DD,0.047442303597122516
CC_4862F8C1B0AC,0.08248225105756354
CC_486CD67D26CF,0.16221301331353657
CC_486D8F9AE549,0.29965708821327197
CC_4877D1BDB737,0.10514027292961638
CC_4885E34F0B26,0.12816982024906026
CC_48928CA8082E,0.14806455196175938
CC_48A74FF0E6C5,0.08863989801843732
CC_48E0791DDD62,0.07109720531595216
CC_48F620B6A472,0.0998278377176308
CC_48FDBB1D7493,0.133510573641606
CC_4910EC928152,0.13364416668619764
CC_491C18C17767,0.06138009242854867
CC_492F65EF8D9D,0.7956691680293372
CC_493DDD53B97E,0.05049933341600574
CC_495F82AA5B9B,0.172496947448895
CC_49618412FF86,0.07993905005703741
CC_496A7CFA344D,0.7358938072841508
CC_4983EBABAE3F,0.08387473234916303
CC_4992C1915957,0.5271373912565196
CC_4993B31028A7,0.08058093309428656
CC_49945441A644,0.19915213876802454
CC_49A80692BC68,0.12068865881896587
CC_49AB67613A58,0.1737114725931444
CC_49B05CADDD95,0.5559545196686895
CC_49C6F9AD111E,0.10838759026035058
CC_49CEB94F0B3B,0.045272772652521484
CC_49D3A79B55CD,0.08685104133305162
CC_49D6671DAE8E,0.09773341862456537
CC_49E6C539B1CF,0.05053803919558705
CC_49EEDF0DA684,0.036500164115143625
CC_49FC290E33A7,0.18189895832679365
CC_4A01CF2F67D2,0.7319115275239475
CC_4A16DC668832,0.5287242811542069
CC_4A212461781C,0.07058258449109776
CC_4A237A8E6706,0.16375849250690333
CC_4A3DFA0E27A4,0.1437011272674401
CC_4A513D39DCE3,0.06795544481546718
CC_4A532B0E6165,0.14476644542755343
CC_4A5FA9F1C804,0.1009690438355501
CC_4A7BDEC665FF,0.05617286856547651
CC_4A7FC9B23222,0.3204324008125076
CC_4A8A7080FA25,0.22815656840009566
CC_4A8EFD589879,0.06303839463745377
CC_4A8F7D2B857C,0.18238278602652078
CC_4A91E8D4289D,0.36577435797797314
CC_4A93163A12F4,0.32239417530716796
CC_4A9FEF48EA65,0.10264819188789857
CC_4AA73D751AA5,0.3187888212038672
CC_4AAED0C85F70,0.1450217604642957
CC_4AB1DEF044AA,0.04366349967303714
CC_4AB5AE299217,0.21012486217739648
CC_4ABA0CDC2270,0.19004625139022455
CC_4ACFFC2F295F,0.6127597666192066
CC_4B0490BAB1B9,0.07530740145270978
CC_4B28B03CEFEA,0.09171148725932761
CC_4B420765EB9A,0.11568760751920307
CC_4B47C16D9867,0.1236686310363109
CC_4B494C4D7D03,0.40220452620589137
CC_4B4C84B015C2,0.05166654746804677
CC_4B607295E983,0.05523677773550214
CC_4B6D24E81483,0.07568016963580727
CC_4B77AF6FAF2B,0.6633411151213993
CC_4B7EC3F2FFBA,0.053584009218564516
CC_4B85318DFA50,0.12794649391184765
CC_4B9B36B36DA5,0.7336819713048358
CC_4B9E0AD5D692,0.5104851048640506
CC_4BA041C9678C,0.10830540482751606
CC_4BB40F2129A6,0.08378398871967196
CC_4BB8FD274E2A,0.0740888735020955
CC_4BBB8118FBBB,0.13568794557170766
CC_4BC8CB91719F,0.1282133150247884
CC_4BE447D54BB8,0.14798547037279805
CC_4BE85B1BDB62,0.3186275179690515
CC_4BEF3C7F6395,0.23083337919366045
CC_4BF03FF61B97,0.4511140853837486
CC_4BF4C38EAE8D,0.27449235474068356
CC_4BF95B8140C8,0.11577034466287227
CC_4BFE0CB61B5A,0.3741448709087117
CC_4C2A3F254101,0.36255533919154737
CC_4C351DEB6230,0.2171615730205307
CC_4C38031A2A9E,0.10926340735991907
CC_4C3E35875F03,0.11112614709426996
CC_4C4D79F933B2,0.12581697223179392
CC_4C56497F4AB0,0.7079803777739567
CC_4C827B493CFD,0.12670284247398184
CC_4C849C6073AF,0.11329131844938554
CC_4C869E6F618A,0.14800995275063658
CC_4CA21C15763D,0.11791837578264296
CC_4CB2F1CAE684,0.09636416204665911
CC_4CC0265E0778,0.04969087993100249
CC_4CC5483903E9,0.5963528221866531
CC_4CD7C76FE235,0.4260516847538416
CC_4CE2BFED4F4C,0.08515307644196667
CC_4CE751CB58FA,0.453926131546346
CC_4CF3E184C500,0.04910382264221991
CC_4CF668E60D64,0.2929820323979056
CC_4D1A1AF53E18,0.05402846531949321
CC_4D29155FCF33,0.25242739325673946
CC_4D2CC7618AC2,0.515523286254674
CC_4D350FF7402B,0.3538226471642771
CC_4D38AE84E3CB,0.19131017620650603
CC_4D4140E1056D,0.1019849198722534
CC_4D5545FAB130,0.5601749192579338
CC_4D55E218946E,0.0893814269273491
CC_4D5E14BD6AFA,0.08764778031268905
CC_4D78935D66E9,0.06356408062465838
CC_4D883AAAC6C9,0.039483961645247485
CC_4D8D8108C51E,0.6076566686174056
CC_4DB40331777A,0.7908206826196619
CC_4DBC8652D26F,0.0934563467299799
CC_4DC0E154EBB0,0.7125693830000263
CC_4DD5B8780C4C,0.10739169717391378
CC_4DE0070FF683,0.14336509572673062
CC_4DE688CDBC27,0.08455360071825033
CC_4DF37857FCEF,0.07225011903361292
CC_4E20F0249BC6,0.7570253673309904
CC_4E2F01B7B9EE,0.18223010441573584
CC_4E41C247B4E5,0.17462663140501955
CC_4E479F6989A1,0.06185926654875281
CC_4E48AF17BC29,0.09300096714158691
CC_4E6BE67E3C4F,0.040010257354304316
CC_4E70939C5933,0.4803923681534885
CC_4E70FB172717,0.15172048114651068
CC_4E726EE8C026,0.2960567146104408
CC_4E76F48DFDEF,0.08640817587189112
CC_4EA180B2B913,0.03263324185455119
CC_4EA67A160C3E,0.6027499872639571
CC_4EE41FC91AD2,0.18392570345643497
CC_4EFECC6C2E36,0.6609390173091818
CC_4F22CB97C34F,0.0545255397540768
CC_4F2444DC6C75,0.8297614676604851
CC_4F2B7F512DD5,0.06884358129773215
CC_4F504A9744FB,0.10857048828170558
CC_4F6FEE589187,0.13417601231984552
CC_4F71AAF96C32,0.07948257449657928
CC_4F76E57C55EF,0.3512750754993294
CC_4F88D3E5AA2E,0.04424964922643296
CC_4F8A4384F6DE,0.13852918978460355
CC_4F8D83DCCF25,0.20001039129004688
CC_4F956AA47816,0.6584594422115733
CC_4F99FCEA10E8,0.09876514201009202
CC_4F9F10A183F6,0.08386785489272247
CC_4FA766935F14,0.10826807514685144
CC_4FB0B9E398F2,0.3179477984693106
CC_4FD0DF6CA3AA,0.05995770553134591
CC_4FD902F7ADEC,0.0809047622973364
CC_4FF1155E3A6B,0.34399744071826305
CC_50103368F241,0.08505071978588505
CC_5012B9991935,0.12093758267606705
CC_50172FF2C2C1,0.11965413786465326
CC_5017C9BA7773,0.059441426113423027
CC_502C3D0EC4CA,0.09474340569515463
CC_504157951119,0.05372941873412494
CC_5042938B5A9A,0.4405448932158697
CC_504A57293FE4,0.80802393737526
CC_505812CFE43B,0.3381293277928499
CC_505A6EB06E39,0.3323329648252922
CC_5064CCE0EF29,0.23819894836727556
CC_507BDF639FB5,0.1700521919052206
CC_507E53684AB6,0.11602986584780785
CC_5087A0D1765D,0.23218629846105124
CC_509229AEC221,0.21010159372875653
CC_5092D3A72B03,0.21542148659398497
CC_5092DF691F74,0.5624843699550778
CC_5094BB59416F,0.22873646873272802
CC_509926B384D8,0.7652777537445301
CC_50A6C96DA7D3,0.05129075249812119
CC_50AE75A10F3B,0.2735168708618544
CC_50D4BB93EB1A,0.070431167090717
CC_50DF7B02E356,0.18712219180039047
CC_50EB53CFE7F8,0.06113884169108729
CC_50FC7D563CE4,0.1578200615241404
CC_5100E6EAA3FF,0.1769838731686786
CC_510F2944B2A0,0.11978126413990724
CC_5128881AAD54,0.14632349604260528
CC_5138941DB7A2,0.156115317187084
CC_5139EF8BEAFB,0.170429750584618
CC_513E5EEC6B04,0.12480077633281753
CC_51427EF15375,0.31223640165923705
CC_5147B281DA64,0.3892122156701557
CC_515D968ED36E,0.0948394382881657
CC_5176FF858154,0.09717757448713625
CC_517CB40FB016,0.09127295583293576
CC_51884D5F3E4D,0.10953308893980049
CC_51AE98263438,0.13318822203262543
CC_51C9CE782368,0.1637199820306396
CC_51CC80D1570F,0.06143847078177633
CC_51D2E3476902,0.06131213950864914
CC_51E05E706D64,0.11748185825854673
CC_51E5A5E9801C,0.059889239027151854
CC_51F5DA44F9A0,0.48113439115305595
CC_51F6BDD355F4,0.05947967511947045
CC_51FE657FE212,0.11113553205437543
CC_520950C9BAA3,0.05408002730256211
CC_520B1D31AB99,0.11750723903063437
CC_522550E1761D,0.7808295378530569
CC_524CD519E76B,0.10385333232628594
CC_524FE9E3DAD3,0.45509665942506855
CC_52629A025048,0.12113868519052708
CC_526765FC100C,0.2376851251130346
CC_526E56249FFA,0.25917328984185783
CC_528B42A34966,0.24718830580895548
CC_5292B36E4882,0.18325932089963512
CC_529A2F110236,0.145262140002532
CC_529BC4ADAD6A,0.19109176297987376
CC_52C1C5A6F887,0.07846811951083035
CC_52C3B674FDFD,0.2758162207482582
CC_52CCBB8F9964,0.08495577535919442
CC_52D21FFA24DE,0.7388693983835825
CC_52D32EDBAA78,0.19641902781013515
CC_52D7821A8363,0.14146218427353588
CC_52D9087EBCD6,0.8127468566218753
CC_52DD62E1AC2E,0.17983507866913095
CC_52E8B04F0FA0,0.12324101190963606
CC_52E965E9E2C3,0.1407762989200626
CC_530BA492842A,0.3119067285132287
CC_530F6E906D6B,0.05030663933411048
CC_531FCFBE3B13,0.1259247173503995
CC_5320DFEAD897,0.17500439517284672
CC_53319AE7B829,0.6418416863096857
CC_53481151859F,0.042828497659890066
CC_534D4FC05F82,0.19126870771183394
CC_53687DA8C9E5,0.35278008643904424
CC_53795A7B7751,0.06690666297004448
CC_538328A6B3BA,0.45158095965236994
CC_5385266461B1,0.1924962242228573
CC_53891CB35BF8,0.14880536192848595
CC_53A6E1083B13,0.08821949395758227
CC_53A77DA726A4,0.0864454439382958
CC_53ADBC2F6E34,0.21903693026865592
CC_53B249809561,0.09271770545237479
CC_53B2DF5B019C,0.059457573689081535
CC_53C1F3E031A3,0.13341610194941966
CC_53CBF2E8AD05,0.4877030857653491
CC_53D04793ED9D,0.07019027960698619
CC_53E23A9B6F74,0.06446259335727385
CC_53EB59C99100,0.40967314881660927
CC_53EB9AC04311,0.11959006993908973
CC_53EC732C9B30,0.035983638091601385
CC_540122E71534,0.14630745915052842
CC_5405C89DF8BD,0.7219207941733276
CC_540D69F5BA23,0.14380897485030364
CC_5414446319CC,0.667238637052715
CC_5418410F95A2,0.06667371316246666
CC_5431A01C30E4,0.06878254163049262
CC_5452437FC605,0.4054042757879152
CC_5452979BF98D,0.07248072915260313
CC_546EE83F84A4,0.4748579576518809
CC_5473268241FC,0.15428761358831952
CC_5474EE64D859,0.29840861415023145
CC_5476E2B2FCA0,0.14314776493047834
CC_54892024F98D,0.1965513538366796
CC_54B33C66DCF7,0.0912067386449584
CC_54CF66B660B4,0.45578586710130703
CC_54D3A35EC69F,0.06522705130638942
CC_54D6AE2665AA,0.09265149342228493
CC_54D93974E62F,0.25675612807775544
CC_54F5F552A0F2,0.14706081872054655
CC_54FC3B361BDA,0.09782102077878463
CC_550135E8FAC6,0.1310032562796514
CC_55020AD0D117,0.15393604062561886
CC_55094AF7EFEF,0.09532077501017874
CC_55126E23462E,0.05179289929550898
CC_554C21CCAF3E,0.10853529896941283
CC_554C912C7DBE,0.06996684134082834
CC_556B02A2B401,0.31667879933249277
CC_557A0B0CD0F4,0.1636567787171341
CC_559A14E729EB,0.3098998752737691
CC_559F0DD4E4A7,0.30256772707710466
CC_55A82B4E57F6,0.1449085346449285
CC_55A98ABE4C75,0.12679495944066616
CC_55A9D45EA466,0.04024113425220697
CC_55CB872FF50B,0.20199607614203455
CC_55D9E3D58435,0.21864854352881416
CC_55DFF3C3BB46,0.10071493408467673
CC_55EDC3996984,0.1413371857999605
CC_56013299D8C5,0.0831102287998545
CC_560B519C1F50,0.09191376326445025
CC_560CABF0F5D0,0.15569895415494986
CC_56178AD87948,0.24776111080005672
CC_5619A7BB54EA,0.10501654337314467
CC_5624319D7B28,0.1197416655214866
CC_5625119D6C37,0.1938418546265222
CC_562BE7245E1B,0.6944602619920996
CC_563684010DF5,0.5596238454125021
CC_563EA9A29338,0.1108426464928921
CC_564590AFB575,0.03698987512361433
CC_565E01191BF6,0.6339717906802875
CC_56612A039382,0.05536060622885269
CC_5665FB827721,0.543997009356404
CC_566932C3CC97,0.11364297299680204
CC_5671D59B2A51,0.13447654815646343
CC_567E7DD24A97,0.0901184733216791
CC_567F47F37683,0.042390804304219785
CC_56847A91065C,0.10732219689890628
CC_5698480F8634,0.06866032920761359
CC_5698B024CECC,0.6136315958943799
CC_569DC051A2EA,0.10432262566908646
CC_56A322152604,0.33867757130490217
CC_56BFD9A8335D,0.3440002535784861
CC_56C9379BADB6,0.04282857652055605
CC_56D410FD8F56,0.3516265744649161
CC_56D4549919EA,0.15579221226251472
CC_56D918CA6353,0.13082744567152252
CC_56DB30CE666D,0.15550522754702603
CC_56E760C3206D,0.23028995914083839
CC_56F73F905615,0.7922866968113542
CC_570683C088DB,0.17088399091723463
CC_571C6AFD00ED,0.3905194956587184
CC_5725663C3B89,0.1183750541052551
CC_57291D7667C8,0.15278912331372208
CC_57313F6E7927,0.18870264038495746
CC_5735F9B859AF,0.5838526825300656
CC_573B34826B2B,0.6538816894865511
CC_5744447CAF7A,0.06927402879401205
CC_574CC0FC7B05,0.1037510436301684
CC_5759E2982909,0.09257353439457962
CC_575CCCCDD7B6,0.6563337516438851
CC_57603A37D19F,0.043102952746412744
CC_57639D4995CF,0.24090243369631
CC_576E6676FD55,0.057190515331047825
CC_5775C148E05C,0.13250598781614492
CC_5798E560E9F3,0.7884619043119961
CC_57A486F61065,0.48128076084370147
CC_57A726458B99,0.0634402783663846
CC_57B0D41BD7D3,0.349653961377212
CC_57B501E60C35,0.08155203013600539
CC_57CA90509CB1,0.748384885022257
CC_57CB7673547B,0.09134347776971202
CC_57DE479CB61A,0.7429549943624473
CC_57E7F1A6B895,0.04189673990596483
CC_57F13C4115FA,0.38902288209766495
CC_57F480CA9A42,0.07931045908908614
CC_57FDFC6DE726,0.215583401929905
CC_5810468B76BE,0.14239953930130048
CC_5810F212B2EE,0.3681359321208147
CC_5817759E7007,0.15144118068020035
CC_5818B5089B3C,0.08512675439706056
CC_582C78363EB6,0.09783348742071299
CC_58391600720C,0.11886410738347364
CC_583D7B177F85,0.10396987345344687
CC_584C11014F63,0.1266280289337051
CC_584CDC12578D,0.0626934617538316
CC_5852F443C55D,0.07554379629097074
CC_58565AF0F70A,0.5145044710449124
CC_58568DF9AECF,0.2251916597809859
CC_5859EE6309D5,0.4323416020221553
CC_5872B45E1C19,0.7384454956455018
CC_58797A417EEA,0.2023976118396084
CC_587A4844B482,0.2259534529712749
CC_587C0CC3DD82,0.6769798800863547
CC_5881A04052CE,0.08381279838884428
CC_589A4E02EF81,0.15431511580393878
CC_58AB46E5655E,0.1520203981376434
CC_58B0CFC9F3D2,0.06541254006275253
CC_58BEFDA6B4C6,0.11135148339066316
CC_58D95C7247D5,0.062373294829658824
CC_58DBF3409D48,0.07666035755722916
CC_58E35A47B880,0.1827324801265325
CC_58E40EFF57CF,0.33573942377771676
CC_58F551219BD6,0.07654992454325851
CC_58FA76C6C45C,0.6042510440269174
CC_59018149723B,0.05871305272914701
CC_5904459ACECB,0.7692807439135161
CC_59088B2886E8,0.04254522043839905
CC_590D2E0AD18E,0.6099456853606329
CC_59146CA05E8C,0.09471609094864517
CC_592592397DC2,0.4809483565405369
CC_5926F5B4E054,0.1491566786747592
CC_592A5A163624,0.38218404864105365
CC_5941C323917F,0.079922742717039
CC_594E4E86A1C6,0.20996931902193777
CC_595ADAA76A32,0.08111188782061901
CC_596A20270C3D,0.17672160764026737
CC_5970E93E11DF,0.2843722285964143
CC_597AD111527C,0.10379295861823597
CC_597FDFFA265C,0.10727752845329691
CC_599C287D2BAA,0.44459079065096707
CC_599E345094D2,0.13304223258504244
CC_59A4741B5A92,0.17246696286612997
CC_59BB3A5BA2A3,0.5974368087229287
CC_59BFD1200F6B,0.14167715173566156
CC_59C07CCAF4E0,0.20993934793674468
CC_59C49474B501,0.12479338191083655
CC_59CFBC2CA471,0.5888412826386935
CC_59D62BE0C0C6,0.12344771501995723
CC_59D86F572716,0.11980754612513554
CC_59DF71FBA4B0,0.04301532558325146
CC_59ECB7465DCD,0.061438654253910215
CC_59ED43A803B3,0.037584282199877375
CC_59F5E81F4EA0,0.12985161265645648
CC_5A10371BE7B1,0.7832590939219803
CC_5A2F9A594A05,0.5744072647205583
CC_5A38E46246FC,0.46824983306381296
CC_5A3F52B0A07B,0.22108876756931123
CC_5A5507A49F6D,0.0950667338487288
CC_5A58A5E6DE82,0.08301737923392742
CC_5A5BB6DC1018,0.21377109090453397
CC_5A5C0DF50E01,0.12051522308317851
CC_5A633C535360,0.0870450143946579
CC_5A67E62D8D5E,0.6746832124392808
CC_5A6BA0007593,0.1278552566533463
CC_5A7513434C72,0.03834336026525172
CC_5A756D8AE60D,0.18745415573048982
CC_5A7C13841B7A,0.6151533925620927
CC_5A7CBB6E8716,0.23379823336785288
CC_5A83A1E25A2B,0.37548979228982016
CC_5A86EB53A14D,0.7577352325465944
CC_5A89E13CE597,0.19223088650806444
CC_5A9466D0CF9F,0.11954004033926131
CC_5A95331BD0C5,0.1460961835978322
CC_5A9F63C3E428,0.056897733921182525
CC_5ABC76FF707A,0.05621027716485154
CC_5AD0F1B43457,0.10176637161122896
CC_5AD82250C271,0.04482793832147392
CC_5ADD27165E38,0.7223707663478924
CC_5AF32E5C8018,0.038151083976164665
CC_5AF3690FA0B0,0.1807436369729991
CC_5AFDFAA63B45,0.14227697948943083
CC_5B025DA26FE6,0.04794261013300139
CC_5B07C7DE7E7E,0.1866826030302316
CC_5B08171A6880,0.21239615223749178
CC_5B09FB1A0BE2,0.06871392306394582
CC_5B0D6BA12702,0.4641194905183555
CC_5B0EF2D4C3CC,0.16306693136904155
CC_5B195D88C182,0.3566412890181585
CC_5B1F6FE71A38,0.06008139867807137
CC_5B247961602E,0.05903462881096275
CC_5B276421F4CD,0.05218620749361912
CC_5B289AFA1662,0.28046548831452206
CC_5B3A16421A31,0.04579441577604014
CC_5B3E78897EB7,0.06646974698760796
CC_5B480B44A9B1,0.12274192744951617
CC_5B546C3A21F8,0.1584629167353775
CC_5B5BC4023EE7,0.1512014168097157
CC_5B6D63DD34B7,0.1029707863964748
CC_5B6E868912E6,0.07342018969951816
CC_5B818D2581FB,0.13692660328130618
CC_5B82E8BB921F,0.24309344726022006
CC_5B8E8DA14EE6,0.16177233599241014
CC_5B900A135A69,0.08830650618476292
CC_5BB64BDF3C99,0.09064081573085501
CC_5BCB2C79D1CA,0.2351088307013024
CC_5C072DB8586F,0.0599381139215097
CC_5C0BEC2A0850,0.10830422340304328
CC_5C24010127D1,0.29996194575268625
CC_5C2DAF5E0EB7,0.4223244075488715
CC_5C3E8DB90978,0.13114624167016145
CC_5C4A7CE69975,0.31064049813949257
CC_5C5766F933B0,0.45580428192834643
CC_5C5808240054,0.09599254294412415
CC_5C5D6E15EA27,0.1811615169287964
CC_5C60C4545922,0.16686331935296506
CC_5C626D70F6D6,0.16459046377027742
CC_5C670F0622BF,0.08870679654656428
CC_5C799E57EF53,0.05791622489897096
CC_5C7B44735AF4,0.15825601896982505
CC_5C7D8DF047E9,0.18591983937099762
CC_5C80F394EFC3,0.1270935063267438
CC_5C99E6189441,0.08376886884263315
CC_5CA9AB4A6AB4,0.10379256871611572
CC_5CB78ADD2432,0.15617759897961514
CC_5CDE37CE08CF,0.0478788479411809
CC_5CE258D12432,0.3603352402494359
CC_5CEEF006ABF9,0.06268177568470545
CC_5CFD2850E277,0.25701248309963987
CC_5D01F71B9FAD,0.12430497938060445
CC_5D065A455A45,0.22008768647320737
CC_5D0AA7D4954A,0.24599752470814906
CC_5D242448B812,0.12482483620782907
CC_5D2C5115BDD2,0.18988808733843968
CC_5D3273E039AF,0.6597460929284114
CC_5D398BB3365B,0.0790897438246264
CC_5D3C1CE64952,0.08505486986485998
CC_5D4B0EBB5CD6,0.1026513522283288
CC_5D5E897588D3,0.11020379611080018
CC_5D65F25FFB8D,0.05882113820918702
CC_5D665A86C465,0.11716400378385043
CC_5D80C353E475,0.0998108443263629
CC_5D8895A0AB4C,0.17823674984971563
CC_5D88A673BF50,0.2270449512395561
CC_5D89688B69A9,0.34220374971966716
CC_5D8AC8E18A8E,0.06764699283662694
CC_5D8E7DC2FA6A,0.5404875832533247
CC_5DA29AD9E85E,0.05385057165827024
CC_5DB286EAC626,0.27982736567805966
CC_5DBC1BB95B84,0.7917388127479364
CC_5DC0A465470D,0.06043224330394769
CC_5DF82CB03C3F,0.09687221237011581
CC_5E001C93F359,0.07539392774004683
CC_5E029094A55C,0.6950926688350643
CC_5E0808121A65,0.15119868584622673
CC_5E1117E4E593,0.11954219554355844
CC_5E1541060A97,0.7180558844470475
CC_5E1C11540C0B,0.09915039398015064
CC_5E1DC0E143F2,0.1417707451368221
CC_5E206AC277E4,0.2286695141139342
CC_5E22B4BC8B12,0.08361274825550698
CC_5E22D889B6BF,0.1358519207630411
CC_5E38425EC99F,0.7376270450395546
CC_5E3A70C2077A,0.1493987301619039
CC_5E5607D275CA,0.1281640960443597
CC_5E73C3D2B3EE,0.1535871632016396
CC_5E7F23A07A71,0.11484401235641091
CC_5E80A96974B8,0.21931315293041043
CC_5E8C0453B9B8,0.32228330087518103
CC_5EA599FBA5E0,0.529489718822285
CC_5EB379BA6C7A,0.10689004648733474
CC_5EBB96F65AFE,0.40362146004315536
CC_5EC41568C2E1,0.09113531077258061
CC_5EDB5C924107,0.332599308469934
CC_5EEE5D0FF8D3,0.15305729323658865
CC_5EEF07FFC243,0.06740808176550211
CC_5EEFD690759A,0.08951429002418032
CC_5EF2176F01D5,0.13026215027568722
CC_5F17CA33D26B,0.06603908945906346
CC_5F20750D6658,0.16296523611374125
CC_5F2CE32A6EC3,0.12745719267199784
CC_5F328EE757B6,0.04873781718147214
CC_5F35B8D87D06,0.1995692142327958
CC_5F390BA40E83,0.7023493441627509
CC_5F59092CA9B2,0.09881045276569665
CC_5F5916E96E19,0.1560757873269723
CC_5F5E835B9E6E,0.10727095479731999
CC_5F648D39D67F,0.5455176979122996
CC_5F6D4104C808,0.16370532044606376
CC_5F72EBE104D4,0.04785259814564037
CC_5F765C41F051,0.06086029721356424
CC_5F8859A6F0DB,0.038974273895268786
CC_5F88ACC7C384,0.1576300121707335
CC_5F89DFA97B7C,0.5340252860512152
CC_5F93A3E31DD6,0.6592713296572174
CC_5F9A44423DD4,0.13060305891483828
CC_5FAA7965BD71,0.13388928697463748
CC_5FAFA265CA02,0.3697617967716207
CC_5FBE1A34704F,0.14633121076406783
CC_5FCAA919577A,0.21916588811728677
CC_5FCD208ADD77,0.19864591451003247
CC_5FECD2BB0094,0.1076910875695643
CC_5FFDE52E6B7A,0.10173211814976826
CC_6002BFD3F26A,0.17862539225846638
CC_600311592F72,0.05601384789865508
CC_600AE12112D6,0.2761664120976143
CC_601C3178E38D,0.18177465606259946
CC_6037EEA42F2C,0.39337279440082046
CC_604C08F76272,0.6476290183035207
CC_604C72AC662C,0.13874400772977857
CC_60510AFA8A87,0.17133461749890702
CC_605E2E26E52A,0.19535956017767725
CC_605E3904CD8E,0.13760477227411247
CC_60611B935106,0.14075829526533948
CC_6061787228F8,0.13480032748644133
CC_607270A72DFD,0.2507368292817075
CC_60738E418DB3,0.1169567151584918
CC_60961DF8A134,0.1307115515294644
CC_609B7A7FA165,0.0737976981188495
CC_60AC5C892D01,0.1111962598375994
CC_60C09FF84412,0.16223265893266792
CC_60C87349D73D,0.29161548354345895
CC_60DA2FBF1FBF,0.11547328917553143
CC_60DA539A39FD,0.17316213775540926
CC_60E974A0B278,0.0666440929162692
CC_60EF7D647EFC,0.05476825857536688
CC_60F525A39898,0.03553929313196045
CC_610009B69EBA,0.6650058427872069
CC_610FDDF5FE54,0.12235005947658037
CC_612C06CB5FF4,0.09928066065080617
CC_61307D82CC26,0.6390540311452308
CC_615030FD33CC,0.6894887425424083
CC_61649241FE59,0.1963072953088865
CC_6170051A606A,0.21856330985223565
CC_6179A630658E,0.08416307787742118
CC_617BD59427E7,0.11980042715770986
CC_617EC8BD5153,0.19038313212493033
CC_6191E14D21BE,0.05643218525882466
CC_61A798B8D222,0.051691164593135504
CC_61B4A983D1A1,0.07912275011971862
CC_61C9732AA682,0.7214216161972631
CC_61DC64E37471,0.05724668979447058
CC_61EAF14033DB,0.10242816848121729
CC_61F18E0C218F,0.07336439317895822
CC_61F1A1263F5B,0.13648796806905586
CC_6209EA426553,0.043600512921001776
CC_622BD8CB3807,0.29863557574726474
CC_6234A9617A7F,0.08880730890152531
CC_623AC074EB25,0.15335614711914325
CC_623FAACE8A80,0.05762336380437281
CC_6244E2935407,0.256474072929159
CC_624535E11F69,0.06120423941198059
CC_624EA2917CDD,0.6413897601369252
CC_62565D08DDDD,0.7379406815293651
CC_6268ACD3F95B,0.5393396285289803
CC_626B61F4789A,0.6356551731043282
CC_629193C2A090,0.2504433505488624
CC_62933641AC43,0.2275997658397313
CC_629480877536,0.36343516357017847
CC_629CB045D9FE,0.08906376705812037
CC_62A84BC400F0,0.34338411590938417
CC_62C36DF81797,0.19563223983974548
CC_62CC835CAE4A,0.6881599105648575
CC_62D4192F126E,0.7786355947171818
CC_62D7A3C9483D,0.0668897265907552
CC_62DF1B99B4DA,0.1110477317181868
CC_62ED7BA3E620,0.054402079359476774
CC_62FC001AFC78,0.0872856037162903
CC_630412B4AFDA,0.17913571645493562
CC_630903AD39C1,0.04009523199129773
CC_630938DCC1B5,0.05477128540178369
CC_630ACED773E9,0.4333684764677567
CC_631E1690D913,0.06422232062844055
CC_633A7C7FC25F,0.27644340054203287
CC_6342051D8FEA,0.2702678856322409
CC_634CE4E8AE49,0.1611648770459069
CC_6359692F5EF6,0.13744142774683366
CC_637278423A6D,0.23814369263865418
CC_6377AB848081,0.13894339121443264
CC_6381A65E0A3D,0.10211336912749452
CC_63871B4814E2,0.11413771411695556
CC_638AD269F05C,0.03563227527056923
CC_6391AE0FB83F,0.13428150985460482
CC_639703EE2ABD,0.04414554530218261
CC_639750C87A7A,0.7571373089579784
CC_639B1DCECD2F,0.16675094152984218
CC_63A869443AC0,0.47311437797460487
CC_63CCEE26BCAE,0.06077830964100359
CC_63D51CECB6D2,0.23778465690272088
CC_63E53402FC02,0.038787442084621024
CC_63FC6895901C,0.13905971882665444
CC_63FC8A97D9C1,0.11785783708600578
CC_64117B93EF73,0.3620917937070295
CC_642D9C325F1D,0.3381101641149876
CC_6436B950E22B,0.18708844319212634
CC_6445BD3DDB6E,0.03770058565365281
CC_645C15569E42,0.10839024906607404
CC_646472AD66EF,0.09216364255312934
CC_646B8254357E,0.1381452832046037
CC_647F4BB4983D,0.6295271491213048
CC_6489ECEEFD0E,0.09105130911911244
CC_64946E57306A,0.04075453855453708
CC_64976830B0B7,0.3064568162884998
CC_64BA10F3FAA1,0.09001788451685772
CC_64BA39A0DFC6,0.086156010277129
CC_64CF9A79EBFC,0.07967087865543336
CC_64F0E0473D1E,0.07881547574413601
CC_65006C2AB2D4,0.7626916579230758
CC_6500BD19FA06,0.28035096397343545
CC_6504DCAA90E1,0.09593345165598269
CC_6509C7361994,0.18112093875912122
CC_651486189673,0.08607947257592356
CC_65194BAE506A,0.19910239765249138
CC_652539353439,0.1801173586523621
CC_653CE5FA5A76,0.24074845321902044
CC_6560C2F4EDA4,0.1585887703222429
CC_656137F98187,0.6295607156940292
CC_6575B4B39113,0.03747810586283391
CC_657F629D31E2,0.21448457185539607
CC_6580B7583ADE,0.21311041230255004
CC_658477BA75D6,0.042036671860536806
CC_658B7867BE7C,0.11981994965399866
CC_6593FE5349F2,0.090255193975935
CC_659EE0F05A75,0.3457402134911548
CC_65A0D8134410,0.2511887769480357
CC_65ADD5A19F64,0.10966072709856708
CC_65C3F0F73BB1,0.0900967473986367
CC_65C47521C285,0.04715882767220347
CC_65C4EE0B737C,0.22699193024876968
CC_65CB68404333,0.19065768685406773
CC_65D6DFF1B766,0.0984604947870628
CC_65F1545C35E1,0.20395063992859092
CC_6602547E2FCF,0.2204984573041535
CC_6615D7044816,0.2510314989372162
CC_66244D4B72EA,0.10764882657941655
CC_662E5AAE07A8,0.051054656693986615
CC_66322B339E84,0.057183580901876356
CC_6634FD4B1CD5,0.7656383625071227
CC_663DCEF4923E,0.19299684562844852
CC_663FE5BF918D,0.44130698017759024
CC_6645798E740D,0.08832816051390907
CC_6649736C8321,0.7872544809695329
CC_664E1026C4D9,0.3058171354593195
CC_665603C4A33B,0.06705252286117286
CC_665BDD9C8039,0.4471744426466997
CC_665F2AD58363,0.20202506034590043
CC_666767444BC3,0.23844657823216267
CC_666C0A2A8674,0.06605772279158692
CC_666F2BCDC7D7,0.1754599044643652
CC_66775178B226,0.06048287371096029
CC_667B6F8C846A,0.612971067502925
CC_667E909835A4,0.22816279657580305
CC_66809C278FCC,0.175036584152247
CC_669CCC44CFCD,0.06069823497689193
CC_66B0BD3F6516,0.3193577259531429
CC_66BF02C05DD8,0.14963961793394281
CC_66C491256BE4,0.07361856786634478
CC_66CEFA65F912,0.3668098515003565
CC_66E025DB3282,0.6289308387370878
CC_66E7B423A32F,0.7119380198456168
CC_66ED26E7BAD9,0.09744900381767975
CC_66F7FF7735C3,0.24982309329129482
CC_66FD0CE6D57B,0.05243398274259951
CC_66FFFE05C2E8,0.0836296997002128
CC_6700012A39B8,0.13148218823563584
CC_670FC6A064F0,0.19719176712118103
CC_672932B65802,0.10577301651400436
CC_6742C6478F98,0.17996932665228893
CC_6745321663BF,0.057261663594973734
CC_67579CF57290,0.17255013223489388
CC_675F7483FB90,0.16950198728836355
CC_676ACFAA6131,0.669014047284201
CC_676B423C495A,0.5798325502180908
CC_6771C0D1CB1F,0.05304946764623668
CC_677EE0369CA7,0.07372955837205655
CC_677FE35855A9,0.17532217590830826
CC_678091614A14,0.12789075086304366
CC_678A43ED0803,0.6510114034016454
CC_67955C210226,0.08875823743775803
CC_6797E0B01112,0.28706789022693485
CC_679D90941842,0.12861010291227803
CC_67C05273700B,0.13644390199158862
CC_67D5172B6450,0.1965431885779751
CC_67E8CF412D93,0.10423741913775904
CC_67F6576A6836,0.2395509279407188
CC_67F985A00A12,0.06955367597949241
CC_6801AD1D4478,0.07348739123956838
CC_6803BFA94B17,0.05922811233004525
CC_680B16E5E240,0.14698091941742733
CC_680F2D0F4F6C,0.10419653293914563
CC_68221E1393E1,0.0923495178411786
CC_6822590B968C,0.1974512816741357
CC_682D8EBCEE94,0.23558741913679518
CC_68429B4AE401,0.43079134450376955
CC_686B26BDD061,0.06208962362914592
CC_687518442359,0.3698738681683442
CC_6875DA61F422,0.20435747131729332
CC_68A3D749608C,0.1495690021853495
CC_68A9C3CE2557,0.09162019482218967
CC_68B9F8C6D9D6,0.6426071952924405
CC_68BC65E3C84A,0.3368332622320411
CC_68CC4D1D898F,0.07533060398995145
CC_68D0ACBD2D0F,0.045069331356557246
CC_68DA8D5488B3,0.07819147736192322
CC_68E675A69AF3,0.19298765103585094
CC_68FC9E6FA27E,0.20384881030503055
CC_69322F7C4CE3,0.12695532050267289
CC_693710EAD59A,0.20205944886740995
CC_69387752F41F,0.4751029255385413
CC_693B71DDFE67,0.14470972920788558
CC_693D4AEDA3A2,0.11508026145243713
CC_6952171BCD2D,0.14451282123237197
CC_69547DEB412A,0.2456324547375747
CC_695E80DBA42A,0.07752274336618165
CC_69717E76CFAF,0.43945207634232586
CC_69741BF89A2D,0.12795823597051745
CC_69825C70EEE9,0.2296841769568944
CC_6985C268DC74,0.47497081498689575
CC_698886C4AD90,0.13041753315651314
CC_6999901A6060,0.16793993999755782
CC_699ABD34646F,0.07410131918234214
CC_69A98DC7A907,0.06157590677105814
CC_69AA6E0DDE10,0.24606293241686594
CC_69AD5A48A78B,0.21688449419339462
CC_69BA7BFF98E2,0.11020212521292423
CC_69BBE365C097,0.060710518340784315
CC_69CD95A00D9C,0.04621430059118034
CC_69D328691680,0.07591109302707442
CC_69D39C9F36F2,0.2553028679919174
CC_69E09390CD64,0.095502107790909
CC_69FD49E90AC9,0.3520734201256574
CC_6A099AFE73BC,0.19252256969072887
CC_6A099E6C91BA,0.303277524378779
CC_6A19EB191A81,0.032149524375793014
CC_6A39017046FE,0.09955145807608788
CC_6A4A401F2920,0.36790460678054826
CC_6A5261180031,0.07354078792675214
CC_6A7432494840,0.17283028274660606
CC_6A7963180D20,0.36356076358919126
CC_6A7D7E5F814F,0.5740503200937233
CC_6A8B8BBA749E,0.15937971695397818
CC_6A8DFDB0621D,0.13508749320623514
CC_6A93C436E2FF,0.10207014918319898
CC_6A97F81D9A0A,0.14421460338695763
CC_6A9D1622B4DE,0.29947251675476083
CC_6AA6589445C1,0.6865630190187579
CC_6AA7A87F59FD,0.17973160846080818
CC_6AADD44C0B52,0.08045906793875257
CC_6AB4A5EBA3F6,0.23689033454631767
CC_6ABA7D0ABAC5,0.11350517497584918
CC_6ACF1E52BE8E,0.13408275644485995
CC_6AD3513459CB,0.09547302575530528
CC_6AD4238EE77D,0.17865056814407995
CC_6ADD0FE5DD74,0.6742477785497114
CC_6AE2737BD3A8,0.08486754765633489
CC_6AE48C1F2448,0.1342923628524755
CC_6B00A666A420,0.6470242073209264
CC_6B07C3992304,0.06959213032128955
CC_6B0A72BBD800,0.6382679632366274
CC_6B12B975F2EC,0.3868501452415391
CC_6B12C9507F32,0.19223438157585315
CC_6B34719D93AC,0.5695848964590066
CC_6B34740DD355,0.1586000110005087
CC_6B41081727AD,0.22231102999787325
CC_6B4902892E70,0.09646471886997615
CC_6B5BC2D89077,0.7339631695186368
CC_6B65242C2CCC,0.1493181339258979
CC_6B823BACBE75,0.3365906377729477
CC_6B83E1A959C2,0.28274706606129246
CC_6B84FB3DE604,0.04196937043406741
CC_6B8AABAA752E,0.1847863180729696
CC_6B8AC0DEE990,0.3785788032060606
CC_6BA45C072D40,0.17202020493171039
CC_6BA72ECB5027,0.10486170521715758
CC_6BB560F020BD,0.06934823328255288
CC_6BDF0B68C126,0.02933904223660959
CC_6BF0A9437728,0.12415532182859813
CC_6BF3B9097199,0.15051260211317644
CC_6BF7A1EF31B9,0.20645111321577203
CC_6C29DF49246A,0.06308082685494691
CC_6C3C86C2125E,0.08196098930174875
CC_6C42FF6D7218,0.6897550688856775
CC_6C541A482CF2,0.22199686610357014
CC_6C585A6BFE01,0.8132340269226133
CC_6C5CE36700D0,0.21711612955559292
CC_6C62C2094733,0.09485851565725478
CC_6C66539A9D02,0.28669355011227865
CC_6C684505E498,0.07092825257838667
CC_6C6E40927C35,0.04588010193786367
CC_6C7736F51C12,0.671330079692255
CC_6C781CEB6F52,0.09298688880434305
CC_6C7E39BF4744,0.14988867145869975
CC_6C9EE9BAECEE,0.08215126219353866
CC_6CA0F076091A,0.09530502213716806
CC_6CAD299645B0,0.14376060711495545
CC_6CC3C50BA394,0.09093980928953986
CC_6CC593C5385D,0.04229331869115876
CC_6CDA4B24C602,0.29236368450432465
CC_6CE31AFF7813,0.062429871131500544
CC_6CECB68DE9C1,0.31046673471865577
CC_6CECD3DBA212,0.1483878531871816
CC_6CF17D012682,0.16080914109591482
CC_6CFCDF903310,0.1515343798976525
CC_6D08B5E62654,0.09211594484756906
CC_6D0F60667273,0.3133012702763202
CC_6D127EE83945,0.050725192267990285
CC_6D134DB29068,0.3580782054879525
CC_6D141A49D94E,0.5912498426363566
CC_6D148C0A624D,0.15546927588491086
CC_6D1EFDDE2EED,0.06444426722654462
CC_6D22B938D7B9,0.07640016863919528
CC_6D27409F4956,0.09168059810319738
CC_6D2F0EBBCA4D,0.21474125368995153
CC_6D43BE30E8B8,0.2649432484662687
CC_6D4EDEAF67C7,0.19623263136256416
CC_6D72571304DC,0.4761375619810475
CC_6D7C62C7C161,0.05815500113521688
CC_6D8A18C28AF0,0.07635544577999534
CC_6D8B35007242,0.08418746351459717
CC_6D93A9E49E3B,0.19814222857739933
CC_6D9C644A082B,0.09840390289098444
CC_6D9F52BD4D0E,0.09822940404626014
CC_6DA058F9B631,0.27690651348187817
CC_6DA1F8DF9CDC,0.2645331716355087
CC_6DB000AEF16A,0.0849895890300284
CC_6DB5025899E3,0.21693527000763027
CC_6DD6FA2FA0C6,0.10106292319577266
CC_6DE4E4C1A31D,0.1729100891702431
CC_6E09CBC15C94,0.49003660913239827
CC_6E353816938F,0.05547321469816603
CC_6E3AB992A5C9,0.16192615512385464
CC_6E420A2FE490,0.1518415766389063
CC_6E46D01888D5,0.1577834640064471
CC_6E4702162475,0.05649768843144901
CC_6E548AF15091,0.23010570957590995
CC_6E5C9A2DA27E,0.04624860618866188
CC_6E610F3976CB,0.20488459581058163
CC_6E614FF9BE02,0.6528112652903078
CC_6E68D46447E2,0.10774613002216242
CC_6E712C21215D,0.04286952941286918
CC_6E84DED41B8B,0.14405147400692586
CC_6E8557E30DC9,0.5590360143228222
CC_6E8963475D35,0.1922261736419622
CC_6E9880CA0BF9,0.3087170215839345
CC_6E9FCD68ED52,0.6727177396253133
CC_6EB194A93F60,0.13936958404990282
CC_6EB370F511F7,0.06631194742815723
CC_6EC722B2BC2F,0.1648983314040588
CC_6ED1B0EE4B6C,0.21628663594983574
CC_6ED65E7CABA2,0.11551836494965234
CC_6EDA84B653B8,0.333202025424688
CC_6EEE8E7C1D1C,0.21611354386139528
CC_6EF17801ADD6,0.1236009966793446
CC_6EF337CC4BA9,0.260512443502504
CC_6EF464EC9FCF,0.11473278262660752
CC_6EF6B8AE7DCD,0.043249305647221854
CC_6EF8C59D8395,0.8450465457776417
CC_6F2146FE362E,0.07102886022311673
CC_6F2408B665A6,0.34273776083285606
CC_6F2B8E925D59,0.03392127631709673
CC_6F3034E96848,0.11076528682384815
CC_6F3559ACC2F5,0.046909152060849994
CC_6F46C5897DA8,0.41232474029910204
CC_6F49ECAE902C,0.07520609214979133
CC_6F4B818665D3,0.12233598167588812
CC_6F4E696A1F88,0.24961497466144547
CC_6F54BD66C0EA,0.1677199009632298
CC_6F786C433998,0.08949350568594958
CC_6F78BF56B0C0,0.09078633674189164
CC_6F8346F138C1,0.4588004965247791
CC_6F86CFDB23D6,0.05795673673251663
CC_6F8E30AE9457,0.14614395419412415
CC_6FC25B27AC26,0.07310362222656513
CC_6FC8BE007FE9,0.14978656310893473
CC_6FC8DA40122A,0.1986741657079619
CC_6FD8BAB1DA3E,0.06518918457793538
CC_6FE4FD09A9D8,0.08105175525611856
CC_6FE78CB02174,0.03523373503690459
CC_6FEB8EDBF2A4,0.17708672294644592
CC_6FFCF2DAD0A4,0.07943278193568383
CC_7002034B0979,0.09172031612160517
CC_7006523D45E4,0.08583430344087618
CC_70097151A773,0.0630604733605066
CC_7011BC95A91B,0.0424823985520515
CC_7020F3C11A3F,0.16639818382821828
CC_70306409A3E8,0.27994338495573257
CC_706B18DA7204,0.12290153689401484
CC_70703A59C070,0.18389211918225257
CC_70749DDFF595,0.12321672545184932
CC_7079CE5127A3,0.0387424100143999
CC_7087A46F0AB7,0.09802412558093684
CC_708B73EBD939,0.17443429500869304
CC_709315667BCA,0.07570823708766021
CC_709970475B6D,0.5966455277521467
CC_70A56ADAC199,0.054872073799650714
CC_70ABB244502D,0.05083976851320443
CC_70B0176647CE,0.1451151997551178
CC_70D3353DA1C3,0.07103341237994744
CC_70D652DF4E91,0.1264208449838124
CC_70E3121BFDC4,0.09339486659182966
CC_70E5FB8B072D,0.051043907294888946
CC_70EFECA3FAEB,0.16445679549414524
CC_70F59DA18BCA,0.460205802990232
CC_7100129A0AFF,0.09999373407358036
CC_7113554E33B9,0.07126627613809833
CC_71260405461D,0.06907828174573591
CC_712677251322,0.19725013302021585
CC_712D31B2785D,0.0939841414299495
CC_713052DB1E2E,0.06106685616716445
CC_7139C2D6F1AC,0.09654883564715859
CC_71427FC8FA49,0.2357756054986826
CC_714912E93A71,0.15056707857173404
CC_717A5C2ED311,0.21692144092768656
CC_717C94F5C8F1,0.07748676282417169
CC_718F067F4DA0,0.04540340944755863
CC_719E714DD38C,0.07306869091524239
CC_71B169C874D0,0.15920030823343814
CC_71BB5070615C,0.11234567523597053
CC_71D37D6D19C6,0.2101895957340801
CC_71DC80205F42,0.14319005974996943
CC_71DEB636B8CD,0.6090905133540859
CC_71E4CBAA1211,0.14395284035249428
CC_71E787049755,0.09982235653008967
CC_71F1EF5575AC,0.10338815918863237
CC_7201DD8EB33B,0.2054999676653556
CC_7202C8CE2317,0.30012987531684326
CC_720B06583C57,0.03809914625916261
CC_721DEC038BAF,0.07731856888738114
CC_72219BCC83E3,0.15483681752802045
CC_7223DABA7E98,0.09680276741511747
CC_7233459FF7B8,0.261292471433185
CC_7238A8A6767A,0.15096807030523068
CC_724559551664,0.6714659579239041
CC_7248EB4B76CF,0.05722496407933929
CC_7259B5314D92,0.08798602203233571
CC_725CA03102FE,0.04547507762232261
CC_726E05E5A555,0.11133994283960388
CC_7276AEED6D4A,0.07723514976672749
CC_72A18E8D6670,0.05140132071365883
CC_72CDBC38202A,0.424707830520202
CC_72D8B2ABA2D1,0.7614861678668094
CC_72E4590D362B,0.4100196130480964
CC_72E8542AE4BA,0.04857605354796605
CC_73010B6E55DD,0.6071655640856194
CC_7309A4693D52,0.14772646227542285
CC_730C2A3FF1BF,0.14997993437569965
CC_731C1BCED024,0.5999946088448215
CC_732C325832D8,0.13941844384185245
CC_732DFCAA0A75,0.19613849266988656
CC_73322A6A24B1,0.767182799787259
CC_7336B19A18AB,0.1859665888958683
CC_733AF1D123B8,0.3268862284323061
CC_7344A0E90AFC,0.11845317092288295
CC_7348C2B475B7,0.1250353528103347
CC_735E1A78B058,0.08330801907089831
CC_735ED2A02DC4,0.1387752434613592
CC_736015DE4E3D,0.3711164083109826
CC_736A42761E55,0.09839249694615813
CC_736C0436B98D,0.17619412112231056
CC_7379212919FD,0.07823977515456243
CC_73859CD59E75,0.5608261516922289
CC_738B201B1CF9,0.11728149625245368
CC_738DCB11942F,0.06941312717902844
CC_739198ACE582,0.12017424518462945
CC_739D093D7B69,0.11894472280060364
CC_73A7FC903662,0.16440577432160441
CC_73A8927DCEB9,0.09404986157594232
CC_73B575BBBBE3,0.14832114948140152
CC_73B6B9AD2002,0.045891035042660976
CC_73C28D72A5A3,0.4832915111859394
CC_73C38DBDF9A7,0.10083520341330723
CC_73D44BEF6754,0.36271591718753987
CC_73D4C1D7C022,0.07546453165811082
CC_73EF383F3C2E,0.17474667121811707
CC_73F34B1607C1,0.07499295833171826
CC_74137206902D,0.1201514112278737
CC_74198E5EC366,0.05899545941063898
CC_744FB5804A8C,0.6391495580012049
CC_7451E64B6D47,0.18288849399767115
CC_745A64878AF1,0.10328877484920272
CC_746B196CECA1,0.16401316338119742
CC_746C06898D5B,0.6193554200856269
CC_746DE1EED0DD,0.18946549903538584
CC_7476938CF6A0,0.5325764670423635
CC_747CFDB7E305,0.08580801082144274
CC_74845374E870,0.7571864941971261
CC_74AD8D3B192C,0.7038528513524754
CC_74B90A15B270,0.10288383531403052
CC_74BA5D46E909,0.6839478481489223
CC_74BE0AD5E21D,0.14480484651958656
CC_74C33B66F002,0.1603105258225555
CC_74C9C3F17421,0.06636608367740632
CC_74E4BD5C07D2,0.07617542885902459
CC_750D90249EFD,0.1243304654059368
CC_750DA21B7EDD,0.31159114402510046
CC_750E6537383A,0.28140619607006406
CC_75137D6F9DCB,0.10836856895830196
CC_75173A8A11D1,0.3596420569453269
CC_751DDC1FC2AD,0.10241646105289375
CC_75357E0206F5,0.09355701174044839
CC_753D160E3A58,0.10989996843366669
CC_754447632F75,0.045001496691168805
CC_7549363C5D36,0.07959367151347618
CC_754F3894627C,0.08561409875568055
CC_7562CD43897F,0.1476861189178876
CC_756A077EC614,0.3878744912460748
CC_756D3492443F,0.28339083433028583
CC_75783B3E6C6E,0.04288685066937585
CC_7598068A716C,0.04496000518750358
CC_75A37D8C1F6C,0.5975282075816225
CC_75ABDDA24C26,0.11155072458319666
CC_75B287424E59,0.3766440849033983
CC_75B2B88876B6,0.10688590201569506
CC_75B324FCDD4A,0.24735370917906635
CC_75C1466E61E2,0.24147564497926086
CC_75CCCD9D4568,0.11780651942298791
CC_75D2DAF4491C,0.3275372261255525
CC_75D54090AAD4,0.10243912244342816
CC_75F1927E5941,0.677603931223262
CC_75F99AD6844A,0.30983352885539245
CC_75FBA505C727,0.28042136494232606
CC_7615CC930B76,0.12328718706495445
CC_76168488EBB0,0.4958859298916909
CC_76197A77D666,0.03818025456602543
CC_761F48F8E962,0.21411464496358532
CC_764C6ADC6D1A,0.1010238277235499
CC_7658A6B0910B,0.05102403993266998
CC_766347951B7B,0.5632691909205275
CC_76857712D8F5,0.31426651832886826
CC_76A0DF2549B7,0.10858524816190081
CC_76A636414AEB,0.27763491081714065
CC_76B01540CDD1,0.19043724573106327
CC_76B420FC66EB,0.12035989587275536
CC_76B6BCD2EBAF,0.07166987886345012
CC_76B7A0029620,0.12164291587330504
CC_76BA435EF2AC,0.13623561490182887
CC_76BCC1AFDA4D,0.082937846583081
CC_76C35913E797,0.1728534677672688
CC_76DE3DF1DEE3,0.18380048823665213
CC_76DFA4CD068B,0.09176114444336865
CC_76DFE3568C72,0.2852493690738328
CC_76E201F1E036,0.33786177172589626
CC_76E83166FE0A,0.14280784973101548
CC_76FD9E9D9ED0,0.12640617072002014
CC_7720BBD06736,0.3535029354418119
CC_77340228F356,0.7004249362301307
CC_773CBBCBAFFE,0.10482544984006147
CC_773E9B092923,0.09678230724831102
CC_773F22C3E42F,0.042698493521981525
CC_774ED295BF96,0.15791072157654595
CC_7751ED6DF76C,0.05734917601404075
CC_77571749B970,0.14736757798472064
CC_776F8B3BAC08,0.1353633697615038
CC_777889F9694E,0.042892677327664976
CC_777D08513AE8,0.07649895907834295
CC_777E3D988EFD,0.24859790582431093
CC_7795BEDE05E8,0.2731588464187063
CC_77A9EA3A6784,0.08888612840314156
CC_77B1AB7960A9,0.19909806194245575
CC_77B6EA810549,0.284583949486766
CC_77B9889C9BFD,0.22100756932842938
CC_77BC55DC92B6,0.13811498602832523
CC_77D1DFCB0A8B,0.05279090973708403
CC_77D9AC43DFE1,0.20304339454052717
CC_77E6EF1CF2F7,0.1249606968045089
CC_77FFA8E6B36D,0.1074202164578345
CC_7801661A9DC2,0.1744308534120804
CC_78069B1BD931,0.11873650245737233
CC_780828B48716,0.11423356401496286
CC_782130B98F34,0.09953530147489012
CC_78273789B3C5,0.7582141964552991
CC_78296783E4EA,0.18517861788893492
CC_782B06291D87,0.05981400643374023
CC_783A2D4C89F9,0.40840935278599866
CC_784407E16923,0.0933101051328602
CC_78491B6255F2,0.42626505147179705
CC_784F17AC712F,0.06644250156370712
CC_7852FC3BBADB,0.09176637395150208
CC_7866E4CE528E,0.7584282190435316
CC_7867E7C01013,0.19188803533246354
CC_7869F609EC2E,0.2039388565298505
CC_7874F14ABD7F,0.14913653121226786
CC_78774E05FF12,0.17668262035575819
CC_78815A352067,0.09574057868392742
CC_788FF4549766,0.2813767682607345
CC_789977501322,0.12033066672051815
CC_789B2BA880E7,0.04425964254864785
CC_789D87F51AA1,0.06485496946273697
CC_789DC3C358CB,0.22870474063050292
CC_78A036DF6320,0.717994228747404
CC_78A3EA63B7EF,0.04263162189105366
CC_78BF1B8FC1CA,0.1277792852809021
CC_78C96E7015BA,0.6522021716096705
CC_78CC84FA2CE2,0.17829734647508544
CC_78F0087076CF,0.18357099061261403
CC_78FAA95F5B5F,0.12213553617769736
CC_79033EFDE096,0.1308019795789921
CC_79086C18A963,0.10399674490806367
CC_790DA2ED9F5B,0.11360987618388568
CC_7928811F7D86,0.10259104135827977
CC_79345478FCE5,0.20895873139075105
CC_7936C8D65B95,0.13543160015196656
CC_7948C5509411,0.5134326993746112
CC_794ADB0677CD,0.1255783444002609
CC_794FF8E7F876,0.045364115377580616
CC_79500EA652BC,0.5770111300377113
CC_795083A66DB5,0.04173806348054321
CC_7950D4B773CF,0.1489204865099918
CC_7955AEB49759,0.15300009925127708
CC_7964F862DFA3,0.3640374778593493
CC_797A700CF967,0.45738637717319425
CC_798180DDF677,0.32608503142886064
CC_7981ABA9C370,0.10479146105815898
CC_798B2DC03C5A,0.07385788815707985
CC_79BD986C23CA,0.0652973449863071
CC_79C6BA680815,0.560171152939451
CC_79D694E6F5AF,0.22647554038782353
CC_79ED9A0F6E49,0.4353171596429374
CC_79FA2512E5A2,0.16238267086923663
CC_7A0024F6FA60,0.19383647720912292
CC_7A193A453F27,0.037825734339866406
CC_7A1F071DC5D4,0.38914052743036454
CC_7A5D96BC99AA,0.7389775790188208
CC_7A6B51562949,0.22187230838468316
CC_7A6D7F9654DD,0.41617286426728284
CC_7A778E010F33,0.24219809796109612
CC_7A7FB841B669,0.577603635963045
CC_7A91013D31E1,0.13569176807857414
CC_7A9117596769,0.06732206349621028
CC_7AAF340DCE8F,0.20089418257218977
CC_7AB146267981,0.23902975215501124
CC_7AB2A9CC8424,0.27344228759404965
CC_7AC1DF18CBA4,0.2642398458729446
CC_7AC4240DD225,0.30840498490536317
CC_7ACB325BD924,0.174921184502918
CC_7ACB88002397,0.46816012992919914
CC_7ACD4F370AED,0.19509460186377825
CC_7AD4072A9F82,0.054263010143657864
CC_7ADEECDE4D73,0.2162878286803013
CC_7AEB48D8C5E0,0.09005822521715987
CC_7AFA5CD2B29E,0.1029396050203755
CC_7B092786DDB0,0.05626119739195455
CC_7B1B35D5628E,0.06421595445558571
CC_7B210557F04A,0.10508956867213876
CC_7B369A7C1D3F,0.1425238244555196
CC_7B4002591821,0.6746749503613054
CC_7B42BD80D79A,0.1895528251707911
CC_7B44FDF08B93,0.13526533144417915
CC_7B501C32CAE5,0.07778803184250198
CC_7B88520D4FA2,0.36941241935610125
CC_7B8ABE6E552B,0.18286142307367573
CC_7B8D2E07908E,0.32659680646895856
CC_7BA150468D19,0.5882425332612452
CC_7BB159FCEB53,0.23812423656735163
CC_7BDD72710831,0.059981324139736066
CC_7BE02C65B967,0.1663532930087804
CC_7BE382988C1C,0.648359819094358
CC_7BE6110DBAA1,0.3437439540062132
CC_7C0B14BB0573,0.14700075636342835
CC_7C0CF5558904,0.7100753754000785
CC_7C13E7F561DA,0.6954765855430677
CC_7C46F7F667F3,0.10824662448453615
CC_7C510CE0521B,0.0850642126447757
CC_7C61B5D39E49,0.47212280139650203
CC_7C6770DDA182,0.112790973015809
CC_7C6DBF78A610,0.09925923753318688
CC_7C7B0438E3AB,0.1726386096117669
CC_7C87DFBC3176,0.10755270581698934
CC_7C9528E94215,0.24442766342871888
CC_7C9ADE65CF81,0.10502544787103744
CC_7CB6CD1B9DD0,0.05834783798406398
CC_7CB7C7E55BE6,0.1502082948397619
CC_7CCC3A690325,0.17435860033165687
CC_7CE5689488DB,0.06419424168088404
CC_7CEB758A9814,0.04958527808562002
CC_7CF7443D923A,0.05453709820487831
CC_7D0D597690BF,0.12850868895857742
CC_7D0EA0307817,0.04405041083966393
CC_7D12E6FF25C3,0.13281979484379203
CC_7D28D39AED1F,0.6378901443247776
CC_7D2D19D832FF,0.06542274418617042
CC_7D34A67E1369,0.07058300559387226
CC_7D4388B41EB9,0.14532714295490684
CC_7D46FE573D79,0.0745705530199917
CC_7D7810799F2E,0.05330338968579883
CC_7D79241150C8,0.13827347493034808
CC_7D7B92EF2655,0.15185924998753195
CC_7D8C2495C1F7,0.06914410626131728
CC_7DA4F1BA24A1,0.6566826983101905
CC_7DAF18939084,0.06609295031263938
CC_7DB8BA427410,0.06189470959762806
CC_7DC9456F1161,0.04106447411541
CC_7DD2CBE0F0BC,0.22886404761856385
CC_7DD495158BFD,0.6240058983711564
CC_7DD5411F7A14,0.3132673657996097
CC_7DF099A7A092,0.2273552068565702
CC_7DF27D2AC111,0.06164573864398452
CC_7E0CA072EF93,0.07055237147913063
CC_7E0DA100F5F2,0.15866073571250097
CC_7E1086EFDED5,0.04202778622513461
CC_7E12E0F3CF6D,0.11913899893762277
CC_7E178CE78FB8,0.07813573875603613
CC_7E1C1A6D0E9A,0.1594693482544228
CC_7E2A76850DF6,0.791814819464888
CC_7E3ACB15C69D,0.0972823542531279
CC_7E3F3373A73D,0.7294102762216907
CC_7E42A3D0737F,0.11471113934581774
CC_7E4679C534D7,0.22792186151449734
CC_7E53FEEB19B1,0.25404358529469384
CC_7E71CE7FC603,0.18692976832020217
CC_7E8333DBAEB4,0.35250607647140525
CC_7E843438DE4A,0.05347485593166403
CC_7E8E4747C0D0,0.6420497525630168
CC_7E952828C1B5,0.10304468587927712
CC_7EA6431FE6F5,0.12220644104682427
CC_7EA7BA7621C3,0.26393332371711997
CC_7EA8F24B3010,0.09361056527366925
CC_7EAB28B0309C,0.0634070428225874
CC_7EB4A5BDA97E,0.07328363072583864
CC_7EB4B0A36534,0.09322353135169836
CC_7EB791F4AB2E,0.1134304267470516
CC_7EB883C9D5F9,0.04168421724250215
CC_7EC59C577F02,0.06162364438544723
CC_7ED2683D26DD,0.10025867997369624
CC_7EDB3440E0AB,0.6002800291478502
CC_7EE12013C7DF,0.14958350290902514
CC_7EF824CC0D3C,0.13836958438389327
CC_7F09C6F6321D,0.7349401234076968
CC_7F1AD40DA179,0.17075812639645804
CC_7F1D38A39164,0.08103630062031349
CC_7F22B7D326CC,0.2100078853492661
CC_7F2614F1AAAE,0.2330653991517142
CC_7F2CDC7C1634,0.04783106980045264
CC_7F2D46DF9BC7,0.15789643433134545
CC_7F57A90B69E0,0.2623145701203979
CC_7F633226A676,0.2913009375528001
CC_7F753D809267,0.6687868250987938
CC_7F7EBF25AED7,0.04340888030523541
CC_7F8496CC5779,0.04388662014122516
CC_7F88D9C5D258,0.09286612242991683
CC_7F8AB4DCA794,0.12980398668630005
CC_7F8CC9509418,0.2577721982801201
CC_7F9069571F79,0.27743880641010965
CC_7F9AD27E079E,0.16986742943290817
CC_7FA281AC1C7A,0.11135077204104486
CC_7FA389E90548,0.09277129817372787
CC_7FBF4A48AF55,0.06003807951815607
CC_7FC40175A8E1,0.27257737236146107
CC_7FD58EE7029D,0.08371471346939789
CC_7FD7F635C341,0.05362196204584466
CC_7FDD458DA059,0.20478274193903043
CC_7FE85C259E03,0.08756958706695608
CC_7FE8CD30D7E0,0.10289760685677055
CC_7FFA32DE7B04,0.14186287170466325
CC_8014F1E2C5BF,0.04897031549935439
CC_8015895C1C29,0.19776096891838896
CC_802BA7E39A13,0.060849381924639484
CC_80300D23C3FE,0.46617414644526567
CC_80465303B6E2,0.20429024267961718
CC_805ADFD46B84,0.06280050717514106
CC_8060F40D9522,0.17599893270979722
CC_80621E822131,0.06267233543022485
CC_806654B580B5,0.40590794007554193
CC_806CFD6A52BA,0.0419279590600999
CC_807935BBEB7F,0.054617458226811744
CC_807C57E626E4,0.07118199709326792
CC_807C91C98684,0.04116351916136687
CC_8096B589BB07,0.14373350938316354
CC_809D60155E9D,0.07299108266541524
CC_80A2189E5125,0.5014726119327924
CC_80AF87F62770,0.16771760941523858
CC_80C03DF9CC57,0.19075531976692603
CC_80D9B6563750,0.5389104810069334
CC_80E9638ABD4B,0.051486854644182636
CC_80F7171B71CF,0.09771391437583617
CC_80F9983BC18B,0.0568355245680336
CC_811109A98EFF,0.11247124855508313
CC_8129480B056D,0.30925147621547644
CC_8134E5DA9FEB,0.5709786834569074
CC_8140399AD344,0.10640609991269508
CC_8140E278B6A0,0.24231743922297466
CC_814E0F756757,0.4389327142231601
CC_815FAAABFC91,0.20234292117119043
CC_816B28807CED,0.08076567053776594
CC_81821F9F2307,0.5403354665808406
CC_8186D7991EB8,0.056430624700179205
CC_819E203180C8,0.7984544216643246
CC_81A5E3141BDA,0.5658228172882815
CC_81B5CED8EE79,0.147822468729427
CC_81B91198E00D,0.7294514284558545
CC_81BADC379C8B,0.1870600470949288
CC_81BF8EA390F7,0.05626299827548078
CC_81C5FC962C72,0.08029652927690084
CC_81DDBFAF1CB6,0.05602545176759029
CC_81DE637E6138,0.03921350654196631
CC_81F389DEC9C5,0.07860079424780916
CC_81F647806849,0.16871658971358844
CC_820D491B2903,0.7613688285285736
CC_82172863AA45,0.35114303829419563
CC_82195FBE9366,0.06190887564232385
CC_821F503DA953,0.09568382261072926
CC_8221AF9B0B93,0.7471616468955761
CC_8222D1C47857,0.06590664798523124
CC_824BB6CD2B25,0.07165981903045314
CC_825192411933,0.10239129499551028
CC_8270E213EDF5,0.19468849354911044
CC_82839CC161E8,0.05838938124398507
CC_828A0B6D7291,0.14532002244204098
CC_828EDE22A438,0.04213791415846611
CC_82928B5ABD45,0.3013352321564589
CC_82A7FE954659,0.1853532868573213
CC_82ABE1FFFA1F,0.14130166680048223
CC_82BDFA01C41F,0.1315973783032023
CC_82C20057CB4A,0.08102166845418202
CC_82E52529A567,0.20613306695824563
CC_82EFBFCF68AB,0.13873490540019245
CC_83092F58B321,0.1350098016573948
CC_83098B4BBD4A,0.12820132407378848
CC_831F9E623C5F,0.18888798401930534
CC_8326C8A3D569,0.10793643761657107
CC_832730F42A18,0.11533786475501699
CC_832A44C3F2A0,0.06444643062464411
CC_832EBAE498AE,0.6107558700626018
CC_833B196A70F3,0.7090358569138957
CC_833E14DFF4C6,0.13552050566687132
CC_834092035687,0.37290161637862745
CC_8351244DE3CB,0.06534714761505664
CC_835B90025058,0.07099161619671834
CC_836534CEDFD3,0.13856454675063606
CC_837ADC1EA55A,0.20648756997616918
CC_83884D799788,0.1798071670881764
CC_83947255841B,0.12519404781404014
CC_83A5A3022ADF,0.788197275343951
CC_83ABA98906DE,0.0863518882099693
CC_83C75D07414A,0.40300607422981927
CC_83CBA767432F,0.7278697446852626
CC_83D342F53F36,0.13249711206293685
CC_83D5CA2A23C2,0.046709552586138715
CC_83E002D6D82D,0.1894696716089035
CC_83FE1BCC83E6,0.2756343563648519
CC_840E5B830DB4,0.05387799067979181
CC_842525788FC1,0.1784069481407783
CC_843076C8EB9E,0.29496171111634556
CC_8442C97EE91A,0.14457816697551085
CC_844C3C30ED67,0.10053582632506784
CC_844E345D2636,0.17532394994766873
CC_844F26E92B12,0.1863484913021305
CC_845032D8A261,0.29637217010264266
CC_845223F606E2,0.31013841095219663
CC_846F5B19B110,0.37741758721492896
CC_84797EA9ABF9,0.1988917519256019
CC_848D59D48081,0.18103755094162213
CC_84AB057BFCCA,0.056725501357756586
CC_84B0BA112537,0.07318028810885989
CC_84B8FCEDADD5,0.08477375609797307
CC_84C61A6BE99D,0.11293470161301411
CC_84CDF830F68F,0.07405184708983815
CC_84D5B88572DC,0.23371703789441467
CC_84FABECED186,0.13432417603689553
CC_8503F43FB29C,0.1884209803827659
CC_850ACB004EE2,0.09089872905186673
CC_850B114489CE,0.10460178077258618
CC_850CC17BB13B,0.09792897213663217
CC_8518C159BDE6,0.12612859133567153
CC_85299261146C,0.0828034898463932
CC_853986C52A17,0.04568324566543562
CC_853ABBECF2E1,0.7890888208230793
CC_853BF4485D85,0.1797422565230055
CC_853EED03843B,0.06339408695928264
CC_853FD1B551B1,0.16710980044892357
CC_854AAA98CC0C,0.8051218409038897
CC_854F8AB5F1FE,0.04804787930069868
CC_855E2A785BAA,0.10743785267650556
CC_85614CA68432,0.050296142509904294
CC_856B92B23BB5,0.7972002246723178
CC_856DF4A30E13,0.7258745885868922
CC_858704DBD5A6,0.06336272025944312
CC_859EF0AAA74A,0.04842687647078262
CC_859FB710961E,0.13642557390626872
CC_85A0EB3C9884,0.5995065418913801
CC_85C887BB996A,0.07653251825682802
CC_85D9A6C9CA60,0.1457792435016071
CC_85DAF10E61A1,0.5413949770725868
CC_85DEF8ECB524,0.14347069435069712
CC_85E2E0B8B15F,0.6878996765235543
CC_85F018DC47FC,0.2577290766368501
CC_85F376B33951,0.16550172352490677
CC_85F745E1D307,0.13713535292442486
CC_85FAFB430486,0.27587480772486883
CC_860D4B868C17,0.03251272896373456
CC_8614E30C9FCE,0.40852213095948214
CC_861F5DC22035,0.05375355028313695
CC_8624ABB391B1,0.18648190134067955
CC_862BAB422756,0.31280289406175255
CC_8642F98E5504,0.1875673781104734
CC_8655B8862C81,0.1552000191718819
CC_865FCEE75A8E,0.035620341672645606
CC_867372811CCD,0.4483021012833378
CC_867695B5C296,0.5658268394518732
CC_8682B1F914ED,0.14504851818975575
CC_8691DF144B92,0.4852760312577087
CC_86AD259FA5B1,0.12949076406105509
CC_86AEC21936BB,0.7535997013128682
CC_86B1D15F8424,0.05466224431540188
CC_86C2A6EC5712,0.7131624527825033
CC_86CF816B494B,0.091922945190644
CC_86D4D58B1D0C,0.13306071871075906
CC_86E2C4E17CB6,0.049807526365718495
CC_86E9E191E3CA,0.38996232197301617
CC_87000C16C856,0.09543989670477741
CC_8703DD5FA02C,0.16911358102746357
CC_87065B1F429D,0.1089907687380759
CC_87434BBA1CE7,0.04612520439213215
CC_87450EA8CD55,0.635561976337676
CC_87480F785786,0.06370778253379643
CC_8777EA6EBFD4,0.04719210969123808
CC_877A35E76904,0.08416962508079973
CC_877B37D01563,0.13295394202841573
CC_879759A5EFB8,0.3489482843492267
CC_8798AF2651BC,0.11650535519288063
CC_879989FB3B92,0.5886668457923491
CC_87A3BECEE5A4,0.1345589645948186
CC_87B7CDF4BDDE,0.04252163514237111
CC_87C13E620006,0.27775075773191477
CC_87E3AFB080F8,0.10980067821743542
CC_880044F77ACC,0.11337064019254038
CC_8809BCAC74A9,0.04497378365965409
CC_880E0019DB5D,0.0365873382079593
CC_880F027D886E,0.11966293723787906
CC_8812BC579F7D,0.07495132276094997
CC_88225FE57D82,0.2364807016894656
CC_88315318E9DA,0.3459989436863979
CC_883864E584A8,0.07506546517381597
CC_88469BAD58C4,0.05390009437470254
CC_8854EE679596,0.08065884141594423
CC_886273CC4072,0.0752265950649452
CC_8866B6D4524F,0.2742173014944087
CC_88A943606806,0.2892896959603219
CC_88E916A3F984,0.8256293638611606
CC_88FDC55C31A4,0.10559032872852808
CC_890D5EE59076,0.038125045116312435
CC_890F721517F2,0.09920789561188272
CC_89129D16418A,0.3163321410711359
CC_8917F02F9326,0.1465833315337749
CC_8920B6584A43,0.07771784357301235
CC_8929DF270419,0.7079175558522041
CC_892B119F0E5C,0.1549020942506247
CC_89302456B9D5,0.6646942643238197
CC_893FAA6D1F04,0.7403606165983435
CC_895AF697BFBB,0.2659494363838701
CC_8961FF892F79,0.03513517973253576
CC_897674493060,0.0765376657840706
CC_898AFCD28B03,0.12257147505683456
CC_898CC919D10F,0.18966740847065308
CC_89A711195EEB,0.14859068696121647
CC_89B4DF07DF12,0.07939011987040578
CC_89B941079E10,0.09307148537475723
CC_89B97E9FF67A,0.11799061841956274
CC_89C5162E8055,0.20494178159225898
CC_89CA0F1E2DBF,0.23624353324378783
CC_89DEE29A78AA,0.11293769573651272
CC_89E089707730,0.13804084481496334
CC_89F0B865A6D4,0.12838082955990915
CC_8A04C5D4D02D,0.06718827049630932
CC_8A081AA1FB92,0.37735737324137086
CC_8A0C640E7A89,0.5638195593825613
CC_8A12B68246A6,0.04343163841849894
CC_8A14A46B280C,0.1595441986903236
CC_8A165A18560F,0.25513982800799556
CC_8A19196788FA,0.08227238778601241
CC_8A25FA445037,0.10861651506417014
CC_8A29EA87B295,0.13196778003133797
CC_8A2AC87CB22A,0.06040334089815841
CC_8A34634E7423,0.6047989741105585
CC_8A38BC1AFE57,0.07619578029419397
CC_8A4CAF0CD0F3,0.10674844228933575
CC_8A5A0429CAB0,0.13954672361861162
CC_8A6E60FAE870,0.07885459139427177
CC_8A7DA054E397,0.6909325015169692
CC_8A7F5FF4B421,0.2691059699059162
CC_8A8249A44847,0.14618743826383812
CC_8A8BCE16DF45,0.10882471730639198
CC_8A8EC764734B,0.07931524626625483
CC_8AB553BFA00A,0.09639072691677128
CC_8AB57DC077EE,0.6553332092933485
CC_8ABA5808D313,0.0697834790862704
CC_8ABDD9A05C87,0.3717733078639872
CC_8AC7520DBCCF,0.16037760417220923
CC_8AC7F8BABF28,0.07445343652071296
CC_8AD67FB3A5CC,0.762275641007481
CC_8ADDCF5EDCC1,0.11066473429653177
CC_8AF1C3A0799E,0.7064904931084994
CC_8B388FAED0B6,0.1185309704084893
CC_8B46CA903D09,0.03513099696865199
CC_8B5819403FC8,0.7060680371667379
CC_8B581B8207A9,0.1255353920669113
CC_8B6DBEF19F46,0.15086980815410966
CC_8B8326C4C229,0.11403390544862858
CC_8B850FDCFC83,0.08203392775044169
CC_8B8F41F19B72,0.07142300530260914
CC_8BAF98C60957,0.12804265426511174
CC_8BB0824B181E,0.05536873019208949
CC_8BB963DAD9E2,0.19322908587611123
CC_8BBF5F939D7C,0.13310085329245513
CC_8BCBDCF4DFF1,0.12665140369715114
CC_8BCE343561CB,0.7641108166524884
CC_8BDA87361657,0.0976717409426506
CC_8BE68A4DB87C,0.08247229230759802
CC_8BE9BBD879A5,0.05268010256764427
CC_8BED85B91011,0.34988914404953103
CC_8BF68E552DA2,0.2129831621628603
CC_8BF832E6464E,0.8159420879243775
CC_8C1561920E84,0.21573106995472527
CC_8C2A7D9A667A,0.18735670795373116
CC_8C3A5DFE70B9,0.16968972908656113
CC_8C534CCBDA4C,0.21963583515273669
CC_8C6472A3EEAB,0.05788218702211894
CC_8C6B4854D16C,0.2126661885996071
CC_8C76DE4F58D4,0.06422919138413032
CC_8C7DA3F4F88F,0.05823894941280337
CC_8C8527DE7DD7,0.08103459021209887
CC_8C9416612FDE,0.37211812927458154
CC_8C9973F02AD6,0.3820612943895112
CC_8CA1DB61A2AC,0.06055515521672385
CC_8CA59CAE22F6,0.17962879091511333
CC_8CAFD04A6EDD,0.10776497429741448
CC_8CCCC389913B,0.6401590265175698
CC_8CCEF12DC7B9,0.18236946805948748
CC_8CDCD714BD1F,0.74710234114609
CC_8CEC7987D1B1,0.08701211397939632
CC_8CF621ADAC0A,0.21393308946724385
CC_8CF8FE2A4B82,0.4049158358452575
CC_8D048396D9D5,0.12127339162326548
CC_8D1089C58563,0.49403729352693904
CC_8D35A37FC4B1,0.14511223190182282
CC_8D41E12FE5B6,0.16413729682038425
CC_8D4A859839EF,0.14514810901187872
CC_8D4AD431C55F,0.08396850705952812
CC_8D4D882CA579,0.1225287416539931
CC_8D6151025078,0.10593278154179199
CC_8D637233FE54,0.15127082308681358
CC_8D6AEBA2D7EC,0.07976018216611225
CC_8D6E16DED971,0.17306702983005728
CC_8D7329F79BBD,0.5353726266757092
CC_8D7B7307C43F,0.10202946719836421
CC_8D7B9D4936EC,0.7376554145944609
CC_8D80B1B44AE1,0.4562472313224252
CC_8D9516D61143,0.45072064025172526
CC_8DBB8445786A,0.10261392950449581
CC_8DC5B86D9DCC,0.7421712130230894
CC_8DC6465998DD,0.2179698770407627
CC_8DDD0EDA9CB2,0.15378407235093888
CC_8DDEF0265CB4,0.05767312291788246
CC_8DE06BEB95A1,0.0883251281908111
CC_8DEBB5B14A14,0.15341457370770492
CC_8DF5BE7F759C,0.06300459702122002
CC_8E0ADCC71F85,0.05575020056004289
CC_8E0BD86F6F0E,0.10812738291886895
CC_8E143BFCF3E5,0.10361605020612101
CC_8E170A60D71C,0.3649728003244706
CC_8E1C3A21FAEE,0.11200824198279774
CC_8E408E18F060,0.10791006887313113
CC_8E42FB163DA5,0.8188976406015548
CC_8E47536D29BE,0.3013257547576607
CC_8E50AFFC5BBD,0.050318605248043755
CC_8E5FB1035354,0.17989488046891605
CC_8E7B9B8DD1A3,0.10135567760599944
CC_8E85B08196AF,0.03913106328870368
CC_8E96FC75AE5A,0.08580916566866366
CC_8ECAB5A6C7B9,0.06891915417677139
CC_8ECC4C7A6638,0.5169884221523395
CC_8ED6F13C35F5,0.15925626230692855
CC_8EE5E9467038,0.16778776149300217
CC_8F037E5AE692,0.05023464907104847
CC_8F1A418D96B3,0.2521254966131636
CC_8F1C4014F91A,0.11652391680719615
CC_8F30A5FC9D49,0.10463733233829776
CC_8F3456F298F7,0.23355560038340167
CC_8F393D485C29,0.105442699200981
CC_8F4A41130110,0.04912770729343447
CC_8F7AA6E4D486,0.11899857872993443
CC_8F887BE25314,0.13833616893751852
CC_8F90CD1A5E00,0.15344626231729905
CC_8F9B26042C4A,0.10312180179076422
CC_8FA9423E65C6,0.09613677425693891
CC_8FBA6C32E0A5,0.2985099618883407
CC_8FC1C50C41E7,0.08595451135224264
CC_8FD005425792,0.06838369510153249
CC_8FD6A223135B,0.1517021847197852
CC_9002450E1B5A,0.051351848513975576
CC_901CE62199C7,0.3804317481800317
CC_901D2136E1F9,0.15153808697128768
CC_902648F62345,0.1619352915142585
CC_902BF0612E70,0.11355180162194797
CC_9036F7423277,0.1619751922322097
CC_903AD2767BAE,0.7268565112416128
CC_903E4BA690FA,0.2856022491712222
CC_904386E31210,0.06132316377699863
CC_904EA6C846F8,0.41421100352476975
CC_90549DD3CC39,0.1405083424820087
CC_905739E5494F,0.08607990774590886
CC_906F852C69D6,0.665562112934397
CC_907911F4930A,0.2867887609272697
CC_90798A7273BD,0.16138252617297968
CC_907F3A8AFCFB,0.08750429557876407
CC_907FA7722881,0.10625412365390118
CC_90812D9F30FE,0.11104958204417721
CC_90870A89F310,0.04746852567332514
CC_90894CA021C3,0.648031995481169
CC_9092C5EBF5F6,0.05462164297511988
CC_90A10D649D9C,0.677904104925911
CC_90BF8E127519,0.6135859941135762
CC_90DBB385A7F3,0.7313237282537978
CC_90EAD308012B,0.3130928854444481
CC_90F4BF0B868D,0.15599807224232975
CC_90FA39516EAF,0.0857010626266884
CC_9117894F31C2,0.2011873202219656
CC_911ED63BB556,0.3548176047087104
CC_912730AE6E8F,0.2824628869643579
CC_912CA7EE4C26,0.11448261797628131
CC_912DA46AAED2,0.09660025076621992
CC_9132E67EA479,0.1494501384106905
CC_913D95FB31E0,0.1708269240526996
CC_91529F20D461,0.7677809611613708
CC_91586318C780,0.0467287936516164
CC_915F2708219D,0.1637874650697236
CC_916CCF9CBC08,0.036094485540229114
CC_916CF77A29CC,0.10571151360955883
CC_9189E4FF82C5,0.14843763602340415
CC_91A27CB6139A,0.15082433208975557
CC_91B7A4A15A37,0.6282075839433219
CC_91C2077BA6D7,0.07656950013272831
CC_91C4CC43EEE5,0.16281543037144675
CC_91C55BE33AC7,0.05628864224877808
CC_91C81BC58B49,0.06708469555278827
CC_91DE12EE18A7,0.37774445214691743
CC_91DED13CDCD9,0.12995490079847308
CC_91EF639761F8,0.14046672209599176
CC_91F23A7E743A,0.37491764790309945
CC_91F4C5E889C7,0.7186929629780754
CC_920E91EB28A7,0.17569753222710563
CC_921481F5F77E,0.10034475964592905
CC_92221DB27176,0.1901779115233777
CC_9224D5677C66,0.12375745094792344
CC_9230B9656F93,0.1981280942927262
CC_9231D0F8A993,0.7044264676907445
CC_923727159A8F,0.054569308937888424
CC_9248706729D9,0.04650861396923019
CC_924AEB5DD991,0.1663095984063901
CC_9250BA851692,0.30837224047551537
CC_925BACE3417D,0.10562887817898588
CC_9260CD0D7C0A,0.13020570240103435
CC_9285EB21B38A,0.1080921811359669
CC_92A09F03DAB5,0.792476549967517
CC_92BC35D7F9CD,0.10738470880968808
CC_92C5FE9E5B12,0.6842062075916754
CC_92DC8CF8C902,0.10356440347188173
CC_92E006664648,0.21718998085711103
CC_92E4EFB9F0DD,0.11997711910910731
CC_92E621E0298E,0.18797734160728097
CC_92F412AC7D22,0.08446565570887857
CC_92F42886B7E4,0.21923586168785641
CC_9301E23D376D,0.6165141259338689
CC_931133320380,0.1832320201173645
CC_9314B6D8B7F2,0.06781494780933614
CC_9337E3B43211,0.2006001621907985
CC_933E044F26DB,0.07261824477903812
CC_934BB89938A3,0.1178415684885331
CC_935296A995DA,0.1380743282126661
CC_935326AF26E2,0.1878581275898674
CC_935B72B8E7F0,0.055499876615429294
CC_936FF3C9BE68,0.04614221088989981
CC_937FFE1718BC,0.04274010784760097
CC_939F92AEE460,0.8074731392466444
CC_93A4365B25CF,0.8093806797311008
CC_93AB9D6A7EFA,0.07273865500351913
CC_93C719738590,0.8189576914621755
CC_93CB48930B37,0.2079003270361654
CC_93D24FAFD21D,0.09087057177143729
CC_93DB5F477493,0.09031422016029335
CC_93E1CAFAD44D,0.07551704860488952
CC_93EC9F853123,0.20306460457095868
CC_93FEAF515A8E,0.052821754269543664
CC_94063A67F136,0.3082020085959106
CC_9406E32819F5,0.06355567224962122
CC_940971CBC1A4,0.11652080481494037
CC_940ADC8DEA3F,0.150028486690502
CC_940C7E8E0C52,0.21703338995963986
CC_941DD2E1DE56,0.15141230822983492
CC_941FC1FD0D55,0.19541791379386997
CC_943B720DB5BB,0.11405644944873718
CC_9440309323A0,0.08864170425128762
CC_944B461BC558,0.07649151628899473
CC_9453654BACE9,0.21347636714002943
CC_945888CEAF10,0.31630207095677754
CC_9458D4A483A8,0.10877243211008977
CC_9464BA7E98B9,0.09162081829125045
CC_94794B478A5C,0.39194490626300016
CC_947E58EFF90A,0.07261636185737978
CC_948537FC17AA,0.7316586176029771
CC_949576D25153,0.08828069372318925
CC_949B8CEAD619,0.09086036798279645
CC_94B4E05906A9,0.140470454493568
CC_94C3B6F3B0CC,0.1576100655064786
CC_94C3D9D8FBF3,0.6524930977186589
CC_94CD530B2099,0.08176560065670167
CC_94E9D1E527E6,0.04864456907021893
CC_950450C0845E,0.3639859753133373
CC_95169A4360C6,0.0492509150196815
CC_951A69571676,0.05222135323638082
CC_95232636844F,0.1716806400007927
CC_953A5913EDD3,0.1524007814003669
CC_953B678083F9,0.07820534904694626
CC_9541BD0604B6,0.14470430424688951
CC_954404C1BEE6,0.40640929444324475
CC_95444ED71872,0.0901421741394244
CC_9544B86C78A6,0.7518946191348649
CC_954AD7E7C8F1,0.13828842368021751
CC_95525CC6C854,0.15788155266766213
CC_95573B318A91,0.03919554815873584
CC_9569309DC18E,0.09075353846096398
CC_956A2DF28600,0.20949974520539197
CC_957C7A0D7B72,0.3464489887621929
CC_958BECCA0BAB,0.4199580542883278
CC_95A6C4DA2F12,0.623155358807039
CC_95AB75B5BBBB,0.11978751855197799
CC_95C1274DD7DF,0.036733093365717936
CC_95CD8F6A8CBA,0.04338484813510418
CC_95DD4DC604BD,0.16872418399957223
CC_95E1AC08266F,0.12966545521113457
CC_95E3DDCB74EF,0.06587971463530662
CC_9601384AC971,0.4521255425061956
CC_9608A73A8025,0.14732805678078362
CC_961F3BFBDDAC,0.8468899031700916
CC_96206C1277EB,0.2798132565782172
CC_96396AE6347C,0.15772410807845466
CC_96416D2A937F,0.22389583365896204
CC_964C2E0B00C1,0.2094613781799909
CC_9657A2A04BAF,0.2415802073137033
CC_9662D713B7BB,0.22508583106147134
CC_9664F83B7F1D,0.22016652012266735
CC_968AF836D0C4,0.056513460625302346
CC_96A6735A4317,0.06830645491604079
CC_96BC62A4A0AD,0.20499166884262207
CC_96CD75668A6C,0.07696736099767865
CC_96D928252719,0.3846998740845762
CC_96E40BDE9A6C,0.12322955119504461
CC_970116768415,0.23411561232752068
CC_970E94875C2B,0.7529318465013919
CC_9721C8A61D80,0.08129724252390312
CC_972313B0F814,0.15253278557406444
CC_972FD8FFFF63,0.5109182904834517
CC_97478A77EC17,0.19083679058018085
CC_974D14774BD8,0.06448511620292866
CC_974D86BD39FD,0.056538315416473105
CC_97508465AB76,0.13250575689610578
CC_975689C0CD6E,0.06867044459013096
CC_975967702106,0.04723987951791427
CC_975F3F07ED23,0.054057320485579693
CC_976E0D9A64ED,0.3749216698645114
CC_977145B2B363,0.43013401301901993
CC_9772CABFE1D2,0.7875747540089255
CC_9773C1E6AC8B,0.624740553548755
CC_97832657396B,0.45540171381959593
CC_97963C337FD3,0.5407539532534315
CC_97978B581F20,0.18144577797634243
CC_97A9ECF23955,0.19870166181290141
CC_97ACD6D965F3,0.11719292269220748
CC_97C69AF6E34B,0.7499332988405761
CC_97D0E7256861,0.638935809667869
CC_97DEBFBE2BDE,0.28655893469921284
CC_97ED469F2950,0.11175905432875854
CC_97EE84ABA6BF,0.25418061130512315
CC_9801B22BF375,0.11519441355057686
CC_9803B6D4D780,0.2588669969056298
CC_980E90C8A301,0.1268305187979552
CC_9814B3D08A69,0.06645076776778824
CC_9821BD45BB0D,0.1803183393430392
CC_9829FA0350F7,0.042696256141185884
CC_982CAA309A38,0.1806890607701361
CC_98346EBF382E,0.17153593886819204
CC_986698CCC6AA,0.11330520322701726
CC_988FC580CD50,0.11410195694548507
CC_989795BA3DD2,0.07822265092310056
CC_9897A1DFE807,0.07888562308456828
CC_98A2C8F4E956,0.07240622851435835
CC_98A3E6CDC707,0.1525363899574791
CC_98CE15EE1565,0.07777283608424089
CC_98D036D16215,0.06930291821146688
CC_98D09B14EE3D,0.4137069956752535
CC_98DB782DF852,0.05676439157377973
CC_98E2EA67BC97,0.06407356948219879
CC_98E6E7CF74AF,0.07282416571285848
CC_98EEEB2A83DF,0.6969486802050254
CC_98F3D3194788,0.11084142175212922
CC_98F8A8CF4F9C,0.35071025909569553
CC_98F91BAB57EE,0.1803037662202457
CC_98FA377070FB,0.16618503158350112
CC_9900D0479959,0.2792850714367782
CC_99061A735C6D,0.18361990771073672
CC_99093EC1A2C2,0.12342623456207359
CC_99376CA4DC26,0.038967498469021526
CC_993A588895DA,0.12376068367094058
CC_993EE6417CED,0.09115620571513819
CC_99559319913F,0.04805797012233743
CC_9970123DCC41,0.3624162246852011
CC_998BB6848FDE,0.10115373624238216
CC_99958287B2A9,0.5043978339924334
CC_999BAB2D16FA,0.36515680784970417
CC_999C7029261D,0.7138497632021118
CC_99AA61D1896E,0.07242996431421433
CC_99C03E7D99CE,0.05072397542960701
CC_99C62022794F,0.08734723277482873
CC_99D46BE6593A,0.15346164883953933
CC_99D5A5371B39,0.16770713740552384
CC_99D79709AD9F,0.7281826819369237
CC_99D7DDAA460A,0.14492421118857948
CC_99FC44B3C58A,0.11096660169355743
CC_9A02B2A17C07,0.08441544535136718
CC_9A05DE55D408,0.17104782551261094
CC_9A0C42AA09BD,0.38093142587688
CC_9A2B390551F6,0.05380635790574964
CC_9A2D66206BD1,0.5467622124716629
CC_9A366E181FA0,0.14816427911298963
CC_9A39365FA850,0.6012565458093223
CC_9A42833BA860,0.048912665634524316
CC_9A4911A0140F,0.09078320223972854
CC_9A4FE1E8E0C5,0.40541880014832476
CC_9A51017C734F,0.3658905067009741
CC_9A5DCCD62D0A,0.3101335452319203
CC_9A602F492510,0.15096070318767393
CC_9A66BDD34B89,0.0504055969811572
CC_9A6AB0AB1E67,0.05653398912244359
CC_9A7049ED5656,0.5881244985526368
CC_9A7AF31828E5,0.09954298196190675
CC_9AA750377C6F,0.10228757761795704
CC_9AB359C82202,0.06053234780553644
CC_9AB7BF77EE83,0.7760816686828651
CC_9ACAC8474B9F,0.03670623614116101
CC_9ACCA4FB9101,0.0547393236141781
CC_9AE1529AF9E0,0.14204798482177255
CC_9AEE181F1156,0.25570111631610115
CC_9AFD130D3725,0.10406789143438734
CC_9B09C3353732,0.08945997013337174
CC_9B0D37817EBB,0.09706762823247514
CC_9B290B59155F,0.3537551425804514
CC_9B2D487C64B0,0.11971357077630587
CC_9B3DEC76ABF7,0.056350002417822606
CC_9B4F778D0A6E,0.14048630562185474
CC_9B581A92C2A3,0.41062034630986377
CC_9B5CA8C38414,0.18056779532156014
CC_9B6E82167593,0.20014923385040412
CC_9B6F6B2BCC05,0.30680262312125645
CC_9B7FC3DA1594,0.3733347944766123
CC_9B957DC280F6,0.19419002667728605
CC_9B997DF20042,0.35597692863656494
CC_9B9BC4B83736,0.08025760817681084
CC_9BBE1A16C04A,0.16281231993445539
CC_9BC63F1A568C,0.28156664030663936
CC_9BCB0166227D,0.22382725490714178
CC_9BD3DC96ACC5,0.16122934439383785
CC_9BDC5A0E43C7,0.4065159171355638
CC_9BF9485A3F9D,0.23573845967448329
CC_9BFE93FF2145,0.24088332514340738
CC_9C0470A0536E,0.20989885822194868
CC_9C205AF09E47,0.5258652771471326
CC_9C30DC5C1E46,0.060813134298288
CC_9C325B6CAD11,0.05379162358980388
CC_9C4A200D0BFB,0.45842802590485854
CC_9C5EAF238007,0.24833959290769186
CC_9C601C6BBD37,0.06433966822332347
CC_9C606C2C92CC,0.06570581197853913
CC_9C6192D3A16B,0.07385281654414019
CC_9C84FB9B1469,0.06339006074613913
CC_9C989433D637,0.21215456958398454
CC_9C9B2FEB4937,0.18368497103621512
CC_9CA7FBE1DD54,0.13846067264552758
CC_9CACA50F80F2,0.1797574762225079
CC_9CB40D552388,0.06636278530044104
CC_9CB8127D17F0,0.04475763710802957
CC_9CB9CE2989CF,0.7068113507666518
CC_9CCE51CD83ED,0.8284459502454788
CC_9CDD2F3D0BE7,0.04645819581382907
CC_9CDEC693AA99,0.39999914756829624
CC_9CE9091AA9A9,0.2163901337831933
CC_9D007C60D29F,0.08038603956872896
CC_9D017774D4FC,0.6269147005888193
CC_9D095EC1F232,0.27942212124120963
CC_9D1A1281C8FB,0.34705444753652526
CC_9D23F42B7996,0.4640421032916073
CC_9D2FBC479646,0.6799790025799701
CC_9D363365CAFD,0.08432454940370801
CC_9D44E4543573,0.1611679256043352
CC_9D45F67E3B01,0.08092736916177089
CC_9D535DD207D2,0.07836328492600629
CC_9D53ED53A15A,0.5524133744054124
CC_9D5D97AEE98B,0.5457409830816256
CC_9D5F2A5B6913,0.08458949601683598
CC_9D6BC1C470B0,0.4630098002925281
CC_9D71FBDE765A,0.04625657438274491
CC_9D73939E357F,0.17642694606949688
CC_9D82F401BD88,0.6277720904185862
CC_9D8B4454BE84,0.2815218015303745
CC_9D92537645DB,0.07758720217792797
CC_9D95ADE03ED1,0.15824456683611698
CC_9D98FE7A1809,0.05027190872542235
CC_9D9D59757786,0.059983226097449945
CC_9DAEB38616AC,0.16165023825987182
CC_9DD55CC0E928,0.030335077369731338
CC_9DD6B460CDFB,0.2833198500017771
CC_9DD80B5E3729,0.09539949325904958
CC_9DD82B4310AC,0.38328284548626507
CC_9DD9389E8AE0,0.08791388836919335
CC_9DDA8ACEB3D8,0.08205843447539571
CC_9DDCD898D01D,0.11591122979971072
CC_9DDD90B42A27,0.8032203590205154
CC_9DF1807A4316,0.043089604869710196
CC_9DF786FD2620,0.4644824249705414
CC_9DF7B9B3C8F8,0.08499489276639376
CC_9DFF6E2AC586,0.14762233133754052
CC_9E0546BD7BD6,0.14141915853330708
CC_9E0BE8227931,0.10715795933499322
CC_9E1A205BA261,0.4087344744771004
CC_9E2967559B00,0.06590859755744219
CC_9E323A031449,0.7257836792625658
CC_9E377CC03D51,0.058818052771380275
CC_9E3B83584C12,0.1374176503196372
CC_9E3D46FF5709,0.5709756758894823
CC_9E4FA91B86A9,0.08644910276413217
CC_9E53534DCD6B,0.14005655818292498
CC_9E73656FC8C0,0.70687204567965
CC_9E7430675033,0.21768565656870462
CC_9E84CACDD7B6,0.40378619901976703
CC_9E84E0E4C5BE,0.30317851138488894
CC_9E9C65275B4C,0.08472798577381137
CC_9E9CB6473D59,0.23018235260148598
CC_9EA4F11BE6C2,0.15478742823434424
CC_9EBE3F26F2FB,0.06874703440216381
CC_9EC23AB6C573,0.32412062748201714
CC_9EC34DDD0E53,0.05750827377305005
CC_9ED8EDFE8C55,0.08800821272934918
CC_9EF352F179D2,0.1111749834218897
CC_9EF505400F8B,0.6650241519095211
CC_9EF66D83B743,0.33658777786933297
CC_9F051572BFE4,0.20870241732343098
CC_9F151A782BAC,0.25298152485530606
CC_9F1A5DF4619C,0.4988370715647774
CC_9F1BF78ECD7A,0.08096054536476775
CC_9F263092AD72,0.14802360199239376
CC_9F36EC36A9E6,0.09969995717481875
CC_9F3D52242888,0.15784891475689347
CC_9F41F312CDBB,0.34412033085468
CC_9F425167F9ED,0.1765219007689595
CC_9F6981E0009A,0.2952430296166447
CC_9F706DFE0AE7,0.03608685391536647
CC_9F7B525DD52D,0.34267773588066963
CC_9F8D5A5A9DAC,0.17439657358520924
CC_9F8FAE57E6A8,0.11007893929209608
CC_9FD1AB8E65FE,0.049905977439533684
CC_9FD2689202D5,0.14909381871104174
CC_9FDBB5C2CD09,0.04368872781030562
CC_9FE52BD71CA2,0.09441774697996216
CC_9FE8E62EB24D,0.09233767380011797
CC_9FEA59AEA00C,0.24955909221745062
CC_9FEA77B36A29,0.35669879459841675
CC_9FEE9701D16D,0.24980021425135504
CC_9FF35BA60E6E,0.2948461817420327
CC_A0003F08B22E,0.14216222067220186
CC_A00AE2543224,0.053063156200140425
CC_A02A29DECDC6,0.08475645049397722
CC_A0336C21117C,0.652976608601493
CC_A053B42BBE0B,0.07329020280819187
CC_A0591F16FA37,0.03628061883502316
CC_A05F962C80FF,0.1624953470035654
CC_A07B0549E53F,0.0671580802539797
CC_A09F230CCF5D,0.6428056779867297
CC_A0AED6346ECD,0.17470069945633956
CC_A0C4A796643F,0.11956162011126817
CC_A0D6DDFB430F,0.06628480022092038
CC_A0DF672F9C4E,0.11770546790191974
CC_A0E8C7C5558A,0.3009489024270506
CC_A0E9269DF22C,0.41830641744120917
CC_A0F1DB5CB28C,0.09651493964525763
CC_A0F42B26F8F0,0.05186895110166634
CC_A0F8F80EDFB0,0.06728039940797724
CC_A10AD9550E4D,0.03327386954711779
CC_A10EB26E5EE1,0.1560887090786587
CC_A111B065F623,0.06959028692754382
CC_A113D95B4AB2,0.1282120466819552
CC_A1320C0F0129,0.7568187138886784
CC_A1348D850EFD,0.7410885081346996
CC_A13D08B372E8,0.057586378508576314
CC_A143E64BD9D6,0.34533709791973466
CC_A14B0A24DC3C,0.11507579953851402
CC_A15137F25F7C,0.07593372887785652
CC_A152DBEC5BE7,0.05594069329306242
CC_A1591CFF6D81,0.052328627627665845
CC_A168CCB582C6,0.3597969411312977
CC_A17DC38133CE,0.7747862001684758
CC_A185D5EA3DE8,0.6258618964973997
CC_A19C842508E0,0.12622805801893744
CC_A1B648DA406D,0.03622954158987561
CC_A1BF7028CAA8,0.032794662508502444
CC_A1D035FA36E1,0.10558883825954622
CC_A1DD653D41A7,0.0905520990751365
CC_A1E3AD4B934C,0.2859858706870895
CC_A1E58421CE87,0.06298328703299878
CC_A219144EDEFE,0.07447523273876834
CC_A21FCEEBB3C3,0.4491893294945326
CC_A220E4278D79,0.06468767174359309
CC_A2231BDC961C,0.24001649849036694
CC_A234E219EFC7,0.3836624393623764
CC_A239B1BD81FF,0.07576312414360165
CC_A23D8CFFA31F,0.08058740358590324
CC_A23F463F4B4D,0.04616289855348349
CC_A23FFDC4A7A4,0.08505993692759342
CC_A2423E273F84,0.1056416696852156
CC_A2493E6036AD,0.31490289321428516
CC_A25C54470CED,0.1052489938371632
CC_A25FA690BBBC,0.11231125443189727
CC_A2636CF7C075,0.1109508721707949
CC_A26C22870E3D,0.44938108538657695
CC_A26F6A272B3F,0.10060934225563656
CC_A27CDC9BCBAA,0.18506475401507838
CC_A27E5269DA60,0.12705072328443937
CC_A28D4A46B6FA,0.11314506469073879
CC_A28EB319030E,0.05275094247127582
CC_A294D3A59462,0.7688587446370204
CC_A29D8034C304,0.0800594293937545
CC_A2A109409963,0.05264717605201134
CC_A2A4FA5F9962,0.1059650906365179
CC_A2A7E30C59D0,0.16380259236727404
CC_A2B5D2D4E269,0.5669249822193235
CC_A2BB24180208,0.26352083181086544
CC_A2CF1DFEFE46,0.4482781997533405
CC_A2D6090EA5B8,0.13345093023321192
CC_A300BC40BC9D,0.044248765545680094
CC_A3212501F639,0.2040828325070534
CC_A3278A566572,0.05664447907692256
CC_A327EBE4F783,0.18266838885518583
CC_A32FB6659B01,0.08491525410456158
CC_A33915EE72B6,0.13256299687464385
CC_A33D350BE79E,0.16744034284310727
CC_A3553B8AA8F6,0.09076029892703037
CC_A36EB077BF3C,0.03569562469115814
CC_A3753EB66DEC,0.11164683025014473
CC_A378342AC9BB,0.17345381387227532
CC_A379E9455C60,0.18645016213419122
CC_A387ADBD7249,0.0936278145356998
CC_A39E961FC29F,0.2028998362974674
CC_A39FA1EF0B16,0.2830451736432681
CC_A3A4E39FB04D,0.19005013439163979
CC_A3A751BE68D2,0.049633360162564484
CC_A3ABB3C5E9D5,0.6746304684514903
CC_A3AF9C2C68F1,0.17452253972155313
CC_A3BEA14873AD,0.12943366527886752
CC_A3C2FEE13C37,0.12606604811445551
CC_A3D6435D5F17,0.15528991326271224
CC_A3E3E51AD0E7,0.048959724844823284
CC_A40566694D53,0.2360378904582994
CC_A410C0DC7125,0.046748238618539474
CC_A42168D2B94B,0.078186736318563
CC_A43CED9AFEF5,0.4459375722805776
CC_A4475A788D13,0.11953177555838833
CC_A44D677C0C07,0.05298557194866064
CC_A44E2673E71E,0.04499702992545393
CC_A44E79A96425,0.3162040524541329
CC_A462CA147DB9,0.13014990677155266
CC_A4660E424386,0.21828011541338802
CC_A476C9F116F6,0.15950541281068645
CC_A47C83B6EE2B,0.12868803060094558
CC_A47F8594678C,0.25912667111087156
CC_A48A7592F96A,0.05439485844926686
CC_A49195E659EE,0.06909993711157854
CC_A498A936AD21,0.0971778024697279
CC_A4BE6692361C,0.6355293457488804
CC_A4BF2115580C,0.07217407451309309
CC_A4CACCD14A0E,0.13337653328326882
CC_A4CE57A1AB74,0.0760528251106037
CC_A4DE4F1B5F93,0.15966313933514564
CC_A4E300558DAB,0.05532951604830892
CC_A4E972915D89,0.7361063969384734
CC_A4EEA04CF3D0,0.21289705524343253
CC_A4F400E9A0ED,0.057325604573241644
CC_A4F550D7F95B,0.21089650744449737
CC_A4FB91B1BF31,0.22562900316010587
CC_A500C1ED0A33,0.2204289927372018
CC_A50471962A96,0.6823860600791647
CC_A5161D8AA57D,0.12612972831322686
CC_A519C84307D2,0.0764642116163718
CC_A5277A9BE02B,0.6792529445214681
CC_A53578FCEA71,0.12779004036734376
CC_A54EAD1CCE27,0.1451080432876318
CC_A5512DA239BF,0.17625809675175463
CC_A5545DF298BE,0.07335573242060038
CC_A556EEF3010C,0.44713956190711196
CC_A56756C65136,0.3248549852524299
CC_A5852E06D2D5,0.2891662383390512
CC_A5886994671C,0.16597548602190396
CC_A594D8B41A99,0.05728280853826751
CC_A59C6A6B71C3,0.06276668354200633
CC_A5A06987AF5C,0.19151588293613211
CC_A5A1512FEEFD,0.17899513758971156
CC_A5ACE4284283,0.14749441384353376
CC_A5B10F07BCD5,0.08416001131233998
CC_A5BC9ACDB4CD,0.08486710712722796
CC_A5BF8B260922,0.4489899691551012
CC_A5C52379AE06,0.2519580625516826
CC_A5DD4441568D,0.035485029569660265
CC_A5FE3BE2949D,0.05510723208660171
CC_A60EF94F09C4,0.34061268203282774
CC_A628BE74CB45,0.12469855013588119
CC_A6292E9B43AD,0.06569399830699171
CC_A638610BF8F8,0.11565053401839254
CC_A63BBA86CE9A,0.2648914691898222
CC_A63BDDAC43CB,0.06194347526692517
CC_A6409E37A735,0.14169328248432891
CC_A655EC341406,0.10925468214380724
CC_A6562E47BFC7,0.17327681261420697
CC_A6563A22D668,0.6915808191958336
CC_A6601278C1BD,0.11026946051672375
CC_A683678AC9FC,0.3473026464193541
CC_A6864FE80A94,0.10639489806116413
CC_A69117CC3C24,0.1388474741808468
CC_A69928C7D217,0.17477902362922815
CC_A6A8BAF7124A,0.2508661283882446
CC_A6B7DFC69AAE,0.5842866708575948
CC_A6BB595B55AA,0.08193049154143345
CC_A6C5284C4586,0.10435059052034669
CC_A6CB0D0191D3,0.11184412330150749
CC_A6FA3FA9F0FB,0.11934296484959421
CC_A6FDADD23BD7,0.04182520439177258
CC_A6FE3938F001,0.1731397048305796
CC_A71DB65F0BBA,0.6806215828517151
CC_A730F4964FD4,0.10780043056429245
CC_A73C02C58DDA,0.10693841963193113
CC_A746BC2289C7,0.3075176181322668
CC_A766C3608214,0.1131783027678698
CC_A76F48111A8D,0.11007312659634495
CC_A77AEC8AD2D1,0.029515937583025755
CC_A781174166B3,0.19496166969529785
CC_A79024286DFF,0.07071188692866102
CC_A792720B875E,0.0905536281830661
CC_A7952C2BC5B6,0.06289524393975392
CC_A7954EE1A1C4,0.060677487476635435
CC_A7991E6B3CAD,0.19843826812999724
CC_A7B141DF4AAF,0.062052246855681385
CC_A7BE2CED0B93,0.04896438635303701
CC_A7CF446093DD,0.22741087854542388
CC_A7D1C6692090,0.07993282329130946
CC_A7D6CAB54328,0.4576100859540879
CC_A7D8D1DA4EA6,0.11992236825083394
CC_A8102BA6933F,0.062342982670090544
CC_A81C1EDC5FE0,0.08273242730516038
CC_A82C0FDDC303,0.26926559879101797
CC_A83F92C0CABC,0.1350929913613339
CC_A849B0F60EEC,0.0614923649966954
CC_A852AAB180D7,0.046065724768261665
CC_A8536626873D,0.17517455610410596
CC_A85F953FFD40,0.3299139717827356
CC_A865A3F1E28A,0.6520747285952012
CC_A867253FC73C,0.711116993957719
CC_A877592FE1AF,0.06469339932008225
CC_A8AE26057851,0.16315889189643268
CC_A8D50530622B,0.11842185559236895
CC_A8D5C834B061,0.7661161700616682
CC_A8DF49EED27D,0.7974653816581682
CC_A8FB53A944AA,0.0886223053816256
CC_A8FF19BCFB18,0.15912803631531428
CC_A9042AA97760,0.06177483410805342
CC_A917D68B7F33,0.07097787934535585
CC_A925B3023F01,0.13959076323739986
CC_A93A49678A0E,0.6782753560743902
CC_A944C14551E0,0.1491289506905776
CC_A949A4D6CFDF,0.036023053251256376
CC_A96085AAACBB,0.45498865219193835
CC_A968E7B519AC,0.5688180899856289
CC_A96F61DA3920,0.266953417500467
CC_A98AA461487F,0.05565046385105876
CC_A98DE37F48B1,0.03375885550558161
CC_A99526CAE7B8,0.09308303920648149
CC_A9997F50D935,0.1179544719705018
CC_A99C3B09B728,0.05267775236267389
CC_A9A0DADE60F5,0.24297650336427876
CC_A9E27E0F8BF7,0.10160428011774157
CC_AA06B8C44B08,0.5886612056180743
CC_AA078692F54D,0.054693003052235054
CC_AA3181148667,0.10053089466319563
CC_AA36C8AD0AD4,0.09976290615759217
CC_AA36F0397FF6,0.07885470238831539
CC_AA3A8989A632,0.7095955034486202
CC_AA4A1B7522D9,0.08416498705659836
CC_AA4AE0378324,0.21943890243370098
CC_AA5E4D5A692F,0.1604826959271956
CC_AA68EABEE4B1,0.07635763005006349
CC_AA6B5A7A5B67,0.10054813066416154
CC_AA6BD423C239,0.38818295777240147
CC_AA7074B42A4C,0.5103731140278986
CC_AA7A7F3159DC,0.08723346975588467
CC_AA7BDEB972E4,0.123802383631554
CC_AA83426311A1,0.07230013134287021
CC_AA8F7D307212,0.12809481038813245
CC_AA994120654B,0.07148235696768267
CC_AA99CC1D0A77,0.10010959734742063
CC_AA9DF917E958,0.16362837058577867
CC_AA9FC6678135,0.3365133810702214
CC_AAA47EC0D4CE,0.08520887914040552
CC_AAD9F600283C,0.11978456134733943
CC_AADF003A3927,0.08154995408815631
CC_AAECFE806C8D,0.20401473347159632
CC_AAF2022B9CD1,0.17032859875212394
CC_AAF445E4CCF4,0.06727626720433118
CC_AAFDCAA5CA06,0.6474680650504834
CC_AB0384E131D8,0.1876316957543578
CC_AB0A4F4A2968,0.1838500306871061
CC_AB108580856A,0.07257725371019805
CC_AB10FED15FC0,0.801266836601386
CC_AB176233A184,0.05536910684972975
CC_AB250982887C,0.10481677553675334
CC_AB25C565EA6F,0.060821283152779834
CC_AB31BDAE74E0,0.199884354441053
CC_AB38A76F5698,0.3874540206240881
CC_AB38F588BDD4,0.19023246535405092
CC_AB3DB55C9A2E,0.13316133841503106
CC_AB42A7DA8FAE,0.16882234708616217
CC_AB486E8855F7,0.09825244660305801
CC_AB4A79BF0F21,0.04132616371584462
CC_AB7472FE1C8B,0.06536082943442174
CC_AB78F64D1DA0,0.13800047315681627
CC_AB821E2FB031,0.057071513669819336
CC_AB873276D910,0.05983434708346615
CC_AB8CF3C05B61,0.11544090739775409
CC_AB8DD8448ABE,0.3341233818391937
CC_AB953366A38C,0.09021754020428692
CC_ABB193697B23,0.5979118031711511
CC_ABB3F0A040BD,0.12551019133995847
CC_ABB618AD3E52,0.264124097077076
CC_ABC0DA7DAFA5,0.04095637535695217
CC_ABC49E43DF40,0.5990575114104425
CC_ABD89F61734F,0.10512776681540285
CC_ABE04CDC2866,0.5889936273398945
CC_ABE98746DB91,0.5186096620514077
CC_ABFDF22BBD97,0.07288763245584506
CC_AC0498A54CAD,0.1761737159951098
CC_AC1C23EA2767,0.3450803680805896
CC_AC1E028B2A1A,0.0942404368798165
CC_AC255B902EEB,0.1590832368004152
CC_AC44A88F7869,0.0707668667788602
CC_AC51CBCACA63,0.12764011067759154
CC_AC723E5F5EFA,0.04337197994164578
CC_AC7994A5FDC4,0.12369807808350047
CC_AC7EFDBCF2E8,0.7215195832576412
CC_AC8A45716CD8,0.13103056429548735
CC_AC8FB78319A0,0.0400116453939173
CC_AC95C517E726,0.08447392650872138
CC_ACA4C6C9316D,0.06052659577237864
CC_ACAD97A186F4,0.07535559730262817
CC_ACC12168D6A9,0.1522362738977382
CC_ACC53294D3A0,0.08482927637146624
CC_ACC6A74A8BEC,0.07550684058178157
CC_ACD94D2B1200,0.06210197355522017
CC_ACD988315902,0.04181497237338551
CC_ACDA59536C9B,0.10078207072742668
CC_ACE5A4081F6E,0.2064780801196628
CC_ACF4F9A2CCFC,0.18355016019718914
CC_AD0D7D212968,0.31682957545356527
CC_AD131D09EB0F,0.13645716881437567
CC_AD13C87CF26E,0.21865898251269156
CC_AD2050A0C79D,0.1768086634527513
CC_AD276D71D3A7,0.308417834093164
CC_AD2C54521FE4,0.19517538076982363
CC_AD2E59624FEC,0.3785029149851662
CC_AD3A36AF2840,0.27235965595087147
CC_AD3D286D0B68,0.1862788899801649
CC_AD46818E459F,0.601173834010811
CC_AD4BB2E22EA9,0.2399527517128833
CC_AD4F7F88242F,0.31666107296671847
CC_AD58ADCD54CE,0.6828323776575798
CC_AD71619FA389,0.12060951972662828
CC_AD84592B950B,0.07571351768313997
CC_AD9898C0E8D2,0.16354661421232378
CC_ADC70A21D661,0.3690703793044856
CC_ADCF16189AF2,0.22778158415749816
CC_ADD894E6E4F4,0.33230622520193764
CC_ADE899835555,0.14084532887243664
CC_AE0D73A1EE19,0.3812027509838596
CC_AE0F08EA3935,0.18538554062036822
CC_AE23B59E6FC8,0.29485527721813093
CC_AE289E013D60,0.09610275305197101
CC_AE34D3F7F224,0.7667222691602565
CC_AE4069D8B4F6,0.1915764189283008
CC_AE4896E2BE76,0.6898558313496389
CC_AE51DCFE0671,0.07460320354315982
CC_AE69FEA8DA68,0.17801724066913097
CC_AE7C129CC90F,0.20019099742385815
CC_AE7CD49F20AB,0.16862090500797688
CC_AE89526E0335,0.156671699862984
CC_AE8D62CF30C0,0.11510095626726084
CC_AE8D9CE8D6FE,0.053756638829445216
CC_AEB019CB9065,0.152185329202918
CC_AED1D50AF584,0.10437999204676676
CC_AEE546316FB0,0.21940678812626263
CC_AEE5FA00FA6C,0.3785722723351869
CC_AEEC765D157B,0.043661866891742895
CC_AEEE44D6C8A4,0.03143746815817551
CC_AF14FF3EF570,0.3554923205430681
CC_AF1C3ACBA6B2,0.10145674843646924
CC_AF1E911C98B6,0.313318360536769
CC_AF337F410520,0.09379875111975129
CC_AF3C7BC3BA40,0.10803293194336702
CC_AF41E4075C87,0.22030874563625638
CC_AF6B4405276D,0.7407950629317848
CC_AF78FE0BDBEE,0.0845792571493511
CC_AF8238D9082F,0.08694921907008508
CC_AF8CA6EE53C3,0.06680264090770342
CC_AF9AFA7C49A8,0.09442644943738449
CC_AFA1E3D3C685,0.15844166085769046
CC_AFA680030CB4,0.6310434003916923
CC_AFB351270B8B,0.04243618243991208
CC_AFC405AE0029,0.06711580974996195
CC_AFF90422E4FC,0.3415608219452289
CC_AFFBE2744B87,0.7670019228679424
CC_B0043CA53FCE,0.09679453190902443
CC_B01B2BD4EFD7,0.24437315792732575
CC_B01E87EB9940,0.10881895516393252
CC_B0273E66E2A5,0.17624948955413852
CC_B03E98085A9F,0.09132554057573536
CC_B0420D8C42DC,0.4917628986617777
CC_B0497BEB9F6B,0.15122816053009222
CC_B04A5E60B69D,0.07261744738334823
CC_B04D5517A193,0.11431092388489243
CC_B05FF3A960A0,0.20517681586051653
CC_B06A532EC131,0.2561643922842887
CC_B06D33A6761F,0.1430209767203078
CC_B074D4472CE4,0.04516174191371042
CC_B07CE95BCD88,0.33555446175064335
CC_B07D79368225,0.09580859292675904
CC_B07DD1ABABCE,0.7223648377046419
CC_B086C2D77820,0.15599991002514388
CC_B088DE9C9E3B,0.2903802020664025
CC_B0CD7932067B,0.11902523498771528
CC_B0CF90073A5E,0.6334851113351336
CC_B0D397D86639,0.6278602151847503
CC_B0EF4FD19FEA,0.10950777456422572
CC_B0F2F9514AA3,0.09186554487647447
CC_B0F3B79F51C8,0.1506702533989586
CC_B0F4041B1C76,0.03617582219788291
CC_B10FE31C61D5,0.11402557737835346
CC_B114E8F19D65,0.1674121762607931
CC_B117F0E3CAAE,0.15186148372665548
CC_B11D58F331A9,0.040665629288798515
CC_B1262188BC41,0.08214491253617807
CC_B12FFB2FF21F,0.08834563598216329
CC_B13253F34A9F,0.04220546013903406
CC_B137E2BBB53B,0.08700680570475214
CC_B13FEA7CDB99,0.05632443529315672
CC_B1481ED21111,0.045581261085448854
CC_B15BE5C9976A,0.25568070526137754
CC_B15EB6933578,0.06909784395180643
CC_B163CCB3BE4D,0.13712499828357205
CC_B16DC354FD71,0.3755079290866381
CC_B1777349EB15,0.15614129646245165
CC_B17C6CE0231F,0.2850989430679765
CC_B17CA8C22E5C,0.12294382209894893
CC_B18F3C9C30E4,0.12976884161924124
CC_B19CD93DDC96,0.06907671192487666
CC_B1A647674B84,0.12436795307876122
CC_B1AEC2E5E33B,0.21121400757862005
CC_B1B5C81AC0A6,0.05839113245414072
CC_B1B932EFD646,0.14909077802897683
CC_B1C3C0B52B88,0.2582154526494844
CC_B1C7216344F3,0.08166484123954286
CC_B1C982DBBD12,0.3534772536652923
CC_B1D81F8197B3,0.35449740970520405
CC_B1DF1DCBDC7E,0.5845117421498395
CC_B1E2C36607CB,0.06985933500307087
CC_B21351C93D8C,0.14677515480071363
CC_B2174860AB11,0.72537310678354
CC_B235818E6A04,0.1625452218820365
CC_B23CDE30F00B,0.07746733227548455
CC_B23DE4971DF0,0.45501149058636026
CC_B23ECF574D8E,0.06621749674115408
CC_B24C41DDFBDA,0.22552278256954325
CC_B25EC73B9510,0.1349578001379894
CC_B25F69904D0F,0.0698060027513297
CC_B25FB6C11D05,0.6475636092914291
CC_B264F2B92259,0.5804590479443581
CC_B26B8FC23F1B,0.06318494651824501
CC_B272E29922B5,0.1463557584438535
CC_B27AA8E27BE7,0.10560884439794466
CC_B2A68FD3C236,0.08202987003998038
CC_B2AC50C00979,0.09335547617100282
CC_B2B16D7B821C,0.1635511282913403
CC_B2B32F1511E4,0.1285445182609443
CC_B2C241A93527,0.07974617078834363
CC_B2CB104FED6B,0.6428428779965761
CC_B2D352013F92,0.1229324600978705
CC_B2DF694BAB08,0.10311786519769044
CC_B2E993A9343F,0.19746953100641182
CC_B2EF61C93AB6,0.13359417659688683
CC_B2F94405EA89,0.11046143964026454
CC_B2FC07BF6251,0.05576352310259019
CC_B301A65B4164,0.12658737693238492
CC_B313E3A208A2,0.1726027704403884
CC_B318FF5D976D,0.1480616700292017
CC_B32AEF0A2299,0.06817701050978103
CC_B33BD3C618EA,0.08981578684949204
CC_B348627365A2,0.12669193316706184
CC_B35109450BDD,0.03934676712751544
CC_B3528B870544,0.09739455476720839
CC_B3530E7CF8F5,0.13961298084188306
CC_B35C5B1DB9C1,0.0673121977143369
CC_B35FF59389D4,0.210694183387703
CC_B3812C6700F2,0.6252022293371312
CC_B38280B483B8,0.12360314370413937
CC_B38B694A18EF,0.46639033262695284
CC_B392BDECD913,0.3402451399634837
CC_B398DF1ABAD4,0.03937508798670852
CC_B39E75E151A1,0.1309688544235628
CC_B39FD0E249E8,0.052563345450034625
CC_B3AA0891CA5E,0.4088311256044578
CC_B3B1C8EBE5C1,0.1306021611340841
CC_B3BBA28E2D39,0.4059105404019295
CC_B3C4DB0303A7,0.09285607477299282
CC_B3D32FE823B2,0.03919750207621317
CC_B3DA429C6C8F,0.09013348242037202
CC_B3DC5786AB0F,0.18310290826553666
CC_B3EA537531A3,0.1572794421366565
CC_B4096D3A38CE,0.0446043105930225
CC_B41EADCCC95F,0.06503722260142242
CC_B421940B9A48,0.6492442922909392
CC_B42B3B83935C,0.8291557631834608
CC_B436B1CA6B2F,0.0576861454787488
CC_B439B06AF274,0.1957199114259988
CC_B4482E7879F4,0.062020005935497044
CC_B4660022C612,0.11139207045726744
CC_B46B899B4A63,0.10955256390826089
CC_B470280A580D,0.11678905049381946
CC_B471D3BF0C72,0.5417105473057634
CC_B4751DEE43CD,0.15450560369151597
CC_B482C254BAA5,0.058734862206723505
CC_B4889D036D3C,0.7216821570743702
CC_B4950F811C90,0.13702660473519684
CC_B49A6DE7A340,0.2938184172886116
CC_B49CD4C13DE8,0.348228579629705
CC_B4A90370CA96,0.4824074677039921
CC_B4ADE6BC8A10,0.6906978925554855
CC_B4B6F805888C,0.04801789975078884
CC_B4B8F66BF4ED,0.6546371143073276
CC_B4C6F80DEE44,0.04675744973962075
CC_B4CCE78C09EE,0.17733290104939028
CC_B4D68D1C1C55,0.20088639495745989
CC_B4DAED63089A,0.14609934802491686
CC_B4DD9841E6FD,0.20196771372060737
CC_B4EF6743DDCF,0.07978094498859852
CC_B4F67F73D097,0.09212131643634917
CC_B50EB15EBA18,0.09081895189687456
CC_B51DCAAF4549,0.15695792656906912
CC_B51DFF8702D0,0.5353114094962191
CC_B520A001BF69,0.09669395657787884
CC_B529919BF24E,0.6412462632987832
CC_B542342650A1,0.06318028080430341
CC_B54A106E91E4,0.042055868070810694
CC_B54CFFC21F2B,0.1113490033769746
CC_B55C134C04A5,0.1985317894580639
CC_B55C2DBF6D3C,0.22232032950389696
CC_B569705352B4,0.11042919884766852
CC_B56E74A967C3,0.0518787156270009
CC_B57519F33EEF,0.04241985561151605
CC_B582E4405D85,0.09198504269261637
CC_B585A11F7BA7,0.13868838290878113
CC_B59726D36AEF,0.17631512172927968
CC_B5995E4F1A21,0.11845466498963124
CC_B5AC2AAF871B,0.7537452812556044
CC_B5AD19125E1B,0.21157570929944594
CC_B5B1E42858AC,0.06300120566633509
CC_B5B7599E8BC6,0.07385073634002909
CC_B5CAE0595637,0.21261962481124266
CC_B5D49843A799,0.336056632795353
CC_B5DDFC7AEE78,0.11188864093558056
CC_B5E29344F63C,0.20635810552879788
CC_B5EE5AE6378A,0.5730584055290676
CC_B5F2A93AD996,0.08607138079972093
CC_B5F611613A78,0.06647974271222816
CC_B6055039255A,0.7516740964076628
CC_B607B2B0AFB7,0.047620374424397836
CC_B60CFD0F39F9,0.07709976323313801
CC_B620087B1C52,0.36277871506482173
CC_B6203BBBD151,0.10172068006826691
CC_B622662E664A,0.15660169887172126
CC_B62C9A2BC846,0.1461900257601183
CC_B636210548E5,0.38070782688093174
CC_B642C6714501,0.07620695097052335
CC_B64F81B8A263,0.14105080277211554
CC_B65CA581B9BD,0.15794166094619824
CC_B65D1B9B6F67,0.13917263333907526
CC_B661A8FCA431,0.047760237611187514
CC_B66AC40957D6,0.14419529929238598
CC_B672B35D1162,0.7413252989617524
CC_B68379D197F6,0.09453613972877481
CC_B6923D10FDA2,0.15647071454987876
CC_B69CC776BBE6,0.2442958880309775
CC_B69E50D76B29,0.10010322145090304
CC_B69EAA8C296F,0.227533858881935
CC_B69F7CB8CDA0,0.0789512846987255
CC_B6B4AD157354,0.16210942090462896
CC_B6BD764CB8B9,0.22307152112137732
CC_B6BEC3F4BE91,0.14929592236175057
CC_B6C13F4A610D,0.28527163704329234
CC_B6C1C3B5766B,0.10768020151786198
CC_B6C72241926C,0.13675895148876324
CC_B6CB40E245D7,0.6194298518722388
CC_B6EE58A108C5,0.07364223843761207
CC_B706F631F5BA,0.040120881184300905
CC_B71DC1206985,0.16513418106858602
CC_B72284CED807,0.1749307836453036
CC_B727865A5B5F,0.5990237585031807
CC_B72FD7EFA6BD,0.18673334859744134
CC_B7365B5A3392,0.7544951707748433
CC_B73820D308C9,0.11839236866214617
CC_B743560D847F,0.08530719921991588
CC_B76EF26F7C9A,0.3443030220565685
CC_B7764FC130E8,0.4346132801953859
CC_B77B73B95532,0.12742047519149008
CC_B77D6653C7D4,0.04350047626027773
CC_B77DA6B77DEB,0.27229141901770154
CC_B783AE19622D,0.16882056753534655
CC_B78761738CAF,0.028064608482199056
CC_B787BA135B5D,0.3243676512195094
CC_B78B4449EA19,0.11108343125919604
CC_B78B4B7F80B5,0.23008359815818874
CC_B78BEE888CA6,0.09127924412944477
CC_B791FEE1CF37,0.043633768336400806
CC_B79A58AA4441,0.09811389129820818
CC_B79BEC538198,0.13433069713488927
CC_B79DD53178D3,0.07988219754457776
CC_B7A7EFD85149,0.2126433051237129
CC_B7B5F2A15C41,0.1210713499673245
CC_B7BC46A7D4DF,0.09480760673589109
CC_B7CBC65D9AF9,0.5508799729041397
CC_B7D40C5C891F,0.07138418581452464
CC_B7D4337C4797,0.29374570199475064
CC_B7DA04826165,0.2751406541003328
CC_B7DC19DA1440,0.16080906695076
CC_B829EC622F0D,0.550602713659443
CC_B82B9C0C7B85,0.6586661618019377
CC_B82C55DEE5E6,0.30855972349939315
CC_B8475B977AD2,0.6521599041219441
CC_B84BD2F4EB01,0.20236306523785666
CC_B86DA7D69F20,0.06254212682909081
CC_B87989F406EB,0.18469918992503243
CC_B88B702183E7,0.03785537046234617
CC_B89B80945ADE,0.16059942804987698
CC_B8A3A44BFE8A,0.43085782867211325
CC_B8A7A6548AE6,0.17355469141225785
CC_B8A8FB83065B,0.1780521007023583
CC_B8AAC20D626E,0.1928762999846008
CC_B8AC99873641,0.07167913409486232
CC_B8C9673B7834,0.08404573049393636
CC_B8D5FEB15CC8,0.07241100180132592
CC_B8DA64A33076,0.6046904597163091
CC_B8E912A01706,0.6195838278004441
CC_B90869280808,0.12286731676144974
CC_B908EC99951B,0.2753648806449039
CC_B90CBF2A6775,0.06800512247599359
CC_B91080C1ADA5,0.33777589148511616
CC_B918FB42AFD2,0.1953611357079577
CC_B92CA425080F,0.10655840058663771
CC_B937F632B71D,0.16063001950183992
CC_B94477C20476,0.3214490475362257
CC_B9483A5C922C,0.11616208913812323
CC_B954EC1C63B5,0.3144814329138024
CC_B95580F93537,0.05603479803896005
CC_B96086044329,0.06876498685954831
CC_B96EB0A91589,0.1870965037481737
CC_B98357C70A41,0.634797479947629
CC_B9929A66C2FD,0.672724974033312
CC_B9BB52E4C529,0.10653226960816758
CC_B9BD45744855,0.7911330960564267
CC_B9BFDE4662AE,0.09562092528680433
CC_B9CEAF324145,0.044214827228038815
CC_B9E89F42B509,0.2190793497213618
CC_B9E8A3887223,0.2143856689230669
CC_B9FC67268C45,0.22094446719736358
CC_B9FE9DFEB3DC,0.10445719282145367
CC_BA041E14DD98,0.0703431040569245
CC_BA0619F54427,0.09897456745686509
CC_BA15072C4EC2,0.21266327891793613
CC_BA183CDC5429,0.8149584280910376
CC_BA43646012D2,0.4658895698607959
CC_BA4F7E494E71,0.4336202403586836
CC_BA557F75E2DD,0.17909595031815534
CC_BA740903CBDF,0.12898310292863846
CC_BA77722A827A,0.5387297767475662
CC_BA78E47BB021,0.22225986010207677
CC_BA8C427054F4,0.03784502425198916
CC_BAA19F8D2563,0.09616960248618316
CC_BAA1BBFF8C6C,0.30968922637806906
CC_BABA44B5FB12,0.07911153745799386
CC_BAC25BCCEAD2,0.06907545541811745
CC_BAC74D0014D3,0.44732299697153377
CC_BAD99E36CC71,0.2413697156533834
CC_BADE7EB1D16D,0.7635772742120464
CC_BAE7410803AC,0.13854701766646746
CC_BAEBBF8054FB,0.12118116503074312
CC_BB054686B6F2,0.0491668371246239
CC_BB05D9DF72BD,0.06156875537416234
CC_BB0D54068D07,0.7719440960343218
CC_BB15DE5E0DA0,0.7587675682814278
CC_BB1A57AA813F,0.14392962590736966
CC_BB1CABE261EB,0.18088044438609155
CC_BB2BC46FCF61,0.22388444660142395
CC_BB2E5437EE04,0.04713204532187975
CC_BB2EF1FF6131,0.0833812481832544
CC_BB2F56C6BF57,0.10602187920538163
CC_BB35CEC5314E,0.08982726728606609
CC_BB39E3597B61,0.04449379912505625
CC_BB3A9EECD51E,0.08290998589231126
CC_BB44CDEE5103,0.2016335891474901
CC_BB458116ABA4,0.3516172408443444
CC_BB5F6936F6FE,0.20928178691641147
CC_BB666F8A551E,0.06964647630552061
CC_BB7355E735D2,0.11304757323352073
CC_BB8A2F186D6A,0.07121151680032246
CC_BB9FDED12C65,0.7031256153968259
CC_BBA8C316C8F8,0.08310005537608242
CC_BBADC7DC73EA,0.2022932114607109
CC_BBAEA7980B09,0.4632200118410825
CC_BBBA078A6429,0.7743000170271391
CC_BBBFC3EC2C72,0.4108811724681871
CC_BBD34B3225EE,0.034818088501190746
CC_BBE6C58C59A4,0.4125972952425531
CC_BBEBBE1E226D,0.1173716450233575
CC_BBED56D34D38,0.10317349765610541
CC_BC0244FBDAF6,0.1764220497178472
CC_BC099E880236,0.13558153349635801
CC_BC0F05C89E25,0.12266028502464696
CC_BC1BD06C1085,0.09513904975327768
CC_BC21E8824A34,0.44769124659652737
CC_BC23655B2BF4,0.06208088403892933
CC_BC24F9024F49,0.06218004370628941
CC_BC2A58939715,0.08671410927691937
CC_BC2B90F226E0,0.1982969394368181
CC_BC31382964E4,0.04962795839100622
CC_BC31DA3EAFFF,0.11990708308206713
CC_BC3A6CF6FD16,0.13100636272279143
CC_BC410BDD9ED8,0.24711329020749906
CC_BC458960887E,0.14702762905801273
CC_BC484C329704,0.1326639195932239
CC_BC4D6D6D4553,0.3636274693768922
CC_BC5A59D88AFC,0.09449853608568876
CC_BC736DA19A00,0.1982926551526437
CC_BC7B9D13978F,0.19989004217628895
CC_BC84BF34D69E,0.2930807318579416
CC_BC95D473C9CE,0.18433562498005263
CC_BC96FC9DCFE7,0.09485351873518753
CC_BCA0D6159C23,0.1914753721227032
CC_BCAE73132BA2,0.07609753684473015
CC_BCBBF055366F,0.048099249590347275
CC_BCC94F494979,0.08980220620452774
CC_BCF75F8B9A5D,0.1304031921030628
CC_BD10F4F15094,0.08237052173469406
CC_BD1A2052ACD5,0.8008007121135862
CC_BD217C39702F,0.33005233181983107
CC_BD2A9D4B9FAA,0.19968196200925528
CC_BD3EDD1630E8,0.05264351009892413
CC_BD4AAFE9EFEE,0.06601588638087456
CC_BD59D1252975,0.09556839684032176
CC_BD607BE97C17,0.10844487226650917
CC_BD889F165227,0.08679342445650545
CC_BD900B6BCF65,0.18795149104984232
CC_BD9967660461,0.42438324222758916
CC_BDABB99ADE2A,0.15124914378815663
CC_BDB07C66EDBD,0.4501364859382171
CC_BDB71DAAE50B,0.11775709595078636
CC_BDCB91FACECF,0.14365512154495488
CC_BDE1E398B4E4,0.05628616868493317
CC_BDE8D325637B,0.668319505331699
CC_BDE9E7F390AE,0.0945184525454192
CC_BDECF392D7F9,0.1445509841673307
CC_BDF401C3BBCA,0.13756062055743673
CC_BDF53C42C5BC,0.2500556434775006
CC_BDFE5778530F,0.3344826621169704
CC_BE05EB5976EC,0.7609079630679374
CC_BE08A6D5E76D,0.05069865589336337
CC_BE146CE5BEE6,0.12341686643350248
CC_BE24C1EE877A,0.11325864602478236
CC_BE27E98C4BED,0.0818117976497216
CC_BE32DACBF6C2,0.11789463599567586
CC_BE3F52F9C9EA,0.13145680067955096
CC_BE3FC1024389,0.14673903156580972
CC_BE4595898BF9,0.10015309003383288
CC_BE4F1F53F4B6,0.09081166313446279
CC_BE648663620C,0.2016881762306007
CC_BE6627F3B9EE,0.6294887964437447
CC_BE673F70B591,0.3182817782358099
CC_BE704640727F,0.0367899682644984
CC_BE7295B354DA,0.34260199453619444
CC_BE760A430ACD,0.1693492203898408
CC_BE8A340F3876,0.045793795945226624
CC_BE9CB8845101,0.23590127553013743
CC_BEA12286E57C,0.14408280652500224
CC_BEB24EB997CA,0.10815295941165691
CC_BEB80CCF2ED0,0.05536440767227467
CC_BEB86014B5BF,0.1853060046002504
CC_BEC035C8801A,0.13103497266059197
CC_BEE1B858F0C3,0.29193038307752855
CC_BEE664893442,0.18478781967881328
CC_BEE75A33F038,0.07250132819358657
CC_BEF22728402F,0.6958759449363725
CC_BEF8AB2DF19D,0.3479312374667453
CC_BF03683CC755,0.09970851979220477
CC_BF066CB8F7A0,0.15565160752975607
CC_BF154A9FEE8D,0.1536708223950159
CC_BF17E635C67F,0.08801282848782364
CC_BF196AFA6AE6,0.17384510284489146
CC_BF2012FCFE14,0.17483926957002613
CC_BF3733356D4B,0.49924581775111126
CC_BF376C8D14ED,0.5072585040999972
CC_BF3BF8B9F646,0.10235077715375938
CC_BF588A5FF18D,0.6822413548689515
CC_BF7C643B8874,0.05418019551062515
CC_BF8919F14394,0.14411471047153315
CC_BF8B759EE1EF,0.0700900077972585
CC_BF971FA7A950,0.17993888375661574
CC_BFACE960372A,0.10508454309239507
CC_BFBF917EFEB7,0.5845777632510871
CC_BFCAE2959708,0.050487559954940295
CC_BFD80ECB739A,0.2325785642691011
CC_BFDEC7E68821,0.06601693518403176
CC_BFE3AD881F4C,0.05011237999015172
CC_BFE511C0F9F3,0.5672771873825255
CC_BFEE9CF8A6E9,0.08060769743600865
CC_BFF8E82FE4BE,0.13350891798868472
CC_BFF9E8C0FE28,0.6179624288237558
CC_BFFCB2882E26,0.04462437780660908
CC_BFFDCACC1E4F,0.11653532210231271
CC_C003A15648F3,0.08312853831966766
CC_C004160ABB18,0.16317792601958736
CC_C012746F45D6,0.10862365834239443
CC_C033B4EC89DA,0.1319367582561888
CC_C03578357D0D,0.360249784858366
CC_C040C14F27A0,0.05602165822232511
CC_C0474C48C443,0.14227464695178998
CC_C04A1EF46A13,0.24681164047029383
CC_C067DA2C5F99,0.4073348126192156
CC_C0731DB0CD7F,0.6299465990256595
CC_C07C70AA1AF0,0.14229777204418761
CC_C0877F4DBC62,0.1089436889971433
CC_C0896CE6B4E2,0.07931976277885998
CC_C089B0517E81,0.08805538204438247
CC_C08B9066A5BB,0.17408309976634057
CC_C08DFB22BC71,0.08519004466528633
CC_C0A2108BEC82,0.18889929166481353
CC_C0A6B0787F91,0.09411213623918768
CC_C0B29B279C90,0.12111179743716252
CC_C0B7151247C2,0.11454271673022029
CC_C0BEDCC974E6,0.1199012706561314
CC_C0C6F913C2CB,0.7020050718031252
CC_C0C7EAB055B1,0.2028887588997485
CC_C0CCCF588BEB,0.25224636988714744
CC_C0D65A1BC1DF,0.5968115176970513
CC_C0D6ADDF1E0F,0.08305741628022001
CC_C0E49708EB44,0.21765461490804475
CC_C0F32BA57D17,0.05184617405696944
CC_C1094828B26C,0.30752969306294076
CC_C124E4C094F3,0.2399591628561051
CC_C12ECF48FA03,0.184554610102617
CC_C12F5F7E5C54,0.13833411858738576
CC_C131509731A1,0.20238296163364544
CC_C14173B64C58,0.18255803933064857
CC_C14A4D39F494,0.3912646282375071
CC_C14DC9106B7E,0.25044694338974227
CC_C1624A910E58,0.033949820726014775
CC_C1645FA6EE7C,0.09512640910024417
CC_C165A26E7C1D,0.7047346102404705
CC_C16824A69631,0.05285776165785463
CC_C177831DEDC2,0.08199494465969534
CC_C1815DD481ED,0.7014731728405481
CC_C18313F97FC1,0.2679808217551308
CC_C18A7BC23071,0.2488399673122176
CC_C1941883C762,0.11127282374806165
CC_C1A0989CDF23,0.03486939541351895
CC_C1A8C99D910A,0.11136195144219316
CC_C1B057BAE0BB,0.2643961194313764
CC_C1B5D9A95708,0.10475839714742004
CC_C1C28181E30E,0.14262669485493185
CC_C1E8CA45E983,0.1055734499421606
CC_C1F4DD05F5FB,0.21008426318932016
CC_C205BAC0D181,0.07281922608887417
CC_C208790016F7,0.08048792556598545
CC_C219E603FD0B,0.07006734330902445
CC_C2323893E922,0.11571148329246414
CC_C236A614F73D,0.10673631313156513
CC_C241491551A8,0.13136007059626126
CC_C247E0377048,0.09659022238876977
CC_C24FBA584039,0.24550429136313942
CC_C25078D044CC,0.17131858579753442
CC_C255BE787955,0.19816832083668456
CC_C25ECB5C5FD8,0.06698452535271307
CC_C276E722FB1B,0.3163393136133738
CC_C279090E1F74,0.7751039334417752
CC_C279CA96D14A,0.14175856612607052
CC_C283330B9999,0.04535806185144308
CC_C289AF57EB24,0.26828170792875694
CC_C29558864857,0.11876002874437736
CC_C29846DE78AC,0.6424047570524197
CC_C2AEE09D92AD,0.10448371287711383
CC_C2BBFB603032,0.3106019583136304
CC_C2C2B2EEBA69,0.04064990211137645
CC_C2D1CBB42952,0.1634789081751622
CC_C2D4587A871F,0.7329887273161431
CC_C2D583F20739,0.3532327889602046
CC_C2D9086A8C67,0.060031101319632164
CC_C2E8FA308586,0.18379399051012105
CC_C2EA104630E3,0.10437421394587139
CC_C30ED2C6265A,0.04745231628503866
CC_C31BA9FD4FFF,0.25964681253471134
CC_C31DC3117984,0.18470241942572097
CC_C33142B2E26E,0.4323152093772831
CC_C340668CE604,0.09632687288275478
CC_C36580241000,0.153387982909219
CC_C3664AFC710F,0.12773813470104137
CC_C3676D2ADC91,0.2086328037848915
CC_C368AC6AE19C,0.0499001755297817
CC_C38B446B7432,0.20636528011716684
CC_C38BE6D69E61,0.05363732244665559
CC_C38FB634E7B9,0.07556030297618595
CC_C3913A125FC9,0.13946124849293026
CC_C392AC1AABDB,0.13202918211957979
CC_C3A37C3EDCC5,0.3884165238083258
CC_C3A42A96D260,0.22864480466470982
CC_C3CA355F78BC,0.10078563783934301
CC_C3CD972B25E9,0.15742252347896693
CC_C3CE9FCB05EA,0.048001171219598376
CC_C3DA12B31CD5,0.09454485941823733
CC_C3EF46D2CF29,0.18903188458841588
CC_C3F301EAE202,0.16948352670792008
CC_C404C200B723,0.10865917810832242
CC_C40BEE2EAD73,0.2555556719689376
CC_C40CA3E960D9,0.14634008213318916
CC_C40E0EEBA53A,0.16593884188985417
CC_C42183D7A586,0.10550584933415723
CC_C427199DAC5F,0.4660141764377835
CC_C445AEF194CA,0.08026347621638755
CC_C45051D20EC8,0.141879578971358
CC_C47FCA703A69,0.2739128132769112
CC_C4965C6C6935,0.29627153277611545
CC_C498BD798847,0.05273143440997894
CC_C49A42D1C3CA,0.08730376435293713
CC_C4A2F5B06976,0.06995787555246145
CC_C4B632AEB96F,0.15894752946109997
CC_C4D194378554,0.03648398688472612
CC_C4D90E9CA5E9,0.1394134068223619
CC_C4D941D5A5F9,0.133696497091147
CC_C4EB2486A9B1,0.21533562973316359
CC_C4EC2923D96F,0.3139425268524489
CC_C4EC9ACAE8C4,0.7505184889903928
CC_C4FB2ECB13DD,0.2994384066622051
CC_C50467EBCC58,0.0789306581254645
CC_C50C5E2A77CA,0.16448758675799904
CC_C50D7FAA75C1,0.05444149573554213
CC_C51FE3F4D2F3,0.1724438232689749
CC_C5234F4713B7,0.08257291520952874
CC_C55110310E14,0.10103481014585299
CC_C563D509181A,0.07448568519947066
CC_C5736F4887D6,0.7253693097502454
CC_C57C4F09442B,0.09306561265419597
CC_C59D2CA55CAD,0.8019174439475171
CC_C5AD04ABF022,0.09402368983592002
CC_C5AF7BF4B951,0.04062658512717166
CC_C5C5FD9FCFE4,0.6770835739338391
CC_C5D9A89022EF,0.20557872974158656
CC_C5E1FA10BD6B,0.17327008034941357
CC_C6039EF0459B,0.16832751736999924
CC_C6133F44EB0E,0.08868491201421119
CC_C637C1142503,0.774415333526383
CC_C65496C86EAE,0.16035945932503384
CC_C67C2B86A807,0.1374950725453489
CC_C690CF8AF3B4,0.09948966883258306
CC_C69204FFED48,0.3148562539544899
CC_C69DD80E5055,0.09364901576928142
CC_C6AE389CA79C,0.09352699127784465
CC_C6AFA8AF33BB,0.09043574274479634
CC_C6B56B2869A6,0.39123444896141213
CC_C6B61E03B42D,0.19091350547688357
CC_C6C2B357FDF2,0.11136527064090732
CC_C6C4A4A318E4,0.14126420304686124
CC_C6DECDCC7956,0.19642557558382934
CC_C6F134ABD932,0.5423798916328224
CC_C6F24128D8D3,0.1835659464946065
CC_C6F8C5E3D746,0.09987057660610878
CC_C6FB2BDCC78F,0.40220921058275716
CC_C70DBEB08378,0.8344183834722304
CC_C71AAC6F9607,0.09595514161519789
CC_C73D1C53BEC0,0.3316370891729957
CC_C7423B380FD2,0.06259586717019755
CC_C747ABF2B4BC,0.07913384642488984
CC_C74F0C45C093,0.14165843756364946
CC_C75307665BCF,0.21735254679621002
CC_C76473DBFF83,0.3247552116717034
CC_C7652C2D1CC7,0.18898147448011382
CC_C77B38900325,0.20713838784034638
CC_C782A94E6754,0.047315025630281456
CC_C786E0FDA098,0.7667809759100537
CC_C794632B3AAC,0.3919768792986271
CC_C795250A7B3F,0.11681900114298771
CC_C79BF5794AD9,0.058291369865903636
CC_C7A2A7BF85C5,0.061689551091597586
CC_C7A2CEDA36CD,0.49257226570875773
CC_C7AAAC514CD0,0.0831383302077474
CC_C7B39AE8206F,0.11806401456959922
CC_C7BA884F8DCA,0.14425189642902314
CC_C7BC592C11DB,0.04504764979387815
CC_C7CB29EBCEE1,0.05111849150161371
CC_C7D2BE35C77A,0.07978000275959535
CC_C7E56C7FFA19,0.18024087823878654
CC_C7ED63E403A8,0.08084149054611164
CC_C7EFF4BBEE1E,0.07390760793941649
CC_C7F1C90A261F,0.12128867513808832
CC_C7F38C2DEDFF,0.20092447733102667
CC_C807F881A35F,0.23551665972399247
CC_C808346EF2A7,0.04868677590061543
CC_C822401D05A0,0.1339460603224269
CC_C82D0EB32984,0.1080858658936754
CC_C82DE4520088,0.206308071821231
CC_C84080607284,0.06603950194077918
CC_C85DEB66D6EC,0.25019961514591615
CC_C8601860B3AB,0.3084968096785015
CC_C86B56E5B000,0.11179087162980685
CC_C874E7D8B96A,0.06754757923464275
CC_C88F02C38654,0.14924627271027535
CC_C895990DF270,0.11950706187929441
CC_C896D6E93110,0.38086279734275735
CC_C8A57920FB6B,0.08976046072139536
CC_C8C2CEAC6750,0.5129527834270321
CC_C8CBB38CF4B6,0.41814315983742195
CC_C8DF2AEC8023,0.17063215835029
CC_C8E24B1925A2,0.20360854088240016
CC_C8E2F0CA5050,0.6941212698421345
CC_C8E875AAFD58,0.317655714368793
CC_C8EF7366016A,0.08634011813234062
CC_C8F1FB9C56E5,0.0903783364096833
CC_C8F2FF7E6DAF,0.16700227457361475
CC_C916DC82A00B,0.31766685786589827
CC_C91FF308D57A,0.06995721170461335
CC_C9297D88CD26,0.304132179565301
CC_C932D885E1AA,0.1959513887576433
CC_C947A66A6A34,0.13415465229649487
CC_C953D19C82A6,0.28417339114112933
CC_C960365C1125,0.21118845326514923
CC_C96221203852,0.22914737528224646
CC_C967937FC81A,0.7071787176679162
CC_C97434767545,0.22476532627895843
CC_C974620D4D4F,0.2837387632793777
CC_C9749B07E3CC,0.12331256722561418
CC_C979F86EC4EB,0.06750738040765394
CC_C9882357496D,0.0699261069196286
CC_C98B5F2B994A,0.1014341150250933
CC_C98CA453DC7F,0.1110034305666575
CC_C996515164AF,0.6752362556748385
CC_C9A1B8F512F3,0.44649838235385675
CC_C9E008678B77,0.08261499806295776
CC_C9E89E3728DA,0.21421336935942828
CC_C9EE0357CF4D,0.16608488079486824
CC_C9F15C15BA6A,0.11873828390309904
CC_C9F3BB887EB9,0.22363792210313974
CC_CA0906B9B58E,0.06133604080338845
CC_CA16B9133E4F,0.37936966259964233
CC_CA2524A5C7AF,0.27702036575692274
CC_CA2A17C9CD44,0.4265505150043958
CC_CA32C61E255B,0.09477030424979842
CC_CA37F92A8BC6,0.1441416372907295
CC_CA3C9D0F42A2,0.5496374496924821
CC_CA4669FF2379,0.1226663776309536
CC_CA486E08F176,0.06537142246058823
CC_CA5CF069C36C,0.06784099416830662
CC_CA6AB58D2C8D,0.21758947130422018
CC_CA6EDCBFA9E3,0.16945233509507032
CC_CA6FB58C11F4,0.08270894471012183
CC_CA7902338F91,0.1732690949392753
CC_CA7BE11DCB92,0.11952871002226506
CC_CA87A148C386,0.07428704274238467
CC_CA8E7E45347C,0.1534174908542426
CC_CA9214D0E170,0.15584615619258108
CC_CAA07EABEF71,0.05788703958767195
CC_CABC0190A9BF,0.48672527236503255
CC_CABF171B8582,0.5327174267106703
CC_CAC2F989A2D6,0.2424212336595539
CC_CAC50FF13A43,0.44105645167500634
CC_CAC9C52B6FB8,0.24252036735048124
CC_CAE19DE8446F,0.07664917626545745
CC_CAE5F6D8328C,0.44523983994465377
CC_CAFA0C6DBCEB,0.05891507346305487
CC_CAFE5D6E3E1D,0.10349363942856472
CC_CB02A97FAC1F,0.23725669519638035
CC_CB1155AAC7EB,0.12098069934983298
CC_CB1B2FC5769C,0.18213154047283245
CC_CB1BD3C19303,0.17705213227241484
CC_CB2423DD4809,0.8250649380445787
CC_CB33381406F3,0.660676451630272
CC_CB3CBA971E97,0.08429501153027795
CC_CB45CB5C940D,0.19232124206343387
CC_CB4A2667F8CE,0.21178627503623282
CC_CB4EA92BE238,0.06435250579267626
CC_CB4EE5CC0B09,0.16709550841519727
CC_CB50BDD92A4D,0.2311637734463841
CC_CB6A55831080,0.08093011901684302
CC_CB6CE149111A,0.14068474748042223
CC_CB6F9DA78019,0.04124285746911211
CC_CB722FAA608D,0.1951974398030715
CC_CBA786C05C1C,0.7766231432682521
CC_CBA9A6206DCB,0.16516450838363042
CC_CBB7AE2847B6,0.18198727852885313
CC_CBB9DDEAC819,0.03616068845764731
CC_CBC30D127BA4,0.07959535855243716
CC_CBE67EF0D3C5,0.48706020173256537
CC_CBEC318365B3,0.37611588449462063
CC_CBED6669EDA7,0.06803307072875914
CC_CBF1B052FA7E,0.06698398099326494
CC_CBFC7EFF2F94,0.12572927685592705
CC_CC27394B5E35,0.07905916049325991
CC_CC2A7B3D7A55,0.12963023558547265
CC_CC34B2523794,0.1605534178916793
CC_CC34E9023873,0.6903978319439679
CC_CC37D81F02A7,0.6238170185299411
CC_CC4822AEDB83,0.6552577070380948
CC_CC5D6CAE5ADB,0.21933065454932152
CC_CC6D27804EF0,0.08144771534447584
CC_CC71D4876B90,0.1334441228202543
CC_CC75EA7F2C8F,0.10430065320064891
CC_CC9214A5C0CF,0.08810799147106385
CC_CCA2B8D2446C,0.43963102713747
CC_CCAB3E56FD92,0.1772037186958096
CC_CCAF321D46D7,0.04497186185840883
CC_CCB46EA56584,0.23422224127824476
CC_CCB60CB8754C,0.1459820094035453
CC_CCD759553325,0.06676638639232291
CC_CCDC28D49832,0.1727814868602738
CC_CCE55029E621,0.6636746439306785
CC_CCEA133D7268,0.5559350692708432
CC_CCED6CEBC3D6,0.32746402191230906
CC_CCEE76415B51,0.31865127978916885
CC_CD1326D52AE1,0.6745504297827972
CC_CD35EEA81CE8,0.31766920514101354
CC_CD373485942B,0.08095749489095182
CC_CD379DD39658,0.3369355901147577
CC_CD37D5CF0EB0,0.1866967680404804
CC_CD380545A7A4,0.07141929280040683
CC_CD3A378249BA,0.24961913349533033
CC_CD415B1C7741,0.04479105297916692
CC_CD4976814F28,0.03899825466082961
CC_CD4F5F1C357B,0.2562939838426409
CC_CD54829713AF,0.07922276510474252
CC_CD5E3556D5AB,0.1754794194555777
CC_CD6C797F3C4F,0.07209093665434271
CC_CD7BA8F6C4BD,0.10364096033782132
CC_CD8352F0478D,0.1738760446380231
CC_CD972E578564,0.8232596125204176
CC_CDA1B20179B6,0.10857575369429091
CC_CDA2A36B81B4,0.2239151205874457
CC_CDF6354EC332,0.06412008949424862
CC_CE01E17132E0,0.03977083544696753
CC_CE1280B30475,0.1392222658782734
CC_CE134F878294,0.06320955965101491
CC_CE229894AC00,0.13735002775625477
CC_CE26907B9D30,0.4595999788230955
CC_CE2755B42DAC,0.07735230940771383
CC_CE2BD7F74421,0.27851167835784635
CC_CE3784121355,0.12381356214830899
CC_CE41F9FF509E,0.1671030620848556
CC_CE5AF0E9A157,0.07742194895347937
CC_CE5EA019DCAA,0.09476691565082365
CC_CE6460FE39F6,0.12390748137889455
CC_CE72D1734761,0.6252904855267585
CC_CE7FC560768D,0.3216711263017312
CC_CE871DB3950F,0.3207516692007973
CC_CE8D1564C4F1,0.14807488740239813
CC_CE93240526A9,0.32030205007406864
CC_CE980FCAB154,0.30440742106106655
CC_CEA0FAD348F8,0.09108641288430445
CC_CEA369A3451F,0.07071315781204035
CC_CEBA67081418,0.21755729280166408
CC_CEC0C00FE770,0.5683132113172993
CC_CEC3B21D2982,0.4063245241464968
CC_CECEC680F701,0.15632643017616854
CC_CEDB263DB07B,0.04114688061723931
CC_CEDF9C14DC79,0.2581663236442078
CC_CEF23255BE06,0.06076075205979376
CC_CEF8C71C4E8B,0.41048452758655307
CC_CEF91FDD41AE,0.38437852040679577
CC_CF0B68684C3D,0.09709351285238482
CC_CF149865368F,0.08975824805024545
CC_CF2A7A5582C2,0.19341475847867734
CC_CF2B3E37CF2E,0.3444064918444272
CC_CF2F163CE005,0.168027077744475
CC_CF3C063DF626,0.1549357967078762
CC_CF3E91DB8220,0.3671193204245687
CC_CF3FB5744443,0.7201571957778914
CC_CF4991B8EFE9,0.11434874539914666
CC_CF53FD3AC9AD,0.03688015086931108
CC_CF5A140B279D,0.18175481416163913
CC_CF613A7162B6,0.14151985141418244
CC_CF6A8A460B19,0.1004935120077855
CC_CF792E77A16D,0.047725652821457805
CC_CF7BAF373E0A,0.04103768133028445
CC_CF8B1D0015C4,0.14713664640696236
CC_CF8D0517B79F,0.06830381431941075
CC_CF92037ACA93,0.2326109915943847
CC_CF960A300F40,0.31566469854208934
CC_CF96B6335E6C,0.17230049931885807
CC_CF9880D67A7D,0.2015520331068963
CC_CF9B249283A7,0.7205019098758826
CC_CFABF7407978,0.21592510139718946
CC_CFB2AE99EABF,0.14821603373696582
CC_CFC0BC440771,0.15142798632344542
CC_CFC235739F25,0.5515967218464461
CC_CFC6E8954325,0.06081389289988271
CC_CFD37EDB214D,0.2278551054167809
CC_CFD93C04478A,0.5909922023880574
CC_CFE0AA5381FD,0.6105266607054193
CC_CFEB021AA137,0.05572921501832454
CC_CFF6E2A6A3F9,0.28065357192789997
CC_CFFDC4947256,0.17205114247868808
CC_D009368CE434,0.05266994965386291
CC_D02E59E08B02,0.05279278097848905
CC_D03848B7353E,0.0581699412230224
CC_D03A69B1563D,0.13473104343208367
CC_D0576802096E,0.0966126571532962
CC_D0582E0F3440,0.05883020054483182
CC_D059D0BEC5D5,0.31226470939277806
CC_D05C4A8F2A25,0.14431509351128913
CC_D05FBA9B9040,0.7372710771745735
CC_D0653EA71CAD,0.1733946698492781
CC_D076A984B786,0.1489606494985911
CC_D08FC2D99CF5,0.19190499835201377
CC_D09942A02904,0.116011481342742
CC_D0A8EA2D37F2,0.12995188066822824
CC_D0AAD35C800F,0.1416931625817435
CC_D0D666EC0244,0.10081150065742904
CC_D0F3F68F4452,0.521595590510344
CC_D0FBDE8ABAA7,0.10568441492756017
CC_D103D50237D9,0.26495077339550993
CC_D11E5A30CF3B,0.26459329033964823
CC_D122B30AE7CB,0.537868793197088
CC_D1679B40D83A,0.08515266728977941
CC_D1760785D631,0.25883102509492323
CC_D18088587757,0.22724968850418809
CC_D184160042B7,0.3337170363874722
CC_D1886485E8B4,0.12120172068542315
CC_D1893DD5B4D4,0.0812966855700432
CC_D18B60E035CE,0.7339117055649087
CC_D191D099789D,0.07841984634775609
CC_D1BDB41E7FF6,0.09713887241438647
CC_D1BE2E6E9C9F,0.2045046549879507
CC_D1BFB29BF61C,0.07861730035364956
CC_D1C259F80E13,0.09301747369455277
CC_D1C63DA9CA93,0.10847234335492632
CC_D1C931E4F305,0.0719986751465501
CC_D1CE25F271BE,0.15069647805838263
CC_D1D2127A0C67,0.05114710207239998
CC_D1D31EA359F4,0.15662536699761512
CC_D1DB888BD9B0,0.11007732479494642
CC_D1E82B9DD102,0.15954753813013905
CC_D1EF68A649AA,0.1367483164765414
CC_D1F05E69F80F,0.05789818629378305
CC_D1F6FE158DCF,0.22529419569116624
CC_D205612FD566,0.6498925844214363
CC_D21474C31E3C,0.6867130490470299
CC_D2195A061A0E,0.6877899884532824
CC_D2199CC1CB08,0.0354950158191713
CC_D21FCD9DFE53,0.5171721977004913
CC_D233B2C8062B,0.40666437909160713
CC_D234CF2C21AE,0.6890771862769914
CC_D2373015DF41,0.06046468385262036
CC_D239CBE1012A,0.11901674939827575
CC_D2591377E980,0.7327975336008293
CC_D25E25C831B5,0.07211473583692896
CC_D262BB13DAAF,0.2964797143298408
CC_D272BC699F38,0.05678560803084862
CC_D2813C835750,0.7650049893304869
CC_D285B0D67016,0.03271085183646232
CC_D28FB525E310,0.2379840263934291
CC_D2AFEE04E96F,0.04066633343699319
CC_D2BBAA423304,0.1683760602564474
CC_D2BE8B4011D7,0.06301779126519573
CC_D2C49D2FEBF8,0.1861365969681119
CC_D2D09498D333,0.14494256207371728
CC_D2D187DA334A,0.14117537477012887
CC_D2D47A5386CE,0.24140192791969395
CC_D2E98F50621A,0.04764015912969522
CC_D2F265035F0A,0.0489090159134556
CC_D2F91355C6D0,0.17180807663489936
CC_D2FC934F8324,0.1395517656046765
CC_D3044C67CFFB,0.06517770977301152
CC_D313F2C49E46,0.3560525919731553
CC_D31FFB053D60,0.10584584872966767
CC_D336DB6323BB,0.3410431949564332
CC_D343A7CBA377,0.07696801151208252
CC_D345AF4C4B61,0.14779544162478686
CC_D34FA9410740,0.0706876292701021
CC_D354C5D1665A,0.14582647359845735
CC_D35E96480AF8,0.26155952969662866
CC_D3616386D6D2,0.1459029027780292
CC_D365173E852D,0.7887498856198077
CC_D3683C6CFC5C,0.6160980549567506
CC_D373463038E0,0.056655794905343074
CC_D379CF8E3FAB,0.7251239199650346
CC_D37B4CA7F3D8,0.06330229159189157
CC_D37B5B3CA4BE,0.6832908800090861
CC_D39265D7B6C9,0.056036475575983305
CC_D39E3F732408,0.0665772403351358
CC_D3A7B21165B3,0.24053609065660633
CC_D3A9028A4660,0.05187687329021992
CC_D3A948322BD5,0.6926604162565745
CC_D3B95DB5E6C1,0.2829907483778502
CC_D3C8C5014D5C,0.20054223460579484
CC_D3D80929AF52,0.10628817796911735
CC_D3F25136073A,0.21241024428980526
CC_D4102AD032BE,0.19889215754173448
CC_D416EFCEAD89,0.049925055848130104
CC_D41C5030494A,0.706286594893963
CC_D42E477596A3,0.06289361115091446
CC_D432C89BADA8,0.14756908273103259
CC_D434638E9569,0.13149520992585995
CC_D4518F98BB77,0.08681894879299977
CC_D452847F2A4C,0.08328733477016159
CC_D454056F92E6,0.23272247755188744
CC_D461FB973AB2,0.8011348363655058
CC_D462250B13D3,0.36342660789384673
CC_D48E686A834A,0.6670330589485632
CC_D48FFD985E51,0.08549932134570878
CC_D49263A1BDF7,0.12364850359121808
CC_D49668C65C33,0.03492929675706562
CC_D49D9C57A849,0.08512367777201359
CC_D4A029A150E4,0.19202833468633607
CC_D4AC998C0BC8,0.715696833385671
CC_D4B02AAFC697,0.11551935385287888
CC_D4BDF0F4FE9E,0.10922293471722548
CC_D4BF2778371B,0.13538950365643268
CC_D4C0F4DB3501,0.16134609711632503
CC_D4C6DD8A364F,0.15031212191718366
CC_D4CDE2A1E174,0.14922799198592696
CC_D4E7EE35695B,0.12871001335419413
CC_D4ED652E86DF,0.30120716797676195
CC_D4F844B54B84,0.044428767642414484
CC_D4FA0055DB4A,0.04524484507897743
CC_D4FDCBAFEC74,0.7291566019820905
CC_D517D90E105F,0.08384465916671907
CC_D52B87A01028,0.20377373439274077
CC_D530C3D1DBF8,0.6653351754769105
CC_D5327E41EBA2,0.13237793932131706
CC_D53C8BCA531F,0.0994129523865533
CC_D540C7ABF683,0.6911608610288823
CC_D54105FC1349,0.4039589899632242
CC_D550CE8B9313,0.7231435589287922
CC_D55C5B432387,0.18218944564010997
CC_D5646FCC5E14,0.5463737770432991
CC_D56F34613338,0.1211119825341438
CC_D573AF0F1674,0.11398622929050223
CC_D586E2C2B3EF,0.20996074602386783
CC_D589E388CA02,0.060654823645995795
CC_D58EBD954E68,0.2925771063507682
CC_D59AFE884BDD,0.39036172673566943
CC_D5AC596A85E1,0.16630158721367458
CC_D5B99B578573,0.04774740788221754
CC_D5CBF4A4D3B3,0.11072918603975104
CC_D5CE05EAA837,0.22845610222788854
CC_D5D36A6C8DB3,0.0721352289616246
CC_D5D8D545736F,0.07405157667826344
CC_D5ECFAF8C1A3,0.06900751976545332
CC_D605715F737A,0.11768278459966426
CC_D617428B4B0E,0.391521701586878
CC_D61E8E5C4414,0.10695037198030005
CC_D652B5F05769,0.1856782595203111
CC_D6564D0CB9A8,0.19139841579705463
CC_D66183657419,0.06957672292351234
CC_D66BDD3E1AA7,0.14009924234288085
CC_D66DA331534A,0.10274465996706926
CC_D687A780C0E6,0.046314881687945536
CC_D6AE871A4C9C,0.11020777075075455
CC_D6B7AF1FBDD4,0.4724361661528785
CC_D6B874308353,0.5435666823930942
CC_D6B8F47FE484,0.3771094053478895
CC_D6CB1BFDCEEA,0.12231443550270378
CC_D6D47D7E1C51,0.04388996518150582
CC_D6DE060699C6,0.1538848966449934
CC_D6E06014457F,0.8473244844507614
CC_D6E8E17EA449,0.3185787282924821
CC_D6F216AB1C4A,0.1560640944016077
CC_D6F5E3A51C8A,0.1104414202442158
CC_D6FB3B76D7A0,0.6550789152062626
CC_D6FBCD4BA3DA,0.2809298307789979
CC_D70918916097,0.47848659794025594
CC_D73B1B9B81A5,0.053393188031335075
CC_D73E9E24BB48,0.1513795244262079
CC_D74AA0F20466,0.12493474391793201
CC_D750070C44BB,0.7163425708710692
CC_D7529675CB7D,0.14732074052791067
CC_D75C8CDB510B,0.5997912916454795
CC_D76009C47709,0.30595384770199197
CC_D771775A58F5,0.2092306468897945
CC_D77F9D613EF7,0.16123886166323706
CC_D7999C3EDE22,0.16869053751348145
CC_D79BF1D26499,0.19160687792587222
CC_D79C05885899,0.10417241370017563
CC_D79D4F15D10C,0.04635415103269278
CC_D7A11E3512D2,0.05179339536597067
CC_D7AD7A7279C4,0.12501954617197986
CC_D7B35055AF0D,0.2091037930246932
CC_D7D99409D57E,0.30178379505202224
CC_D7E403181D8F,0.10119948753862555
CC_D808C7BA9399,0.12586325731085807
CC_D80DE8B544F3,0.039164928774614145
CC_D81D19AEFB77,0.036651494665696456
CC_D81F317F6384,0.13490610372491957
CC_D844D9DF962C,0.09658110236250611
CC_D847D978387D,0.049446193211217904
CC_D85C7B85C440,0.29079228410481867
CC_D885591596E7,0.08224676363829822
CC_D887D07BDE23,0.38785080651483644
CC_D88ACC0CFDA5,0.11201148508957018
CC_D88BDD0F510C,0.05749035710105043
CC_D8956424CB37,0.34925574229993933
CC_D8959BB99A7F,0.23320767999250022
CC_D89A9A14B5E8,0.05249661392493469
CC_D8AD01F3CCE7,0.05460026570130107
CC_D8B4122DC296,0.1396961365549299
CC_D8C38B187875,0.7110357579502293
CC_D8E55509595E,0.05658990750311508
CC_D8E6B90C37A3,0.11034096029069894
CC_D8F1AECFCC2F,0.058501790114716956
CC_D8F7672C70D7,0.04060267932403351
CC_D8F7E904E7DF,0.18842865058216943
CC_D8FEF1C99F88,0.6922892238937176
CC_D90761F9E9C9,0.40450942909810866
CC_D90D9D5C8FEB,0.10615720529722761
CC_D912917A4F4E,0.7463165213477316
CC_D91ECE64FD0C,0.1214839917066078
CC_D9325E5695D5,0.056180994466686854
CC_D9563654A397,0.1581033179696982
CC_D95766A6C24F,0.11939539041340669
CC_D95939B1BBFA,0.05958480883064257
CC_D96729C38BC9,0.09371807467732748
CC_D9791EFF766C,0.2196942498341683
CC_D97AA7C54F6D,0.12194157163468075
CC_D98BA5CE8EE6,0.5156224629383103
CC_D991DAD5413D,0.16277946578375294
CC_D995C89AA359,0.21343418353417662
CC_D9A54F55AD6A,0.1160271298004947
CC_D9B87A96C353,0.26204884646823323
CC_D9C42B0B6A0C,0.2064910773116889
CC_D9D487E78FAF,0.6338905331793966
CC_D9D744A66B09,0.0864704166658464
CC_D9DA3F6E2E7E,0.1324276747619665
CC_D9E5792258E4,0.0826186709185364
CC_D9E6B9CBEB77,0.05484669519801627
CC_D9F0CDB02AC6,0.13655056567632287
CC_DA0201D1BCF2,0.09442319246545097
CC_DA0500AFE692,0.06369113519859716
CC_DA0E0BD3880D,0.29151254871642
CC_DA10F53AE655,0.6546589318373386
CC_DA1643A835A2,0.0980594228800158
CC_DA1C5BAB7E35,0.4698261720834324
CC_DA1DC6A6371D,0.20429549801528799
CC_DA1E6B31DD2A,0.6433821780601251
CC_DA1F282809D0,0.03542732468372111
CC_DA226442D919,0.733386988323892
CC_DA31EC318B1F,0.06676634545840655
CC_DA33597C6459,0.120699669059886
CC_DA43CFB5CC2F,0.20131160737126505
CC_DA481C72B8A4,0.21475731283004093
CC_DA55447636EB,0.04743429068194321
CC_DA5AE34842E3,0.09507846490923312
CC_DA6880B018AC,0.1766793286502183
CC_DA700A961616,0.18670570263015376
CC_DA7E65F1E6AA,0.07006255991331801
CC_DA80FAA7FE30,0.10324831426235999
CC_DA8DCCC1199D,0.31882876309501895
CC_DA8EA724C1D3,0.42256684535110217
CC_DA8FA65D1924,0.052646933412859226
CC_DA99D1E41C3E,0.0570644229023979
CC_DA9C3BEFD0B3,0.15595247345520535
CC_DAA3B7FE1C62,0.07181154490685394
CC_DAACE4211B34,0.15928754182015756
CC_DAD239E56638,0.774308429719938
CC_DAD4BC090253,0.07992205673718487
CC_DAEDBA26BA12,0.2985902271251588
CC_DB1EB08EB40E,0.14626358791934937
CC_DB2314ED6960,0.0828090494133997
CC_DB25E05EC5CD,0.440355735290843
CC_DB3BE0C87882,0.04963390625837023
CC_DB44628BC147,0.15180297843066431
CC_DB562E602BA8,0.12787653212467073
CC_DB61D7F5F8F2,0.6672770730840712
CC_DB6498598C32,0.16699393648185235
CC_DB6B59FB6E30,0.04353637530308573
CC_DB801B947698,0.296422146458531
CC_DBB8C467FF1D,0.09957356552077636
CC_DBCD21C2C322,0.069844611430701
CC_DBDB148E45DD,0.11379501075813635
CC_DBDF9BFA7E87,0.1122392158505826
CC_DBF5CD2D854F,0.19380627702036538
CC_DC0077DE6E39,0.1901350290191119
CC_DC23159A1F99,0.07567308474544453
CC_DC2458827FD8,0.2107600195650094
CC_DC2BE35D58AC,0.2189807918790712
CC_DC49C8D3F7EC,0.55365209831189
CC_DC5DE66826E9,0.11120775181240312
CC_DC6063FC6464,0.07225621049445302
CC_DC771AE1B4BA,0.6695423037474655
CC_DC7DEBC30E17,0.4258290211756022
CC_DC978F3A711F,0.6668650631308753
CC_DCA2140C7BC4,0.18860654700713458
CC_DCA5CE7C9DC3,0.2010891691883971
CC_DCB5798049B2,0.12530902617352221
CC_DCD10C95C942,0.5008363879094382
CC_DCD145E8E729,0.29675464837455195
CC_DCE0BFC03B86,0.054466262935852286
CC_DCE75AE2FB52,0.05681236745749831
CC_DCFCEEF21BA7,0.3608865295082227
CC_DD12A8C462FA,0.06909110087320448
CC_DD14867350AC,0.15853068735730694
CC_DD232BC8881D,0.2104808212645155
CC_DD2473D34D68,0.20604825960627574
CC_DD2B5C4CD318,0.059234419736880144
CC_DD4EC06C3A92,0.2263713049098717
CC_DD5299DA8C1C,0.0866863335665229
CC_DD59BFF18ABC,0.15122433386953957
CC_DD6777E1B05C,0.048153910282223183
CC_DD6EE1501B89,0.10489191460012609
CC_DD78B52AE022,0.13821929455518134
CC_DD7983A07B43,0.6968776248410007
CC_DD80B5CC495F,0.11070929971349572
CC_DD8956B71825,0.6406213896512849
CC_DD8D40E7E2A9,0.09005870488802956
CC_DD9972D0B63E,0.12016480910265767
CC_DDAE70634ED3,0.09416652542848677
CC_DDB4A9FF2B03,0.08947498251248656
CC_DDB68302DA2A,0.17327540160208507
CC_DDB9DEC9C037,0.07360565275886176
CC_DDC610D2B2F0,0.06388607176437373
CC_DDCAEC6BD9F0,0.20542442028456478
CC_DDDF665EBD93,0.2833789434021081
CC_DDE66EBF2157,0.06847115583893114
CC_DDE8B7E9C7F4,0.3178911121197565
CC_DE019FC36D28,0.36691817035104957
CC_DE07076B04D5,0.12293611986119694
CC_DE07AECD2361,0.038547644782868
CC_DE08A4514010,0.5322556973245959
CC_DE093FAC5293,0.5312585726310534
CC_DE17BC1C2324,0.074598796053543
CC_DE1B13B3E504,0.038664637193652145
CC_DE4264861B73,0.09540081691642754
CC_DE4810B88C51,0.2910380265665816
CC_DE4EE8A16896,0.13287747945590583
CC_DE523A2403BB,0.08514672310420097
CC_DE52860CFBBE,0.1659664982037813
CC_DE593193FB9C,0.1612779435505191
CC_DE5A9B499ED4,0.08386837747031414
CC_DE6AFFA63ABD,0.08095546489006715
CC_DE7CEC14CCD5,0.6582663833293515
CC_DE7D7B5BBB14,0.6222164222661684
CC_DE81AAB7BF48,0.05193511672263463
CC_DE8956D433E2,0.6423168867630749
CC_DE8FB8D1CB71,0.3186550111865049
CC_DE90D07B269D,0.206296040532463
CC_DE9A62529780,0.1403750081890644
CC_DEA425EA8441,0.09491917453793022
CC_DEBE01582EFF,0.20724435936071
CC_DEBFD4E79A38,0.04069853295596921
CC_DEC97F13CB8C,0.2036138201156608
CC_DECF1507C86D,0.17527088095471302
CC_DED24C8D047A,0.11218542828761388
CC_DEF4AEBD31C8,0.22565552421923588
CC_DF062F698349,0.11153065623557495
CC_DF13D5CB626A,0.12008012769089066
CC_DF15C526CDC5,0.048277207940409725
CC_DF1F6C68F7D2,0.14925542212698037
CC_DF3EB88F509B,0.12616070434588134
CC_DF4E332C886F,0.03643204276396676
CC_DF514171DC30,0.1618368062817706
CC_DF536CEAE5C0,0.05096782911928402
CC_DF5806CC2CFF,0.13397971803309994
CC_DF715690EF20,0.20189221342669705
CC_DF718A37AF15,0.09395883370005473
CC_DF7276DD74AA,0.11257006618779952
CC_DF750B2D6872,0.32381697722690694
CC_DF9FB6670627,0.06752244209095432
CC_DFA65A0125D9,0.04964031126739817
CC_DFAE355359B8,0.2048230411089447
CC_DFEA562F7BCF,0.29071808856415776
CC_DFEDAF0F0D6E,0.03928512065946243
CC_DFF6F74C64B5,0.6411573886382691
CC_DFF87DF16763,0.13972800984669234
CC_E00D8ECE9FA9,0.15808461202745522
CC_E027E36615C0,0.4953457928151668
CC_E02E23CE49A8,0.07551608698232463
CC_E030B3AEBF19,0.1462076871638299
CC_E031A4C862C1,0.15643278427407523
CC_E0339B331F4F,0.09044016398236863
CC_E038981B2FEE,0.14146636075183716
CC_E0463868968B,0.16867882214074043
CC_E05A8621B581,0.3186006396527548
CC_E07FB0312232,0.1524238159375533
CC_E088594E0624,0.20022242945429236
CC_E09AC3B1E534,0.10526872543353184
CC_E0AC29AFCF97,0.1670087188205416
CC_E0BAC6E0D0DA,0.07354590985281412
CC_E0DDDA07F0A1,0.14508202267453418
CC_E0DF45AB72B6,0.18928508588454912
CC_E0E1F8E7379E,0.09469233609315515
CC_E0EF095444A5,0.15834106803455827
CC_E102E4F7F8B4,0.25461660304873335
CC_E109B4CA6A8D,0.1371403990734925
CC_E11470A2D92C,0.4053362378552572
CC_E117B8A6ADC6,0.033879493833947553
CC_E128015073F3,0.08983915648577266
CC_E131D5EB9237,0.19783132289499725
CC_E14A24095E9F,0.14401798289032294
CC_E14CADF89123,0.48010029140219634
CC_E16876025011,0.05207802862372916
CC_E16C71C15D04,0.7185882995066093
CC_E16F1BB83653,0.05252751393857069
CC_E17448FB08EF,0.5492389206317194
CC_E17AAACEB07D,0.07708171185300569
CC_E1875522DC57,0.15950635533628912
CC_E18A0734641A,0.10842502017323867
CC_E18A22453843,0.08292748961018132
CC_E1B4E3360C0F,0.17329876659233523
CC_E1B5AE645169,0.05343042867967986
CC_E1B71F6B7DD2,0.26055158371890114
CC_E1D073F693A2,0.27032186912853257
CC_E1EA83C31C66,0.11014091828155774
CC_E1ECAE226485,0.24262885399703238
CC_E1F0C5076481,0.07833010648624224
CC_E1F78CE289D8,0.052510289547343485
CC_E1FBCECE0A54,0.22668418332125317
CC_E1FD46CA26D5,0.09402066000468358
CC_E20E7C7164A6,0.7510828115181983
CC_E211E2698C14,0.036710444838761576
CC_E21B4F587C45,0.15430047725262808
CC_E22A278A1386,0.06004074966663201
CC_E24078C03B7C,0.15134666734448762
CC_E2452737F950,0.14039422257748513
CC_E246119AA09C,0.6151866447784557
CC_E246942C7310,0.07624263520606778
CC_E2474A334F3D,0.09595756118456321
CC_E2489637D0E8,0.1465499337516195
CC_E2521AF9C2A2,0.0811579277729373
CC_E253F4AC4762,0.5801648028821027
CC_E257805D0F0A,0.2157935140541893
CC_E25A924EDB70,0.09382010803249578
CC_E25B5D5502AD,0.10195930602778991
CC_E2619E24BEDD,0.6794619354669652
CC_E274DAF3C064,0.07438963576672508
CC_E2787CBDFBF1,0.1441772325444449
CC_E28AE2E68BB7,0.7161098449929278
CC_E2C3E272D059,0.2658594409729084
CC_E2D653061523,0.43007395101345036
CC_E2ECDC7D23EE,0.13191391345216405
CC_E2F0E725C3AB,0.05432474076046216
CC_E2F7712CD056,0.20336829585556793
CC_E2FD7FCF0AD5,0.7850855135344124
CC_E308C7DFB2F2,0.13089324491241938
CC_E30B791D5F11,0.21728049078336373
CC_E315F7A94400,0.34278111944723544
CC_E31DAB1E73F5,0.057076360670129035
CC_E32034C97E83,0.24974157700105934
CC_E32DBED5EAC1,0.2461431989994443
CC_E32DDDDEE3CB,0.1971179662548246
CC_E343EC3EB052,0.6436261108119246
CC_E34A04E78D60,0.17700701915915337
CC_E3503B565AD0,0.24147044520248087
CC_E356B05ADD56,0.20553934913079944
CC_E35D02BE6780,0.029880762031986922
CC_E369AAECB2B1,0.4850657491895685
CC_E36ACDB4F96F,0.4742516770283909
CC_E36C7F0E1657,0.8414332410712273
CC_E381FD4674D5,0.037541142829560385
CC_E38E3835121E,0.05018791671906856
CC_E3A70438A0C1,0.23733043654242927
CC_E3B5C76189F3,0.23680009351733747
CC_E3B7B7E57889,0.1653789051952685
CC_E3CCC0D886D9,0.171862908280514
CC_E3DD8AD10171,0.28695761697727323
CC_E3E230CF20A1,0.18428327766744867
CC_E3E4B2543CCB,0.06155453891624589
CC_E3E5DF01E014,0.16615732570335787
CC_E3EB157288A2,0.09625354472242711
CC_E3FBDA203EDF,0.16869187719488926
CC_E404FCA6CB2B,0.6858174678663562
CC_E4054F9C8442,0.3048769824198374
CC_E405D808772F,0.04422539158163872
CC_E4137B250609,0.3755822256382454
CC_E41482A7E968,0.07242867793627479
CC_E421FA1874F4,0.09946648555348456
CC_E42C38BBBD04,0.20278042898871812
CC_E42D90BFB285,0.04926450695837443
CC_E42EFC05C891,0.07005033971548104
CC_E430F3C75969,0.12927937773533144
CC_E4576D6B6478,0.10074207246131707
CC_E46B27A13728,0.39349482453242823
CC_E4783FB590D4,0.17960721084195058
CC_E489009C6500,0.16647373525852827
CC_E493CB46177D,0.09335925878983001
CC_E496AFA9B40A,0.30163684569205884
CC_E4A2FFE0EE1F,0.1097571624781528
CC_E4C553538385,0.32248033864081393
CC_E4C7B5501ED1,0.14166331689077477
CC_E4C8A5A60F51,0.1563120415884789
CC_E4C94AB69214,0.40703625101263485
CC_E4D75244E8B8,0.16453211446231464
CC_E4D9A8EEDBAE,0.19760634334100347
CC_E4DF787730AA,0.13835188554554265
CC_E4E0DC070132,0.16957376861118062
CC_E4E3C08B7F86,0.0509074907985998
CC_E4FEEB4389C9,0.32608406905724685
CC_E50598344DD9,0.3748550711098078
CC_E50C634A9A18,0.0381745193555656
CC_E5107337FDD7,0.06805402435296297
CC_E511BFCFEC9E,0.6619145250837337
CC_E51318749E09,0.13583963678889652
CC_E53FE6708AD9,0.6537030251642085
CC_E54290FEA34D,0.09931456481438658
CC_E54B723C018B,0.044628002546183404
CC_E554618F383B,0.093108368888839
CC_E557336955A2,0.11156761678062665
CC_E55B48E73651,0.24867292468994345
CC_E55D8DC645B9,0.05481470862453061
CC_E575DA02C575,0.2191196269837749
CC_E576BD98A727,0.1726718328084057
CC_E578DC77656B,0.13798748240679778
CC_E57F3EAFD9A3,0.12711790679339285
CC_E59A01603B7D,0.26334064115481814
CC_E59B2D974CB3,0.21359061633166498
CC_E5A1C44F0F07,0.6601449029327171
CC_E5A8BDF6BFC1,0.17436818280116728
CC_E5B284DA0E5D,0.09175152110814332
CC_E5B8363BB378,0.577489331995301
CC_E5D8BFFA5F88,0.0566719271753435
CC_E5DA04902EFD,0.27164669834340877
CC_E5F53CFC20EC,0.07513602453289236
CC_E5FAECE63C59,0.47627446712231575
CC_E5FB6E872C58,0.08248176912668934
CC_E6045565E7ED,0.08392128936478423
CC_E60845ADC7F1,0.04277866886247105
CC_E61567D6B392,0.10299556490913085
CC_E62174AFA94C,0.1724428737625276
CC_E6247DD14641,0.08827225864890426
CC_E6289A61F0ED,0.1107219434064943
CC_E62E32FB6FBB,0.031064642471983553
CC_E62F6BE942DC,0.21951367710343625
CC_E63E49B128AE,0.07815444608495817
CC_E63F89885A3E,0.7864529177536107
CC_E6466E6A92CB,0.22629673454260277
CC_E64BC95F8B2A,0.8337904081339444
CC_E64C652BBAB2,0.06967963868913356
CC_E659DB355476,0.1952393324720137
CC_E65C8BA5A7CE,0.06433119952987237
CC_E65F39446752,0.32288216038721207
CC_E67395791589,0.20055816658662629
CC_E67622A69EEF,0.07847220358441166
CC_E680830CAEF3,0.06528359051838896
CC_E6823643AC4C,0.6732219922028837
CC_E683F33931BB,0.11434917577906112
CC_E68841DEB163,0.08209713775256466
CC_E68B2C33D180,0.13472183357535697
CC_E68EE6EC2618,0.05318870941111233
CC_E69508D3D3F1,0.1901199125394557
CC_E698F1348426,0.2262897630459889
CC_E6A178F3709D,0.12466144012459657
CC_E6A4B6E8619C,0.6505546919051542
CC_E6B3887C66BB,0.29019278739876153
CC_E6B6BBBDBEDB,0.31851778552185306
CC_E6DBD0F9DC3B,0.06717411024425331
CC_E6F090F70DDD,0.26085489977451154
CC_E6F2D8CB45C6,0.08790578262716207
CC_E6F8FBEDA2A7,0.07602931646326444
CC_E70854CDFE9C,0.05844888343326786
CC_E71C05F07F85,0.06399908556393845
CC_E72797CABC60,0.09154228605279133
CC_E727C1153226,0.09676505719140163
CC_E73489D828C7,0.12506693621918474
CC_E7355465CE6A,0.0740054200098024
CC_E73CDBC743FF,0.22200447029078618
CC_E74F00E75A4F,0.06404919385115182
CC_E751F7E19192,0.14174002953977882
CC_E7522AD6431A,0.5461767180670513
CC_E7523630D2D9,0.2695373240612018
CC_E767372DD95A,0.6436246045343454
CC_E76C5DFD3BA6,0.23434400289299645
CC_E77326438575,0.1927802981338601
CC_E77E29E11EB1,0.15307439141530146
CC_E78F20B3223F,0.6832525860575162
CC_E79A23E64518,0.09198064278186727
CC_E7AC69AEA182,0.6857985595887524
CC_E7B754CA9668,0.05564544538104903
CC_E7BA60365AE8,0.1501357656846713
CC_E7C95D4A741C,0.07300222313368672
CC_E7D3D728EC5B,0.16023920772943845
CC_E7E4D5F851D3,0.06546731161961704
CC_E7EA49D37B64,0.3552595196598048
CC_E7EF11A24F73,0.7692488309374613
CC_E7F6F9A7EC65,0.07693838926000261
CC_E7FBC7F69DBB,0.20005772025675686
CC_E80B1A55A74D,0.17065085365926352
CC_E824AB0AFDBB,0.21102349951023447
CC_E826DAC92D9D,0.22319763850816968
CC_E83AB7100D06,0.1296341740504337
CC_E83E6D31EC76,0.24843004572290428
CC_E86650461FBE,0.1810520130482191
CC_E868A3754B11,0.8500940421318556
CC_E86A993F7D05,0.09619827806313774
CC_E87992FBEE80,0.6613854235781713
CC_E87B909C4DDD,0.250439967811556
CC_E8828BA7EE08,0.1464240181524662
CC_E886157F6FBD,0.3066049501279878
CC_E88711C5C98E,0.10947307086978574
CC_E887680BB6CC,0.1774594877299504
CC_E8909BF77D8D,0.1263326585171691
CC_E8A82DA3A246,0.15275857636228396
CC_E8AC7545DBD3,0.07876732912885168
CC_E8BA6B224C3E,0.10159563997319938
CC_E8C6CA45BF72,0.2137020400031215
CC_E8D2E3126A8F,0.668113651799015
CC_E8E55DAC4FF9,0.06275042411450087
CC_E8EB77AF3F78,0.7984804548276917
CC_E8F2C6905503,0.38335968960609473
CC_E90831F897A9,0.1728482566282738
CC_E90B14D51185,0.5342698225433817
CC_E9188329C9E7,0.07604011870115363
CC_E91E1C0C0C61,0.635137671054908
CC_E91E9D34C5F3,0.12092790479507655
CC_E91F555DBA96,0.1496811819065905
CC_E932CFF4B4A4,0.2190724087480563
CC_E93643CB34CA,0.1776582650132057
CC_E937CA493910,0.16338053817220805
CC_E9409A50B4BF,0.5057113048977276
CC_E96711AD5512,0.059299983622743135
CC_E96A3E6912B4,0.48491668443788627
CC_E98AEE74B9BC,0.23311526558864118
CC_E992FB78BC2D,0.2802608773455638
CC_E9A3AECEE3A9,0.07866241863982903
CC_E9BDA7766728,0.31828700942751015
CC_E9BF1AFE86C3,0.18362382059814855
CC_E9CA055AD1A3,0.10857323649048162
CC_E9CA0A56E917,0.18599895206705563
CC_E9D3453F53AC,0.596110806792727
CC_E9D46EFFA839,0.19597308140989428
CC_E9ED872B6037,0.045386318129614876
CC_E9F40C1B559E,0.1255169498955099
CC_EA06928C0AA9,0.2545758030608227
CC_EA0A46F64C80,0.14818328701765837
CC_EA114B15FC04,0.5693015563843555
CC_EA1F3F67BA2E,0.09270628966772379
CC_EA21618614D1,0.6743974234589202
CC_EA26B5A89181,0.22247765415643359
CC_EA26C6C27662,0.14801877782281825
CC_EA3B5AC76649,0.2019683424554179
CC_EA4E669C8528,0.08186923238081577
CC_EA6917E7A5C2,0.7018506093130413
CC_EA8A25862433,0.11959977506930419
CC_EA901D7CA670,0.15653743367326023
CC_EAA2BCE323EE,0.7105441821846221
CC_EAA6D5189190,0.10798859906313123
CC_EAAA8DD7FAAF,0.15054654950252166
CC_EAB7408CCE0E,0.29456204291196153
CC_EABEDB3C4827,0.15101984480455202
CC_EAC6D83D1BFC,0.03956278329199598
CC_EAD7F3E9DAD1,0.06277708766330829
CC_EADC7D8196C2,0.24689779518766586
CC_EAE608E24E29,0.03974924912303956
CC_EB05AD2C7C27,0.046993397803083044
CC_EB1DA337E2D1,0.13564578582153677
CC_EB1F425EC937,0.12855653120981514
CC_EB2FE764BF6D,0.12986871586517307
CC_EB55483587DE,0.1211360436766902
CC_EB569B3E2E12,0.6027336910957423
CC_EB57E6E6C96C,0.2110542637116639
CC_EB5A0FE0605C,0.10186966907254838
CC_EB64EC97D01D,0.14195483495276315
CC_EB691249B91A,0.1539174809098334
CC_EB7C50A7D4C1,0.5115537675074476
CC_EB7C52FDBEC3,0.15302466579759874
CC_EB86FED24535,0.25268136236016675
CC_EB89DECC2021,0.0971964932686584
CC_EB999F9D6095,0.20966977578055612
CC_EBA2F85924CE,0.07024471956371116
CC_EBAC5A53FD11,0.08659341022576174
CC_EBB109EF7619,0.15869720880311183
CC_EBBD00C18763,0.06964606877964277
CC_EBCA68C7854D,0.064353403990643
CC_EBCBDE122879,0.1359924074999338
CC_EBDF6C88BBA5,0.05952636099961875
CC_EBEDAC91ED43,0.08923713513481499
CC_EBEEC4183FDE,0.04916226204546937
CC_EBFD9D007253,0.42960626775116867
CC_EC1ABC58E09A,0.1841621693400535
CC_EC26EABA68DC,0.8016967322441662
CC_EC2A485A3E71,0.1541668636861323
CC_EC3B9E2FE47B,0.07815141854825865
CC_EC505F03EE5F,0.0347560048793451
CC_EC5317EC6706,0.1619442151647136
CC_EC5B7FBD1EA7,0.13466598476616706
CC_EC5C7471FFC5,0.05391092200762218
CC_EC5D92B3617B,0.22802651645569147
CC_EC5E214BFED0,0.6667560477613199
CC_EC6406527201,0.1060630744136986
CC_EC79022358C6,0.3074309816706951
CC_EC831A90189F,0.08755979474697248
CC_EC87C131FADC,0.05263441273511592
CC_EC88785D6F39,0.17384298590798333
CC_EC9173F5284E,0.042105791973006484
CC_ECB7B3B6272E,0.06237132728148382
CC_ECBF4CED56D1,0.12078241109542388
CC_ECBF80B94EAE,0.7990163403476206
CC_ECC78B7AE3F1,0.5376736260429592
CC_ECC7E9E691F5,0.15214085215461884
CC_ECC9235F612E,0.25610790591411253
CC_ECCB0BD557DC,0.15582285100538867
CC_ECCCB1B4EA8F,0.08353098544569271
CC_ECDDF4983DD9,0.05308225215550739
CC_ECEE93C4F564,0.549144387636955
CC_ED07BD8B2CB3,0.052875127737739606
CC_ED0F4A02A01C,0.2867632299253888
CC_ED11D72A1D3B,0.06349708504336217
CC_ED165FC5A06F,0.05230513949554793
CC_ED2B6A40ABC7,0.28162826007167124
CC_ED390F22A931,0.0846164040588072
CC_ED40E7CE5177,0.19671305365603733
CC_ED4E4B13DB1A,0.037396310346343706
CC_ED4F22572419,0.13367807774310614
CC_ED5AE5CB1DC5,0.08027077991169648
CC_ED6090A4E6E4,0.2014291200189169
CC_ED645D91E6A5,0.1222433922987437
CC_ED6B045B6075,0.16002233563102378
CC_ED9313C71C57,0.15348393266974591
CC_ED9BCE7C776F,0.7503059491789678
CC_ED9D4644716C,0.1757567004068606
CC_EDA794402358,0.2255293104592429
CC_EDAADACD4DED,0.1110656578327214
CC_EDBAD2E989FB,0.12944025665706027
CC_EDC98B474E76,0.3010633898394135
CC_EDD1FD49A66A,0.7696957351850423
CC_EDD448008C0C,0.6916161217937085
CC_EDDA3B790095,0.07019559576827125
CC_EDF95BF0E3D6,0.201814537566008
CC_EE03D7C2BC69,0.06904527161832463
CC_EE0D95184E81,0.05706052402831512
CC_EE0FF690C214,0.43898206214952096
CC_EE2412C352D5,0.07813547825242696
CC_EE2A010019CF,0.07364544806952404
CC_EE2AC730827E,0.06280601938242766
CC_EE3236E6A9FD,0.1259045926968362
CC_EE3759EA49FF,0.15687581564437952
CC_EE38C78AD88B,0.339922545206012
CC_EE3CE0FD6B77,0.6049246509169597
CC_EE6B7E58FC63,0.043301963834307004
CC_EE6E02464067,0.2576637305294166
CC_EE6E1FA7A753,0.13779687727631115
CC_EE6FCE6C233A,0.21396635872019046
CC_EE88C07B9333,0.10257765557458882
CC_EE9004165810,0.06937131518322097
CC_EE9BD17AD343,0.056047228095003974
CC_EEA608D5A455,0.1451692384318902
CC_EEAFDB1BB486,0.5438864718090191
CC_EEB482736C41,0.19764408204872197
CC_EEBD9DA093E1,0.04914680218016229
CC_EEF23DDD2262,0.12190156939525232
CC_EEFBDC9AD94A,0.07603993180644458
CC_EF05000895F4,0.48136444679754703
CC_EF16B2CE0988,0.3713651116317419
CC_EF1DD3F0CBDF,0.06457210481179612
CC_EF2D82085BB9,0.08798111295531284
CC_EF2DBE79D656,0.2494350364156849
CC_EF3000C48A4C,0.07406388242009854
CC_EF359AF608EA,0.04219471150356438
CC_EF362432D758,0.3235902865228049
CC_EF548B30F1B6,0.23680010882218835
CC_EF5B403DFD7E,0.10980254996969209
CC_EF66DA0DDF9C,0.2921364937605773
CC_EF70BA4AEEC4,0.15668879981554523
CC_EF83DD56FCC5,0.06248129007326539
CC_EF8B642A6F8D,0.08034596030728264
CC_EFA1EB27DA19,0.04189934510156016
CC_EFAE84EA9BDE,0.09576240919266528
CC_EFB26BEA106E,0.34284151306962624
CC_EFBB51CD8502,0.19227226488886381
CC_EFC18E9B3B55,0.12720422245623805
CC_EFC4B0020E2D,0.11677532652724436
CC_EFC9FA5108D9,0.13952159479489
CC_EFE45D9B9D9C,0.049748942043915834
CC_EFF27FA98DF1,0.05840675713516203
CC_F000DA497736,0.23701102718588574
CC_F00107DE219E,0.645916970565804
CC_F009FC54A64B,0.7669195105833
CC_F01DF28C6BFF,0.09273471857033255
CC_F037C91F63BF,0.12871448580623504
CC_F03FADA95A03,0.7145711114975817
CC_F05235F3C894,0.14068728316799436
CC_F0649FEBFEB8,0.5281808559584265
CC_F066C78B5C0D,0.1387514945981672
CC_F07313626618,0.648432429708454
CC_F0783F6A56F5,0.7861354945624555
CC_F0791523691A,0.1561358093249798
CC_F080750455CE,0.05488938851966081
CC_F0809EBB0B51,0.03350534629964639
CC_F08259F86E23,0.19153225201328467
CC_F0929F859702,0.18037557795673223
CC_F0A7203CCA39,0.13929706615899903
CC_F0CD4DD9C63C,0.18217925152789213
CC_F0D29AD328E5,0.15754984900718813
CC_F0D339E5B80C,0.06004176798192666
CC_F0D3BC14FA77,0.07758212834968246
CC_F0E16D28D49D,0.17807381099195538
CC_F0EBE2C00A7B,0.0747664082204113
CC_F0F137758DC2,0.05939341321276252
CC_F0F6BD40CA43,0.3565062937467398
CC_F0F6FCF6010F,0.16536259465813072
CC_F0FBC9D4ECA1,0.03440640142342915
CC_F0FEE924096C,0.20710568916217326
CC_F1074E035DE6,0.05468852088220022
CC_F108D26930FF,0.36672306429463064
CC_F10DB853B9DF,0.3959112983773605
CC_F10E06D52D76,0.14491460833740222
CC_F11F5F477B91,0.6804184862253837
CC_F14913B5BE1B,0.7330026108044917
CC_F156C1647E3D,0.07673363798917762
CC_F1598097E314,0.6710893703182347
CC_F1641E3AAB3C,0.05274394404175079
CC_F166878FB959,0.060112530383207664
CC_F17540FE7C9F,0.10699156738098935
CC_F175BB08B29E,0.05860922076894173
CC_F1782AF286D0,0.3811617638140023
CC_F1796AD4B774,0.5664666423480414
CC_F17B3A3A5E56,0.6153050851545266
CC_F1858D6F0080,0.18326005664527403
CC_F18689FA8E29,0.07494874144048243
CC_F18A82B0F153,0.14298689392081276
CC_F1AE7142A128,0.10984098181447441
CC_F1B43DD57C9C,0.11761790499604764
CC_F1BCB7676492,0.08840770862027876
CC_F1C8B8BB90AE,0.13951069007876085
CC_F1E044CD2D75,0.25318107780897464
CC_F1FCB96B5E14,0.22492311604749063
CC_F2067E92A939,0.13786370474515536
CC_F21512554CC9,0.07936232548790703
CC_F243956B7575,0.09002026235952852
CC_F24FBC9FD3F7,0.3711898510328171
CC_F252EB3F208B,0.06910626821220542
CC_F25D793346CA,0.36788213876733994
CC_F25EB1ED5AD9,0.06209813268625215
CC_F265A0AE845F,0.6521827509381884
CC_F274BB4AEBE0,0.0825730842387282
CC_F28BF2185131,0.1066695323394303
CC_F29077E45AF0,0.204085874288152
CC_F2988560CAB8,0.361565206338102
CC_F2993AB36C56,0.0838380145147565
CC_F29D6C65779E,0.061021426491259544
CC_F2D2BADD0000,0.06556062755822634
CC_F2E4AEB73D57,0.13972330119842075
CC_F2E630BAF431,0.048285458735306874
CC_F2EFCB40AE74,0.15881036733072132
CC_F2F085891915,0.703242358502689
CC_F3030E2C80A0,0.19588773600497797
CC_F3044C7C16BB,0.060838972981370254
CC_F30B21CB4603,0.09563928807689455
CC_F3140FCE870A,0.0813744065200987
CC_F32A84B321FC,0.18811890422821492
CC_F339FF584607,0.2744448567396784
CC_F33CEE0F6DBE,0.44588339728107507
CC_F33DAF3E9CF0,0.1369389021225747
CC_F34EC3FF202F,0.08081047184470606
CC_F35A6C383B39,0.20934666128252946
CC_F360E0FF27CA,0.08158422570266456
CC_F36B7AEC0086,0.10127540979404283
CC_F370665BECB8,0.5528221778711399
CC_F373A60E53E8,0.038703169551738484
CC_F373BDAE18B2,0.07627924697830317
CC_F3745BC63340,0.06987939266798102
CC_F37DC9169301,0.18084444567159963
CC_F394E57C5243,0.2334755242578213
CC_F39E98FD418D,0.08797470170673177
CC_F39F51452381,0.04652016943969133
CC_F3A52465664E,0.060226036807458284
CC_F3A8CF761A0F,0.20754425243495206
CC_F3BF1709E29A,0.38275817862308037
CC_F3BF72C29211,0.06245639356961015
CC_F3CF35465CF1,0.0509790584897032
CC_F3E2186DBD4F,0.2928911069806724
CC_F3F0F9B9B56E,0.17197768156618107
CC_F3F185395BE1,0.11786385278819224
CC_F3F68E6599E7,0.07461721231182458
CC_F3F7763C9DFE,0.19478111475342338
CC_F3FFF13592CE,0.06460086717767415
CC_F410C3CE89E1,0.16694447603152462
CC_F410C8B811FE,0.0606521428483121
CC_F4132072D78E,0.1236920631608481
CC_F4157B8E5B32,0.5694992055374007
CC_F41CF067E828,0.12020787708826391
CC_F41DC456E539,0.04537858265092473
CC_F41EEF55A0EC,0.04708229631661675
CC_F426B5C1F07D,0.3350407606165347
CC_F437875F9000,0.19237105361882084
CC_F43C961F8A30,0.13784104666699756
CC_F43D9BF23472,0.06497780242238596
CC_F444BE033109,0.13878175651590222
CC_F4481124F17A,0.15241669424468104
CC_F44EAAF80F70,0.1139603100455081
CC_F4521F6D3492,0.525639592453121
CC_F46BD9AB1B68,0.13482994685464214
CC_F4763AA0B824,0.5470746500628006
CC_F47976F33E20,0.20366724282136467
CC_F47E588D4470,0.2072927709202532
CC_F4A2777912C2,0.11037540695793113
CC_F4A6C2B23685,0.06329124079061331
CC_F4B3EAEEEA8B,0.03752482944575242
CC_F4C6CD1E720C,0.0718118563753003
CC_F4D05DA98C83,0.061831853323839746
CC_F4D15889CDE0,0.14990677831250449
CC_F4DEC1E6173D,0.045623358875955346
CC_F4EFAD6AF8BD,0.2636186584396377
CC_F4F7835A1FA2,0.19423553345929936
CC_F500597795FB,0.1245753504155195
CC_F5197FA9580F,0.6927228659991618
CC_F5240F59146F,0.08762529593532263
CC_F534A0B87C3B,0.17686345504245163
CC_F536972BFE98,0.13987404038171292
CC_F54FDFE5A5C8,0.08414814053796164
CC_F55727F65F86,0.1956970386157712
CC_F558EBDCDD6D,0.13362432476349947
CC_F56D569AC51F,0.10495782507293183
CC_F5714D180EE1,0.09356258357596833
CC_F576ED9554AD,0.3882645671879397
CC_F57C2559358E,0.19340947808130854
CC_F5AA72FC0972,0.10078417624544038
CC_F5AE7DEA2B48,0.07518070322759614
CC_F5C6A5E9D495,0.18819564471615252
CC_F5E0731F2181,0.2494530026222336
CC_F5F4F3B03FE8,0.774174221030769
CC_F604D7B9CBD9,0.17975160486315567
CC_F60F13391D61,0.1614452006028425
CC_F618D72DF162,0.07189332796020169
CC_F620B15ACC5D,0.07815457403095527
CC_F62D426D6614,0.12117963181767734
CC_F634999D5C1D,0.031431046482518814
CC_F636E5BAEE47,0.14195299686208
CC_F6461B692240,0.7213011604241253
CC_F65BAD63AED0,0.22593491443649563
CC_F65DD2AC57E8,0.27793824269743117
CC_F66C6577674C,0.05471117534717307
CC_F670896FE959,0.18562808333900055
CC_F67376F272EA,0.7045467390952531
CC_F67FFE9E884E,0.2197511891891363
CC_F683C99F06C1,0.13472189081104036
CC_F68523E2CE7A,0.7225722491382545
CC_F68E62F9AA0F,0.03669094452385666
CC_F69604E05962,0.08259198732448732
CC_F6B8913740B3,0.1027604191212593
CC_F6BB4952DD35,0.30332390049165553
CC_F6C0B7AC57B5,0.5592779923243564
CC_F6D2B06E6E8B,0.5664648184881887
CC_F6EB30A84C9F,0.27825828546054127
CC_F70345A4792A,0.10468400248633494
CC_F7068C1F77B3,0.2925564664125083
CC_F70B0EA8C0E7,0.05668780196258707
CC_F71CC97FCE83,0.09359718944780054
CC_F722224A84F4,0.7107320907058992
CC_F72D1046063A,0.30187092889881967
CC_F72DAB32A281,0.060242307474429914
CC_F733AA5C0ED9,0.07261156512605836
CC_F74043C1BBEB,0.0536775458728557
CC_F74A31E36137,0.06139490616097286
CC_F756B167634F,0.1672820125558749
CC_F75CBE8E1B92,0.41645432759224277
CC_F761F7EEAD39,0.139050753576063
CC_F79303D62FCD,0.06427374051734536
CC_F795134B52E6,0.6571735161823095
CC_F79533E83ECA,0.07549594651927719
CC_F79F9A7ED432,0.718569506945894
CC_F7B2FC73E020,0.043844639753398564
CC_F7CF24594B20,0.08242869846163871
CC_F7D31937AA89,0.04503744120190953
CC_F7EFD378035D,0.38838818366561495
CC_F8014B1E00D6,0.04565594926832691
CC_F80ADE95A7C8,0.06362295301007449
CC_F82E58E476A9,0.10607627957191128
CC_F82EB123CC19,0.24483831741586604
CC_F83088660331,0.0912158044414669
CC_F83C6DF6A815,0.5271028581653973
CC_F8620C4F7581,0.15900363604114903
CC_F869F4DA5077,0.781565209959435
CC_F86B1C53EAF4,0.21133786556663053
CC_F87B7F26FF51,0.2335027640946108
CC_F8803D1C899B,0.06217747259105848
CC_F892E51AC9DD,0.05408982760194409
CC_F89C185743F0,0.10747105200725185
CC_F8A4D45C3769,0.07786517188350119
CC_F8AD68EA5A16,0.2089994551313905
CC_F8B4DBD0CE8A,0.34100140756589037
CC_F8F3E551F166,0.27294803179898464
CC_F8F9FE2C9B65,0.27093470111894496
CC_F912A50D0DD1,0.1713861583718902
CC_F91B7C2B1AFD,0.09392634722867137
CC_F925251D4BF0,0.39835018729557825
CC_F925ADD60E7B,0.04852379252007916
CC_F9282C144479,0.05308435778256828
CC_F92EE3287CC8,0.09167541138315943
CC_F93332608FE1,0.147585179725441
CC_F94070DE3B81,0.057522740699925023
CC_F94C81428D20,0.18569795203944456
CC_F95DFFDA9B12,0.4163481858388814
CC_F96A53B02447,0.5692520661418161
CC_F96A965CDCB0,0.6314121196192923
CC_F9721FEDBE9E,0.2137345707828332
CC_F97C3E145882,0.2590235834905027
CC_F97C64C64052,0.07984025770332798
CC_F98660A07E6A,0.7895663034429335
CC_F98BA4B13724,0.08205545105942795
CC_F9A3F3A76B1A,0.10799500699502006
CC_F9A8E2B3A703,0.1404986877326681
CC_F9B3E7E7F2A9,0.42921335980787256
CC_F9D7D0B1E4A8,0.6935216312190587
CC_F9EDA4EDDD44,0.053678324925139756
CC_F9F2176B12FE,0.04738724985020196
CC_F9F90E76CA5B,0.10645019232428889
CC_FA0157249C01,0.10650726870909037
CC_FA169BCA835F,0.10034865035935407
CC_FA19B61BCABB,0.1381862843144479
CC_FA1DD203C293,0.26746979141484595
CC_FA2E30269BC1,0.20300474366157653
CC_FA304CE8E045,0.19854902835604168
CC_FA310759A257,0.6603712043362104
CC_FA32397E7B8C,0.07939290904182553
CC_FA33D97B84D4,0.10659140410805715
CC_FA38991B9434,0.03763601560903436
CC_FA4079FFF1E5,0.24715478026291576
CC_FA716665CD8F,0.08789466507167634
CC_FA770268B207,0.14962506600157907
CC_FA7A2F59245B,0.4337514927816653
CC_FA8205104EBF,0.12279768247893597
CC_FA8370AF8740,0.054706322748907146
CC_FA858F1025FF,0.1129580246541402
CC_FA86320CF6B0,0.05093221201650474
CC_FA8B341CD3EA,0.1833190806121407
CC_FA9057AAF95B,0.10576974595060341
CC_FA97314C666C,0.05293926379717014
CC_FA974C1D91AD,0.37345048901986644
CC_FAA0E5BC9F44,0.6959463082623839
CC_FAA2694D8578,0.27779809000166183
CC_FAAFFC74BC35,0.6803290963347565
CC_FABA6DCF8E45,0.0406518437752133
CC_FABC53294AC1,0.1550063678985045
CC_FAC52B8E66DA,0.09211958211866182
CC_FAD284D8DAC8,0.85247150673412
CC_FAE70CA5999C,0.13256752170421715
CC_FAF1CCB40132,0.08336103757958718
CC_FAF93D8B3B59,0.07954193473143693
CC_FB09E5481B64,0.09630241238094454
CC_FB150A1F7C3B,0.12787868279505343
CC_FB1808471515,0.36887245179957084
CC_FB296D823CF6,0.070801439975359
CC_FB301E1FA7FF,0.038634262328492666
CC_FB33C958A19E,0.40212778569268215
CC_FB40D63FC3D3,0.19359237300217222
CC_FB45A1837AD7,0.09140992714739098
CC_FB45B79CED15,0.10735028357122335
CC_FB52260232E3,0.05602027727565407
CC_FB6A0A7B8813,0.2676170299222726
CC_FB6ED10D82D2,0.09407282329899251
CC_FB78DE84AF05,0.03832914320922648
CC_FB8DF8F93E7F,0.1669507428056509
CC_FB8F89048B89,0.07670028895703078
CC_FB9C3E77A49E,0.1482434414965065
CC_FBA40CEAEA18,0.09498600884750362
CC_FBA998938FE5,0.17347823500083162
CC_FBADBAFCD1B3,0.25845926427973165
CC_FBCB85E21ADD,0.14985331350318576
CC_FBCD00EE4402,0.14297164334886386
CC_FBD40DFBA5D5,0.23583559676245366
CC_FBDECF3DACAE,0.22760647525299418
CC_FBE4E2F652EB,0.24924578425268168
CC_FBEA9510C687,0.20003002349352791
CC_FBED1E2E1CC0,0.12409439936388103
CC_FBF54E48EB13,0.05721119791918074
CC_FC1E279EF320,0.057052278470458094
CC_FC2E1D460089,0.10552954505875872
CC_FC31CBD20CDF,0.15918196366109488
CC_FC41D8134A1C,0.08824338434852831
CC_FC44D7EF257E,0.05255913183262125
CC_FC4A649BDD07,0.2299318182314253
CC_FC51BCDBB6B2,0.1266982292578023
CC_FC57B6E79AAC,0.20237084014817802
CC_FC6AA879D9CF,0.15129255893599317
CC_FC7A926F3A64,0.6831064572978679
CC_FC83CB9C71CD,0.04242880626297972
CC_FC9E6D511294,0.15275666904408322
CC_FCA657E69930,0.3741314809759016
CC_FCB451237214,0.7706593543310583
CC_FCC7E51DF812,0.49721585835872817
CC_FCD42ECC012B,0.05464052545305728
CC_FCE8FAEAAEF1,0.11957665758212836
CC_FCFAE9BE2522,0.46022558447563866
CC_FCFDB5DFE5D4,0.09504119089699106
CC_FD24FC7961A5,0.08669198404666016
CC_FD2793DCB5EF,0.1152523452524489
CC_FD2EEF724088,0.12353716755938089
CC_FD3205367675,0.08284794884530002
CC_FD3A21CDCA7C,0.1113958632326219
CC_FD3C4C2FB68C,0.1341162515255642
CC_FD41687DC1A0,0.15062673938270874
CC_FD44B4E31EFE,0.07823215586440162
CC_FD5721556AB7,0.07602529575243197
CC_FD643C174587,0.30546795383650566
CC_FD6BFA30DD9E,0.2770761830983584
CC_FD7C9DD7F11B,0.13838209602812088
CC_FD7F2D90CF8C,0.06965042183337626
CC_FD8C4F601909,0.06304216822476476
CC_FD90B45AA24E,0.09146087428768666
CC_FD95457772AB,0.0614877759064301
CC_FD9D9B58DB1A,0.20408777976843903
CC_FDA918AEB5D6,0.615632117423367
CC_FDD4C2065540,0.3508329556571308
CC_FDE57A2C5156,0.22518895545584655
CC_FDE9920975F6,0.2386591432140021
CC_FDEC856F9C6D,0.06138348749001792
CC_FDEED2AA92A3,0.42673299429055855
CC_FDF5607ECC1B,0.059824938353775774
CC_FDFED3D7E70E,0.14446195374624443
CC_FE0324F99784,0.09746940383498304
CC_FE0A18D6570D,0.04618461723168462
CC_FE0DACAC84BC,0.2423656315469219
CC_FE16586C9FAB,0.25833870640038564
CC_FE16FBC86237,0.17946239714636936
CC_FE1C808C4515,0.07332995261799269
CC_FE1E64201B9F,0.10371372865956259
CC_FE33D60E29EB,0.037958574421070417
CC_FE3ACE674BEA,0.13956895679057263
CC_FE468E9AA9D9,0.03475178279278432
CC_FE5AA923C220,0.15808524723649245
CC_FE6C777DDC19,0.060293464141811935
CC_FE6DD8C8EC90,0.253067021303332
CC_FE7A84AAA8F7,0.11346613498889659
CC_FE7DB6B410A4,0.11758627850032594
CC_FE8691B1F3D9,0.08879843608665632
CC_FE874279A94B,0.09329477752263406
CC_FEA61499305D,0.1917986130553002
CC_FEC22B334AC5,0.1437972096149482
CC_FF045F9508F2,0.20688724659228291
CC_FF0EFF711598,0.25892806322012313
CC_FF12F53D5676,0.04287737273978935
CC_FF13D426EC1C,0.17459749505530936
CC_FF16A7C8600F,0.1923304894038915
CC_FF2236DC115C,0.4240520488545982
CC_FF2725428B6F,0.08385537209412769
CC_FF3176D91690,0.1297985880309936
CC_FF393D295D66,0.04862097034514399
CC_FF4598202C5F,0.6369034054829653
CC_FF463A4B3D04,0.2699373239789587
CC_FF4703F7664E,0.057981292570277995
CC_FF86EC3C0851,0.47075623285029855
CC_FF8A580DD831,0.16439707646500357
CC_FF8BD8697ADE,0.1350119992370959
CC_FFA681A2054A,0.04859296119742013
CC_FFB6B2D2BB2A,0.35437852164365147
CC_FFBFA27643F8,0.14650434779873128
CC_FFC81CC80F9D,0.1418544776710602
CC_FFCC9C0763D4,0.10921306606816528
CC_FFD4E33DC920,0.5344448376150207
CC_FFDE11143038,0.07557869597795594
CC_FFEF28047C4F,0.3744131925797406
