client_id,default_probability
CC_0012A082B7B7,0.14697313
CC_0012BC27DFB6,0.12487082
CC_001563B2143D,0.10389306
CC_001B46930B6F,0.096227095
CC_001D771E1C9F,0.045804285
CC_0028BD91E759,0.08877959
CC_0029971D7EF4,0.20682104
CC_002B8C00B239,0.0498585
CC_0035DFA86185,0.72529817
CC_0042D11A6D0F,0.057947755
CC_004D21A4ABB6,0.11532943
CC_004EE05FC2EF,0.44459534
CC_0050E546EDCE,0.67776185
CC_005D7F31F785,0.07240282
CC_0079996ED779,0.19341587
CC_0082B4E1D9CE,0.062061228
CC_00B01C73CEB8,0.1919923
CC_00B74FFEEA53,0.21580128
CC_00BF6791C18C,0.1337467
CC_00C5E30B288C,0.32881826
CC_00C68CE1CC12,0.39213902
CC_00CC4148959F,0.20351502
CC_00D428772D30,0.34755602
CC_00D5806C7783,0.09851645
CC_00D5C677C2AE,0.51207197
CC_00DA781C4D66,0.071036585
CC_00E7E2D6B548,0.18694651
CC_012BC0A68DC1,0.07433438
CC_014911033882,0.17763834
CC_014F7EF4E595,0.6389817
CC_016501B25F2B,0.050127
CC_016767D9B049,0.054409157
CC_017598512EA2,0.13311425
CC_01941532C804,0.1720436
CC_01A66C6E22FF,0.77514637
CC_01A684355200,0.17964265
CC_01AC62740827,0.11179646
CC_01B0EFE5DB79,0.2052513
CC_01B876B2988F,0.20470841
CC_01CBB64C1DB1,0.3971663
CC_01DBD993A1FC,0.06552398
CC_01DC49D55C2D,0.056235485
CC_01EF18A3ADBC,0.5552535
CC_020252D37557,0.1778526
CC_020BCDBCA8CA,0.3509404
CC_021A6DD97ED4,0.16675222
CC_022054506F33,0.06500249
CC_0225D6231EAA,0.0599563
CC_024B524B0176,0.038932055
CC_0256303A6DC0,0.25310612
CC_02589E6E4714,0.04436243
CC_025927626E10,0.74142456
CC_0283023DB294,0.03836694
CC_02903C6FC0C0,0.17080423
CC_0296E572CF21,0.051868863
CC_02999E509460,0.56692874
CC_029E835D91BB,0.06714474
CC_02A32EC3526B,0.12905037
CC_02A393632CD3,0.28947592
CC_02A3E21B28BC,0.6910508
CC_02A4B4644529,0.07892238
CC_02B43865B30E,0.07198247
CC_02B5A1A178A2,0.16834155
CC_02BC4785773C,0.24579318
CC_02BEDD9627DD,0.65320927
CC_02CD2C1EFBB0,0.113054134
CC_02D4430492D3,0.35613745
CC_02F79A06858B,0.11175171
CC_02FA254C9D43,0.044600774
CC_03062402B4EE,0.065885976
CC_03072CF2EC63,0.373779
CC_0315369B079D,0.076451
CC_03199242A810,0.17153665
CC_03214BA76DB4,0.20516181
CC_032735A44CC6,0.06251792
CC_0330340F2FE5,0.16788499
CC_033236FAAFDB,0.15046093
CC_0337298F948C,0.054033794
CC_0341CAE5E2E8,0.19173309
CC_03434E2371CD,0.31772822
CC_03547AAB948A,0.25370634
CC_0354D0453D8E,0.0947503
CC_03592E51F427,0.7629711
CC_0365DEB525A3,0.090232536
CC_036782052BC9,0.39598972
CC_036977A50F1A,0.115934014
CC_03720D08B8C2,0.24179344
CC_038AE599BCA8,0.31810895
CC_039E67CDFE1E,0.27671477
CC_03AC962FC717,0.153002
CC_03B00DFA3A85,0.7802645
CC_03BC6380E968,0.55727816
CC_03BC730E0B02,0.03214454
CC_03BD4F22DA3D,0.11947129
CC_03C7E1EF6F69,0.7890395
CC_03C9FA383477,0.08699344
CC_03D1AAE90CA6,0.060494862
CC_03DBB9598F39,0.13431808
CC_03F18B43797C,0.112614885
CC_03F80118E46D,0.05616466
CC_0405E0151A6D,0.19794056
CC_041FEE6C805E,0.35696256
CC_042F88EE269B,0.16694312
CC_043D98ED7F98,0.15099958
CC_044C3537B769,0.14979073
CC_045932C46685,0.18042515
CC_04629624AA8D,0.17929994
CC_04690B4A6AF1,0.24436493
CC_046CF40369FB,0.12575954
CC_046D6EC816AB,0.3894294
CC_0475CD95EDC9,0.1305148
CC_04796F06B82B,0.13564314
CC_04AC7C1CE736,0.3484642
CC_04AEDD051B96,0.3214925
CC_04B42AD0E01A,0.39089054
CC_04BBD1DB360C,0.2957047
CC_04C767FFDA0F,0.45928478
CC_04C7B819B9B9,0.100766286
CC_04D127A775DE,0.090704225
CC_04D9ED00053F,0.06280778
CC_04E0EFC4F548,0.27581877
CC_04E6848903E8,0.044658877
CC_04F69D03ECE1,0.26854092
CC_04FA1CFA1DEB,0.22825901
CC_04FA6842AC62,0.040974107
CC_0502F3791166,0.32437286
CC_050B514E15FD,0.13815811
CC_051ADBD6D835,0.14698748
CC_051B4644216C,0.07001684
CC_051C0A644DD3,0.03482953
CC_051CBF566856,0.0473183
CC_051EEA9AE819,0.18896464
CC_0520E27BE904,0.14518031
CC_05224448D290,0.13948107
CC_0525DE4744C0,0.06745849
CC_052F5CD81EFE,0.20046917
CC_05368FAD2E6D,0.058922827
CC_053788B82006,0.095613636
CC_05471A48C6F5,0.2064745
CC_056DBA1A87BA,0.068067454
CC_05901F3E7A0D,0.17270966
CC_05906BC8ED3F,0.16548344
CC_059D55E32C78,0.09324972
CC_05A12EF84A86,0.53595597
CC_05A42D035609,0.1735603
CC_05AD75A5CE38,0.059317894
CC_05BBD4B92613,0.5275694
CC_05C8EF6500D7,0.7802974
CC_05DDB7B07497,0.06786029
CC_05ECAE6E0774,0.22657089
CC_05F11F14DF9E,0.34024802
CC_05FA9192590F,0.12051104
CC_05FD764FB154,0.7403995
CC_0608DBB4DF03,0.27604976
CC_06198383F6D4,0.12276461
CC_06199EBE2B05,0.18373857
CC_062A8881A331,0.07103397
CC_062F74350907,0.049732566
CC_0635AD30F004,0.7701563
CC_0639F539946C,0.32127887
CC_063DDB42CF5C,0.077444375
CC_06405C00E240,0.22901022
CC_064920FC9DAC,0.07621276
CC_0650AB329174,0.7610435
CC_066941B109B9,0.17212835
CC_066AA16F5874,0.32050532
CC_06732311FB8B,0.14705929
CC_06780061F889,0.108225845
CC_068A81B06B74,0.44920436
CC_06A1C5FE269B,0.33242342
CC_06AA7138DAF8,0.04284307
CC_06C0DD0D066E,0.764783
CC_06C97CFBD476,0.1217349
CC_06D15F523C05,0.17432007
CC_06D35787AD65,0.045785755
CC_06DA375201A2,0.088881925
CC_06DB455FF19B,0.70007277
CC_06F3674E7313,0.44576877
CC_070232DF9996,0.1427046
CC_07141FA77DBF,0.11965537
CC_0715F11CC8CA,0.22072554
CC_07168A9C843C,0.17182171
CC_072AB9F855DD,0.057929564
CC_07337AF6AC2A,0.14270362
CC_07434E4E5C28,0.068007246
CC_074381358A2C,0.042541195
CC_074E7CA75E8A,0.2610602
CC_075D0C618BAB,0.1791738
CC_075D804F7851,0.08678298
CC_0765961D818F,0.3919147
CC_07698F10563E,0.060786914
CC_0773B9BA9E18,0.3000087
CC_0784ABDA7F8C,0.17594874
CC_0790C9F9EC9C,0.08596337
CC_07A996E6CA6C,0.2350651
CC_07B588ED677A,0.16683024
CC_07B730FD7F82,0.17615433
CC_07BE6961D039,0.073863745
CC_07D23A6BAF5C,0.13857286
CC_07E08196A3DB,0.05099406
CC_07E4850039B3,0.111143276
CC_07FAAF8B2D23,0.061076306
CC_07FB3FD9BE0B,0.10194661
CC_080CB94A724F,0.34054214
CC_0837C56711FE,0.08448462
CC_084100A049EE,0.057042956
CC_084113D0951B,0.28259706
CC_0843DDCDD601,0.6393894
CC_0846C14EAAFE,0.05934887
CC_085091ADED2C,0.195929
CC_087943B4A5D2,0.15744027
CC_08A97B98C405,0.15237822
CC_08AA321BC4AD,0.18513893
CC_08AA44ECBDD5,0.049725033
CC_08AE2EE9D798,0.1826928
CC_08B149462891,0.18438432
CC_08C71A8D2D58,0.048558563
CC_08D645F7B257,0.06463684
CC_08D80BF0B273,0.053768408
CC_08F52B1BE431,0.22617145
CC_0903571AC7E7,0.14454927
CC_090D528C09D0,0.45000058
CC_09106BA6CFC9,0.07423656
CC_0915905A5D48,0.16146483
CC_0918F67CDF01,0.1869091
CC_0925D0B6276C,0.16405271
CC_092A2830E36A,0.8032506
CC_0951489C8F79,0.042761005
CC_0951FA4D5513,0.09261208
CC_095C712064EA,0.093374446
CC_0969AA7BEC71,0.068604566
CC_0974840BED49,0.75690967
CC_097BD371F652,0.08000017
CC_097C8139DBD1,0.057635713
CC_0981CA4DBCE0,0.03223995
CC_09A5D2F129A4,0.27842218
CC_09A9BE38080D,0.08579346
CC_09CDC42E000B,0.1903969
CC_09D8DBAB2A42,0.15972973
CC_09EBB1960580,0.059174072
CC_09EBF206FEE6,0.19465026
CC_09F2AE996181,0.082230136
CC_09F45833F53F,0.15478401
CC_09F4F5C5B4EA,0.756358
CC_0A04BF4005F8,0.21565375
CC_0A0E563D1060,0.086744845
CC_0A0F781A999D,0.26237804
CC_0A1138C37BC0,0.19420575
CC_0A334A16524B,0.066378534
CC_0A359CD5D73A,0.0663698
CC_0A3E2C273DB5,0.06102704
CC_0A4705B1E08B,0.050596286
CC_0A67EB7C5282,0.124603555
CC_0A6CD64871E5,0.4035625
CC_0A75643FDC7B,0.060980428
CC_0A8066F501AC,0.04638826
CC_0A83017D027D,0.187851
CC_0A9AB7441D5B,0.30788335
CC_0AAA72FA148E,0.3306373
CC_0AAC488C8AE4,0.4948078
CC_0AC2DB82398C,0.31344742
CC_0ACA2C49A497,0.1372798
CC_0AD4BBEA75ED,0.037969243
CC_0ADCD6553B8C,0.062342595
CC_0ADE56B56C41,0.045219444
CC_0AF4B5B4162F,0.7281912
CC_0AF9BD814AC7,0.105770394
CC_0B083BE0FEA3,0.094113484
CC_0B1384331163,0.051846363
CC_0B216C6AF0F2,0.036972925
CC_0B3465DB0684,0.54673225
CC_0B442B91679E,0.12117641
CC_0B455175F494,0.09487061
CC_0B4C01B4002C,0.15933494
CC_0B544A526D6C,0.06770695
CC_0B5B19AFCD18,0.05626007
CC_0B5BD2D224BF,0.07924016
CC_0B6407C2C9BD,0.17348364
CC_0B73F59991EE,0.08804296
CC_0B7579216681,0.0766422
CC_0B7F3B4B32C1,0.27060658
CC_0B830A67900A,0.11518159
CC_0B84250F96B8,0.20395203
CC_0B92212B8E27,0.28634998
CC_0BB43BC4B3BC,0.1258872
CC_0BB992973640,0.063811384
CC_0BBC41297846,0.09305955
CC_0BDDB468A1E0,0.28617075
CC_0C00A631C2B4,0.06093052
CC_0C011AF6C857,0.3550007
CC_0C0459AB67DE,0.12919095
CC_0C18B07E451D,0.10327878
CC_0C19EB845CA2,0.22665425
CC_0C1A736F37CC,0.07254481
CC_0C335C9D86F7,0.7692528
CC_0C4C24D066E9,0.17376272
CC_0C5499989AF4,0.22240368
CC_0C95548CC1BD,0.14303188
CC_0CA2DE660B41,0.2535482
CC_0CA6D8CFCF2B,0.21244276
CC_0CA9DF9C5C15,0.105919376
CC_0CA9F52C92A8,0.18551886
CC_0CAFB6C41CE7,0.115852036
CC_0CB27D5313F1,0.5641082
CC_0CC9DDDB8B44,0.043704923
CC_0CCA18595BA5,0.21568032
CC_0CD90568D3E6,0.21490268
CC_0CE0D56B0584,0.068302855
CC_0CEA028BF961,0.29023466
CC_0CF67D68AF16,0.3561543
CC_0CFAA0FB0691,0.06304138
CC_0CFFD2785D2D,0.10751548
CC_0D28AF91CE97,0.14325827
CC_0D34E55A580B,0.1013694
CC_0D3663B6524E,0.7234813
CC_0D3C2864ACD2,0.35295534
CC_0D5F4BE8132C,0.15328528
CC_0D6D5ACB0889,0.22951297
CC_0D7BFE8CC0D5,0.12768777
CC_0D8852AAB481,0.20565037
CC_0D97EF394C79,0.44559503
CC_0DA8FDDE6DD0,0.0697604
CC_0DABB89E37CE,0.0973106
CC_0DAF0F2FAA86,0.110121906
CC_0DB9E5F8EDAD,0.0732898
CC_0DBC64F88C05,0.15317492
CC_0DBDF018E822,0.109197184
CC_0DC31A5A1096,0.044969805
CC_0DC3870F23D0,0.04684145
CC_0DD39F5D7C0D,0.09780912
CC_0DDC2C18BBDE,0.048612773
CC_0DE09CAA93E5,0.1510987
CC_0DEA4477FDC1,0.11888663
CC_0DED63EF6639,0.17009425
CC_0DED7DBF26F6,0.29736024
CC_0DF01CD21B9D,0.17209032
CC_0DF6A478C01B,0.22170737
CC_0DFE1A3FA5AE,0.14348064
CC_0E07D5FB24B2,0.15848309
CC_0E0CD9F23A5F,0.75285363
CC_0E121FCB1D47,0.06628921
CC_0E1423A4C263,0.17895846
CC_0E16883EE8E6,0.47926226
CC_0E1A2BA1C545,0.20455547
CC_0E2B52BBA69B,0.056939106
CC_0E40BAFC3530,0.1717081
CC_0E48EE235179,0.077930614
CC_0E4FA0FB9797,0.6198318
CC_0E5162F59924,0.76409966
CC_0E5E2FCAC8C2,0.28302467
CC_0E68C2BE2A75,0.11066216
CC_0E6C5A8D8CE4,0.09990216
CC_0E6E9B0E674E,0.087498285
CC_0E746EAD6CE9,0.07099275
CC_0E968E7C22C1,0.3814477
CC_0EA1483F50A9,0.15949765
CC_0EA81362C7D1,0.15509
CC_0EAE97520873,0.29549897
CC_0EBCF4228FF2,0.48078027
CC_0EBDEFD0BDC2,0.05424168
CC_0EC6AEDA63EC,0.29951072
CC_0ED61DD76795,0.10361941
CC_0EE33B1B71D5,0.13185136
CC_0EE7EFF13EBA,0.053204935
CC_0F0F136B0991,0.12637445
CC_0F0FAF218BCB,0.05180669
CC_0F125B48F175,0.09755297
CC_0F292A238627,0.10465938
CC_0F2949A1746E,0.07899932
CC_0F2B71163121,0.08771022
CC_0F393F1DE2EB,0.09059648
CC_0F41B187053C,0.4594261
CC_0F52EDC9D383,0.09461773
CC_0F62C4F36236,0.086100005
CC_0F6A29CE5D45,0.20669255
CC_0F7C0515A6CF,0.16609636
CC_0F8D6C89202F,0.16539307
CC_0F933684CC08,0.1714345
CC_0F9BA54F2AF6,0.05937817
CC_0FA06CE7FAE8,0.046320826
CC_0FD25AA655DA,0.12988898
CC_0FF5570E06EC,0.72111064
CC_10197FE0E34B,0.6574516
CC_10355B5718CD,0.106165014
CC_103A9D18EC12,0.17435488
CC_1040DB6A21EA,0.11339696
CC_104D2B84FC4F,0.04370584
CC_104EA2802A11,0.090080425
CC_105777B1BF91,0.07454151
CC_1059F1B6C0C3,0.14009294
CC_1061947FDD14,0.057088785
CC_10689257E68C,0.379214
CC_106BFCFA7D7B,0.053067237
CC_108FA04AC10D,0.11207415
CC_1092915D0093,0.107170776
CC_10A30F88E157,0.16265005
CC_10A657027AC9,0.7415448
CC_10A6EAF27BF3,0.0550399
CC_10B148BED568,0.37066364
CC_10BB7101F191,0.05731247
CC_10BC5BC3A9AD,0.30195728
CC_10F27C70AB99,0.13541043
CC_10FADDF63CDC,0.18517396
CC_1107D9301AA0,0.06770507
CC_111A6DE5D9C7,0.731336
CC_111DC3B1756E,0.2675276
CC_1131156CC6F6,0.13228516
CC_113B66D5D5D9,0.10553455
CC_1143254EFF36,0.051623933
CC_1145E5277FA7,0.32074112
CC_11521077BBB0,0.15107842
CC_1154861ABCCB,0.5208089
CC_115BCAEAE2A0,0.08969209
CC_115BF13E8BFC,0.20468614
CC_115EBE5044BD,0.374885
CC_1165AA07FC47,0.7548526
CC_116EE8219753,0.05608221
CC_1176FA3233B3,0.0549779
CC_117C2A1587ED,0.081966534
CC_118C0A1D14B2,0.22589774
CC_118ECB589F3C,0.09864717
CC_1190F13FB1FC,0.12906411
CC_1192EEC65A1E,0.22119372
CC_119B1FEC4D83,0.23082021
CC_119C413C2580,0.16436192
CC_11AB74142A2E,0.7771556
CC_11C8A291FD11,0.16443972
CC_11D1E9C39E41,0.07427953
CC_11D600EE1BD6,0.19946925
CC_11D7539AC69D,0.17940818
CC_11D78BB50016,0.1485385
CC_11E0C583685C,0.1162148
CC_11E0D2F15AA1,0.045448694
CC_11EDFE67C719,0.6789831
CC_11EE85F284B8,0.20938027
CC_11F700202C6D,0.1664406
CC_11FB668DF543,0.11333933
CC_1209FA26609D,0.040632375
CC_120CA1B916D0,0.10894041
CC_1210186F4D33,0.0996999
CC_121F621374FC,0.21748468
CC_122532C1FBCB,0.13103238
CC_122B19CBC88C,0.6446079
CC_123C7F0111C7,0.64650446
CC_1241EE42F174,0.14666703
CC_125B7100F1DD,0.11255851
CC_1263B255B3B5,0.2028269
CC_12878596E940,0.08677073
CC_1298ED71A9E0,0.08870585
CC_12B555C6F086,0.16036518
CC_12D22C629874,0.1785887
CC_12DD89EA0C14,0.17396705
CC_12E24CDE2684,0.1781455
CC_12F3B7309455,0.6061768
CC_12F8E7A4BBE5,0.3660102
CC_12FDEAE4873F,0.206853
CC_130F7B067939,0.43006945
CC_13209EDC85EE,0.6444624
CC_1332B6F0E543,0.2445319
CC_1334E256AEBC,0.598884
CC_1337726B2AE6,0.105493546
CC_1338237BF402,0.18064667
CC_1341DF38D9C1,0.19054407
CC_1342F868176B,0.65737057
CC_134651CCD2F8,0.1973872
CC_1363E3090578,0.056645483
CC_13736493B695,0.053416885
CC_1392DE633D4C,0.28779113
CC_139ED2E0AD76,0.07441358
CC_13A5383EA098,0.61895674
CC_13AA272C6861,0.086428985
CC_13B74E4EE3EF,0.22237425
CC_13C437E86B81,0.5291076
CC_13D61B077E7C,0.07807505
CC_13D7115A8FCC,0.18464407
CC_13DFE319B21E,0.77669317
CC_13E0F0B3FAE6,0.18695532
CC_13FD88C2920A,0.6903306
CC_1401CB818627,0.2469595
CC_140B86E74F74,0.79973996
CC_1452A0B69085,0.058137037
CC_1458CA7329A7,0.25934252
CC_1459E7125AFB,0.08783181
CC_14633EC7F622,0.4448598
CC_147B1B30DE7F,0.1087019
CC_1484511F54C5,0.36384413
CC_1489A941A69B,0.30163532
CC_14A8B16706E9,0.07973568
CC_14BE52BADB77,0.101607025
CC_14D53413FBCE,0.32738444
CC_14D59B58E51E,0.12545295
CC_14D964327B1D,0.06464084
CC_14F5D06CF093,0.13839293
CC_1501D63D5A80,0.32148743
CC_150E3A0E5084,0.19600159
CC_15152312AC56,0.05186205
CC_1522BA0411C3,0.06930199
CC_1534B0241A1B,0.053820472
CC_153BE2BEB74C,0.12957549
CC_154BBCD4DCEA,0.2536045
CC_1552EC27FC0C,0.71262443
CC_1566BFF4BCDC,0.33259735
CC_1579BD86A63D,0.3398395
CC_1583CFD90530,0.24089563
CC_1584385F38C8,0.08804056
CC_159656F13BE8,0.12976089
CC_159B6F6AAF1E,0.08915645
CC_15A4934FD96E,0.09856807
CC_15B2140CE869,0.07537002
CC_15C0972DE384,0.6434916
CC_15C0E30FF2DC,0.1272588
CC_15D617FAB434,0.07111128
CC_15DA0F4FFF0E,0.33538884
CC_15DAE76D15DF,0.05031397
CC_15DC7C139EBC,0.35248986
CC_15EB741857ED,0.08956707
CC_15EC51F4C521,0.28691167
CC_15F6259C7C53,0.06771703
CC_15F7C012E10D,0.41737944
CC_15F7C1BEC28F,0.166644
CC_15FF58854AEA,0.27812892
CC_16035CDDC2F6,0.15524748
CC_16095572722B,0.05213062
CC_16109F1CE0A6,0.26284063
CC_16150E74E4DA,0.18484747
CC_1629E47AFBA5,0.07723829
CC_162F4582D06D,0.6722004
CC_163194DFEDDA,0.04516098
CC_1640F01B7730,0.09387909
CC_16460554039F,0.0488895
CC_164D308CDE41,0.20425396
CC_1661041F819B,0.7898272
CC_166829780A76,0.11125944
CC_16798666E855,0.114060365
CC_1684B5493414,0.18861434
CC_168A8907C8F4,0.07691969
CC_1690EC56D088,0.07256688
CC_169853EEAB4A,0.10770707
CC_169B7FD839BA,0.1517856
CC_16AED1A3008A,0.11608795
CC_16BAC7837C73,0.18740022
CC_16D57E1EEA01,0.11854303
CC_16D833E56D7A,0.20169654
CC_1702487A047B,0.20545602
CC_17029F78E70E,0.071588635
CC_1702F3E986AE,0.067205474
CC_1707181BB559,0.04695664
CC_17117BF03935,0.23675814
CC_1723E40C3D40,0.24691191
CC_174FBBE9ADD9,0.1737757
CC_176E6E58FD1E,0.09209333
CC_1783F37259BE,0.08123029
CC_178B135605CA,0.09289883
CC_179AA5165026,0.37088308
CC_179DBA1C4CDB,0.3416409
CC_17A1090B69C9,0.108696796
CC_17AA1A4C904D,0.19187985
CC_17B06C06FDC1,0.15740249
CC_17B89AC1FD03,0.26041293
CC_17DC33AA73F3,0.06653909
CC_17DE4D267831,0.11689681
CC_17E929BE0344,0.36134356
CC_17EB83DECE5E,0.39064494
CC_17EC9982E5A6,0.1353505
CC_17ED5555B4FD,0.22140458
CC_17F4292DAF8D,0.11061488
CC_1807B0980C86,0.08409582
CC_181354A58B53,0.091876924
CC_181E7266E018,0.0852091
CC_182AAE7CC3CA,0.44852155
CC_183EDEDC5DA7,0.083154514
CC_184C47552665,0.22414656
CC_185A7392A475,0.27796745
CC_185FEFD3233A,0.40453592
CC_18676FE5FC07,0.0891063
CC_18776C4FDE28,0.09312653
CC_187A8AECEFBC,0.19104561
CC_187E7D0B4E82,0.730129
CC_18839D393105,0.13917522
CC_1888476F6CF3,0.10480042
CC_188B1ED2AAA5,0.34130937
CC_18A4257C3172,0.31497946
CC_18A7929D9FC9,0.3049026
CC_18A8695F185E,0.097203895
CC_18ACE64E8F74,0.19065438
CC_18BF4A29BB38,0.12309706
CC_18DE36F7D294,0.15361443
CC_190EB07AC1FC,0.14837298
CC_19219F2C60B7,0.1617647
CC_192262DB0B0F,0.07839787
CC_1929746E06CD,0.6197116
CC_193356E72D61,0.68812907
CC_193938E8EA40,0.16933727
CC_193C60092202,0.4518445
CC_193F669537D1,0.16082355
CC_194E13150BE5,0.07309058
CC_19556DDCCDB3,0.042011507
CC_195A6E9B48A2,0.1746449
CC_196DEC616B33,0.103697106
CC_1978B23D64A8,0.10168729
CC_198562A4BD86,0.13259189
CC_19864C9572BC,0.18456486
CC_19868B6887C9,0.113005385
CC_19969E05AB2B,0.13549742
CC_199FC89885C7,0.11080257
CC_19A40411B404,0.23972479
CC_19A6D9B60B29,0.66689694
CC_19AAB010550E,0.07330736
CC_19B4743DFEEC,0.0791317
CC_19B95A61D757,0.1961415
CC_19E6A00F6A5B,0.06909778
CC_19E8DEC29F47,0.61269605
CC_19EA54976042,0.16545448
CC_19FBBEA75B7F,0.13314337
CC_1A039E58840A,0.05906884
CC_1A075331756B,0.10032258
CC_1A1E1302C432,0.16998224
CC_1A37690EAEDB,0.1944614
CC_1A3BF9F5BD42,0.16780505
CC_1A4268FEB02E,0.16753426
CC_1A5F8618A912,0.3226514
CC_1A659D4D521E,0.41895634
CC_1A879655902A,0.08218543
CC_1A9F6DA46BC2,0.10910883
CC_1AAB15E81743,0.04149444
CC_1AAC389EF8A2,0.25081056
CC_1AAD0CE365D9,0.13466275
CC_1AAD9152C90B,0.054246522
CC_1AB15BDA9296,0.100614846
CC_1AB8BDA3041B,0.16999215
CC_1ABB9CB074E2,0.7184704
CC_1AC1B1A3978D,0.05226788
CC_1AD20D1F9C08,0.733842
CC_1AD881A90D1A,0.33262014
CC_1AE9811724DD,0.7502651
CC_1AF1AAAB9D12,0.7676419
CC_1AFCC4D0ABD4,0.18864241
CC_1B08ADAFD1C4,0.14149424
CC_1B10139C7917,0.12383646
CC_1B127133B948,0.09400807
CC_1B25964EA376,0.14463124
CC_1B27A85C7244,0.19438662
CC_1B29F4378A34,0.11379205
CC_1B2EC0BD0677,0.34539336
CC_1B4AAF37FB97,0.077506974
CC_1B5E792F6E6C,0.3130452
CC_1B7166DAA790,0.17447612
CC_1B89FD901C95,0.11667905
CC_1B91E3A70338,0.0924567
CC_1B9D9B7184F7,0.14791456
CC_1BA3FDD92B1B,0.063646235
CC_1BA9B3D67170,0.13290529
CC_1BAF97E2BCF2,0.090107806
CC_1BB7D8A54021,0.12106794
CC_1BD548A5FEF3,0.13350224
CC_1BDF1893ECEB,0.23831311
CC_1BF117A8AF9A,0.07327393
CC_1BFA7E407428,0.6986545
CC_1C0066F472E4,0.6906935
CC_1C09CC2385AF,0.06061872
CC_1C11467AB472,0.610268
CC_1C1627B7EE6E,0.04722357
CC_1C3259B85E28,0.17401394
CC_1C334ED885FA,0.061327778
CC_1C376760FE39,0.07701777
CC_1C39A1ADF3F2,0.16387904
CC_1C450FC77478,0.11741004
CC_1C48409023DF,0.42518464
CC_1C4D03324C60,0.34536546
CC_1C5F1E1028DB,0.046139818
CC_1C6681C0AA7A,0.7679151
CC_1C84CFE19CDC,0.2045074
CC_1C8B3F689C6D,0.24425177
CC_1C95674B902D,0.049751878
CC_1C9A4C11F28F,0.13929649
CC_1CA3F50BABEA,0.086133495
CC_1CBF42D35AED,0.612938
CC_1CC11BEADBD5,0.12917832
CC_1CC3CE396A8A,0.20670028
CC_1CD2B13C2E6B,0.09838161
CC_1CE0B37CA670,0.07575995
CC_1CF5A99FC068,0.1376322
CC_1CF71AEB6671,0.07582413
CC_1CFE066F5EE4,0.1713663
CC_1D00B360809D,0.058180332
CC_1D1173F82F2F,0.09865339
CC_1D1E06E0B393,0.16345304
CC_1D2789866B1B,0.07923449
CC_1D2DD7DF781A,0.22124112
CC_1D313498A2DF,0.18761884
CC_1D68396533F9,0.29682335
CC_1D7235BA1EAF,0.15822533
CC_1D7ABAF9D080,0.050476186
CC_1D7FA51D0D7D,0.46630153
CC_1D8CFB3589AE,0.067106254
CC_1D9421A6EB19,0.29381675
CC_1DA0AC68719F,0.34100643
CC_1DA366D588B6,0.10913666
CC_1DACBFE0296C,0.09363954
CC_1DBD6A716910,0.6437319
CC_1DCB75B5CBDE,0.33176443
CC_1DCDADBC0E90,0.5152619
CC_1DD11FAF43E8,0.12024182
CC_1DD8064E71C7,0.13362691
CC_1DEC926EE25C,0.10789605
CC_1DECBAE4FC5B,0.060277004
CC_1DFF80E6D4DF,0.0696559
CC_1E025C3597E7,0.29572973
CC_1E082052CCBA,0.6647793
CC_1E0E30441DD1,0.18093109
CC_1E20E200611C,0.14154214
CC_1E354C75EB9B,0.052482735
CC_1E3B2C15EBCD,0.16538095
CC_1E4DF11FAF55,0.13862275
CC_1E4FE60DFD8D,0.7284935
CC_1E5A648D299F,0.14839828
CC_1E6C0A8B3841,0.66696084
CC_1E7FA6E807A3,0.21069019
CC_1E93F760EC93,0.23085633
CC_1E99F40FA03E,0.063697055
CC_1EAD09DBC23F,0.22166276
CC_1EB3D53252DB,0.24828848
CC_1EC889E04D69,0.089624055
CC_1ECCBF6853F6,0.4824581
CC_1EEC4520436C,0.18607767
CC_1F2827DC99C0,0.15020968
CC_1F2C184C5227,0.09172835
CC_1F3FA8091B02,0.10167836
CC_1F4E07BFDC8C,0.058955915
CC_1F4E0E9B54BF,0.073992684
CC_1F55738A6A27,0.30027753
CC_1F65276D0EF8,0.13366519
CC_1F65C797BD40,0.061641417
CC_1F668C0AE868,0.07453966
CC_1F6B19A04BD8,0.05131461
CC_1F945A60367E,0.45463094
CC_1FAB6F11DFCA,0.61869556
CC_1FACCCE95224,0.2950325
CC_1FD010E5EA82,0.069368
CC_1FD2B7BCCD20,0.7035023
CC_1FDAEC3D5CBB,0.10509771
CC_1FDC65FE3DBE,0.15081652
CC_1FE696D8A81B,0.06520668
CC_20027685F59C,0.77239
CC_2009F3D77774,0.14856023
CC_200C552C40F3,0.1275159
CC_201459527065,0.12885182
CC_20275029A688,0.10084728
CC_2028DA597C34,0.19919577
CC_204E557E5046,0.41523385
CC_20542CFCFB39,0.056006342
CC_2060F813C9B2,0.2784742
CC_20813A9A7F71,0.11009047
CC_208429A11E2F,0.1595772
CC_208B0FE7CBAD,0.1125734
CC_209A511030A7,0.040604062
CC_209DD60421B5,0.078164935
CC_20B26D646D62,0.17708847
CC_20C47966B174,0.2398003
CC_20CFE9681E4D,0.07081306
CC_20D4DB0F3E3D,0.049819313
CC_20DD84CE3CA0,0.116498426
CC_20E57CA675DA,0.58807355
CC_20F129FFBE00,0.24496575
CC_20F4E0F62D2C,0.079899125
CC_20FEE0B2130D,0.5841658
CC_2111B298C212,0.10289266
CC_211315AD7633,0.23075438
CC_211504721E27,0.17330821
CC_2119919BCB4F,0.7484432
CC_21375C9ED931,0.22919846
CC_213D2A5355FB,0.18375473
CC_214B50E48E94,0.16595586
CC_215F86D986BA,0.10601463
CC_21600308F496,0.045142278
CC_2166F3F6344B,0.13674499
CC_2168BBB42053,0.12613618
CC_217030CE0127,0.044614315
CC_2179067B405D,0.053311683
CC_219B59B67193,0.16858777
CC_21A9E8DB58FE,0.17043659
CC_21AE679C5E95,0.24760468
CC_21B98D13174C,0.094908
CC_21C81BC15002,0.11228218
CC_21C9B26CFEA3,0.092501275
CC_21D22081A4CA,0.76495373
CC_21D29CD736D3,0.32735792
CC_21D3CEAF838E,0.16038278
CC_21EF792A3811,0.6165401
CC_21F04E996723,0.43288907
CC_21FB6C8AB8BF,0.46418476
CC_22067686F6C4,0.7263111
CC_2207A39B7BB8,0.114064254
CC_221053121AAB,0.16878934
CC_222423774191,0.07734947
CC_2230EFBC99AE,0.47186288
CC_223BDED2A465,0.26689696
CC_223E3CA7A07F,0.14296332
CC_2250B42E48B2,0.12375344
CC_225935E43583,0.14302607
CC_22781E93CF84,0.15773587
CC_22784AF3CB6B,0.46685353
CC_22831690395E,0.18811433
CC_228E6CBCC935,0.5907219
CC_229338EBBA6C,0.10139336
CC_229A63057E54,0.49194783
CC_22A2D8A4B437,0.0980747
CC_22ADE1EE9BC7,0.11678507
CC_22B69E7C415A,0.045203365
CC_22C590B43FEF,0.278097
CC_22F06379D8FD,0.039562836
CC_22F282264A1D,0.11610911
CC_22FBF5F0E1C0,0.22799838
CC_2302088175A3,0.2616551
CC_230672EAA654,0.04255844
CC_230870B121F6,0.16443919
CC_230A051B2B3E,0.050317325
CC_2316F57AFB7A,0.07998465
CC_231D091FCD1D,0.06661087
CC_231FDED1781F,0.23904446
CC_2320053D1183,0.09380445
CC_2320AF507566,0.16219164
CC_23321FF41C3D,0.26357496
CC_233470D6BE72,0.60886556
CC_233C8EBC95FC,0.3670882
CC_235F99F13500,0.15188953
CC_235FC02CA52F,0.18050203
CC_236C80CAF53D,0.22533181
CC_236E7222D97C,0.073910765
CC_237B86FDC93C,0.061401464
CC_237E7EB2D7D8,0.11515977
CC_23830081EE1A,0.6246218
CC_23894AAA08DB,0.518524
CC_238CBFD6E20C,0.4246284
CC_2392A4A79C9E,0.04418487
CC_23A474D43C73,0.18800054
CC_23A9CC59BA0D,0.03682795
CC_23B158D8306A,0.14060873
CC_23D147F1870B,0.17872474
CC_23D2E73DCFCF,0.12155305
CC_23D9103D1EAB,0.0415781
CC_23E142182F2F,0.6596221
CC_23E43713A108,0.053841043
CC_23EF2911610E,0.5048623
CC_24056B76BD7D,0.057554863
CC_2416ECE66177,0.1259397
CC_241E65816FC2,0.09283285
CC_241F7E97FBDD,0.059539296
CC_24217201D7A1,0.31981045
CC_242301FCCE50,0.052410454
CC_242C69CF0B12,0.11113657
CC_243B23702DC1,0.18979684
CC_2456B9C796E4,0.12738965
CC_2457D89CB88B,0.649964
CC_24667210E2AF,0.2347264
CC_2468D206CAEA,0.05992956
CC_2469630A4F86,0.35690737
CC_2469D83D9594,0.050048113
CC_248C65EF54A5,0.6648601
CC_24BCCA7941E8,0.108670935
CC_24BDC1CE2A3A,0.22639377
CC_24BFCCDF957C,0.051269732
CC_24CC8A1B1CB7,0.122549556
CC_24D4B1852554,0.21662542
CC_24E65FA5A32E,0.16456363
CC_24EF3EDB6857,0.054469146
CC_24F15A19D648,0.16106763
CC_24F2410B5A19,0.1508995
CC_24F27E7DE1C6,0.47819406
CC_24FFFD0C983B,0.043092545
CC_2504E9D5D5E4,0.14074582
CC_250F6A0DB62D,0.07525917
CC_2520E13DF0A2,0.7577623
CC_2539C315029D,0.26142377
CC_25519ED78507,0.19589505
CC_255D49296DB6,0.12192243
CC_255DC60FF5BD,0.06484662
CC_2563C9EF9D55,0.073334865
CC_25756EB9651F,0.122422025
CC_257CC46D379B,0.43855745
CC_258D5F80A933,0.7017882
CC_259D87270257,0.21009675
CC_25A41AB21C94,0.22391196
CC_25ABCDCC8B71,0.09472335
CC_25AF0D0569B5,0.086294495
CC_25B61D393144,0.12816568
CC_25B95D7288CB,0.39037138
CC_25CE2F2F13BE,0.23762003
CC_25D1A5971976,0.3982732
CC_25D411B46F00,0.7341038
CC_25E7A2DC5E41,0.07800029
CC_25F4C8E51AC2,0.52657926
CC_260323EFB122,0.5917771
CC_260F10484312,0.058687836
CC_2610D0F1D0A7,0.17871226
CC_2615866F35A2,0.12860939
CC_261DA4E8DBEB,0.105916
CC_2628F00B0745,0.40308872
CC_26338E9AD15F,0.13451824
CC_26346B99BDBE,0.6657724
CC_26351DBC1AF6,0.15192023
CC_2637397AA3F3,0.6251918
CC_26675C32611C,0.6523588
CC_266E49E49071,0.19728899
CC_2696368A4DC6,0.041771118
CC_2698641B68A5,0.14237814
CC_269C5AE6A1A3,0.6874277
CC_26A06AD1206C,0.7525133
CC_26A358B0C10F,0.1734868
CC_26B07CB02EA3,0.6064003
CC_26B638BEA8CE,0.11376126
CC_26C33B649FC9,0.06355463
CC_26D5B969A36F,0.3418363
CC_26E3A1226C2D,0.14455979
CC_26EEA3F0224A,0.2442055
CC_26FA5E5A718C,0.1613388
CC_26FE119D4919,0.064637884
CC_270B462BAEF3,0.040438753
CC_270D929FEA9F,0.058657795
CC_2731AD82BA11,0.15273732
CC_274144AE3E86,0.122522496
CC_274AE6E82879,0.14374772
CC_2757A490C5E1,0.09236562
CC_2766F6011BD0,0.395816
CC_2768E644C697,0.05875681
CC_2770DF70328D,0.07646035
CC_277503968C44,0.564314
CC_277CE974AA8F,0.26425567
CC_277D246E39B9,0.19312428
CC_27A1CC725B7A,0.06845249
CC_27A798829CA8,0.73641807
CC_27C938FC8DC6,0.473736
CC_27CA2D819E7A,0.059592895
CC_27E3712F0E38,0.15934171
CC_27F3B3F43FF9,0.047996312
CC_27F9832EAB8A,0.48382816
CC_2809CC131F3A,0.66707736
CC_2812523510C0,0.1448938
CC_28151C75756D,0.0517823
CC_28203CC976F9,0.10235816
CC_282AFAE06F96,0.078603044
CC_282C2404F4C0,0.07194023
CC_2834BA2F19FC,0.1870567
CC_28432E22F47D,0.6071245
CC_2844882CC439,0.054253437
CC_284F79726032,0.35014406
CC_28544783AB15,0.4880159
CC_2856104729EA,0.7216441
CC_28625CD86761,0.18471833
CC_2866BDB46FB1,0.10008838
CC_2872415C6B36,0.07750151
CC_28752737647D,0.6030884
CC_2875C281EE88,0.057400804
CC_287E3E9EDAC9,0.08597885
CC_288A2C49D62A,0.049487773
CC_288FA8CD819C,0.16303976
CC_2891894CCED4,0.07984595
CC_2895608A9699,0.1468133
CC_28A2EF7926AE,0.6486006
CC_28A7DBD2B710,0.18208247
CC_28AD81DF2C51,0.115082756
CC_28AEC29CEC25,0.13894495
CC_28C1C3DF7928,0.08743782
CC_28CA76962EC8,0.1991012
CC_28CD47803B6A,0.07056438
CC_28DF569DBBE5,0.08455469
CC_28DFE611C657,0.09124909
CC_28E11E6A6C8D,0.16892472
CC_28F58ADC7CBC,0.11247502
CC_2916479EBC84,0.11039194
CC_2917C6CB0B2C,0.124172665
CC_291C7830D4B5,0.38252863
CC_291FE1744E5F,0.069542654
CC_293124F1ACD1,0.13086483
CC_293C2D704AA9,0.28704023
CC_29432A6B2555,0.105426356
CC_2944B427406C,0.16495502
CC_29468B7035D6,0.10925581
CC_294A9A24E473,0.067085125
CC_294B94EB0E07,0.27589935
CC_2967C29E4C3A,0.11259738
CC_29716D5835F4,0.21061103
CC_297179FF2BCC,0.42940268
CC_29803690C939,0.19843583
CC_29821539DC4D,0.14680077
CC_2983C1D2A273,0.13338076
CC_298CAC5A1868,0.6118496
CC_299EBE0FB429,0.14129768
CC_29A1C0073882,0.42652473
CC_29B6065F187B,0.3875191
CC_29BC66C10F87,0.65482795
CC_29BF3C3D9682,0.18096218
CC_29C4425FB2DA,0.1951746
CC_29C5D0D72D61,0.119821526
CC_29D65E313500,0.1240684
CC_29FD856F47A5,0.72384846
CC_2A097F88615A,0.09037714
CC_2A0CB4CE1A48,0.19905004
CC_2A14C1652D6D,0.2050293
CC_2A1F96F80938,0.16934541
CC_2A23F71805A2,0.13535896
CC_2A2BF2FD0498,0.16950797
CC_2A358A1D3DDF,0.6327242
CC_2A3E371F0DAD,0.21988162
CC_2A423FC8A330,0.3246612
CC_2A43368D54F9,0.5091096
CC_2A47A21C0E07,0.6834668
CC_2A4CB02E7A1E,0.14992452
CC_2A510080BA29,0.17152794
CC_2A5316E550F0,0.089490734
CC_2A59695EF90A,0.5945369
CC_2A606D00CC46,0.078100994
CC_2A6C69145AE0,0.08596347
CC_2A6CD71471A6,0.10866495
CC_2A70D6EF64E1,0.077925086
CC_2A844754AE67,0.66507065
CC_2A85A7B242FD,0.1635769
CC_2A9A51067D7F,0.15434566
CC_2AAAD4020436,0.2020992
CC_2AB62BCF3704,0.083738714
CC_2AC1C8DE5649,0.12418775
CC_2AD10D78793D,0.727303
CC_2AD26446A7AE,0.04484037
CC_2AD2D35975D1,0.08095523
CC_2ADA07B0211F,0.31733006
CC_2AED2D284351,0.32110962
CC_2B01FDE2552D,0.24953929
CC_2B06DDFD7F8A,0.07625456
CC_2B08FBC0A948,0.17265525
CC_2B1914218468,0.76229393
CC_2B1D93E12DC9,0.21264215
CC_2B248C488918,0.07854165
CC_2B256891C60A,0.616825
CC_2B2801591A25,0.3585841
CC_2B2B7CF1E40F,0.10708733
CC_2B2F4204834B,0.20884652
CC_2B5443C7AB87,0.07311666
CC_2B5D780AC244,0.6531312
CC_2B64E67CFF13,0.06282358
CC_2B6B872C8D21,0.07546016
CC_2B85D931F011,0.108810164
CC_2B959EF030DD,0.15000932
CC_2B973D1AC16E,0.12129246
CC_2B98983C2687,0.058903188
CC_2BA581E7B8D2,0.11292531
CC_2BB2C432C369,0.09818504
CC_2BBE19587CD5,0.08664073
CC_2BCB838A9581,0.15654488
CC_2BD0E9336EB4,0.07552756
CC_2BD1633FD528,0.0842674
CC_2BD58FC8C2B9,0.050912626
CC_2BD6083CAB0B,0.7896922
CC_2BDD47B177E5,0.7810093
CC_2BDE889EB05C,0.2669894
CC_2BF8DB192A49,0.58119947
CC_2BFDF46F3AC2,0.1619835
CC_2C00CF2FAE22,0.11964802
CC_2C06DDBA1073,0.36627525
CC_2C16C7838FAB,0.78775966
CC_2C263A1A732C,0.1908284
CC_2C34105831A6,0.17709222
CC_2C43FFA06F31,0.092609845
CC_2C4DEE4CA1CF,0.063643984
CC_2C56DB55E40E,0.08994459
CC_2C59F565C183,0.14273949
CC_2C7F54E56925,0.17544428
CC_2C8CFCC646BE,0.042315
CC_2C91AB1DB754,0.06133909
CC_2C93356976AE,0.3947958
CC_2C9DADC294C8,0.064136624
CC_2CA94231028A,0.25133473
CC_2CC8CB17283A,0.16711931
CC_2CCD42AA2376,0.10918095
CC_2CCFE560A79E,0.07988501
CC_2CED227E5216,0.10971782
CC_2CF326E90715,0.044212002
CC_2CFEA03CC6A0,0.65611917
CC_2D1D032137DA,0.11898412
CC_2D258781011B,0.1998671
CC_2D30260A1CEC,0.21437268
CC_2D35C002A9F1,0.13083544
CC_2D45DEA4EB25,0.14794457
CC_2D5494C13FFA,0.075811565
CC_2D5EA2953E81,0.17410867
CC_2D6E7894EA16,0.6318246
CC_2D7DA36360AD,0.23513499
CC_2D7DFEACA38C,0.2926221
CC_2D836654A121,0.15666637
CC_2D9CDFC6C57E,0.7309748
CC_2DAC67585B03,0.17461334
CC_2DAE338809DE,0.27387974
CC_2DB062A18C75,0.51059777
CC_2DB2C55CF89E,0.7879778
CC_2DBCBF870292,0.04357728
CC_2DCBC03B4FA3,0.70306337
CC_2DD78131B5A1,0.104412
CC_2DD7BCA75AB9,0.10879817
CC_2DEB49017220,0.089338325
CC_2DF6C71ED372,0.14913881
CC_2DFBFA1A4FE8,0.14848776
CC_2E12A41F7733,0.06527344
CC_2E1A348EB1E6,0.102477714
CC_2E23CB0F6F7B,0.38892198
CC_2E3634587158,0.05939465
CC_2E3F4B14D8DF,0.35539386
CC_2E3FDDBF4F48,0.20877731
CC_2E61C46BC16A,0.16591308
CC_2E62AEB14351,0.26091123
CC_2E6F1C0ADEB8,0.1473887
CC_2E7415FAB62E,0.08179432
CC_2E77F7444FDF,0.04650256
CC_2E78431BE3DB,0.072741516
CC_2E7D44FB8075,0.1527648
CC_2E7D8539BDA6,0.33624926
CC_2E7F248874AA,0.72928315
CC_2E85BB8F3BB5,0.094862774
CC_2E8897E4D9BB,0.30961698
CC_2E8CCDE89E2D,0.24256745
CC_2E927D910813,0.1335646
CC_2E9891F5A2D5,0.10365526
CC_2EA56A7EAC04,0.2642416
CC_2EB45D13B248,0.10681705
CC_2EC924B0EAAE,0.106356695
CC_2ECC248C96B7,0.054896634
CC_2ECF0C98B06D,0.4058416
CC_2ED3F6481454,0.13073424
CC_2EDDF0B40ED8,0.15212218
CC_2EE2A139642B,0.14885108
CC_2EEE072DA301,0.21084034
CC_2EFEBB85DAEB,0.15482338
CC_2F133BEFAA69,0.11912446
CC_2F1AAE3B81F2,0.07091604
CC_2F1BC47CC90E,0.057946704
CC_2F2128FBBDDC,0.17123517
CC_2F3D3342834E,0.068316646
CC_2F42D39F710B,0.63747823
CC_2F4AFE398419,0.6889642
CC_2F4C24B38EE6,0.057485282
CC_2F508C0838A6,0.07317988
CC_2F50EC193942,0.19992162
CC_2F5BD03D4900,0.07595819
CC_2F73AF6728BC,0.05400902
CC_2F7EBEAB9CF2,0.18435834
CC_2F9AD2BC25F5,0.054321654
CC_2FA3172ED3FE,0.7081671
CC_2FBEF8808F48,0.18999968
CC_2FC014F0EA3C,0.08596356
CC_2FC3AD2EC986,0.21103969
CC_2FCC82AC097C,0.23026147
CC_2FE2ED7D464E,0.2620092
CC_2FFCC9802D2A,0.18868545
CC_2FFE32627DF8,0.20696703
CC_300BEA90EF3F,0.15645465
CC_3017B64D0364,0.19951172
CC_3017E5E87C94,0.13608202
CC_3028375CC87E,0.7643561
CC_302A48CFCEDA,0.066255085
CC_3031F96196BD,0.46943387
CC_30328ADA0AE8,0.086625025
CC_30451015D913,0.037116386
CC_305D33AC15A9,0.74270815
CC_306015CFB66A,0.14641161
CC_306413849CEA,0.3665995
CC_306EF0BC7CB3,0.03842922
CC_3075C5B861A8,0.10388074
CC_3083D9B76858,0.056812555
CC_3096994A495B,0.19977985
CC_30B106BC1657,0.19339703
CC_30B967417C42,0.19581804
CC_30CABAFF5453,0.1014688
CC_30D68208FB23,0.37443155
CC_30E2A90BACAD,0.1520215
CC_30FFD856443D,0.57692516
CC_311EF26786A8,0.088407174
CC_3129843EADE6,0.6840179
CC_312C34EF683B,0.052217294
CC_31302B64C078,0.10649465
CC_31344A25B569,0.041590832
CC_31397A399AD5,0.09781478
CC_3145B5EAD7AE,0.20042007
CC_3146EE0BF81A,0.118464865
CC_314D02632843,0.22980833
CC_315133406E42,0.2727327
CC_3180D1C6FB7E,0.18617909
CC_31827EE8A968,0.27603632
CC_319BE06CC27F,0.041763566
CC_31A0A97AFFCC,0.46403378
CC_31B22116E36C,0.17119083
CC_31C78D9B6494,0.38867348
CC_31D3FA367B41,0.10014744
CC_31DAAB3E6DA7,0.15242346
CC_31E36F666FB7,0.09597284
CC_31E72EA14FE4,0.1385145
CC_31FC6DC9482C,0.20319156
CC_32076DA6AE23,0.15418701
CC_3209FA12D938,0.31666854
CC_320E17F947CD,0.42067224
CC_3223C706DD92,0.20928493
CC_322EFB2E377D,0.09435211
CC_3248EB928073,0.07526623
CC_325D5DC52B1F,0.11647415
CC_32662A6DB78D,0.17182532
CC_328DD3BA068A,0.26652917
CC_328DF7798F91,0.20917097
CC_3295CFEB188B,0.08017977
CC_329DC79286ED,0.6001473
CC_32CB77D55C73,0.11449834
CC_32D129B9E651,0.09261675
CC_32DB12551D37,0.68053466
CC_32F00D77D5CD,0.108388245
CC_32FF5F6892D9,0.19844265
CC_3301EF60877F,0.1522197
CC_330F334BD816,0.1165518
CC_331285B3494C,0.23119685
CC_331364283D5C,0.14597926
CC_331718E0F54F,0.14986591
CC_33194D48FF66,0.09561392
CC_331E8B8BCAB8,0.073484175
CC_33254134ABA9,0.7746171
CC_332E42439579,0.086092815
CC_333102AB964C,0.13615498
CC_3338AC0E8112,0.2580709
CC_33656EEDE6F2,0.3937289
CC_336777D934E0,0.49319965
CC_336DBFE464D1,0.5316744
CC_3382BB2F3152,0.15631524
CC_3387207793E4,0.053769868
CC_33992C973839,0.17342007
CC_339C36703675,0.11362618
CC_339CA5814519,0.10149839
CC_33B157F2A921,0.084588066
CC_33BBD10F239D,0.06883805
CC_33D3B12EE56E,0.09055015
CC_33DB68EA27CB,0.09635727
CC_33F0B95E70CE,0.22897343
CC_33F40275D630,0.056961775
CC_33FD5DE22692,0.073353454
CC_340961106343,0.11278595
CC_340BB1F4CEF0,0.11552638
CC_3410B11F1FA3,0.21927547
CC_3424972707B6,0.62966126
CC_34452758A645,0.04470395
CC_344D239879D6,0.13807282
CC_34503B6891CE,0.19883254
CC_3451722A3813,0.090344615
CC_34517B513D8E,0.48690996
CC_346ECB4CF2F8,0.11216168
CC_3478E8B6B56A,0.05761529
CC_347AFDE16722,0.09626589
CC_347B1A01467F,0.053111315
CC_348AA62FF484,0.33788413
CC_348D3F098A4D,0.07710891
CC_349290E4D0C9,0.18061408
CC_349347D553D1,0.25477237
CC_3495CE27BB05,0.20338385
CC_34B10A654721,0.15563503
CC_34BD2C5130C8,0.13892789
CC_34C433439160,0.049587872
CC_34CA271F73E3,0.3281676
CC_34CEBEA3B15A,0.06555049
CC_34E58CF793A0,0.17211092
CC_34E6909B6027,0.5676651
CC_34F4292A8B5C,0.20719886
CC_34F6DD223594,0.04982362
CC_3508A7A5E9EB,0.17182484
CC_35094977DD75,0.11203085
CC_350DE157CE6D,0.1632737
CC_351BD5C2EE8B,0.035982743
CC_35486249EDEF,0.20672438
CC_354C9ABE6DDE,0.07311338
CC_35578162927A,0.14693901
CC_357C3E7518D3,0.732944
CC_3584C15BF11F,0.044532962
CC_3588C5166872,0.075442985
CC_35A68306B19E,0.24573305
CC_35BFB3093D02,0.054425776
CC_35C085ED37BD,0.5067381
CC_35C695C13279,0.077158354
CC_35D1668A4C13,0.24424717
CC_35D27495E0CB,0.7921241
CC_35D562E1DBE1,0.62264794
CC_35DCDC74A757,0.47900409
CC_35EC2AB1D1EE,0.13863888
CC_35EEB90317B9,0.5972041
CC_361A9EAF7706,0.22893214
CC_361B968FEB98,0.28321695
CC_361C9FA031A7,0.7759112
CC_3620C5D1B3E2,0.05753254
CC_3622D7221940,0.066536985
CC_363175E92F74,0.32686692
CC_3638C9146BFC,0.13031475
CC_3643A4C7EC5C,0.059159495
CC_36690A9AE112,0.7115598
CC_36719170F638,0.098141335
CC_3673466BA7A7,0.08800288
CC_36847054DF52,0.39292964
CC_3691CE792752,0.7719754
CC_36A27FE53743,0.53514636
CC_36A3FB06D1D8,0.7898943
CC_36B0F2AD5413,0.0633125
CC_36B1B7BF5F75,0.15843642
CC_36B68E66951E,0.37162748
CC_36D3F09AD810,0.5249263
CC_36DBD8424220,0.58581185
CC_36E5645D8018,0.07998254
CC_36E6592E4E23,0.14034466
CC_36F143AEC864,0.10986443
CC_36F2A735DF73,0.154211
CC_36F81C003E8F,0.06578465
CC_36FCD55EE425,0.45158076
CC_3701D5DB7FA1,0.079598166
CC_3706E1EB2587,0.52554613
CC_370E0F8EF86F,0.57238406
CC_371D47444D5B,0.7114347
CC_372CFE308EA4,0.65006304
CC_3731D90357A6,0.3215061
CC_37322F66C543,0.04667545
CC_373539DE38C5,0.12168841
CC_375225700242,0.40675062
CC_3762D0B6F3C2,0.12467809
CC_377A277E831A,0.14030898
CC_377B6066B91B,0.24089284
CC_378D71726B5E,0.07087313
CC_37A46BD0DCBF,0.04661738
CC_37B447368F02,0.7245792
CC_37BFDFE369A3,0.22487295
CC_37D09FE492BD,0.07656763
CC_37D3F4C07235,0.24755971
CC_37DDACE48E3C,0.14564309
CC_37DEF85C0A37,0.3598951
CC_38020CED9EEF,0.09521548
CC_382207621EC5,0.7787447
CC_38374AB27F95,0.10345952
CC_383A5544DD5C,0.13539834
CC_383C129A5B96,0.25320807
CC_3847AAA649C7,0.10505873
CC_3849D992C1E3,0.07489849
CC_384BB17F0F0B,0.5942633
CC_3851177E5E76,0.065827556
CC_3862F88850B8,0.26924214
CC_3867CFCFCC94,0.23651072
CC_3872ED018F85,0.15834099
CC_3881A587C072,0.13069546
CC_3882F8EB5EEB,0.5756285
CC_38911341EA6C,0.083669946
CC_389E5B71E254,0.55479366
CC_38A0DBCD3728,0.124297425
CC_38B3E9142747,0.11875011
CC_38C1B8860300,0.053062577
CC_38C8CF250B60,0.03625152
CC_38D32B790B4A,0.116295435
CC_38EB304A9915,0.17377493
CC_38F26461C872,0.73266333
CC_38F942257E28,0.5536076
CC_38FA5D78A8A7,0.050920658
CC_3903D7BCCA95,0.06942449
CC_39043D7ED04D,0.2045171
CC_39098B256732,0.065596774
CC_3909A2E4C679,0.13432856
CC_392344DF8D55,0.28904843
CC_392628C8AD47,0.08128212
CC_39285F4C42BF,0.39508867
CC_392A376EA1A2,0.09316161
CC_3932E086F150,0.16258505
CC_393D1D3640D0,0.06330281
CC_3943B3490B49,0.6824956
CC_394DE164DBCD,0.13461675
CC_395600E84A54,0.1114649
CC_395D181A7E1F,0.09623742
CC_395E8CACC437,0.15887482
CC_39635AC6A70E,0.051814783
CC_3969352E3ABC,0.09190424
CC_3985C0DF9CB5,0.5377363
CC_3989F2C6A9F8,0.22180149
CC_39A82672A1B2,0.06726958
CC_39AA15DAE17D,0.61623466
CC_39AA2A3D98CC,0.03964011
CC_39AC257B00C5,0.104449034
CC_39ACC63CDAEE,0.102878906
CC_39CE40784C2C,0.21765217
CC_39E1A306D418,0.15336035
CC_39F2B11C46D7,0.11321992
CC_3A10F5F50A27,0.048647415
CC_3A27CF9D162A,0.5744219
CC_3A297424A7F7,0.11468774
CC_3A39F7930BF3,0.09564078
CC_3A57566F9977,0.55198747
CC_3A61121254E6,0.052812606
CC_3A81C568A7F8,0.13775821
CC_3A82E7050A4D,0.049777366
CC_3A860AADE6CE,0.15903822
CC_3A8B3FC29C9E,0.108276606
CC_3A8E9056A5A2,0.08604224
CC_3A9617A5777D,0.45216447
CC_3A99D25777CD,0.1462289
CC_3AA9E8D01340,0.5619809
CC_3AAEFC09C290,0.7056055
CC_3AB5E579843E,0.24185136
CC_3AB77A30AD40,0.20251581
CC_3AB7BA36A414,0.31529582
CC_3ABA830A5BB2,0.121283375
CC_3ADDDA550A57,0.13325211
CC_3AE7B1151DC9,0.12590103
CC_3AE9A209EE00,0.056972325
CC_3B06FCD75C98,0.059992492
CC_3B0722FB5E8E,0.2740159
CC_3B1C51DD7429,0.16659838
CC_3B1F4696D710,0.5773878
CC_3B224413A072,0.23638809
CC_3B35C3783CCD,0.21077934
CC_3B3626F3DF9F,0.19351655
CC_3B4405C7E486,0.58034045
CC_3B4C4A9C9D99,0.32705888
CC_3B72F0E9E3F8,0.20740521
CC_3BB02A95C6C1,0.71872145
CC_3BB8B675C2BC,0.43342057
CC_3BC51B069218,0.13067463
CC_3BCA5BD201AC,0.15428765
CC_3BCAC9793441,0.26651353
CC_3BCBC867AC4A,0.04468759
CC_3BE51412ABE7,0.3993603
CC_3BEA98B401CD,0.6428707
CC_3BED6DF1ABF1,0.16012083
CC_3BF0BF7CF827,0.81603193
CC_3BF110035599,0.6043571
CC_3BF213810DEE,0.6172684
CC_3BF21CA88D3C,0.47085887
CC_3C0E29764C71,0.07613022
CC_3C19509D4636,0.14705297
CC_3C1B038BB068,0.16286424
CC_3C594CADCA2E,0.18815556
CC_3C5D909498F7,0.6661747
CC_3C68D5179A01,0.088568315
CC_3C83955704BA,0.7872179
CC_3C93218F41B2,0.36181074
CC_3C9CFC8FB4D1,0.745545
CC_3CA266EB55BE,0.11936785
CC_3CE49C937F7C,0.11726332
CC_3CEEB9C04F0B,0.39447814
CC_3CF504AD4DD9,0.08075819
CC_3D1092DBC5C2,0.19856876
CC_3D185833E7BB,0.06601856
CC_3D2309981121,0.33370054
CC_3D27A0086AA6,0.17198634
CC_3D3BE7D0F4D8,0.10873212
CC_3D412B5EA919,0.09429683
CC_3D47650C6F30,0.08553535
CC_3D55D1FD8457,0.05801121
CC_3D599501BA76,0.07667888
CC_3D6181EE3C87,0.6541121
CC_3D65CC165F44,0.16527137
CC_3D6CF6DB8014,0.37185916
CC_3D7C14801D40,0.1676637
CC_3D836BDBF866,0.6185235
CC_3D8DF3A3DB71,0.7575697
CC_3D9309851089,0.17766862
CC_3D9ECB4274C3,0.12396993
CC_3DC8A9A92802,0.35281998
CC_3DDD3813D1D4,0.09524988
CC_3DF3FFB3CFC7,0.13558781
CC_3DF88701601B,0.15732472
CC_3DF91A482CFD,0.32726547
CC_3DFD6349D046,0.6053959
CC_3E0D54125AE0,0.19745648
CC_3E10CFE1DD57,0.052301865
CC_3E13CB98572B,0.16015358
CC_3E142C8ACA6F,0.09278099
CC_3E1BAC4E5B90,0.054152228
CC_3E2DD0D1E2D8,0.14307928
CC_3E403BF08A45,0.13797876
CC_3E46368104AE,0.09878708
CC_3E48A086B5C7,0.28570956
CC_3E54451B0F6D,0.073443726
CC_3E6335ED3F4F,0.08715494
CC_3E87A65C50A5,0.1498957
CC_3E91109E2090,0.0590002
CC_3E92A1EDA618,0.25140285
CC_3E94684FE270,0.50243115
CC_3E9DB402F352,0.13592994
CC_3EB5A15A6C04,0.79298294
CC_3EB8A9A6C49D,0.09891041
CC_3EC96BC884F2,0.119201586
CC_3ECA9E44B90F,0.24705128
CC_3ECE4EF16A44,0.19866446
CC_3EDDB8E70F57,0.20967898
CC_3EDF137D0E1C,0.13859442
CC_3EEEE844410D,0.3620531
CC_3EF4F348C967,0.12019269
CC_3EF91DD11A81,0.1571758
CC_3F08C55E7A40,0.20784087
CC_3F171CED0CFA,0.03610717
CC_3F2544EFA753,0.1027963
CC_3F28F3286CCA,0.08204879
CC_3F379CB37B0D,0.16955712
CC_3F42D798AB1D,0.65006936
CC_3F48724540D5,0.17302808
CC_3F68068E2D5E,0.11666075
CC_3F7FBE71B77F,0.07375462
CC_3F80017B8599,0.05868215
CC_3F8B17953200,0.06614931
CC_3F964BADC4BC,0.74537057
CC_3F9767602FCB,0.18051994
CC_3FA84F0B23CE,0.062367357
CC_3FB4B189143F,0.15666321
CC_3FB7C976EB26,0.45210403
CC_3FBCEB2F36D5,0.13617109
CC_3FC4FE843245,0.12268686
CC_3FD52E32FE8B,0.6724982
CC_3FDB44EC6254,0.06313181
CC_3FEFBD6DC62F,0.21436647
CC_4005466D00ED,0.32443517
CC_40095FFBC1A2,0.060911108
CC_400F1887A662,0.10686956
CC_40133FF3069C,0.10827549
CC_401C6F0EED5A,0.100710906
CC_4021AD03FA01,0.15929122
CC_402E91F3A56C,0.11434257
CC_403754B6988D,0.09560764
CC_4052DFCB1656,0.2138772
CC_40579C5C13D5,0.7839565
CC_406937FF97E7,0.09365723
CC_406C4233347A,0.23015949
CC_4073E42E11E4,0.17403522
CC_4077BB12A5F4,0.08436785
CC_4077DD5B5C4F,0.11767359
CC_40824D899215,0.07422786
CC_408D79189FBF,0.31681138
CC_40A3F1D5EA0F,0.34260067
CC_40A852A592FB,0.11499009
CC_40AADA91D560,0.17771176
CC_40B39CB2CC58,0.04136524
CC_40CE2030F058,0.06448813
CC_40EA2F8481E8,0.16742459
CC_40EFD7778F98,0.13678184
CC_40F278D49681,0.23975655
CC_40FFCF631F19,0.38237548
CC_4101D1B82788,0.25327677
CC_4109B79A4B06,0.037939128
CC_4119348F051A,0.10347756
CC_41206EE45803,0.069386125
CC_412DF740DA62,0.15332521
CC_413AB4CA7451,0.08742223
CC_414C06C60FF7,0.6811067
CC_414F50748A51,0.07056163
CC_415C65EA66AA,0.055684783
CC_415CED95F7CA,0.14959171
CC_416584250060,0.11573537
CC_416B3A1F0F0B,0.08099832
CC_41735021FC7A,0.17528965
CC_417858CD20F4,0.12844439
CC_41902EFB3974,0.06133036
CC_41A27790EFBF,0.13675818
CC_41A4A223F39D,0.11382693
CC_41B464757ED6,0.11052023
CC_41D1A87E1136,0.4774231
CC_420FE297808E,0.047712877
CC_4211096D5588,0.18711269
CC_421F4D78128B,0.45299998
CC_422F2780C85A,0.3470553
CC_423B0296BE24,0.08181169
CC_423E78000AA5,0.18502265
CC_4246081DD359,0.10831267
CC_4249EDF2FDCC,0.8110318
CC_42568C67F412,0.39697498
CC_426A25EA9E21,0.70410216
CC_427ECDDEECE6,0.2814909
CC_4289EEC8F0A2,0.18022013
CC_429A7158AD07,0.1370864
CC_429C51AE729D,0.055718027
CC_42A0DE1E5E80,0.08594222
CC_42A7D0F5388F,0.089828506
CC_42B23C8C9F66,0.17403378
CC_42BD3999AC3E,0.2654609
CC_42C95B199130,0.42030925
CC_42CD6CE97523,0.39753836
CC_42DA114F12A2,0.25804913
CC_42E2736AA331,0.15890864
CC_42EA825C351B,0.45992726
CC_42F1B2B4D258,0.52570283
CC_42F4588EB38D,0.2792017
CC_431F29A12E99,0.17754349
CC_432EB78A198D,0.23045513
CC_43383344BC72,0.16896304
CC_4339187DD10A,0.07379451
CC_4344A2E7EA1F,0.46738404
CC_4347468ABE51,0.5575272
CC_434894BC2577,0.070359215
CC_4362DB93FC92,0.07722245
CC_436850DDC704,0.1388399
CC_43698E2EEA0A,0.11978398
CC_4387F73F131E,0.10642121
CC_43A33C994C70,0.34378305
CC_43ACD82B5514,0.30513892
CC_43B37131B8FA,0.20907144
CC_43BFCAF8BD20,0.15155965
CC_43C060E01266,0.19898602
CC_43C41AF27375,0.060124546
CC_43C5AFA48B93,0.08330004
CC_43C767A44C55,0.19686459
CC_43DECAB53552,0.04883603
CC_43E6D931158D,0.35817972
CC_43E9F88019F8,0.06469418
CC_43EBD6EBD675,0.08398475
CC_43F81C577002,0.34379113
CC_443C4E041687,0.06918513
CC_443F63BF238A,0.10470736
CC_4463776F9AA1,0.09260615
CC_446F1EDF03C8,0.0694844
CC_447BAD4F7820,0.8218547
CC_447D02F917B5,0.061642658
CC_447E705746E2,0.14166942
CC_44A017104F93,0.62006885
CC_44A1E58CDBC0,0.05713316
CC_44ABCC04C418,0.08995942
CC_44BF6BCCFC2E,0.0602659
CC_44D0671A3B87,0.13295177
CC_44DBEE3A7D81,0.16016997
CC_44F7DD6A88A1,0.23760886
CC_45080C42280D,0.21059656
CC_4524AD74135F,0.3614363
CC_45262103231F,0.21089396
CC_452D8C5D039C,0.7956252
CC_452DECDBC90F,0.09844095
CC_453C9B3A5992,0.47597724
CC_4542AACA1FE4,0.14062604
CC_455209549D3B,0.7870637
CC_4555C804C4D0,0.09563123
CC_4581E4190B2E,0.10719402
CC_458912F91D6F,0.44469053
CC_45913E1BE65C,0.3401216
CC_4594791FB40D,0.12453145
CC_459B49073E2C,0.3262806
CC_459EA8E0E2EF,0.12798122
CC_45A4A38557E9,0.13650867
CC_45ACE2B1DB6F,0.06920174
CC_45C1A92F0E8D,0.1121933
CC_45D0673EDD20,0.11763291
CC_45D70DC84DA0,0.10928617
CC_45D96479EC1E,0.068836704
CC_45E8597BF74E,0.07932811
CC_45E97246F83A,0.29470772
CC_45EC44761309,0.11803339
CC_4603A6F83E2A,0.07615416
CC_46045CEE8330,0.06259109
CC_464E17187A4E,0.40140018
CC_4659FB4B8536,0.13215491
CC_465EF4F9B68F,0.20322421
CC_4663FDE62E3A,0.25888404
CC_466D54BE0809,0.077593714
CC_466ED9BD34B5,0.07836126
CC_466F7908E13D,0.1862649
CC_4695A5525A11,0.15294598
CC_46BBB8A4854A,0.06592071
CC_46BC61EC8F2E,0.21462087
CC_46C0DFA660B0,0.11999295
CC_46C2DCF84CA0,0.11468202
CC_46C38B9F0D8E,0.085307226
CC_46CAB9AE7C87,0.53084874
CC_46D0D1ADEA59,0.16093917
CC_46DFC1AA0821,0.79474455
CC_46ECA5976180,0.10974848
CC_46F5F6D27991,0.095155135
CC_46FE9F226120,0.22796941
CC_47130CC63FC5,0.20190427
CC_472330768F5F,0.107662216
CC_47292EBB8BD1,0.15578619
CC_4734AB1281DA,0.063858815
CC_473989E6BA47,0.2543518
CC_473AE07014DC,0.1732157
CC_4741EF45C3DB,0.23009333
CC_474586BE49EB,0.13989036
CC_47490BF44944,0.25758716
CC_477213DAED38,0.07016114
CC_4778086276B7,0.12649867
CC_47910B073CF3,0.20582929
CC_47939776FDF6,0.696248
CC_4796F6A64420,0.06425675
CC_4798549B52ED,0.33039233
CC_47A3714E7D2E,0.3181351
CC_47CE219EBAAD,0.16616897
CC_47CF9074E03E,0.12874347
CC_47E4537A53FD,0.11442621
CC_47E8BC938FA1,0.14068463
CC_47F134D17818,0.16575399
CC_4812FBE05C7C,0.36853895
CC_48152725FAB1,0.5812175
CC_482256495FAD,0.64562005
CC_4829FF15D21E,0.117596984
CC_482D26D81935,0.66130304
CC_4838990A8D02,0.059308987
CC_4862EA9CD1DD,0.04923568
CC_4862F8C1B0AC,0.08837117
CC_486CD67D26CF,0.16844879
CC_486D8F9AE549,0.32527065
CC_4877D1BDB737,0.11150806
CC_4885E34F0B26,0.13822304
CC_48928CA8082E,0.14110473
CC_48A74FF0E6C5,0.08644472
CC_48E0791DDD62,0.07621695
CC_48F620B6A472,0.1043884
CC_48FDBB1D7493,0.1509443
CC_4910EC928152,0.12983327
CC_491C18C17767,0.060253758
CC_492F65EF8D9D,0.7812525
CC_493DDD53B97E,0.04588417
CC_495F82AA5B9B,0.17263088
CC_49618412FF86,0.0832173
CC_496A7CFA344D,0.7388977
CC_4983EBABAE3F,0.07899468
CC_4992C1915957,0.4998242
CC_4993B31028A7,0.08626476
CC_49945441A644,0.20191526
CC_49A80692BC68,0.10653857
CC_49AB67613A58,0.16494127
CC_49B05CADDD95,0.55986464
CC_49C6F9AD111E,0.1472741
CC_49CEB94F0B3B,0.056251634
CC_49D3A79B55CD,0.0829209
CC_49D6671DAE8E,0.09326399
CC_49E6C539B1CF,0.050257962
CC_49EEDF0DA684,0.045775454
CC_49FC290E33A7,0.17679247
CC_4A01CF2F67D2,0.7095591
CC_4A16DC668832,0.5374727
CC_4A212461781C,0.070380434
CC_4A237A8E6706,0.16850694
CC_4A3DFA0E27A4,0.1410887
CC_4A513D39DCE3,0.06457415
CC_4A532B0E6165,0.15472786
CC_4A5FA9F1C804,0.10113408
CC_4A7BDEC665FF,0.055151504
CC_4A7FC9B23222,0.31253597
CC_4A8A7080FA25,0.23937845
CC_4A8EFD589879,0.061279036
CC_4A8F7D2B857C,0.18180981
CC_4A91E8D4289D,0.37389365
CC_4A93163A12F4,0.33432367
CC_4A9FEF48EA65,0.10346012
CC_4AA73D751AA5,0.3287609
CC_4AAED0C85F70,0.15088579
CC_4AB1DEF044AA,0.04678561
CC_4AB5AE299217,0.20898733
CC_4ABA0CDC2270,0.19311333
CC_4ACFFC2F295F,0.62783074
CC_4B0490BAB1B9,0.07417773
CC_4B28B03CEFEA,0.09255474
CC_4B420765EB9A,0.12596147
CC_4B47C16D9867,0.12169735
CC_4B494C4D7D03,0.3902652
CC_4B4C84B015C2,0.04761923
CC_4B607295E983,0.053483807
CC_4B6D24E81483,0.076673865
CC_4B77AF6FAF2B,0.6568559
CC_4B7EC3F2FFBA,0.05688233
CC_4B85318DFA50,0.108773306
CC_4B9B36B36DA5,0.7366954
CC_4B9E0AD5D692,0.50430024
CC_4BA041C9678C,0.10869597
CC_4BB40F2129A6,0.084383704
CC_4BB8FD274E2A,0.07467037
CC_4BBB8118FBBB,0.12546748
CC_4BC8CB91719F,0.14546178
CC_4BE447D54BB8,0.14745256
CC_4BE85B1BDB62,0.302092
CC_4BEF3C7F6395,0.23904414
CC_4BF03FF61B97,0.44440198
CC_4BF4C38EAE8D,0.27313596
CC_4BF95B8140C8,0.11652937
CC_4BFE0CB61B5A,0.38318032
CC_4C2A3F254101,0.36574075
CC_4C351DEB6230,0.22824617
CC_4C38031A2A9E,0.12423527
CC_4C3E35875F03,0.11217829
CC_4C4D79F933B2,0.12393751
CC_4C56497F4AB0,0.67167145
CC_4C827B493CFD,0.13900106
CC_4C849C6073AF,0.10845977
CC_4C869E6F618A,0.13722189
CC_4CA21C15763D,0.1169559
CC_4CB2F1CAE684,0.106789544
CC_4CC0265E0778,0.05376177
CC_4CC5483903E9,0.6273728
CC_4CD7C76FE235,0.44282675
CC_4CE2BFED4F4C,0.08928029
CC_4CE751CB58FA,0.42944366
CC_4CF3E184C500,0.05853524
CC_4CF668E60D64,0.2921219
CC_4D1A1AF53E18,0.06520472
CC_4D29155FCF33,0.21685953
CC_4D2CC7618AC2,0.5343361
CC_4D350FF7402B,0.3588534
CC_4D38AE84E3CB,0.17011027
CC_4D4140E1056D,0.09948655
CC_4D5545FAB130,0.5728509
CC_4D55E218946E,0.09088418
CC_4D5E14BD6AFA,0.084969744
CC_4D78935D66E9,0.063178934
CC_4D883AAAC6C9,0.03733813
CC_4D8D8108C51E,0.62079644
CC_4DB40331777A,0.78693956
CC_4DBC8652D26F,0.09446703
CC_4DC0E154EBB0,0.7377731
CC_4DD5B8780C4C,0.112485126
CC_4DE0070FF683,0.13124673
CC_4DE688CDBC27,0.080679014
CC_4DF37857FCEF,0.0737321
CC_4E20F0249BC6,0.7525636
CC_4E2F01B7B9EE,0.17836747
CC_4E41C247B4E5,0.14982314
CC_4E479F6989A1,0.06362299
CC_4E48AF17BC29,0.0827831
CC_4E6BE67E3C4F,0.04307204
CC_4E70939C5933,0.47944775
CC_4E70FB172717,0.1461257
CC_4E726EE8C026,0.27296174
CC_4E76F48DFDEF,0.0899965
CC_4EA180B2B913,0.039619792
CC_4EA67A160C3E,0.59838897
CC_4EE41FC91AD2,0.18569228
CC_4EFECC6C2E36,0.67029554
CC_4F22CB97C34F,0.054743856
CC_4F2444DC6C75,0.8283747
CC_4F2B7F512DD5,0.07092927
CC_4F504A9744FB,0.093716756
CC_4F6FEE589187,0.12769094
CC_4F71AAF96C32,0.07463519
CC_4F76E57C55EF,0.33736297
CC_4F88D3E5AA2E,0.047072325
CC_4F8A4384F6DE,0.1485323
CC_4F8D83DCCF25,0.18977363
CC_4F956AA47816,0.6480746
CC_4F99FCEA10E8,0.10663134
CC_4F9F10A183F6,0.0914953
CC_4FA766935F14,0.1073056
CC_4FB0B9E398F2,0.32772678
CC_4FD0DF6CA3AA,0.06663221
CC_4FD902F7ADEC,0.07866856
CC_4FF1155E3A6B,0.35744104
CC_50103368F241,0.06881215
CC_5012B9991935,0.10294157
CC_50172FF2C2C1,0.11277181
CC_5017C9BA7773,0.05592048
CC_502C3D0EC4CA,0.09739953
CC_504157951119,0.048330743
CC_5042938B5A9A,0.443923
CC_504A57293FE4,0.79524416
CC_505812CFE43B,0.32381544
CC_505A6EB06E39,0.3454775
CC_5064CCE0EF29,0.2350121
CC_507BDF639FB5,0.16929989
CC_507E53684AB6,0.10233863
CC_5087A0D1765D,0.23819566
CC_509229AEC221,0.20890713
CC_5092D3A72B03,0.21765098
CC_5092DF691F74,0.56780225
CC_5094BB59416F,0.23239484
CC_509926B384D8,0.7430325
CC_50A6C96DA7D3,0.0496182
CC_50AE75A10F3B,0.25843087
CC_50D4BB93EB1A,0.0716216
CC_50DF7B02E356,0.18583928
CC_50EB53CFE7F8,0.05998794
CC_50FC7D563CE4,0.15203945
CC_5100E6EAA3FF,0.17749584
CC_510F2944B2A0,0.12838975
CC_5128881AAD54,0.18436578
CC_5138941DB7A2,0.16047458
CC_5139EF8BEAFB,0.17264698
CC_513E5EEC6B04,0.12137743
CC_51427EF15375,0.33824947
CC_5147B281DA64,0.38926482
CC_515D968ED36E,0.099911526
CC_5176FF858154,0.088177934
CC_517CB40FB016,0.08507935
CC_51884D5F3E4D,0.11351504
CC_51AE98263438,0.13944961
CC_51C9CE782368,0.17687085
CC_51CC80D1570F,0.06755315
CC_51D2E3476902,0.06487338
CC_51E05E706D64,0.11895778
CC_51E5A5E9801C,0.056865472
CC_51F5DA44F9A0,0.47222367
CC_51F6BDD355F4,0.053641755
CC_51FE657FE212,0.11908896
CC_520950C9BAA3,0.06010269
CC_520B1D31AB99,0.12617643
CC_522550E1761D,0.78396916
CC_524CD519E76B,0.090145744
CC_524FE9E3DAD3,0.43738613
CC_52629A025048,0.10800729
CC_526765FC100C,0.2474329
CC_526E56249FFA,0.26593322
CC_528B42A34966,0.23321323
CC_5292B36E4882,0.19311354
CC_529A2F110236,0.15020391
CC_529BC4ADAD6A,0.18288185
CC_52C1C5A6F887,0.081155285
CC_52C3B674FDFD,0.2618087
CC_52CCBB8F9964,0.095003225
CC_52D21FFA24DE,0.7207014
CC_52D32EDBAA78,0.20346764
CC_52D7821A8363,0.14666633
CC_52D9087EBCD6,0.79693377
CC_52DD62E1AC2E,0.18061951
CC_52E8B04F0FA0,0.14154227
CC_52E965E9E2C3,0.1411308
CC_530BA492842A,0.31935662
CC_530F6E906D6B,0.05490567
CC_531FCFBE3B13,0.12228601
CC_5320DFEAD897,0.16887066
CC_53319AE7B829,0.6452056
CC_53481151859F,0.049108364
CC_534D4FC05F82,0.17535508
CC_53687DA8C9E5,0.35679823
CC_53795A7B7751,0.07388772
CC_538328A6B3BA,0.45092025
CC_5385266461B1,0.19231135
CC_53891CB35BF8,0.13412237
CC_53A6E1083B13,0.09145256
CC_53A77DA726A4,0.08414726
CC_53ADBC2F6E34,0.19830418
CC_53B249809561,0.08805463
CC_53B2DF5B019C,0.06094246
CC_53C1F3E031A3,0.14367218
CC_53CBF2E8AD05,0.47866902
CC_53D04793ED9D,0.070695505
CC_53E23A9B6F74,0.06176693
CC_53EB59C99100,0.43678555
CC_53EB9AC04311,0.12960659
CC_53EC732C9B30,0.03827337
CC_540122E71534,0.13769822
CC_5405C89DF8BD,0.72334564
CC_540D69F5BA23,0.15222338
CC_5414446319CC,0.6405991
CC_5418410F95A2,0.06456795
CC_5431A01C30E4,0.075255744
CC_5452437FC605,0.39546433
CC_5452979BF98D,0.06961202
CC_546EE83F84A4,0.48850936
CC_5473268241FC,0.15321694
CC_5474EE64D859,0.28219077
CC_5476E2B2FCA0,0.12826185
CC_54892024F98D,0.19533952
CC_54B33C66DCF7,0.09148805
CC_54CF66B660B4,0.42656335
CC_54D3A35EC69F,0.075687684
CC_54D6AE2665AA,0.09219397
CC_54D93974E62F,0.25652796
CC_54F5F552A0F2,0.16027443
CC_54FC3B361BDA,0.101553366
CC_550135E8FAC6,0.12788995
CC_55020AD0D117,0.15182029
CC_55094AF7EFEF,0.09471123
CC_55126E23462E,0.053556085
CC_554C21CCAF3E,0.10699481
CC_554C912C7DBE,0.06998066
CC_556B02A2B401,0.2983213
CC_557A0B0CD0F4,0.16156352
CC_559A14E729EB,0.31608683
CC_559F0DD4E4A7,0.34408677
CC_55A82B4E57F6,0.13473792
CC_55A98ABE4C75,0.1287128
CC_55A9D45EA466,0.03969813
CC_55CB872FF50B,0.19191298
CC_55D9E3D58435,0.22920871
CC_55DFF3C3BB46,0.12196932
CC_55EDC3996984,0.14121714
CC_56013299D8C5,0.08626624
CC_560B519C1F50,0.08717557
CC_560CABF0F5D0,0.14223923
CC_56178AD87948,0.23644766
CC_5619A7BB54EA,0.10654457
CC_5624319D7B28,0.12551351
CC_5625119D6C37,0.18975994
CC_562BE7245E1B,0.70014507
CC_563684010DF5,0.5443492
CC_563EA9A29338,0.12064773
CC_564590AFB575,0.04004008
CC_565E01191BF6,0.620155
CC_56612A039382,0.061481286
CC_5665FB827721,0.5577616
CC_566932C3CC97,0.10812546
CC_5671D59B2A51,0.12122019
CC_567E7DD24A97,0.09513419
CC_567F47F37683,0.04750012
CC_56847A91065C,0.113279864
CC_5698480F8634,0.07964307
CC_5698B024CECC,0.6209615
CC_569DC051A2EA,0.1050349
CC_56A322152604,0.3385249
CC_56BFD9A8335D,0.3661271
CC_56C9379BADB6,0.046414487
CC_56D410FD8F56,0.33211365
CC_56D4549919EA,0.15730436
CC_56D918CA6353,0.13306394
CC_56DB30CE666D,0.13801101
CC_56E760C3206D,0.24494639
CC_56F73F905615,0.79199696
CC_570683C088DB,0.16915718
CC_571C6AFD00ED,0.40113115
CC_5725663C3B89,0.12139869
CC_57291D7667C8,0.15555327
CC_57313F6E7927,0.18591699
CC_5735F9B859AF,0.5636036
CC_573B34826B2B,0.6512908
CC_5744447CAF7A,0.07613564
CC_574CC0FC7B05,0.09672942
CC_5759E2982909,0.08910891
CC_575CCCCDD7B6,0.66132885
CC_57603A37D19F,0.047596425
CC_57639D4995CF,0.23609069
CC_576E6676FD55,0.06145847
CC_5775C148E05C,0.13619265
CC_5798E560E9F3,0.7696226
CC_57A486F61065,0.4500888
CC_57A726458B99,0.06492759
CC_57B0D41BD7D3,0.35969514
CC_57B501E60C35,0.084910765
CC_57CA90509CB1,0.71466315
CC_57CB7673547B,0.08177064
CC_57DE479CB61A,0.75660497
CC_57E7F1A6B895,0.04767916
CC_57F13C4115FA,0.3719625
CC_57F480CA9A42,0.08423321
CC_57FDFC6DE726,0.23483244
CC_5810468B76BE,0.13677272
CC_5810F212B2EE,0.3543879
CC_5817759E7007,0.1383034
CC_5818B5089B3C,0.08211357
CC_582C78363EB6,0.09715776
CC_58391600720C,0.11610118
CC_583D7B177F85,0.11031697
CC_584C11014F63,0.12270343
CC_584CDC12578D,0.07493826
CC_5852F443C55D,0.07180242
CC_58565AF0F70A,0.546877
CC_58568DF9AECF,0.2471849
CC_5859EE6309D5,0.4012081
CC_5872B45E1C19,0.7321576
CC_58797A417EEA,0.22129095
CC_587A4844B482,0.21863095
CC_587C0CC3DD82,0.66394806
CC_5881A04052CE,0.08342299
CC_589A4E02EF81,0.14146464
CC_58AB46E5655E,0.14671205
CC_58B0CFC9F3D2,0.0581172
CC_58BEFDA6B4C6,0.113425195
CC_58D95C7247D5,0.07460077
CC_58DBF3409D48,0.09360222
CC_58E35A47B880,0.17754562
CC_58E40EFF57CF,0.32320604
CC_58F551219BD6,0.079686
CC_58FA76C6C45C,0.6019813
CC_59018149723B,0.06349061
CC_5904459ACECB,0.76497406
CC_59088B2886E8,0.04502056
CC_590D2E0AD18E,0.63021517
CC_59146CA05E8C,0.09416409
CC_592592397DC2,0.52949655
CC_5926F5B4E054,0.15868446
CC_592A5A163624,0.40210992
CC_5941C323917F,0.08286683
CC_594E4E86A1C6,0.19795027
CC_595ADAA76A32,0.08592703
CC_596A20270C3D,0.15916774
CC_5970E93E11DF,0.28677312
CC_597AD111527C,0.10256914
CC_597FDFFA265C,0.09415953
CC_599C287D2BAA,0.45456585
CC_599E345094D2,0.124945365
CC_59A4741B5A92,0.16233796
CC_59BB3A5BA2A3,0.5695524
CC_59BFD1200F6B,0.13085742
CC_59C07CCAF4E0,0.20067358
CC_59C49474B501,0.12740092
CC_59CFBC2CA471,0.5645632
CC_59D62BE0C0C6,0.111985445
CC_59D86F572716,0.107783034
CC_59DF71FBA4B0,0.047904007
CC_59ECB7465DCD,0.068702005
CC_59ED43A803B3,0.04665383
CC_59F5E81F4EA0,0.12466349
CC_5A10371BE7B1,0.7816084
CC_5A2F9A594A05,0.5810679
CC_5A38E46246FC,0.44454256
CC_5A3F52B0A07B,0.23066506
CC_5A5507A49F6D,0.09261517
CC_5A58A5E6DE82,0.082052276
CC_5A5BB6DC1018,0.23385377
CC_5A5C0DF50E01,0.12084298
CC_5A633C535360,0.08416092
CC_5A67E62D8D5E,0.6800195
CC_5A6BA0007593,0.14102235
CC_5A7513434C72,0.044985615
CC_5A756D8AE60D,0.17954715
CC_5A7C13841B7A,0.63174427
CC_5A7CBB6E8716,0.244806
CC_5A83A1E25A2B,0.36954966
CC_5A86EB53A14D,0.7593684
CC_5A89E13CE597,0.17988648
CC_5A9466D0CF9F,0.12180213
CC_5A95331BD0C5,0.17509253
CC_5A9F63C3E428,0.06066349
CC_5ABC76FF707A,0.06164912
CC_5AD0F1B43457,0.10448036
CC_5AD82250C271,0.048216518
CC_5ADD27165E38,0.7344499
CC_5AF32E5C8018,0.041744698
CC_5AF3690FA0B0,0.17778048
CC_5AFDFAA63B45,0.13825624
CC_5B025DA26FE6,0.049780436
CC_5B07C7DE7E7E,0.17197604
CC_5B08171A6880,0.19820282
CC_5B09FB1A0BE2,0.06550678
CC_5B0D6BA12702,0.45671502
CC_5B0EF2D4C3CC,0.16677229
CC_5B195D88C182,0.37248045
CC_5B1F6FE71A38,0.060210597
CC_5B247961602E,0.06723733
CC_5B276421F4CD,0.04846419
CC_5B289AFA1662,0.2618183
CC_5B3A16421A31,0.047145344
CC_5B3E78897EB7,0.07076596
CC_5B480B44A9B1,0.12533177
CC_5B546C3A21F8,0.16258846
CC_5B5BC4023EE7,0.1514372
CC_5B6D63DD34B7,0.09403314
CC_5B6E868912E6,0.07410238
CC_5B818D2581FB,0.12994254
CC_5B82E8BB921F,0.24389732
CC_5B8E8DA14EE6,0.1618768
CC_5B900A135A69,0.092149615
CC_5BB64BDF3C99,0.100445405
CC_5BCB2C79D1CA,0.22032157
CC_5C072DB8586F,0.06977908
CC_5C0BEC2A0850,0.10112262
CC_5C24010127D1,0.31110716
CC_5C2DAF5E0EB7,0.44931817
CC_5C3E8DB90978,0.13911125
CC_5C4A7CE69975,0.3149136
CC_5C5766F933B0,0.44697633
CC_5C5808240054,0.10196557
CC_5C5D6E15EA27,0.16127533
CC_5C60C4545922,0.17404638
CC_5C626D70F6D6,0.1558477
CC_5C670F0622BF,0.09502349
CC_5C799E57EF53,0.06362274
CC_5C7B44735AF4,0.16030756
CC_5C7D8DF047E9,0.17803328
CC_5C80F394EFC3,0.121350124
CC_5C99E6189441,0.072921455
CC_5CA9AB4A6AB4,0.104380466
CC_5CB78ADD2432,0.1532141
CC_5CDE37CE08CF,0.049456775
CC_5CE258D12432,0.36996162
CC_5CEEF006ABF9,0.06257274
CC_5CFD2850E277,0.24794093
CC_5D01F71B9FAD,0.13013452
CC_5D065A455A45,0.2318426
CC_5D0AA7D4954A,0.240708
CC_5D242448B812,0.10886345
CC_5D2C5115BDD2,0.1980115
CC_5D3273E039AF,0.6587177
CC_5D398BB3365B,0.07236181
CC_5D3C1CE64952,0.07990038
CC_5D4B0EBB5CD6,0.13073598
CC_5D5E897588D3,0.109741166
CC_5D65F25FFB8D,0.056920804
CC_5D665A86C465,0.12306094
CC_5D80C353E475,0.10717894
CC_5D8895A0AB4C,0.18341327
CC_5D88A673BF50,0.23200306
CC_5D89688B69A9,0.32397324
CC_5D8AC8E18A8E,0.06473844
CC_5D8E7DC2FA6A,0.5527502
CC_5DA29AD9E85E,0.05662579
CC_5DB286EAC626,0.2769178
CC_5DBC1BB95B84,0.77262384
CC_5DC0A465470D,0.06585677
CC_5DF82CB03C3F,0.10436176
CC_5E001C93F359,0.075896405
CC_5E029094A55C,0.6963934
CC_5E0808121A65,0.15767142
CC_5E1117E4E593,0.12158799
CC_5E1541060A97,0.7264008
CC_5E1C11540C0B,0.108828165
CC_5E1DC0E143F2,0.16718873
CC_5E206AC277E4,0.20701393
CC_5E22B4BC8B12,0.077689394
CC_5E22D889B6BF,0.121925965
CC_5E38425EC99F,0.74856037
CC_5E3A70C2077A,0.1496031
CC_5E5607D275CA,0.14174472
CC_5E73C3D2B3EE,0.16064414
CC_5E7F23A07A71,0.12901697
CC_5E80A96974B8,0.20637581
CC_5E8C0453B9B8,0.3001011
CC_5EA599FBA5E0,0.5079284
CC_5EB379BA6C7A,0.11184017
CC_5EBB96F65AFE,0.3973751
CC_5EC41568C2E1,0.08592993
CC_5EDB5C924107,0.35443842
CC_5EEE5D0FF8D3,0.14154115
CC_5EEF07FFC243,0.060888927
CC_5EEFD690759A,0.09561387
CC_5EF2176F01D5,0.13141005
CC_5F17CA33D26B,0.06150078
CC_5F20750D6658,0.15593848
CC_5F2CE32A6EC3,0.12711444
CC_5F328EE757B6,0.04984761
CC_5F35B8D87D06,0.19813567
CC_5F390BA40E83,0.6660803
CC_5F59092CA9B2,0.083976604
CC_5F5916E96E19,0.15552907
CC_5F5E835B9E6E,0.114103615
CC_5F648D39D67F,0.48695856
CC_5F6D4104C808,0.15261051
CC_5F72EBE104D4,0.054962885
CC_5F765C41F051,0.060591094
CC_5F8859A6F0DB,0.038140044
CC_5F88ACC7C384,0.1605883
CC_5F89DFA97B7C,0.5073883
CC_5F93A3E31DD6,0.6610738
CC_5F9A44423DD4,0.13229638
CC_5FAA7965BD71,0.12068673
CC_5FAFA265CA02,0.364224
CC_5FBE1A34704F,0.15950756
CC_5FCAA919577A,0.21402588
CC_5FCD208ADD77,0.21814783
CC_5FECD2BB0094,0.12148686
CC_5FFDE52E6B7A,0.108939745
CC_6002BFD3F26A,0.189937
CC_600311592F72,0.0546417
CC_600AE12112D6,0.2720192
CC_601C3178E38D,0.18704721
CC_6037EEA42F2C,0.38066357
CC_604C08F76272,0.63255936
CC_604C72AC662C,0.13872078
CC_60510AFA8A87,0.18145347
CC_605E2E26E52A,0.17677757
CC_605E3904CD8E,0.13854639
CC_60611B935106,0.14724407
CC_6061787228F8,0.13063595
CC_607270A72DFD,0.25140274
CC_60738E418DB3,0.13365622
CC_60961DF8A134,0.13310802
CC_609B7A7FA165,0.06911661
CC_60AC5C892D01,0.11296837
CC_60C09FF84412,0.1685756
CC_60C87349D73D,0.2954718
CC_60DA2FBF1FBF,0.1253937
CC_60DA539A39FD,0.18026263
CC_60E974A0B278,0.06306149
CC_60EF7D647EFC,0.060747493
CC_60F525A39898,0.0353292
CC_610009B69EBA,0.63657635
CC_610FDDF5FE54,0.117139414
CC_612C06CB5FF4,0.09790349
CC_61307D82CC26,0.6539041
CC_615030FD33CC,0.68939084
CC_61649241FE59,0.2061419
CC_6170051A606A,0.21845493
CC_6179A630658E,0.08548381
CC_617BD59427E7,0.12254264
CC_617EC8BD5153,0.17771839
CC_6191E14D21BE,0.059138715
CC_61A798B8D222,0.04980846
CC_61B4A983D1A1,0.09027056
CC_61C9732AA682,0.7331933
CC_61DC64E37471,0.056943677
CC_61EAF14033DB,0.09694337
CC_61F18E0C218F,0.08701887
CC_61F1A1263F5B,0.13616668
CC_6209EA426553,0.043707304
CC_622BD8CB3807,0.29842702
CC_6234A9617A7F,0.08790541
CC_623AC074EB25,0.15950671
CC_623FAACE8A80,0.055651832
CC_6244E2935407,0.25733307
CC_624535E11F69,0.06283698
CC_624EA2917CDD,0.6351687
CC_62565D08DDDD,0.711398
CC_6268ACD3F95B,0.540765
CC_626B61F4789A,0.63804233
CC_629193C2A090,0.22368042
CC_62933641AC43,0.23161897
CC_629480877536,0.36124223
CC_629CB045D9FE,0.079315394
CC_62A84BC400F0,0.3668895
CC_62C36DF81797,0.2040894
CC_62CC835CAE4A,0.664096
CC_62D4192F126E,0.76727074
CC_62D7A3C9483D,0.067871794
CC_62DF1B99B4DA,0.115584865
CC_62ED7BA3E620,0.06765629
CC_62FC001AFC78,0.082180716
CC_630412B4AFDA,0.18485418
CC_630903AD39C1,0.04928265
CC_630938DCC1B5,0.052449297
CC_630ACED773E9,0.43924236
CC_631E1690D913,0.06875533
CC_633A7C7FC25F,0.2494818
CC_6342051D8FEA,0.28897154
CC_634CE4E8AE49,0.15319794
CC_6359692F5EF6,0.1388272
CC_637278423A6D,0.23600626
CC_6377AB848081,0.15941377
CC_6381A65E0A3D,0.09183925
CC_63871B4814E2,0.11747984
CC_638AD269F05C,0.037672628
CC_6391AE0FB83F,0.132206
CC_639703EE2ABD,0.04760224
CC_639750C87A7A,0.7511188
CC_639B1DCECD2F,0.162992
CC_63A869443AC0,0.4676454
CC_63CCEE26BCAE,0.06305192
CC_63D51CECB6D2,0.23680398
CC_63E53402FC02,0.046148844
CC_63FC6895901C,0.12491025
CC_63FC8A97D9C1,0.11430092
CC_64117B93EF73,0.3567142
CC_642D9C325F1D,0.32491803
CC_6436B950E22B,0.18705323
CC_6445BD3DDB6E,0.03925565
CC_645C15569E42,0.12474225
CC_646472AD66EF,0.09786029
CC_646B8254357E,0.14250436
CC_647F4BB4983D,0.640334
CC_6489ECEEFD0E,0.08364166
CC_64946E57306A,0.04451789
CC_64976830B0B7,0.31387335
CC_64BA10F3FAA1,0.08703646
CC_64BA39A0DFC6,0.08819281
CC_64CF9A79EBFC,0.08272596
CC_64F0E0473D1E,0.09381759
CC_65006C2AB2D4,0.7494575
CC_6500BD19FA06,0.28967437
CC_6504DCAA90E1,0.09830635
CC_6509C7361994,0.17453544
CC_651486189673,0.07828779
CC_65194BAE506A,0.19485804
CC_652539353439,0.19158867
CC_653CE5FA5A76,0.2535503
CC_6560C2F4EDA4,0.164785
CC_656137F98187,0.57987386
CC_6575B4B39113,0.04004998
CC_657F629D31E2,0.2121689
CC_6580B7583ADE,0.20038041
CC_658477BA75D6,0.05129991
CC_658B7867BE7C,0.11769444
CC_6593FE5349F2,0.0946694
CC_659EE0F05A75,0.3329363
CC_65A0D8134410,0.24676208
CC_65ADD5A19F64,0.101948425
CC_65C3F0F73BB1,0.088234544
CC_65C47521C285,0.049186934
CC_65C4EE0B737C,0.22873943
CC_65CB68404333,0.1922385
CC_65D6DFF1B766,0.09609394
CC_65F1545C35E1,0.20129701
CC_6602547E2FCF,0.21531963
CC_6615D7044816,0.2479796
CC_66244D4B72EA,0.1065387
CC_662E5AAE07A8,0.049956314
CC_66322B339E84,0.063173175
CC_6634FD4B1CD5,0.76910275
CC_663DCEF4923E,0.18087713
CC_663FE5BF918D,0.43665394
CC_6645798E740D,0.0813113
CC_6649736C8321,0.78361493
CC_664E1026C4D9,0.29946032
CC_665603C4A33B,0.0668822
CC_665BDD9C8039,0.3965094
CC_665F2AD58363,0.20205314
CC_666767444BC3,0.22682783
CC_666C0A2A8674,0.07317863
CC_666F2BCDC7D7,0.18508708
CC_66775178B226,0.059509575
CC_667B6F8C846A,0.57044685
CC_667E909835A4,0.23121934
CC_66809C278FCC,0.17201704
CC_669CCC44CFCD,0.060191505
CC_66B0BD3F6516,0.3535275
CC_66BF02C05DD8,0.15798944
CC_66C491256BE4,0.070122994
CC_66CEFA65F912,0.3435471
CC_66E025DB3282,0.6460869
CC_66E7B423A32F,0.6874504
CC_66ED26E7BAD9,0.097814806
CC_66F7FF7735C3,0.30808645
CC_66FD0CE6D57B,0.055866826
CC_66FFFE05C2E8,0.07967089
CC_6700012A39B8,0.11745225
CC_670FC6A064F0,0.19511841
CC_672932B65802,0.11696166
CC_6742C6478F98,0.17963478
CC_6745321663BF,0.0578111
CC_67579CF57290,0.17679982
CC_675F7483FB90,0.17349544
CC_676ACFAA6131,0.6299584
CC_676B423C495A,0.57983685
CC_6771C0D1CB1F,0.055037998
CC_677EE0369CA7,0.0785722
CC_677FE35855A9,0.17593442
CC_678091614A14,0.13075021
CC_678A43ED0803,0.6499449
CC_67955C210226,0.098700605
CC_6797E0B01112,0.29144925
CC_679D90941842,0.14356756
CC_67C05273700B,0.14580154
CC_67D5172B6450,0.19807634
CC_67E8CF412D93,0.10236591
CC_67F6576A6836,0.23758002
CC_67F985A00A12,0.076359466
CC_6801AD1D4478,0.067804106
CC_6803BFA94B17,0.06816057
CC_680B16E5E240,0.14264268
CC_680F2D0F4F6C,0.101526365
CC_68221E1393E1,0.08955198
CC_6822590B968C,0.19852905
CC_682D8EBCEE94,0.225319
CC_68429B4AE401,0.42621294
CC_686B26BDD061,0.06249226
CC_687518442359,0.3748397
CC_6875DA61F422,0.21448556
CC_68A3D749608C,0.13432096
CC_68A9C3CE2557,0.08698933
CC_68B9F8C6D9D6,0.64519715
CC_68BC65E3C84A,0.31952485
CC_68CC4D1D898F,0.07563219
CC_68D0ACBD2D0F,0.04920741
CC_68DA8D5488B3,0.079996616
CC_68E675A69AF3,0.17480958
CC_68FC9E6FA27E,0.20544922
CC_69322F7C4CE3,0.1438757
CC_693710EAD59A,0.21198447
CC_69387752F41F,0.49604592
CC_693B71DDFE67,0.13966596
CC_693D4AEDA3A2,0.105207086
CC_6952171BCD2D,0.14567904
CC_69547DEB412A,0.2816838
CC_695E80DBA42A,0.07584408
CC_69717E76CFAF,0.44261998
CC_69741BF89A2D,0.11850963
CC_69825C70EEE9,0.23224
CC_6985C268DC74,0.47181743
CC_698886C4AD90,0.13313702
CC_6999901A6060,0.1714741
CC_699ABD34646F,0.08248576
CC_69A98DC7A907,0.06368326
CC_69AA6E0DDE10,0.2793371
CC_69AD5A48A78B,0.21187651
CC_69BA7BFF98E2,0.10405637
CC_69BBE365C097,0.06488105
CC_69CD95A00D9C,0.043072615
CC_69D328691680,0.07483774
CC_69D39C9F36F2,0.23127945
CC_69E09390CD64,0.100264505
CC_69FD49E90AC9,0.3483257
CC_6A099AFE73BC,0.1941735
CC_6A099E6C91BA,0.29735452
CC_6A19EB191A81,0.03616234
CC_6A39017046FE,0.08110041
CC_6A4A401F2920,0.38445532
CC_6A5261180031,0.07823677
CC_6A7432494840,0.17678386
CC_6A7963180D20,0.35966098
CC_6A7D7E5F814F,0.5693309
CC_6A8B8BBA749E,0.16627708
CC_6A8DFDB0621D,0.13728428
CC_6A93C436E2FF,0.103944406
CC_6A97F81D9A0A,0.15088171
CC_6A9D1622B4DE,0.2796094
CC_6AA6589445C1,0.703596
CC_6AA7A87F59FD,0.16207477
CC_6AADD44C0B52,0.08371267
CC_6AB4A5EBA3F6,0.25569817
CC_6ABA7D0ABAC5,0.10960859
CC_6ACF1E52BE8E,0.14901981
CC_6AD3513459CB,0.08403871
CC_6AD4238EE77D,0.20747025
CC_6ADD0FE5DD74,0.66587675
CC_6AE2737BD3A8,0.077248015
CC_6AE48C1F2448,0.12312634
CC_6B00A666A420,0.6612665
CC_6B07C3992304,0.07159293
CC_6B0A72BBD800,0.6124397
CC_6B12B975F2EC,0.4072439
CC_6B12C9507F32,0.17546934
CC_6B34719D93AC,0.56873
CC_6B34740DD355,0.15588857
CC_6B41081727AD,0.22849293
CC_6B4902892E70,0.100769594
CC_6B5BC2D89077,0.72036743
CC_6B65242C2CCC,0.14789984
CC_6B823BACBE75,0.34241435
CC_6B83E1A959C2,0.27926302
CC_6B84FB3DE604,0.049180947
CC_6B8AABAA752E,0.19571218
CC_6B8AC0DEE990,0.37767076
CC_6BA45C072D40,0.16352995
CC_6BA72ECB5027,0.099765554
CC_6BB560F020BD,0.069123164
CC_6BDF0B68C126,0.034953512
CC_6BF0A9437728,0.1352458
CC_6BF3B9097199,0.1515232
CC_6BF7A1EF31B9,0.21527553
CC_6C29DF49246A,0.061607372
CC_6C3C86C2125E,0.07078124
CC_6C42FF6D7218,0.69463557
CC_6C541A482CF2,0.22099233
CC_6C585A6BFE01,0.78819406
CC_6C5CE36700D0,0.21773537
CC_6C62C2094733,0.102893665
CC_6C66539A9D02,0.27654472
CC_6C684505E498,0.06898794
CC_6C6E40927C35,0.051528405
CC_6C7736F51C12,0.65957546
CC_6C781CEB6F52,0.106625125
CC_6C7E39BF4744,0.16231957
CC_6C9EE9BAECEE,0.09191231
CC_6CA0F076091A,0.088973895
CC_6CAD299645B0,0.13435543
CC_6CC3C50BA394,0.088205434
CC_6CC593C5385D,0.04264472
CC_6CDA4B24C602,0.28341013
CC_6CE31AFF7813,0.06320599
CC_6CECB68DE9C1,0.32476157
CC_6CECD3DBA212,0.1366451
CC_6CF17D012682,0.16437785
CC_6CFCDF903310,0.15263489
CC_6D08B5E62654,0.09209463
CC_6D0F60667273,0.3123019
CC_6D127EE83945,0.05067507
CC_6D134DB29068,0.3479775
CC_6D141A49D94E,0.60264456
CC_6D148C0A624D,0.14204615
CC_6D1EFDDE2EED,0.07185839
CC_6D22B938D7B9,0.08236362
CC_6D27409F4956,0.09222975
CC_6D2F0EBBCA4D,0.21732314
CC_6D43BE30E8B8,0.2624212
CC_6D4EDEAF67C7,0.18531054
CC_6D72571304DC,0.49991593
CC_6D7C62C7C161,0.053618323
CC_6D8A18C28AF0,0.07376718
CC_6D8B35007242,0.08367833
CC_6D93A9E49E3B,0.22016487
CC_6D9C644A082B,0.09507245
CC_6D9F52BD4D0E,0.09955792
CC_6DA058F9B631,0.30791563
CC_6DA1F8DF9CDC,0.26621896
CC_6DB000AEF16A,0.08353973
CC_6DB5025899E3,0.2055649
CC_6DD6FA2FA0C6,0.10187782
CC_6DE4E4C1A31D,0.17041285
CC_6E09CBC15C94,0.52711004
CC_6E353816938F,0.06417797
CC_6E3AB992A5C9,0.15955377
CC_6E420A2FE490,0.13824031
CC_6E46D01888D5,0.1627253
CC_6E4702162475,0.06321359
CC_6E548AF15091,0.22718331
CC_6E5C9A2DA27E,0.048962183
CC_6E610F3976CB,0.19487295
CC_6E614FF9BE02,0.6415073
CC_6E68D46447E2,0.104744196
CC_6E712C21215D,0.04686284
CC_6E84DED41B8B,0.14628628
CC_6E8557E30DC9,0.5454906
CC_6E8963475D35,0.1612076
CC_6E9880CA0BF9,0.31483677
CC_6E9FCD68ED52,0.66826046
CC_6EB194A93F60,0.14146188
CC_6EB370F511F7,0.078145616
CC_6EC722B2BC2F,0.1600049
CC_6ED1B0EE4B6C,0.20589852
CC_6ED65E7CABA2,0.1351095
CC_6EDA84B653B8,0.32423538
CC_6EEE8E7C1D1C,0.21161847
CC_6EF17801ADD6,0.13377793
CC_6EF337CC4BA9,0.2826523
CC_6EF464EC9FCF,0.110037185
CC_6EF6B8AE7DCD,0.043246668
CC_6EF8C59D8395,0.8349168
CC_6F2146FE362E,0.07516258
CC_6F2408B665A6,0.3401422
CC_6F2B8E925D59,0.037312858
CC_6F3034E96848,0.10279199
CC_6F3559ACC2F5,0.045274798
CC_6F46C5897DA8,0.42283902
CC_6F49ECAE902C,0.07859161
CC_6F4B818665D3,0.11475553
CC_6F4E696A1F88,0.24354394
CC_6F54BD66C0EA,0.1667076
CC_6F786C433998,0.08999876
CC_6F78BF56B0C0,0.090019
CC_6F8346F138C1,0.45427027
CC_6F86CFDB23D6,0.06249099
CC_6F8E30AE9457,0.13610242
CC_6FC25B27AC26,0.075254776
CC_6FC8BE007FE9,0.14902225
CC_6FC8DA40122A,0.17024812
CC_6FD8BAB1DA3E,0.060879022
CC_6FE4FD09A9D8,0.09153758
CC_6FE78CB02174,0.039849196
CC_6FEB8EDBF2A4,0.18502785
CC_6FFCF2DAD0A4,0.08122337
CC_7002034B0979,0.094242856
CC_7006523D45E4,0.0852061
CC_70097151A773,0.057073176
CC_7011BC95A91B,0.049560137
CC_7020F3C11A3F,0.16604696
CC_70306409A3E8,0.28944308
CC_706B18DA7204,0.12507118
CC_70703A59C070,0.17650601
CC_70749DDFF595,0.13409467
CC_7079CE5127A3,0.037885666
CC_7087A46F0AB7,0.09107338
CC_708B73EBD939,0.17858389
CC_709315667BCA,0.080799
CC_709970475B6D,0.6341642
CC_70A56ADAC199,0.0556485
CC_70ABB244502D,0.050846547
CC_70B0176647CE,0.12885053
CC_70D3353DA1C3,0.065563805
CC_70D652DF4E91,0.12657161
CC_70E3121BFDC4,0.089934245
CC_70E5FB8B072D,0.055122614
CC_70EFECA3FAEB,0.15385845
CC_70F59DA18BCA,0.46350017
CC_7100129A0AFF,0.101857975
CC_7113554E33B9,0.081393965
CC_71260405461D,0.075851664
CC_712677251322,0.19918647
CC_712D31B2785D,0.12203988
CC_713052DB1E2E,0.06763762
CC_7139C2D6F1AC,0.09956255
CC_71427FC8FA49,0.22027075
CC_714912E93A71,0.15867871
CC_717A5C2ED311,0.23113029
CC_717C94F5C8F1,0.084523715
CC_718F067F4DA0,0.045254227
CC_719E714DD38C,0.0808727
CC_71B169C874D0,0.16069327
CC_71BB5070615C,0.10994146
CC_71D37D6D19C6,0.21356852
CC_71DC80205F42,0.1472857
CC_71DEB636B8CD,0.6484984
CC_71E4CBAA1211,0.14532892
CC_71E787049755,0.09975849
CC_71F1EF5575AC,0.11324166
CC_7201DD8EB33B,0.17844053
CC_7202C8CE2317,0.31300718
CC_720B06583C57,0.043873183
CC_721DEC038BAF,0.078459576
CC_72219BCC83E3,0.15685228
CC_7223DABA7E98,0.13265276
CC_7233459FF7B8,0.29553968
CC_7238A8A6767A,0.14899667
CC_724559551664,0.67030114
CC_7248EB4B76CF,0.06806591
CC_7259B5314D92,0.08055459
CC_725CA03102FE,0.047305394
CC_726E05E5A555,0.09415253
CC_7276AEED6D4A,0.07892482
CC_72A18E8D6670,0.059688777
CC_72CDBC38202A,0.42329708
CC_72D8B2ABA2D1,0.7647532
CC_72E4590D362B,0.42614007
CC_72E8542AE4BA,0.052164547
CC_73010B6E55DD,0.5756103
CC_7309A4693D52,0.13026723
CC_730C2A3FF1BF,0.139878
CC_731C1BCED024,0.58493125
CC_732C325832D8,0.13411097
CC_732DFCAA0A75,0.19230208
CC_73322A6A24B1,0.77397776
CC_7336B19A18AB,0.17333342
CC_733AF1D123B8,0.34351775
CC_7344A0E90AFC,0.11932764
CC_7348C2B475B7,0.12404492
CC_735E1A78B058,0.08660958
CC_735ED2A02DC4,0.14356127
CC_736015DE4E3D,0.39960003
CC_736A42761E55,0.09759165
CC_736C0436B98D,0.18414994
CC_7379212919FD,0.07787378
CC_73859CD59E75,0.5624114
CC_738B201B1CF9,0.14010032
CC_738DCB11942F,0.06847937
CC_739198ACE582,0.13143703
CC_739D093D7B69,0.115111195
CC_73A7FC903662,0.15331201
CC_73A8927DCEB9,0.09819254
CC_73B575BBBBE3,0.13524088
CC_73B6B9AD2002,0.0499788
CC_73C28D72A5A3,0.5205608
CC_73C38DBDF9A7,0.085743144
CC_73D44BEF6754,0.39803863
CC_73D4C1D7C022,0.0833313
CC_73EF383F3C2E,0.17203672
CC_73F34B1607C1,0.07028676
CC_74137206902D,0.121780254
CC_74198E5EC366,0.06008903
CC_744FB5804A8C,0.6433112
CC_7451E64B6D47,0.17856267
CC_745A64878AF1,0.11782918
CC_746B196CECA1,0.18798596
CC_746C06898D5B,0.6056406
CC_746DE1EED0DD,0.17627823
CC_7476938CF6A0,0.53593886
CC_747CFDB7E305,0.08881177
CC_74845374E870,0.7590953
CC_74AD8D3B192C,0.71492606
CC_74B90A15B270,0.104027845
CC_74BA5D46E909,0.681314
CC_74BE0AD5E21D,0.13837832
CC_74C33B66F002,0.15614481
CC_74C9C3F17421,0.0688954
CC_74E4BD5C07D2,0.07639646
CC_750D90249EFD,0.13400052
CC_750DA21B7EDD,0.30502898
CC_750E6537383A,0.30165744
CC_75137D6F9DCB,0.12129134
CC_75173A8A11D1,0.35385782
CC_751DDC1FC2AD,0.08463235
CC_75357E0206F5,0.10117854
CC_753D160E3A58,0.1210233
CC_754447632F75,0.04457411
CC_7549363C5D36,0.07459823
CC_754F3894627C,0.07386255
CC_7562CD43897F,0.14716169
CC_756A077EC614,0.37103456
CC_756D3492443F,0.27721283
CC_75783B3E6C6E,0.04622064
CC_7598068A716C,0.048642475
CC_75A37D8C1F6C,0.6158555
CC_75ABDDA24C26,0.1038113
CC_75B287424E59,0.40510735
CC_75B2B88876B6,0.09601221
CC_75B324FCDD4A,0.24421342
CC_75C1466E61E2,0.24082236
CC_75CCCD9D4568,0.11522144
CC_75D2DAF4491C,0.3155092
CC_75D54090AAD4,0.08774956
CC_75F1927E5941,0.65315866
CC_75F99AD6844A,0.31629828
CC_75FBA505C727,0.25890037
CC_7615CC930B76,0.1293994
CC_76168488EBB0,0.5196745
CC_76197A77D666,0.043292254
CC_761F48F8E962,0.23164265
CC_764C6ADC6D1A,0.09531604
CC_7658A6B0910B,0.05370884
CC_766347951B7B,0.5626157
CC_76857712D8F5,0.31499726
CC_76A0DF2549B7,0.112564825
CC_76A636414AEB,0.2981103
CC_76B01540CDD1,0.21466848
CC_76B420FC66EB,0.13231283
CC_76B6BCD2EBAF,0.07019661
CC_76B7A0029620,0.12374009
CC_76BA435EF2AC,0.12447405
CC_76BCC1AFDA4D,0.09262755
CC_76C35913E797,0.17671654
CC_76DE3DF1DEE3,0.19517131
CC_76DFA4CD068B,0.087791115
CC_76DFE3568C72,0.283404
CC_76E201F1E036,0.35826904
CC_76E83166FE0A,0.15687676
CC_76FD9E9D9ED0,0.12652212
CC_7720BBD06736,0.36121374
CC_77340228F356,0.68942034
CC_773CBBCBAFFE,0.114290856
CC_773E9B092923,0.09416379
CC_773F22C3E42F,0.051161565
CC_774ED295BF96,0.15071103
CC_7751ED6DF76C,0.06058172
CC_77571749B970,0.13819441
CC_776F8B3BAC08,0.14746824
CC_777889F9694E,0.04168919
CC_777D08513AE8,0.07163565
CC_777E3D988EFD,0.23377633
CC_7795BEDE05E8,0.26084524
CC_77A9EA3A6784,0.08526058
CC_77B1AB7960A9,0.19628604
CC_77B6EA810549,0.28767353
CC_77B9889C9BFD,0.241218
CC_77BC55DC92B6,0.13024911
CC_77D1DFCB0A8B,0.05360518
CC_77D9AC43DFE1,0.20587035
CC_77E6EF1CF2F7,0.13094363
CC_77FFA8E6B36D,0.12041913
CC_7801661A9DC2,0.17212935
CC_78069B1BD931,0.11301019
CC_780828B48716,0.13120127
CC_782130B98F34,0.09580816
CC_78273789B3C5,0.71746755
CC_78296783E4EA,0.17763762
CC_782B06291D87,0.06211499
CC_783A2D4C89F9,0.41642347
CC_784407E16923,0.096020475
CC_78491B6255F2,0.43409905
CC_784F17AC712F,0.07097985
CC_7852FC3BBADB,0.086101726
CC_7866E4CE528E,0.7220463
CC_7867E7C01013,0.1943177
CC_7869F609EC2E,0.20256205
CC_7874F14ABD7F,0.14702497
CC_78774E05FF12,0.19039622
CC_78815A352067,0.096648045
CC_788FF4549766,0.30463552
CC_789977501322,0.12253569
CC_789B2BA880E7,0.048644718
CC_789D87F51AA1,0.06451287
CC_789DC3C358CB,0.21140227
CC_78A036DF6320,0.714131
CC_78A3EA63B7EF,0.046398
CC_78BF1B8FC1CA,0.13586132
CC_78C96E7015BA,0.67083704
CC_78CC84FA2CE2,0.17613009
CC_78F0087076CF,0.1836119
CC_78FAA95F5B5F,0.12364753
CC_79033EFDE096,0.13635898
CC_79086C18A963,0.10023731
CC_790DA2ED9F5B,0.117626026
CC_7928811F7D86,0.10148977
CC_79345478FCE5,0.20100835
CC_7936C8D65B95,0.13362202
CC_7948C5509411,0.49662882
CC_794ADB0677CD,0.13309696
CC_794FF8E7F876,0.045879997
CC_79500EA652BC,0.5752977
CC_795083A66DB5,0.047838837
CC_7950D4B773CF,0.13683549
CC_7955AEB49759,0.15148145
CC_7964F862DFA3,0.3924938
CC_797A700CF967,0.43393397
CC_798180DDF677,0.3167057
CC_7981ABA9C370,0.100338474
CC_798B2DC03C5A,0.0711185
CC_79BD986C23CA,0.065275975
CC_79C6BA680815,0.5837717
CC_79D694E6F5AF,0.21075158
CC_79ED9A0F6E49,0.42054453
CC_79FA2512E5A2,0.15614097
CC_7A0024F6FA60,0.20379345
CC_7A193A453F27,0.037198175
CC_7A1F071DC5D4,0.42203864
CC_7A5D96BC99AA,0.736304
CC_7A6B51562949,0.2559504
CC_7A6D7F9654DD,0.4191652
CC_7A778E010F33,0.23966035
CC_7A7FB841B669,0.59617025
CC_7A91013D31E1,0.1376879
CC_7A9117596769,0.07436167
CC_7AAF340DCE8F,0.2029643
CC_7AB146267981,0.25356033
CC_7AB2A9CC8424,0.27462742
CC_7AC1DF18CBA4,0.28166097
CC_7AC4240DD225,0.29690695
CC_7ACB325BD924,0.16892603
CC_7ACB88002397,0.4770936
CC_7ACD4F370AED,0.20168483
CC_7AD4072A9F82,0.063570105
CC_7ADEECDE4D73,0.20572543
CC_7AEB48D8C5E0,0.08488605
CC_7AFA5CD2B29E,0.10802232
CC_7B092786DDB0,0.05960434
CC_7B1B35D5628E,0.07372071
CC_7B210557F04A,0.094166085
CC_7B369A7C1D3F,0.14483729
CC_7B4002591821,0.70266354
CC_7B42BD80D79A,0.18621156
CC_7B44FDF08B93,0.12227285
CC_7B501C32CAE5,0.08883442
CC_7B88520D4FA2,0.38221988
CC_7B8ABE6E552B,0.19444424
CC_7B8D2E07908E,0.30497542
CC_7BA150468D19,0.6208857
CC_7BB159FCEB53,0.2738492
CC_7BDD72710831,0.059483923
CC_7BE02C65B967,0.1549164
CC_7BE382988C1C,0.6598252
CC_7BE6110DBAA1,0.35423082
CC_7C0B14BB0573,0.1504046
CC_7C0CF5558904,0.67742145
CC_7C13E7F561DA,0.6736399
CC_7C46F7F667F3,0.09569418
CC_7C510CE0521B,0.09836272
CC_7C61B5D39E49,0.49100184
CC_7C6770DDA182,0.113127366
CC_7C6DBF78A610,0.10174878
CC_7C7B0438E3AB,0.16676319
CC_7C87DFBC3176,0.105470285
CC_7C9528E94215,0.24061124
CC_7C9ADE65CF81,0.098600335
CC_7CB6CD1B9DD0,0.06799373
CC_7CB7C7E55BE6,0.15284607
CC_7CCC3A690325,0.17731813
CC_7CE5689488DB,0.072957024
CC_7CEB758A9814,0.053112864
CC_7CF7443D923A,0.049668275
CC_7D0D597690BF,0.16135126
CC_7D0EA0307817,0.046044998
CC_7D12E6FF25C3,0.1429156
CC_7D28D39AED1F,0.64375097
CC_7D2D19D832FF,0.06276636
CC_7D34A67E1369,0.07469112
CC_7D4388B41EB9,0.14832398
CC_7D46FE573D79,0.072508976
CC_7D7810799F2E,0.063413955
CC_7D79241150C8,0.1350837
CC_7D7B92EF2655,0.15319292
CC_7D8C2495C1F7,0.07206259
CC_7DA4F1BA24A1,0.6288864
CC_7DAF18939084,0.06599598
CC_7DB8BA427410,0.066710725
CC_7DC9456F1161,0.0404016
CC_7DD2CBE0F0BC,0.22841355
CC_7DD495158BFD,0.6030299
CC_7DD5411F7A14,0.3205401
CC_7DF099A7A092,0.22782886
CC_7DF27D2AC111,0.08076559
CC_7E0CA072EF93,0.06494303
CC_7E0DA100F5F2,0.15782245
CC_7E1086EFDED5,0.04528144
CC_7E12E0F3CF6D,0.12961228
CC_7E178CE78FB8,0.07793734
CC_7E1C1A6D0E9A,0.15136553
CC_7E2A76850DF6,0.7843019
CC_7E3ACB15C69D,0.103357755
CC_7E3F3373A73D,0.7191564
CC_7E42A3D0737F,0.11349897
CC_7E4679C534D7,0.22867867
CC_7E53FEEB19B1,0.26038978
CC_7E71CE7FC603,0.19550893
CC_7E8333DBAEB4,0.32988793
CC_7E843438DE4A,0.05427312
CC_7E8E4747C0D0,0.6730868
CC_7E952828C1B5,0.10693369
CC_7EA6431FE6F5,0.121171
CC_7EA7BA7621C3,0.2578624
CC_7EA8F24B3010,0.1084622
CC_7EAB28B0309C,0.06761971
CC_7EB4A5BDA97E,0.07160395
CC_7EB4B0A36534,0.08123433
CC_7EB791F4AB2E,0.10776254
CC_7EB883C9D5F9,0.045952354
CC_7EC59C577F02,0.06069451
CC_7ED2683D26DD,0.10121212
CC_7EDB3440E0AB,0.6180307
CC_7EE12013C7DF,0.14595307
CC_7EF824CC0D3C,0.14837798
CC_7F09C6F6321D,0.72875243
CC_7F1AD40DA179,0.16379435
CC_7F1D38A39164,0.081935905
CC_7F22B7D326CC,0.20919542
CC_7F2614F1AAAE,0.22532253
CC_7F2CDC7C1634,0.05230411
CC_7F2D46DF9BC7,0.15914212
CC_7F57A90B69E0,0.2840498
CC_7F633226A676,0.29662022
CC_7F753D809267,0.67762166
CC_7F7EBF25AED7,0.047503266
CC_7F8496CC5779,0.04739935
CC_7F88D9C5D258,0.09187993
CC_7F8AB4DCA794,0.12942712
CC_7F8CC9509418,0.25613636
CC_7F9069571F79,0.29218543
CC_7F9AD27E079E,0.15398453
CC_7FA281AC1C7A,0.11614241
CC_7FA389E90548,0.10508616
CC_7FBF4A48AF55,0.05358987
CC_7FC40175A8E1,0.2619492
CC_7FD58EE7029D,0.080320425
CC_7FD7F635C341,0.049253806
CC_7FDD458DA059,0.1968808
CC_7FE85C259E03,0.08237676
CC_7FE8CD30D7E0,0.11274201
CC_7FFA32DE7B04,0.14802554
CC_8014F1E2C5BF,0.048337877
CC_8015895C1C29,0.19109611
CC_802BA7E39A13,0.07004052
CC_80300D23C3FE,0.4528842
CC_80465303B6E2,0.19469309
CC_805ADFD46B84,0.069379345
CC_8060F40D9522,0.17765537
CC_80621E822131,0.07539288
CC_806654B580B5,0.39889055
CC_806CFD6A52BA,0.04393173
CC_807935BBEB7F,0.06027434
CC_807C57E626E4,0.07587622
CC_807C91C98684,0.047078855
CC_8096B589BB07,0.16453697
CC_809D60155E9D,0.085275896
CC_80A2189E5125,0.50221896
CC_80AF87F62770,0.16404244
CC_80C03DF9CC57,0.19704583
CC_80D9B6563750,0.56531423
CC_80E9638ABD4B,0.053235818
CC_80F7171B71CF,0.096295804
CC_80F9983BC18B,0.06133095
CC_811109A98EFF,0.12326809
CC_8129480B056D,0.31670094
CC_8134E5DA9FEB,0.59751576
CC_8140399AD344,0.1064376
CC_8140E278B6A0,0.25728378
CC_814E0F756757,0.4448858
CC_815FAAABFC91,0.20335059
CC_816B28807CED,0.08308561
CC_81821F9F2307,0.5065164
CC_8186D7991EB8,0.055010498
CC_819E203180C8,0.79276747
CC_81A5E3141BDA,0.58020794
CC_81B5CED8EE79,0.1492661
CC_81B91198E00D,0.7028061
CC_81BADC379C8B,0.19141175
CC_81BF8EA390F7,0.05941377
CC_81C5FC962C72,0.08203512
CC_81DDBFAF1CB6,0.05788655
CC_81DE637E6138,0.04518302
CC_81F389DEC9C5,0.07530188
CC_81F647806849,0.17694572
CC_820D491B2903,0.7411324
CC_82172863AA45,0.3718609
CC_82195FBE9366,0.06540153
CC_821F503DA953,0.09838484
CC_8221AF9B0B93,0.7424939
CC_8222D1C47857,0.06493867
CC_824BB6CD2B25,0.064036235
CC_825192411933,0.10717628
CC_8270E213EDF5,0.1954284
CC_82839CC161E8,0.060673274
CC_828A0B6D7291,0.18660372
CC_828EDE22A438,0.052719276
CC_82928B5ABD45,0.31133744
CC_82A7FE954659,0.17788193
CC_82ABE1FFFA1F,0.14930137
CC_82BDFA01C41F,0.12641037
CC_82C20057CB4A,0.079570815
CC_82E52529A567,0.18665431
CC_82EFBFCF68AB,0.15209045
CC_83092F58B321,0.13396446
CC_83098B4BBD4A,0.1339825
CC_831F9E623C5F,0.18272337
CC_8326C8A3D569,0.10640838
CC_832730F42A18,0.12807846
CC_832A44C3F2A0,0.06566003
CC_832EBAE498AE,0.56433904
CC_833B196A70F3,0.7196385
CC_833E14DFF4C6,0.115680434
CC_834092035687,0.34711313
CC_8351244DE3CB,0.077058665
CC_835B90025058,0.0720742
CC_836534CEDFD3,0.11025317
CC_837ADC1EA55A,0.21063535
CC_83884D799788,0.18153185
CC_83947255841B,0.13450262
CC_83A5A3022ADF,0.7865813
CC_83ABA98906DE,0.08732154
CC_83C75D07414A,0.4162785
CC_83CBA767432F,0.7300464
CC_83D342F53F36,0.1401437
CC_83D5CA2A23C2,0.053973533
CC_83E002D6D82D,0.17898197
CC_83FE1BCC83E6,0.28396106
CC_840E5B830DB4,0.057045735
CC_842525788FC1,0.18037671
CC_843076C8EB9E,0.3045321
CC_8442C97EE91A,0.14356032
CC_844C3C30ED67,0.118621945
CC_844E345D2636,0.17418787
CC_844F26E92B12,0.1682423
CC_845032D8A261,0.29881307
CC_845223F606E2,0.3045153
CC_846F5B19B110,0.42163906
CC_84797EA9ABF9,0.20231605
CC_848D59D48081,0.17851992
CC_84AB057BFCCA,0.07157202
CC_84B0BA112537,0.08108259
CC_84B8FCEDADD5,0.092651926
CC_84C61A6BE99D,0.11994258
CC_84CDF830F68F,0.08257714
CC_84D5B88572DC,0.2130564
CC_84FABECED186,0.13863628
CC_8503F43FB29C,0.18067773
CC_850ACB004EE2,0.09394584
CC_850B114489CE,0.10476756
CC_850CC17BB13B,0.097617686
CC_8518C159BDE6,0.1147897
CC_85299261146C,0.09203203
CC_853986C52A17,0.049833886
CC_853ABBECF2E1,0.7845966
CC_853BF4485D85,0.18424657
CC_853EED03843B,0.05894041
CC_853FD1B551B1,0.13335101
CC_854AAA98CC0C,0.7959783
CC_854F8AB5F1FE,0.057455886
CC_855E2A785BAA,0.11802496
CC_85614CA68432,0.055139523
CC_856B92B23BB5,0.793098
CC_856DF4A30E13,0.7303223
CC_858704DBD5A6,0.07168716
CC_859EF0AAA74A,0.054918967
CC_859FB710961E,0.14111179
CC_85A0EB3C9884,0.6232661
CC_85C887BB996A,0.07422517
CC_85D9A6C9CA60,0.13840611
CC_85DAF10E61A1,0.5329181
CC_85DEF8ECB524,0.14746085
CC_85E2E0B8B15F,0.68400353
CC_85F018DC47FC,0.2633865
CC_85F376B33951,0.16497745
CC_85F745E1D307,0.1362847
CC_85FAFB430486,0.2730619
CC_860D4B868C17,0.033416726
CC_8614E30C9FCE,0.42738342
CC_861F5DC22035,0.06169028
CC_8624ABB391B1,0.17996392
CC_862BAB422756,0.34109965
CC_8642F98E5504,0.1832751
CC_8655B8862C81,0.16273156
CC_865FCEE75A8E,0.040916536
CC_867372811CCD,0.44183245
CC_867695B5C296,0.5805613
CC_8682B1F914ED,0.14465305
CC_8691DF144B92,0.49726954
CC_86AD259FA5B1,0.13742639
CC_86AEC21936BB,0.75803053
CC_86B1D15F8424,0.05430203
CC_86C2A6EC5712,0.7187494
CC_86CF816B494B,0.09015678
CC_86D4D58B1D0C,0.12745056
CC_86E2C4E17CB6,0.05185746
CC_86E9E191E3CA,0.40274137
CC_87000C16C856,0.09758709
CC_8703DD5FA02C,0.16398653
CC_87065B1F429D,0.10373169
CC_87434BBA1CE7,0.0475421
CC_87450EA8CD55,0.62639636
CC_87480F785786,0.06547177
CC_8777EA6EBFD4,0.045401122
CC_877A35E76904,0.07493619
CC_877B37D01563,0.13182104
CC_879759A5EFB8,0.36740413
CC_8798AF2651BC,0.11687887
CC_879989FB3B92,0.5971561
CC_87A3BECEE5A4,0.12881592
CC_87B7CDF4BDDE,0.044420034
CC_87C13E620006,0.29512945
CC_87E3AFB080F8,0.10999334
CC_880044F77ACC,0.11337565
CC_8809BCAC74A9,0.049732905
CC_880E0019DB5D,0.037416615
CC_880F027D886E,0.112460196
CC_8812BC579F7D,0.083402716
CC_88225FE57D82,0.23100214
CC_88315318E9DA,0.34912434
CC_883864E584A8,0.073541805
CC_88469BAD58C4,0.05070142
CC_8854EE679596,0.09579172
CC_886273CC4072,0.07432847
CC_8866B6D4524F,0.2710068
CC_88A943606806,0.27878338
CC_88E916A3F984,0.8082582
CC_88FDC55C31A4,0.10000835
CC_890D5EE59076,0.041505598
CC_890F721517F2,0.09718395
CC_89129D16418A,0.3269644
CC_8917F02F9326,0.13908786
CC_8920B6584A43,0.07496272
CC_8929DF270419,0.7049673
CC_892B119F0E5C,0.14905573
CC_89302456B9D5,0.6848431
CC_893FAA6D1F04,0.7443467
CC_895AF697BFBB,0.26957068
CC_8961FF892F79,0.039064247
CC_897674493060,0.07390653
CC_898AFCD28B03,0.12167569
CC_898CC919D10F,0.17614132
CC_89A711195EEB,0.14133875
CC_89B4DF07DF12,0.08554763
CC_89B941079E10,0.08911109
CC_89B97E9FF67A,0.11052431
CC_89C5162E8055,0.19535695
CC_89CA0F1E2DBF,0.22502777
CC_89DEE29A78AA,0.11527912
CC_89E089707730,0.14233859
CC_89F0B865A6D4,0.1169792
CC_8A04C5D4D02D,0.06499157
CC_8A081AA1FB92,0.3407043
CC_8A0C640E7A89,0.5565129
CC_8A12B68246A6,0.042441033
CC_8A14A46B280C,0.15108356
CC_8A165A18560F,0.25354642
CC_8A19196788FA,0.08260417
CC_8A25FA445037,0.10064383
CC_8A29EA87B295,0.14094774
CC_8A2AC87CB22A,0.06377212
CC_8A34634E7423,0.60912
CC_8A38BC1AFE57,0.07706779
CC_8A4CAF0CD0F3,0.11525388
CC_8A5A0429CAB0,0.15102014
CC_8A6E60FAE870,0.07921534
CC_8A7DA054E397,0.6799528
CC_8A7F5FF4B421,0.2635149
CC_8A8249A44847,0.13297838
CC_8A8BCE16DF45,0.10694543
CC_8A8EC764734B,0.08374004
CC_8AB553BFA00A,0.101002656
CC_8AB57DC077EE,0.61642915
CC_8ABA5808D313,0.07573426
CC_8ABDD9A05C87,0.37947625
CC_8AC7520DBCCF,0.15532811
CC_8AC7F8BABF28,0.08648337
CC_8AD67FB3A5CC,0.75835955
CC_8ADDCF5EDCC1,0.12060666
CC_8AF1C3A0799E,0.6844329
CC_8B388FAED0B6,0.11261817
CC_8B46CA903D09,0.03586487
CC_8B5819403FC8,0.6880808
CC_8B581B8207A9,0.12409897
CC_8B6DBEF19F46,0.1535775
CC_8B8326C4C229,0.11429838
CC_8B850FDCFC83,0.073623106
CC_8B8F41F19B72,0.06889533
CC_8BAF98C60957,0.13468564
CC_8BB0824B181E,0.058084853
CC_8BB963DAD9E2,0.18650833
CC_8BBF5F939D7C,0.13254379
CC_8BCBDCF4DFF1,0.12251487
CC_8BCE343561CB,0.76868874
CC_8BDA87361657,0.10337166
CC_8BE68A4DB87C,0.09229889
CC_8BE9BBD879A5,0.063137606
CC_8BED85B91011,0.31356123
CC_8BF68E552DA2,0.21877956
CC_8BF832E6464E,0.80768883
CC_8C1561920E84,0.20007095
CC_8C2A7D9A667A,0.1652847
CC_8C3A5DFE70B9,0.15990442
CC_8C534CCBDA4C,0.2112314
CC_8C6472A3EEAB,0.053945947
CC_8C6B4854D16C,0.21275957
CC_8C76DE4F58D4,0.07184533
CC_8C7DA3F4F88F,0.056490697
CC_8C8527DE7DD7,0.071591824
CC_8C9416612FDE,0.3747954
CC_8C9973F02AD6,0.39234087
CC_8CA1DB61A2AC,0.063144244
CC_8CA59CAE22F6,0.17773193
CC_8CAFD04A6EDD,0.12334399
CC_8CCCC389913B,0.6672981
CC_8CCEF12DC7B9,0.17568664
CC_8CDCD714BD1F,0.7309033
CC_8CEC7987D1B1,0.09080103
CC_8CF621ADAC0A,0.20142391
CC_8CF8FE2A4B82,0.39864486
CC_8D048396D9D5,0.12316339
CC_8D1089C58563,0.52167684
CC_8D35A37FC4B1,0.14892471
CC_8D41E12FE5B6,0.17061286
CC_8D4A859839EF,0.1460078
CC_8D4AD431C55F,0.08454801
CC_8D4D882CA579,0.12247187
CC_8D6151025078,0.11144614
CC_8D637233FE54,0.15568684
CC_8D6AEBA2D7EC,0.081259154
CC_8D6E16DED971,0.16601443
CC_8D7329F79BBD,0.5208069
CC_8D7B7307C43F,0.100348964
CC_8D7B9D4936EC,0.7242054
CC_8D80B1B44AE1,0.44086653
CC_8D9516D61143,0.43257195
CC_8DBB8445786A,0.09760102
CC_8DC5B86D9DCC,0.73501766
CC_8DC6465998DD,0.21922334
CC_8DDD0EDA9CB2,0.14647558
CC_8DDEF0265CB4,0.05899178
CC_8DE06BEB95A1,0.092907466
CC_8DEBB5B14A14,0.14170942
CC_8DF5BE7F759C,0.057115782
CC_8E0ADCC71F85,0.056730665
CC_8E0BD86F6F0E,0.09449377
CC_8E143BFCF3E5,0.10125987
CC_8E170A60D71C,0.37926716
CC_8E1C3A21FAEE,0.10743842
CC_8E408E18F060,0.105707504
CC_8E42FB163DA5,0.7916766
CC_8E47536D29BE,0.31399772
CC_8E50AFFC5BBD,0.0609563
CC_8E5FB1035354,0.16810626
CC_8E7B9B8DD1A3,0.10178689
CC_8E85B08196AF,0.0398578
CC_8E96FC75AE5A,0.08633747
CC_8ECAB5A6C7B9,0.07588122
CC_8ECC4C7A6638,0.52569664
CC_8ED6F13C35F5,0.15202606
CC_8EE5E9467038,0.16496262
CC_8F037E5AE692,0.049742546
CC_8F1A418D96B3,0.25845036
CC_8F1C4014F91A,0.10952345
CC_8F30A5FC9D49,0.10629793
CC_8F3456F298F7,0.22736554
CC_8F393D485C29,0.10329951
CC_8F4A41130110,0.05183314
CC_8F7AA6E4D486,0.10464454
CC_8F887BE25314,0.1266727
CC_8F90CD1A5E00,0.15663184
CC_8F9B26042C4A,0.0899715
CC_8FA9423E65C6,0.09986865
CC_8FBA6C32E0A5,0.3200357
CC_8FC1C50C41E7,0.084953055
CC_8FD005425792,0.073171124
CC_8FD6A223135B,0.15395248
CC_9002450E1B5A,0.050183475
CC_901CE62199C7,0.38575634
CC_901D2136E1F9,0.15434664
CC_902648F62345,0.17567949
CC_902BF0612E70,0.12538657
CC_9036F7423277,0.14545754
CC_903AD2767BAE,0.7276441
CC_903E4BA690FA,0.29326493
CC_904386E31210,0.064626366
CC_904EA6C846F8,0.41424823
CC_90549DD3CC39,0.13781022
CC_905739E5494F,0.08250349
CC_906F852C69D6,0.6626318
CC_907911F4930A,0.29124698
CC_90798A7273BD,0.15210107
CC_907F3A8AFCFB,0.086975336
CC_907FA7722881,0.10790366
CC_90812D9F30FE,0.11027336
CC_90870A89F310,0.049426697
CC_90894CA021C3,0.634357
CC_9092C5EBF5F6,0.056929607
CC_90A10D649D9C,0.6964093
CC_90BF8E127519,0.6171524
CC_90DBB385A7F3,0.72843075
CC_90EAD308012B,0.3166646
CC_90F4BF0B868D,0.19475886
CC_90FA39516EAF,0.08071411
CC_9117894F31C2,0.2022982
CC_911ED63BB556,0.37071735
CC_912730AE6E8F,0.29102057
CC_912CA7EE4C26,0.108321145
CC_912DA46AAED2,0.09079133
CC_9132E67EA479,0.13993728
CC_913D95FB31E0,0.1576551
CC_91529F20D461,0.7578968
CC_91586318C780,0.052814413
CC_915F2708219D,0.16981474
CC_916CCF9CBC08,0.040271945
CC_916CF77A29CC,0.106332935
CC_9189E4FF82C5,0.1556492
CC_91A27CB6139A,0.14470358
CC_91B7A4A15A37,0.6018615
CC_91C2077BA6D7,0.09694549
CC_91C4CC43EEE5,0.15491924
CC_91C55BE33AC7,0.055862803
CC_91C81BC58B49,0.07631756
CC_91DE12EE18A7,0.375217
CC_91DED13CDCD9,0.13567753
CC_91EF639761F8,0.13352194
CC_91F23A7E743A,0.37983343
CC_91F4C5E889C7,0.72419983
CC_920E91EB28A7,0.17254245
CC_921481F5F77E,0.09779974
CC_92221DB27176,0.1995042
CC_9224D5677C66,0.11570759
CC_9230B9656F93,0.21092606
CC_9231D0F8A993,0.70006317
CC_923727159A8F,0.053800274
CC_9248706729D9,0.04801049
CC_924AEB5DD991,0.16106234
CC_9250BA851692,0.32806212
CC_925BACE3417D,0.11048709
CC_9260CD0D7C0A,0.12504494
CC_9285EB21B38A,0.11059449
CC_92A09F03DAB5,0.7880339
CC_92BC35D7F9CD,0.11636561
CC_92C5FE9E5B12,0.69670427
CC_92DC8CF8C902,0.10954158
CC_92E006664648,0.21751389
CC_92E4EFB9F0DD,0.10827049
CC_92E621E0298E,0.18399304
CC_92F412AC7D22,0.08581903
CC_92F42886B7E4,0.21565692
CC_9301E23D376D,0.5501569
CC_931133320380,0.17326596
CC_9314B6D8B7F2,0.06775679
CC_9337E3B43211,0.18925424
CC_933E044F26DB,0.07790124
CC_934BB89938A3,0.12182635
CC_935296A995DA,0.14070657
CC_935326AF26E2,0.19105163
CC_935B72B8E7F0,0.06489587
CC_936FF3C9BE68,0.046924055
CC_937FFE1718BC,0.04775806
CC_939F92AEE460,0.81513536
CC_93A4365B25CF,0.80195886
CC_93AB9D6A7EFA,0.073408745
CC_93C719738590,0.79944754
CC_93CB48930B37,0.19121489
CC_93D24FAFD21D,0.092805594
CC_93DB5F477493,0.09289323
CC_93E1CAFAD44D,0.07488502
CC_93EC9F853123,0.20501801
CC_93FEAF515A8E,0.053715527
CC_94063A67F136,0.30196446
CC_9406E32819F5,0.06930007
CC_940971CBC1A4,0.11600156
CC_940ADC8DEA3F,0.14070101
CC_940C7E8E0C52,0.19490683
CC_941DD2E1DE56,0.14772625
CC_941FC1FD0D55,0.19491346
CC_943B720DB5BB,0.10692333
CC_9440309323A0,0.091092765
CC_944B461BC558,0.08646391
CC_9453654BACE9,0.22143412
CC_945888CEAF10,0.32043204
CC_9458D4A483A8,0.10066287
CC_9464BA7E98B9,0.09295468
CC_94794B478A5C,0.39149055
CC_947E58EFF90A,0.07902842
CC_948537FC17AA,0.72087735
CC_949576D25153,0.09353028
CC_949B8CEAD619,0.09846698
CC_94B4E05906A9,0.15810367
CC_94C3B6F3B0CC,0.15886393
CC_94C3D9D8FBF3,0.6557263
CC_94CD530B2099,0.090942815
CC_94E9D1E527E6,0.055072825
CC_950450C0845E,0.38897854
CC_95169A4360C6,0.052795358
CC_951A69571676,0.04984042
CC_95232636844F,0.17363307
CC_953A5913EDD3,0.16034105
CC_953B678083F9,0.07511921
CC_9541BD0604B6,0.15098014
CC_954404C1BEE6,0.41229695
CC_95444ED71872,0.08759593
CC_9544B86C78A6,0.75504744
CC_954AD7E7C8F1,0.1315636
CC_95525CC6C854,0.13660018
CC_95573B318A91,0.04185421
CC_9569309DC18E,0.097294755
CC_956A2DF28600,0.1794093
CC_957C7A0D7B72,0.36461926
CC_958BECCA0BAB,0.4001356
CC_95A6C4DA2F12,0.6354744
CC_95AB75B5BBBB,0.11615864
CC_95C1274DD7DF,0.03682951
CC_95CD8F6A8CBA,0.050272726
CC_95DD4DC604BD,0.1732163
CC_95E1AC08266F,0.13679364
CC_95E3DDCB74EF,0.06938915
CC_9601384AC971,0.47025767
CC_9608A73A8025,0.15059617
CC_961F3BFBDDAC,0.8359432
CC_96206C1277EB,0.27848694
CC_96396AE6347C,0.14688398
CC_96416D2A937F,0.21456905
CC_964C2E0B00C1,0.19691394
CC_9657A2A04BAF,0.26506987
CC_9662D713B7BB,0.20075831
CC_9664F83B7F1D,0.21318097
CC_968AF836D0C4,0.058584403
CC_96A6735A4317,0.07469058
CC_96BC62A4A0AD,0.21315916
CC_96CD75668A6C,0.07631375
CC_96D928252719,0.39207357
CC_96E40BDE9A6C,0.12556466
CC_970116768415,0.23074587
CC_970E94875C2B,0.74971664
CC_9721C8A61D80,0.083476976
CC_972313B0F814,0.15336907
CC_972FD8FFFF63,0.46320525
CC_97478A77EC17,0.18947446
CC_974D14774BD8,0.066543356
CC_974D86BD39FD,0.056563355
CC_97508465AB76,0.13766429
CC_975689C0CD6E,0.072494194
CC_975967702106,0.04734639
CC_975F3F07ED23,0.06118704
CC_976E0D9A64ED,0.3697176
CC_977145B2B363,0.42201003
CC_9772CABFE1D2,0.77890015
CC_9773C1E6AC8B,0.6329762
CC_97832657396B,0.45623055
CC_97963C337FD3,0.5576632
CC_97978B581F20,0.17846218
CC_97A9ECF23955,0.1984333
CC_97ACD6D965F3,0.116081044
CC_97C69AF6E34B,0.7470664
CC_97D0E7256861,0.61729896
CC_97DEBFBE2BDE,0.30554217
CC_97ED469F2950,0.11877964
CC_97EE84ABA6BF,0.26214036
CC_9801B22BF375,0.11303468
CC_9803B6D4D780,0.26478392
CC_980E90C8A301,0.12275846
CC_9814B3D08A69,0.064689174
CC_9821BD45BB0D,0.19385226
CC_9829FA0350F7,0.046968263
CC_982CAA309A38,0.15837386
CC_98346EBF382E,0.1681253
CC_986698CCC6AA,0.108213946
CC_988FC580CD50,0.11475315
CC_989795BA3DD2,0.081301525
CC_9897A1DFE807,0.074967265
CC_98A2C8F4E956,0.068497196
CC_98A3E6CDC707,0.12518674
CC_98CE15EE1565,0.07804406
CC_98D036D16215,0.07409121
CC_98D09B14EE3D,0.4442133
CC_98DB782DF852,0.054442726
CC_98E2EA67BC97,0.06491424
CC_98E6E7CF74AF,0.07041623
CC_98EEEB2A83DF,0.6684889
CC_98F3D3194788,0.11033188
CC_98F8A8CF4F9C,0.35563156
CC_98F91BAB57EE,0.18560794
CC_98FA377070FB,0.17350176
CC_9900D0479959,0.26962465
CC_99061A735C6D,0.16551974
CC_99093EC1A2C2,0.117314115
CC_99376CA4DC26,0.0439035
CC_993A588895DA,0.124811016
CC_993EE6417CED,0.0866956
CC_99559319913F,0.05202944
CC_9970123DCC41,0.35051218
CC_998BB6848FDE,0.08719266
CC_99958287B2A9,0.5267956
CC_999BAB2D16FA,0.38763213
CC_999C7029261D,0.7488638
CC_99AA61D1896E,0.07919642
CC_99C03E7D99CE,0.053191364
CC_99C62022794F,0.09152635
CC_99D46BE6593A,0.16394097
CC_99D5A5371B39,0.17294301
CC_99D79709AD9F,0.7251547
CC_99D7DDAA460A,0.13987973
CC_99FC44B3C58A,0.11011118
CC_9A02B2A17C07,0.080006376
CC_9A05DE55D408,0.16581014
CC_9A0C42AA09BD,0.35969645
CC_9A2B390551F6,0.062008988
CC_9A2D66206BD1,0.5486066
CC_9A366E181FA0,0.1589392
CC_9A39365FA850,0.58727545
CC_9A42833BA860,0.05686729
CC_9A4911A0140F,0.09438133
CC_9A4FE1E8E0C5,0.41786438
CC_9A51017C734F,0.35621423
CC_9A5DCCD62D0A,0.32372054
CC_9A602F492510,0.14822665
CC_9A66BDD34B89,0.05297184
CC_9A6AB0AB1E67,0.060119174
CC_9A7049ED5656,0.56014454
CC_9A7AF31828E5,0.10959335
CC_9AA750377C6F,0.097928956
CC_9AB359C82202,0.06743913
CC_9AB7BF77EE83,0.765134
CC_9ACAC8474B9F,0.040746666
CC_9ACCA4FB9101,0.05964593
CC_9AE1529AF9E0,0.1350272
CC_9AEE181F1156,0.25261372
CC_9AFD130D3725,0.11023754
CC_9B09C3353732,0.08688404
CC_9B0D37817EBB,0.09897889
CC_9B290B59155F,0.3602917
CC_9B2D487C64B0,0.12079984
CC_9B3DEC76ABF7,0.05826376
CC_9B4F778D0A6E,0.11831547
CC_9B581A92C2A3,0.4065424
CC_9B5CA8C38414,0.17680255
CC_9B6E82167593,0.1882318
CC_9B6F6B2BCC05,0.32140166
CC_9B7FC3DA1594,0.36571452
CC_9B957DC280F6,0.20200643
CC_9B997DF20042,0.3846796
CC_9B9BC4B83736,0.08210525
CC_9BBE1A16C04A,0.17601934
CC_9BC63F1A568C,0.2726925
CC_9BCB0166227D,0.21411972
CC_9BD3DC96ACC5,0.15814856
CC_9BDC5A0E43C7,0.41614634
CC_9BF9485A3F9D,0.24136195
CC_9BFE93FF2145,0.2359492
CC_9C0470A0536E,0.22441244
CC_9C205AF09E47,0.53250825
CC_9C30DC5C1E46,0.05849867
CC_9C325B6CAD11,0.058988523
CC_9C4A200D0BFB,0.4685033
CC_9C5EAF238007,0.24099073
CC_9C601C6BBD37,0.06293486
CC_9C606C2C92CC,0.06604655
CC_9C6192D3A16B,0.08745764
CC_9C84FB9B1469,0.06833494
CC_9C989433D637,0.21891794
CC_9C9B2FEB4937,0.18445751
CC_9CA7FBE1DD54,0.14189993
CC_9CACA50F80F2,0.19260801
CC_9CB40D552388,0.06823264
CC_9CB8127D17F0,0.046750933
CC_9CB9CE2989CF,0.69291085
CC_9CCE51CD83ED,0.80606425
CC_9CDD2F3D0BE7,0.04499538
CC_9CDEC693AA99,0.40549713
CC_9CE9091AA9A9,0.22380462
CC_9D007C60D29F,0.087520026
CC_9D017774D4FC,0.64605016
CC_9D095EC1F232,0.26546103
CC_9D1A1281C8FB,0.342824
CC_9D23F42B7996,0.45140904
CC_9D2FBC479646,0.6745671
CC_9D363365CAFD,0.08341451
CC_9D44E4543573,0.16497338
CC_9D45F67E3B01,0.093783304
CC_9D535DD207D2,0.07756229
CC_9D53ED53A15A,0.57818484
CC_9D5D97AEE98B,0.5526724
CC_9D5F2A5B6913,0.0950997
CC_9D6BC1C470B0,0.44386768
CC_9D71FBDE765A,0.046987277
CC_9D73939E357F,0.21282306
CC_9D82F401BD88,0.64364403
CC_9D8B4454BE84,0.27534902
CC_9D92537645DB,0.085014604
CC_9D95ADE03ED1,0.15949197
CC_9D98FE7A1809,0.05912011
CC_9D9D59757786,0.06287841
CC_9DAEB38616AC,0.15778413
CC_9DD55CC0E928,0.032564856
CC_9DD6B460CDFB,0.26605043
CC_9DD80B5E3729,0.099683836
CC_9DD82B4310AC,0.40891227
CC_9DD9389E8AE0,0.09468097
CC_9DDA8ACEB3D8,0.086187646
CC_9DDCD898D01D,0.118625246
CC_9DDD90B42A27,0.80121887
CC_9DF1807A4316,0.04750698
CC_9DF786FD2620,0.46012825
CC_9DF7B9B3C8F8,0.07873298
CC_9DFF6E2AC586,0.15230235
CC_9E0546BD7BD6,0.13816586
CC_9E0BE8227931,0.09868102
CC_9E1A205BA261,0.4019873
CC_9E2967559B00,0.07400826
CC_9E323A031449,0.7278668
CC_9E377CC03D51,0.06606245
CC_9E3B83584C12,0.12178721
CC_9E3D46FF5709,0.5721332
CC_9E4FA91B86A9,0.105651125
CC_9E53534DCD6B,0.13598664
CC_9E73656FC8C0,0.69177264
CC_9E7430675033,0.22123829
CC_9E84CACDD7B6,0.39646205
CC_9E84E0E4C5BE,0.3028187
CC_9E9C65275B4C,0.08453843
CC_9E9CB6473D59,0.2437764
CC_9EA4F11BE6C2,0.16469637
CC_9EBE3F26F2FB,0.068709716
CC_9EC23AB6C573,0.32505974
CC_9EC34DDD0E53,0.054993488
CC_9ED8EDFE8C55,0.08607221
CC_9EF352F179D2,0.112469
CC_9EF505400F8B,0.666543
CC_9EF66D83B743,0.34756187
CC_9F051572BFE4,0.19258977
CC_9F151A782BAC,0.26576826
CC_9F1A5DF4619C,0.48936683
CC_9F1BF78ECD7A,0.08641962
CC_9F263092AD72,0.15129557
CC_9F36EC36A9E6,0.09868554
CC_9F3D52242888,0.1629909
CC_9F41F312CDBB,0.3268445
CC_9F425167F9ED,0.15817335
CC_9F6981E0009A,0.3003164
CC_9F706DFE0AE7,0.04059694
CC_9F7B525DD52D,0.31967658
CC_9F8D5A5A9DAC,0.17189999
CC_9F8FAE57E6A8,0.10449135
CC_9FD1AB8E65FE,0.057365973
CC_9FD2689202D5,0.13724008
CC_9FDBB5C2CD09,0.04524881
CC_9FE52BD71CA2,0.0998148
CC_9FE8E62EB24D,0.08541159
CC_9FEA59AEA00C,0.26072222
CC_9FEA77B36A29,0.358337
CC_9FEE9701D16D,0.24358237
CC_9FF35BA60E6E,0.29329437
CC_A0003F08B22E,0.1365597
CC_A00AE2543224,0.060163148
CC_A02A29DECDC6,0.07760815
CC_A0336C21117C,0.6652567
CC_A053B42BBE0B,0.076652184
CC_A0591F16FA37,0.04134835
CC_A05F962C80FF,0.17237382
CC_A07B0549E53F,0.070593394
CC_A09F230CCF5D,0.63537514
CC_A0AED6346ECD,0.16693626
CC_A0C4A796643F,0.113350555
CC_A0D6DDFB430F,0.06513327
CC_A0DF672F9C4E,0.110614754
CC_A0E8C7C5558A,0.32383925
CC_A0E9269DF22C,0.4322803
CC_A0F1DB5CB28C,0.09824338
CC_A0F42B26F8F0,0.059866033
CC_A0F8F80EDFB0,0.07319449
CC_A10AD9550E4D,0.03429263
CC_A10EB26E5EE1,0.18085644
CC_A111B065F623,0.072157726
CC_A113D95B4AB2,0.13476993
CC_A1320C0F0129,0.7378685
CC_A1348D850EFD,0.73800564
CC_A13D08B372E8,0.06246425
CC_A143E64BD9D6,0.3390891
CC_A14B0A24DC3C,0.10825281
CC_A15137F25F7C,0.07306379
CC_A152DBEC5BE7,0.06741232
CC_A1591CFF6D81,0.055391204
CC_A168CCB582C6,0.3722876
CC_A17DC38133CE,0.7690495
CC_A185D5EA3DE8,0.6189054
CC_A19C842508E0,0.12623596
CC_A1B648DA406D,0.03924952
CC_A1BF7028CAA8,0.038769126
CC_A1D035FA36E1,0.10944478
CC_A1DD653D41A7,0.07926543
CC_A1E3AD4B934C,0.2866834
CC_A1E58421CE87,0.055936355
CC_A219144EDEFE,0.07300146
CC_A21FCEEBB3C3,0.46056658
CC_A220E4278D79,0.07805632
CC_A2231BDC961C,0.24729712
CC_A234E219EFC7,0.40213427
CC_A239B1BD81FF,0.083019555
CC_A23D8CFFA31F,0.07751299
CC_A23F463F4B4D,0.04809289
CC_A23FFDC4A7A4,0.08990568
CC_A2423E273F84,0.096701466
CC_A2493E6036AD,0.31283456
CC_A25C54470CED,0.11762647
CC_A25FA690BBBC,0.108910754
CC_A2636CF7C075,0.12027868
CC_A26C22870E3D,0.4368556
CC_A26F6A272B3F,0.10261357
CC_A27CDC9BCBAA,0.19474584
CC_A27E5269DA60,0.114460185
CC_A28D4A46B6FA,0.11244486
CC_A28EB319030E,0.05350875
CC_A294D3A59462,0.75859797
CC_A29D8034C304,0.084984355
CC_A2A109409963,0.05805392
CC_A2A4FA5F9962,0.10379529
CC_A2A7E30C59D0,0.16491814
CC_A2B5D2D4E269,0.5585224
CC_A2BB24180208,0.26455444
CC_A2CF1DFEFE46,0.44686717
CC_A2D6090EA5B8,0.14173302
CC_A300BC40BC9D,0.047736116
CC_A3212501F639,0.20202598
CC_A3278A566572,0.059606493
CC_A327EBE4F783,0.18862724
CC_A32FB6659B01,0.085066274
CC_A33915EE72B6,0.1397704
CC_A33D350BE79E,0.16153689
CC_A3553B8AA8F6,0.08411309
CC_A36EB077BF3C,0.036881786
CC_A3753EB66DEC,0.11667619
CC_A378342AC9BB,0.18396094
CC_A379E9455C60,0.19547269
CC_A387ADBD7249,0.0950613
CC_A39E961FC29F,0.1916291
CC_A39FA1EF0B16,0.26130074
CC_A3A4E39FB04D,0.19387755
CC_A3A751BE68D2,0.0507653
CC_A3ABB3C5E9D5,0.6609599
CC_A3AF9C2C68F1,0.16472396
CC_A3BEA14873AD,0.14122069
CC_A3C2FEE13C37,0.123907566
CC_A3D6435D5F17,0.16404538
CC_A3E3E51AD0E7,0.050908558
CC_A40566694D53,0.24096613
CC_A410C0DC7125,0.05201589
CC_A42168D2B94B,0.07710968
CC_A43CED9AFEF5,0.4442423
CC_A4475A788D13,0.12261572
CC_A44D677C0C07,0.059763335
CC_A44E2673E71E,0.04515358
CC_A44E79A96425,0.32989532
CC_A462CA147DB9,0.14298086
CC_A4660E424386,0.2116696
CC_A476C9F116F6,0.15861598
CC_A47C83B6EE2B,0.13923952
CC_A47F8594678C,0.25599474
CC_A48A7592F96A,0.056808077
CC_A49195E659EE,0.06693724
CC_A498A936AD21,0.102542974
CC_A4BE6692361C,0.6392293
CC_A4BF2115580C,0.08781782
CC_A4CACCD14A0E,0.1295541
CC_A4CE57A1AB74,0.067501664
CC_A4DE4F1B5F93,0.1684809
CC_A4E300558DAB,0.056207854
CC_A4E972915D89,0.7371736
CC_A4EEA04CF3D0,0.2239358
CC_A4F400E9A0ED,0.06463735
CC_A4F550D7F95B,0.21174566
CC_A4FB91B1BF31,0.19342427
CC_A500C1ED0A33,0.20921764
CC_A50471962A96,0.6496803
CC_A5161D8AA57D,0.13708779
CC_A519C84307D2,0.082497135
CC_A5277A9BE02B,0.69414335
CC_A53578FCEA71,0.12207142
CC_A54EAD1CCE27,0.15414539
CC_A5512DA239BF,0.15340853
CC_A5545DF298BE,0.073772065
CC_A556EEF3010C,0.42800412
CC_A56756C65136,0.3371071
CC_A5852E06D2D5,0.2610166
CC_A5886994671C,0.15900284
CC_A594D8B41A99,0.05796205
CC_A59C6A6B71C3,0.06305746
CC_A5A06987AF5C,0.19959907
CC_A5A1512FEEFD,0.17344472
CC_A5ACE4284283,0.14726815
CC_A5B10F07BCD5,0.08126274
CC_A5BC9ACDB4CD,0.08183843
CC_A5BF8B260922,0.43091267
CC_A5C52379AE06,0.24057004
CC_A5DD4441568D,0.038293093
CC_A5FE3BE2949D,0.05297746
CC_A60EF94F09C4,0.35568413
CC_A628BE74CB45,0.13036068
CC_A6292E9B43AD,0.06600763
CC_A638610BF8F8,0.11376508
CC_A63BBA86CE9A,0.26147002
CC_A63BDDAC43CB,0.063370034
CC_A6409E37A735,0.14020436
CC_A655EC341406,0.10807995
CC_A6562E47BFC7,0.17929433
CC_A6563A22D668,0.6951042
CC_A6601278C1BD,0.109337494
CC_A683678AC9FC,0.33422986
CC_A6864FE80A94,0.11613742
CC_A69117CC3C24,0.142182
CC_A69928C7D217,0.17322105
CC_A6A8BAF7124A,0.25952214
CC_A6B7DFC69AAE,0.59405077
CC_A6BB595B55AA,0.08255481
CC_A6C5284C4586,0.09725719
CC_A6CB0D0191D3,0.10426791
CC_A6FA3FA9F0FB,0.10931885
CC_A6FDADD23BD7,0.045932136
CC_A6FE3938F001,0.17430557
CC_A71DB65F0BBA,0.6919864
CC_A730F4964FD4,0.10595413
CC_A73C02C58DDA,0.09787485
CC_A746BC2289C7,0.32756072
CC_A766C3608214,0.11620144
CC_A76F48111A8D,0.10359581
CC_A77AEC8AD2D1,0.033565734
CC_A781174166B3,0.18214607
CC_A79024286DFF,0.08207748
CC_A792720B875E,0.09171983
CC_A7952C2BC5B6,0.056997918
CC_A7954EE1A1C4,0.06397897
CC_A7991E6B3CAD,0.19903916
CC_A7B141DF4AAF,0.05989904
CC_A7BE2CED0B93,0.05175423
CC_A7CF446093DD,0.21742752
CC_A7D1C6692090,0.08126195
CC_A7D6CAB54328,0.45088118
CC_A7D8D1DA4EA6,0.09670618
CC_A8102BA6933F,0.061669756
CC_A81C1EDC5FE0,0.08471525
CC_A82C0FDDC303,0.282393
CC_A83F92C0CABC,0.13268122
CC_A849B0F60EEC,0.060629904
CC_A852AAB180D7,0.04876504
CC_A8536626873D,0.17941543
CC_A85F953FFD40,0.3439083
CC_A865A3F1E28A,0.61080945
CC_A867253FC73C,0.68514407
CC_A877592FE1AF,0.07744056
CC_A8AE26057851,0.14949504
CC_A8D50530622B,0.105562225
CC_A8D5C834B061,0.7544009
CC_A8DF49EED27D,0.79282635
CC_A8FB53A944AA,0.08910717
CC_A8FF19BCFB18,0.16892177
CC_A9042AA97760,0.06362615
CC_A917D68B7F33,0.08428072
CC_A925B3023F01,0.15502241
CC_A93A49678A0E,0.6343997
CC_A944C14551E0,0.14778967
CC_A949A4D6CFDF,0.03812186
CC_A96085AAACBB,0.4564271
CC_A968E7B519AC,0.5794953
CC_A96F61DA3920,0.27471536
CC_A98AA461487F,0.059003316
CC_A98DE37F48B1,0.035927277
CC_A99526CAE7B8,0.10138881
CC_A9997F50D935,0.118697
CC_A99C3B09B728,0.058603443
CC_A9A0DADE60F5,0.2304924
CC_A9E27E0F8BF7,0.10106449
CC_AA06B8C44B08,0.62167376
CC_AA078692F54D,0.05648149
CC_AA3181148667,0.110816024
CC_AA36C8AD0AD4,0.10227398
CC_AA36F0397FF6,0.079280995
CC_AA3A8989A632,0.68002224
CC_AA4A1B7522D9,0.09084778
CC_AA4AE0378324,0.20645623
CC_AA5E4D5A692F,0.17026165
CC_AA68EABEE4B1,0.074146286
CC_AA6B5A7A5B67,0.085637614
CC_AA6BD423C239,0.36952502
CC_AA7074B42A4C,0.5255006
CC_AA7A7F3159DC,0.080829695
CC_AA7BDEB972E4,0.116118036
CC_AA83426311A1,0.07321967
CC_AA8F7D307212,0.12411354
CC_AA994120654B,0.07026062
CC_AA99CC1D0A77,0.09768714
CC_AA9DF917E958,0.16629107
CC_AA9FC6678135,0.34743565
CC_AAA47EC0D4CE,0.0868122
CC_AAD9F600283C,0.12173239
CC_AADF003A3927,0.09486414
CC_AAECFE806C8D,0.23906764
CC_AAF2022B9CD1,0.15737215
CC_AAF445E4CCF4,0.06853558
CC_AAFDCAA5CA06,0.6412774
CC_AB0384E131D8,0.18829213
CC_AB0A4F4A2968,0.1757223
CC_AB108580856A,0.073742196
CC_AB10FED15FC0,0.80187905
CC_AB176233A184,0.052322723
CC_AB250982887C,0.10964845
CC_AB25C565EA6F,0.0647626
CC_AB31BDAE74E0,0.19008788
CC_AB38A76F5698,0.37906522
CC_AB38F588BDD4,0.19736281
CC_AB3DB55C9A2E,0.11714588
CC_AB42A7DA8FAE,0.17233968
CC_AB486E8855F7,0.09872633
CC_AB4A79BF0F21,0.043741096
CC_AB7472FE1C8B,0.07067527
CC_AB78F64D1DA0,0.12242134
CC_AB821E2FB031,0.057769768
CC_AB873276D910,0.063867405
CC_AB8CF3C05B61,0.110019185
CC_AB8DD8448ABE,0.3369654
CC_AB953366A38C,0.07827647
CC_ABB193697B23,0.6095486
CC_ABB3F0A040BD,0.12587614
CC_ABB618AD3E52,0.26992506
CC_ABC0DA7DAFA5,0.045053795
CC_ABC49E43DF40,0.6164037
CC_ABD89F61734F,0.10256307
CC_ABE04CDC2866,0.5895817
CC_ABE98746DB91,0.5414432
CC_ABFDF22BBD97,0.0803508
CC_AC0498A54CAD,0.1706921
CC_AC1C23EA2767,0.35600567
CC_AC1E028B2A1A,0.096789494
CC_AC255B902EEB,0.16550021
CC_AC44A88F7869,0.06832361
CC_AC51CBCACA63,0.11325835
CC_AC723E5F5EFA,0.049633063
CC_AC7994A5FDC4,0.116021395
CC_AC7EFDBCF2E8,0.73996973
CC_AC8A45716CD8,0.11914201
CC_AC8FB78319A0,0.041727275
CC_AC95C517E726,0.08651825
CC_ACA4C6C9316D,0.06384018
CC_ACAD97A186F4,0.07017748
CC_ACC12168D6A9,0.13985923
CC_ACC53294D3A0,0.08375602
CC_ACC6A74A8BEC,0.085831776
CC_ACD94D2B1200,0.07241992
CC_ACD988315902,0.04188966
CC_ACDA59536C9B,0.1220655
CC_ACE5A4081F6E,0.19320606
CC_ACF4F9A2CCFC,0.17777082
CC_AD0D7D212968,0.32198748
CC_AD131D09EB0F,0.14838143
CC_AD13C87CF26E,0.23146982
CC_AD2050A0C79D,0.16619489
CC_AD276D71D3A7,0.31493223
CC_AD2C54521FE4,0.19455191
CC_AD2E59624FEC,0.40326676
CC_AD3A36AF2840,0.28384998
CC_AD3D286D0B68,0.17818917
CC_AD46818E459F,0.603479
CC_AD4BB2E22EA9,0.21643345
CC_AD4F7F88242F,0.318734
CC_AD58ADCD54CE,0.70632285
CC_AD71619FA389,0.12182492
CC_AD84592B950B,0.082379915
CC_AD9898C0E8D2,0.15442565
CC_ADC70A21D661,0.39131722
CC_ADCF16189AF2,0.23407197
CC_ADD894E6E4F4,0.32417217
CC_ADE899835555,0.13920693
CC_AE0D73A1EE19,0.38590214
CC_AE0F08EA3935,0.18860205
CC_AE23B59E6FC8,0.2812025
CC_AE289E013D60,0.09310647
CC_AE34D3F7F224,0.7523161
CC_AE4069D8B4F6,0.2011441
CC_AE4896E2BE76,0.6715361
CC_AE51DCFE0671,0.081490345
CC_AE69FEA8DA68,0.18162799
CC_AE7C129CC90F,0.21422383
CC_AE7CD49F20AB,0.19956103
CC_AE89526E0335,0.17101362
CC_AE8D62CF30C0,0.11824584
CC_AE8D9CE8D6FE,0.05928107
CC_AEB019CB9065,0.13797876
CC_AED1D50AF584,0.08381335
CC_AEE546316FB0,0.22788742
CC_AEE5FA00FA6C,0.3743515
CC_AEEC765D157B,0.045792364
CC_AEEE44D6C8A4,0.037169825
CC_AF14FF3EF570,0.3552934
CC_AF1C3ACBA6B2,0.09830503
CC_AF1E911C98B6,0.3172011
CC_AF337F410520,0.09282365
CC_AF3C7BC3BA40,0.12104628
CC_AF41E4075C87,0.20728974
CC_AF6B4405276D,0.724726
CC_AF78FE0BDBEE,0.078375116
CC_AF8238D9082F,0.08977322
CC_AF8CA6EE53C3,0.072445735
CC_AF9AFA7C49A8,0.08660813
CC_AFA1E3D3C685,0.17173107
CC_AFA680030CB4,0.6530558
CC_AFB351270B8B,0.04443837
CC_AFC405AE0029,0.06954167
CC_AFF90422E4FC,0.32423174
CC_AFFBE2744B87,0.7750807
CC_B0043CA53FCE,0.09722556
CC_B01B2BD4EFD7,0.24489717
CC_B01E87EB9940,0.10047035
CC_B0273E66E2A5,0.17939857
CC_B03E98085A9F,0.09517585
CC_B0420D8C42DC,0.5215521
CC_B0497BEB9F6B,0.15820009
CC_B04A5E60B69D,0.08012476
CC_B04D5517A193,0.10005424
CC_B05FF3A960A0,0.20263687
CC_B06A532EC131,0.27996093
CC_B06D33A6761F,0.13912737
CC_B074D4472CE4,0.053180955
CC_B07CE95BCD88,0.33875492
CC_B07D79368225,0.087213166
CC_B07DD1ABABCE,0.7356281
CC_B086C2D77820,0.16292244
CC_B088DE9C9E3B,0.27556688
CC_B0CD7932067B,0.11527531
CC_B0CF90073A5E,0.6185907
CC_B0D397D86639,0.62776005
CC_B0EF4FD19FEA,0.107371375
CC_B0F2F9514AA3,0.08440829
CC_B0F3B79F51C8,0.15496293
CC_B0F4041B1C76,0.036349215
CC_B10FE31C61D5,0.123031735
CC_B114E8F19D65,0.14613354
CC_B117F0E3CAAE,0.15372491
CC_B11D58F331A9,0.041829124
CC_B1262188BC41,0.075263724
CC_B12FFB2FF21F,0.10339935
CC_B13253F34A9F,0.04628122
CC_B137E2BBB53B,0.09108947
CC_B13FEA7CDB99,0.05972158
CC_B1481ED21111,0.05236592
CC_B15BE5C9976A,0.2385333
CC_B15EB6933578,0.07357396
CC_B163CCB3BE4D,0.1437816
CC_B16DC354FD71,0.3918622
CC_B1777349EB15,0.16173987
CC_B17C6CE0231F,0.2710145
CC_B17CA8C22E5C,0.12416263
CC_B18F3C9C30E4,0.15468094
CC_B19CD93DDC96,0.06602537
CC_B1A647674B84,0.11986967
CC_B1AEC2E5E33B,0.21066847
CC_B1B5C81AC0A6,0.0519268
CC_B1B932EFD646,0.14924538
CC_B1C3C0B52B88,0.2565062
CC_B1C7216344F3,0.0739085
CC_B1C982DBBD12,0.37508827
CC_B1D81F8197B3,0.36650795
CC_B1DF1DCBDC7E,0.6164014
CC_B1E2C36607CB,0.071841136
CC_B21351C93D8C,0.14647512
CC_B2174860AB11,0.71495944
CC_B235818E6A04,0.14061622
CC_B23CDE30F00B,0.07714774
CC_B23DE4971DF0,0.44537663
CC_B23ECF574D8E,0.0577961
CC_B24C41DDFBDA,0.22480282
CC_B25EC73B9510,0.135008
CC_B25F69904D0F,0.06633387
CC_B25FB6C11D05,0.6112361
CC_B264F2B92259,0.5717786
CC_B26B8FC23F1B,0.07075786
CC_B272E29922B5,0.1373125
CC_B27AA8E27BE7,0.10804348
CC_B2A68FD3C236,0.090949334
CC_B2AC50C00979,0.08448097
CC_B2B16D7B821C,0.16056809
CC_B2B32F1511E4,0.12800445
CC_B2C241A93527,0.08368577
CC_B2CB104FED6B,0.6380366
CC_B2D352013F92,0.115822114
CC_B2DF694BAB08,0.10644792
CC_B2E993A9343F,0.18466316
CC_B2EF61C93AB6,0.11501968
CC_B2F94405EA89,0.10396729
CC_B2FC07BF6251,0.056308806
CC_B301A65B4164,0.14182904
CC_B313E3A208A2,0.18460341
CC_B318FF5D976D,0.17103174
CC_B32AEF0A2299,0.07252437
CC_B33BD3C618EA,0.073339306
CC_B348627365A2,0.12373336
CC_B35109450BDD,0.043224562
CC_B3528B870544,0.09293927
CC_B3530E7CF8F5,0.13145578
CC_B35C5B1DB9C1,0.073381096
CC_B35FF59389D4,0.2143534
CC_B3812C6700F2,0.62498987
CC_B38280B483B8,0.12293078
CC_B38B694A18EF,0.48462567
CC_B392BDECD913,0.35079435
CC_B398DF1ABAD4,0.045424666
CC_B39E75E151A1,0.13160515
CC_B39FD0E249E8,0.05960672
CC_B3AA0891CA5E,0.414373
CC_B3B1C8EBE5C1,0.13309523
CC_B3BBA28E2D39,0.4224283
CC_B3C4DB0303A7,0.104132436
CC_B3D32FE823B2,0.03971822
CC_B3DA429C6C8F,0.10076008
CC_B3DC5786AB0F,0.18029693
CC_B3EA537531A3,0.1487622
CC_B4096D3A38CE,0.045926232
CC_B41EADCCC95F,0.07173199
CC_B421940B9A48,0.65393555
CC_B42B3B83935C,0.8125801
CC_B436B1CA6B2F,0.05990898
CC_B439B06AF274,0.20946565
CC_B4482E7879F4,0.057668783
CC_B4660022C612,0.1226449
CC_B46B899B4A63,0.13359061
CC_B470280A580D,0.10642414
CC_B471D3BF0C72,0.54104125
CC_B4751DEE43CD,0.15832281
CC_B482C254BAA5,0.06601809
CC_B4889D036D3C,0.71111614
CC_B4950F811C90,0.11121567
CC_B49A6DE7A340,0.29042903
CC_B49CD4C13DE8,0.3611297
CC_B4A90370CA96,0.48938125
CC_B4ADE6BC8A10,0.68391514
CC_B4B6F805888C,0.050982036
CC_B4B8F66BF4ED,0.63023996
CC_B4C6F80DEE44,0.048596732
CC_B4CCE78C09EE,0.1741933
CC_B4D68D1C1C55,0.20222476
CC_B4DAED63089A,0.16298708
CC_B4DD9841E6FD,0.21946096
CC_B4EF6743DDCF,0.09517349
CC_B4F67F73D097,0.10018053
CC_B50EB15EBA18,0.09218164
CC_B51DCAAF4549,0.15423492
CC_B51DFF8702D0,0.536661
CC_B520A001BF69,0.098567076
CC_B529919BF24E,0.6265921
CC_B542342650A1,0.07253824
CC_B54A106E91E4,0.0450075
CC_B54CFFC21F2B,0.109595895
CC_B55C134C04A5,0.18524146
CC_B55C2DBF6D3C,0.21660689
CC_B569705352B4,0.0988632
CC_B56E74A967C3,0.053504605
CC_B57519F33EEF,0.04292973
CC_B582E4405D85,0.09426912
CC_B585A11F7BA7,0.14014974
CC_B59726D36AEF,0.16491255
CC_B5995E4F1A21,0.11722492
CC_B5AC2AAF871B,0.75484467
CC_B5AD19125E1B,0.20242965
CC_B5B1E42858AC,0.063623115
CC_B5B7599E8BC6,0.06707926
CC_B5CAE0595637,0.22254305
CC_B5D49843A799,0.3363166
CC_B5DDFC7AEE78,0.102239564
CC_B5E29344F63C,0.20787589
CC_B5EE5AE6378A,0.590203
CC_B5F2A93AD996,0.0891174
CC_B5F611613A78,0.065811634
CC_B6055039255A,0.74718887
CC_B607B2B0AFB7,0.05230577
CC_B60CFD0F39F9,0.070356466
CC_B620087B1C52,0.35260314
CC_B6203BBBD151,0.093198285
CC_B622662E664A,0.16269794
CC_B62C9A2BC846,0.14947398
CC_B636210548E5,0.40013576
CC_B642C6714501,0.08451612
CC_B64F81B8A263,0.13402633
CC_B65CA581B9BD,0.17264009
CC_B65D1B9B6F67,0.15448047
CC_B661A8FCA431,0.054736424
CC_B66AC40957D6,0.14158069
CC_B672B35D1162,0.7509644
CC_B68379D197F6,0.09275639
CC_B6923D10FDA2,0.15696424
CC_B69CC776BBE6,0.24982671
CC_B69E50D76B29,0.10043261
CC_B69EAA8C296F,0.20853531
CC_B69F7CB8CDA0,0.07740948
CC_B6B4AD157354,0.16259165
CC_B6BD764CB8B9,0.2346982
CC_B6BEC3F4BE91,0.1753966
CC_B6C13F4A610D,0.29447418
CC_B6C1C3B5766B,0.10910783
CC_B6C72241926C,0.14411022
CC_B6CB40E245D7,0.6478179
CC_B6EE58A108C5,0.073638365
CC_B706F631F5BA,0.041831337
CC_B71DC1206985,0.17003527
CC_B72284CED807,0.15590093
CC_B727865A5B5F,0.60227776
CC_B72FD7EFA6BD,0.18312131
CC_B7365B5A3392,0.745067
CC_B73820D308C9,0.12888084
CC_B743560D847F,0.08785297
CC_B76EF26F7C9A,0.32688352
CC_B7764FC130E8,0.4174571
CC_B77B73B95532,0.123734154
CC_B77D6653C7D4,0.047444675
CC_B77DA6B77DEB,0.28922042
CC_B783AE19622D,0.15353829
CC_B78761738CAF,0.02981786
CC_B787BA135B5D,0.35596025
CC_B78B4449EA19,0.11985831
CC_B78B4B7F80B5,0.21348226
CC_B78BEE888CA6,0.0943497
CC_B791FEE1CF37,0.047183454
CC_B79A58AA4441,0.09541468
CC_B79BEC538198,0.12952776
CC_B79DD53178D3,0.07444261
CC_B7A7EFD85149,0.20956531
CC_B7B5F2A15C41,0.12262317
CC_B7BC46A7D4DF,0.101872325
CC_B7CBC65D9AF9,0.502869
CC_B7D40C5C891F,0.07185368
CC_B7D4337C4797,0.2793501
CC_B7DA04826165,0.265515
CC_B7DC19DA1440,0.16448593
CC_B829EC622F0D,0.561201
CC_B82B9C0C7B85,0.673772
CC_B82C55DEE5E6,0.33748975
CC_B8475B977AD2,0.65404415
CC_B84BD2F4EB01,0.19335966
CC_B86DA7D69F20,0.06662049
CC_B87989F406EB,0.1893619
CC_B88B702183E7,0.041615177
CC_B89B80945ADE,0.15507945
CC_B8A3A44BFE8A,0.4338518
CC_B8A7A6548AE6,0.19003265
CC_B8A8FB83065B,0.17263228
CC_B8AAC20D626E,0.19207741
CC_B8AC99873641,0.07270591
CC_B8C9673B7834,0.08744215
CC_B8D5FEB15CC8,0.067704566
CC_B8DA64A33076,0.61443007
CC_B8E912A01706,0.60351
CC_B90869280808,0.11669197
CC_B908EC99951B,0.27644354
CC_B90CBF2A6775,0.07636144
CC_B91080C1ADA5,0.3419699
CC_B918FB42AFD2,0.2006309
CC_B92CA425080F,0.10620274
CC_B937F632B71D,0.17237812
CC_B94477C20476,0.29614937
CC_B9483A5C922C,0.12829563
CC_B954EC1C63B5,0.32206285
CC_B95580F93537,0.054189593
CC_B96086044329,0.05431167
CC_B96EB0A91589,0.19478296
CC_B98357C70A41,0.6228587
CC_B9929A66C2FD,0.6851784
CC_B9BB52E4C529,0.10946317
CC_B9BD45744855,0.7840344
CC_B9BFDE4662AE,0.10562098
CC_B9CEAF324145,0.052638106
CC_B9E89F42B509,0.20201528
CC_B9E8A3887223,0.19949472
CC_B9FC67268C45,0.20969288
CC_B9FE9DFEB3DC,0.110780224
CC_BA041E14DD98,0.075964674
CC_BA0619F54427,0.09969251
CC_BA15072C4EC2,0.24167526
CC_BA183CDC5429,0.80243474
CC_BA43646012D2,0.49259877
CC_BA4F7E494E71,0.43375477
CC_BA557F75E2DD,0.17916419
CC_BA740903CBDF,0.12743542
CC_BA77722A827A,0.5325438
CC_BA78E47BB021,0.22227387
CC_BA8C427054F4,0.04194095
CC_BAA19F8D2563,0.094465986
CC_BAA1BBFF8C6C,0.29787177
CC_BABA44B5FB12,0.07420908
CC_BAC25BCCEAD2,0.06975217
CC_BAC74D0014D3,0.44216436
CC_BAD99E36CC71,0.25050393
CC_BADE7EB1D16D,0.7530303
CC_BAE7410803AC,0.14001831
CC_BAEBBF8054FB,0.10525968
CC_BB054686B6F2,0.055092763
CC_BB05D9DF72BD,0.06359667
CC_BB0D54068D07,0.760795
CC_BB15DE5E0DA0,0.74255
CC_BB1A57AA813F,0.13292097
CC_BB1CABE261EB,0.19313745
CC_BB2BC46FCF61,0.20708862
CC_BB2E5437EE04,0.054141145
CC_BB2EF1FF6131,0.09166245
CC_BB2F56C6BF57,0.10561718
CC_BB35CEC5314E,0.08546578
CC_BB39E3597B61,0.04466827
CC_BB3A9EECD51E,0.08191927
CC_BB44CDEE5103,0.18432213
CC_BB458116ABA4,0.3733639
CC_BB5F6936F6FE,0.20627908
CC_BB666F8A551E,0.06511799
CC_BB7355E735D2,0.12186358
CC_BB8A2F186D6A,0.077824384
CC_BB9FDED12C65,0.70233274
CC_BBA8C316C8F8,0.08505185
CC_BBADC7DC73EA,0.20634231
CC_BBAEA7980B09,0.45179683
CC_BBBA078A6429,0.76810884
CC_BBBFC3EC2C72,0.4056507
CC_BBD34B3225EE,0.039380185
CC_BBE6C58C59A4,0.43238273
CC_BBEBBE1E226D,0.11964019
CC_BBED56D34D38,0.09872934
CC_BC0244FBDAF6,0.17814124
CC_BC099E880236,0.13270679
CC_BC0F05C89E25,0.1273268
CC_BC1BD06C1085,0.09039702
CC_BC21E8824A34,0.4497169
CC_BC23655B2BF4,0.06223035
CC_BC24F9024F49,0.06250849
CC_BC2A58939715,0.08665531
CC_BC2B90F226E0,0.19308814
CC_BC31382964E4,0.046266742
CC_BC31DA3EAFFF,0.12803066
CC_BC3A6CF6FD16,0.13901873
CC_BC410BDD9ED8,0.24625544
CC_BC458960887E,0.1579994
CC_BC484C329704,0.12304938
CC_BC4D6D6D4553,0.34243912
CC_BC5A59D88AFC,0.09207698
CC_BC736DA19A00,0.16697252
CC_BC7B9D13978F,0.17636278
CC_BC84BF34D69E,0.29578274
CC_BC95D473C9CE,0.17101808
CC_BC96FC9DCFE7,0.08774568
CC_BCA0D6159C23,0.19214861
CC_BCAE73132BA2,0.073062055
CC_BCBBF055366F,0.049413346
CC_BCC94F494979,0.08945006
CC_BCF75F8B9A5D,0.121938586
CC_BD10F4F15094,0.085788906
CC_BD1A2052ACD5,0.7811584
CC_BD217C39702F,0.30791187
CC_BD2A9D4B9FAA,0.19345583
CC_BD3EDD1630E8,0.055489667
CC_BD4AAFE9EFEE,0.06813137
CC_BD59D1252975,0.08449804
CC_BD607BE97C17,0.10238429
CC_BD889F165227,0.0821598
CC_BD900B6BCF65,0.16078243
CC_BD9967660461,0.416893
CC_BDABB99ADE2A,0.15687537
CC_BDB07C66EDBD,0.46810246
CC_BDB71DAAE50B,0.12486637
CC_BDCB91FACECF,0.15692434
CC_BDE1E398B4E4,0.055565037
CC_BDE8D325637B,0.6799781
CC_BDE9E7F390AE,0.09512587
CC_BDECF392D7F9,0.15128298
CC_BDF401C3BBCA,0.14718857
CC_BDF53C42C5BC,0.2514809
CC_BDFE5778530F,0.3397867
CC_BE05EB5976EC,0.75630075
CC_BE08A6D5E76D,0.058876812
CC_BE146CE5BEE6,0.12167124
CC_BE24C1EE877A,0.12075303
CC_BE27E98C4BED,0.08969283
CC_BE32DACBF6C2,0.13492744
CC_BE3F52F9C9EA,0.12715438
CC_BE3FC1024389,0.15997025
CC_BE4595898BF9,0.09711145
CC_BE4F1F53F4B6,0.094312534
CC_BE648663620C,0.21450928
CC_BE6627F3B9EE,0.64930314
CC_BE673F70B591,0.31424245
CC_BE704640727F,0.042565662
CC_BE7295B354DA,0.3536931
CC_BE760A430ACD,0.1771718
CC_BE8A340F3876,0.049010493
CC_BE9CB8845101,0.22625956
CC_BEA12286E57C,0.14672968
CC_BEB24EB997CA,0.111001514
CC_BEB80CCF2ED0,0.0603256
CC_BEB86014B5BF,0.18494073
CC_BEC035C8801A,0.15242167
CC_BEE1B858F0C3,0.2906262
CC_BEE664893442,0.18062578
CC_BEE75A33F038,0.07657479
CC_BEF22728402F,0.68363255
CC_BEF8AB2DF19D,0.35807544
CC_BF03683CC755,0.11809572
CC_BF066CB8F7A0,0.14993212
CC_BF154A9FEE8D,0.1456143
CC_BF17E635C67F,0.07742099
CC_BF196AFA6AE6,0.17658019
CC_BF2012FCFE14,0.16109511
CC_BF3733356D4B,0.5202382
CC_BF376C8D14ED,0.52776605
CC_BF3BF8B9F646,0.10509137
CC_BF588A5FF18D,0.6781484
CC_BF7C643B8874,0.056321494
CC_BF8919F14394,0.14187405
CC_BF8B759EE1EF,0.06332688
CC_BF971FA7A950,0.2115283
CC_BFACE960372A,0.105147004
CC_BFBF917EFEB7,0.590463
CC_BFCAE2959708,0.052573383
CC_BFD80ECB739A,0.21159919
CC_BFDEC7E68821,0.07369308
CC_BFE3AD881F4C,0.05623322
CC_BFE511C0F9F3,0.56022877
CC_BFEE9CF8A6E9,0.080869645
CC_BFF8E82FE4BE,0.14787614
CC_BFF9E8C0FE28,0.6345085
CC_BFFCB2882E26,0.048924435
CC_BFFDCACC1E4F,0.120451115
CC_C003A15648F3,0.079675175
CC_C004160ABB18,0.16080113
CC_C012746F45D6,0.10992509
CC_C033B4EC89DA,0.13505396
CC_C03578357D0D,0.3465442
CC_C040C14F27A0,0.059938036
CC_C0474C48C443,0.14043306
CC_C04A1EF46A13,0.2467957
CC_C067DA2C5F99,0.40081167
CC_C0731DB0CD7F,0.63037634
CC_C07C70AA1AF0,0.1484628
CC_C0877F4DBC62,0.115218915
CC_C0896CE6B4E2,0.09267441
CC_C089B0517E81,0.08123839
CC_C08B9066A5BB,0.17573844
CC_C08DFB22BC71,0.078516945
CC_C0A2108BEC82,0.20647994
CC_C0A6B0787F91,0.09041501
CC_C0B29B279C90,0.12293192
CC_C0B7151247C2,0.12821405
CC_C0BEDCC974E6,0.11020738
CC_C0C6F913C2CB,0.7098886
CC_C0C7EAB055B1,0.19279173
CC_C0CCCF588BEB,0.23012169
CC_C0D65A1BC1DF,0.5654906
CC_C0D6ADDF1E0F,0.08299759
CC_C0E49708EB44,0.21338265
CC_C0F32BA57D17,0.056271523
CC_C1094828B26C,0.32029706
CC_C124E4C094F3,0.23319301
CC_C12ECF48FA03,0.2074134
CC_C12F5F7E5C54,0.13524525
CC_C131509731A1,0.19678597
CC_C14173B64C58,0.17654511
CC_C14A4D39F494,0.3888712
CC_C14DC9106B7E,0.24020274
CC_C1624A910E58,0.038186416
CC_C1645FA6EE7C,0.09962548
CC_C165A26E7C1D,0.6864232
CC_C16824A69631,0.055920877
CC_C177831DEDC2,0.08960023
CC_C1815DD481ED,0.68515766
CC_C18313F97FC1,0.26138067
CC_C18A7BC23071,0.26767272
CC_C1941883C762,0.11594768
CC_C1A0989CDF23,0.035688393
CC_C1A8C99D910A,0.10734735
CC_C1B057BAE0BB,0.27628988
CC_C1B5D9A95708,0.1019675
CC_C1C28181E30E,0.12913454
CC_C1E8CA45E983,0.11383794
CC_C1F4DD05F5FB,0.22270052
CC_C205BAC0D181,0.07562633
CC_C208790016F7,0.08403479
CC_C219E603FD0B,0.07426246
CC_C2323893E922,0.10263467
CC_C236A614F73D,0.10676588
CC_C241491551A8,0.12666747
CC_C247E0377048,0.09948661
CC_C24FBA584039,0.24490695
CC_C25078D044CC,0.17063579
CC_C255BE787955,0.19097961
CC_C25ECB5C5FD8,0.06502078
CC_C276E722FB1B,0.32164928
CC_C279090E1F74,0.76019305
CC_C279CA96D14A,0.12732208
CC_C283330B9999,0.055258512
CC_C289AF57EB24,0.24904087
CC_C29558864857,0.11443188
CC_C29846DE78AC,0.6341772
CC_C2AEE09D92AD,0.0963648
CC_C2BBFB603032,0.32010454
CC_C2C2B2EEBA69,0.044915464
CC_C2D1CBB42952,0.16569722
CC_C2D4587A871F,0.7293967
CC_C2D583F20739,0.36553985
CC_C2D9086A8C67,0.06855029
CC_C2E8FA308586,0.21332653
CC_C2EA104630E3,0.09914224
CC_C30ED2C6265A,0.054238
CC_C31BA9FD4FFF,0.26235408
CC_C31DC3117984,0.17996396
CC_C33142B2E26E,0.46149397
CC_C340668CE604,0.10394442
CC_C36580241000,0.1445202
CC_C3664AFC710F,0.12805289
CC_C3676D2ADC91,0.18702696
CC_C368AC6AE19C,0.052792996
CC_C38B446B7432,0.22243193
CC_C38BE6D69E61,0.060979456
CC_C38FB634E7B9,0.08100626
CC_C3913A125FC9,0.14955051
CC_C392AC1AABDB,0.13653584
CC_C3A37C3EDCC5,0.41850305
CC_C3A42A96D260,0.21279354
CC_C3CA355F78BC,0.10087615
CC_C3CD972B25E9,0.15183519
CC_C3CE9FCB05EA,0.05137683
CC_C3DA12B31CD5,0.09512108
CC_C3EF46D2CF29,0.15700105
CC_C3F301EAE202,0.18091369
CC_C404C200B723,0.11156471
CC_C40BEE2EAD73,0.2653262
CC_C40CA3E960D9,0.14997357
CC_C40E0EEBA53A,0.1742926
CC_C42183D7A586,0.1069393
CC_C427199DAC5F,0.45838457
CC_C445AEF194CA,0.072736725
CC_C45051D20EC8,0.13711444
CC_C47FCA703A69,0.2801401
CC_C4965C6C6935,0.3078723
CC_C498BD798847,0.052715797
CC_C49A42D1C3CA,0.08640915
CC_C4A2F5B06976,0.07245428
CC_C4B632AEB96F,0.16884013
CC_C4D194378554,0.040041666
CC_C4D90E9CA5E9,0.14473346
CC_C4D941D5A5F9,0.12720491
CC_C4EB2486A9B1,0.21197477
CC_C4EC2923D96F,0.32171434
CC_C4EC9ACAE8C4,0.7320574
CC_C4FB2ECB13DD,0.3002696
CC_C50467EBCC58,0.07019248
CC_C50C5E2A77CA,0.1561397
CC_C50D7FAA75C1,0.059064705
CC_C51FE3F4D2F3,0.17105906
CC_C5234F4713B7,0.08580184
CC_C55110310E14,0.10524432
CC_C563D509181A,0.07445596
CC_C5736F4887D6,0.72836274
CC_C57C4F09442B,0.09923508
CC_C59D2CA55CAD,0.77026093
CC_C5AD04ABF022,0.098511115
CC_C5AF7BF4B951,0.047772314
CC_C5C5FD9FCFE4,0.67464155
CC_C5D9A89022EF,0.20113468
CC_C5E1FA10BD6B,0.17219459
CC_C6039EF0459B,0.15338668
CC_C6133F44EB0E,0.0808559
CC_C637C1142503,0.77567255
CC_C65496C86EAE,0.1488047
CC_C67C2B86A807,0.14379904
CC_C690CF8AF3B4,0.10410035
CC_C69204FFED48,0.3271002
CC_C69DD80E5055,0.099967495
CC_C6AE389CA79C,0.10213995
CC_C6AFA8AF33BB,0.085388854
CC_C6B56B2869A6,0.3973357
CC_C6B61E03B42D,0.18351029
CC_C6C2B357FDF2,0.10848703
CC_C6C4A4A318E4,0.1333035
CC_C6DECDCC7956,0.19476232
CC_C6F134ABD932,0.5677353
CC_C6F24128D8D3,0.18167925
CC_C6F8C5E3D746,0.10121884
CC_C6FB2BDCC78F,0.41940275
CC_C70DBEB08378,0.81886166
CC_C71AAC6F9607,0.08982301
CC_C73D1C53BEC0,0.3252634
CC_C7423B380FD2,0.06477259
CC_C747ABF2B4BC,0.078461766
CC_C74F0C45C093,0.13836777
CC_C75307665BCF,0.22532189
CC_C76473DBFF83,0.32313308
CC_C7652C2D1CC7,0.191941
CC_C77B38900325,0.21791497
CC_C782A94E6754,0.045014594
CC_C786E0FDA098,0.7620515
CC_C794632B3AAC,0.3996718
CC_C795250A7B3F,0.12692222
CC_C79BF5794AD9,0.055736173
CC_C7A2A7BF85C5,0.058195222
CC_C7A2CEDA36CD,0.49324316
CC_C7AAAC514CD0,0.10262885
CC_C7B39AE8206F,0.11093956
CC_C7BA884F8DCA,0.1497315
CC_C7BC592C11DB,0.045548033
CC_C7CB29EBCEE1,0.058712583
CC_C7D2BE35C77A,0.08817392
CC_C7E56C7FFA19,0.17627424
CC_C7ED63E403A8,0.094535366
CC_C7EFF4BBEE1E,0.075361766
CC_C7F1C90A261F,0.11225897
CC_C7F38C2DEDFF,0.20457998
CC_C807F881A35F,0.2420119
CC_C808346EF2A7,0.04649495
CC_C822401D05A0,0.15545663
CC_C82D0EB32984,0.10168733
CC_C82DE4520088,0.20735547
CC_C84080607284,0.066148005
CC_C85DEB66D6EC,0.25887704
CC_C8601860B3AB,0.31662613
CC_C86B56E5B000,0.11257646
CC_C874E7D8B96A,0.06389599
CC_C88F02C38654,0.14741817
CC_C895990DF270,0.12028293
CC_C896D6E93110,0.38345668
CC_C8A57920FB6B,0.08633928
CC_C8C2CEAC6750,0.51111495
CC_C8CBB38CF4B6,0.44535226
CC_C8DF2AEC8023,0.17453128
CC_C8E24B1925A2,0.2194989
CC_C8E2F0CA5050,0.6624474
CC_C8E875AAFD58,0.29400247
CC_C8EF7366016A,0.084428184
CC_C8F1FB9C56E5,0.08438115
CC_C8F2FF7E6DAF,0.17775333
CC_C916DC82A00B,0.32725957
CC_C91FF308D57A,0.07071406
CC_C9297D88CD26,0.29625362
CC_C932D885E1AA,0.19122033
CC_C947A66A6A34,0.127815
CC_C953D19C82A6,0.28548053
CC_C960365C1125,0.20793
CC_C96221203852,0.21471715
CC_C967937FC81A,0.69277537
CC_C97434767545,0.23488143
CC_C974620D4D4F,0.27883825
CC_C9749B07E3CC,0.12178451
CC_C979F86EC4EB,0.06202023
CC_C9882357496D,0.06862042
CC_C98B5F2B994A,0.10270332
CC_C98CA453DC7F,0.12120102
CC_C996515164AF,0.7060897
CC_C9A1B8F512F3,0.44139665
CC_C9E008678B77,0.076935165
CC_C9E89E3728DA,0.20413959
CC_C9EE0357CF4D,0.15640934
CC_C9F15C15BA6A,0.110728204
CC_C9F3BB887EB9,0.23405609
CC_CA0906B9B58E,0.06366238
CC_CA16B9133E4F,0.39369884
CC_CA2524A5C7AF,0.26922542
CC_CA2A17C9CD44,0.41264462
CC_CA32C61E255B,0.09323537
CC_CA37F92A8BC6,0.14799353
CC_CA3C9D0F42A2,0.5292233
CC_CA4669FF2379,0.12644888
CC_CA486E08F176,0.0713356
CC_CA5CF069C36C,0.07317041
CC_CA6AB58D2C8D,0.21767206
CC_CA6EDCBFA9E3,0.17564568
CC_CA6FB58C11F4,0.09250288
CC_CA7902338F91,0.19048974
CC_CA7BE11DCB92,0.1184841
CC_CA87A148C386,0.06763697
CC_CA8E7E45347C,0.11934004
CC_CA9214D0E170,0.14702603
CC_CAA07EABEF71,0.05833011
CC_CABC0190A9BF,0.4998415
CC_CABF171B8582,0.5065236
CC_CAC2F989A2D6,0.22035423
CC_CAC50FF13A43,0.39905903
CC_CAC9C52B6FB8,0.22907051
CC_CAE19DE8446F,0.08121948
CC_CAE5F6D8328C,0.45944017
CC_CAFA0C6DBCEB,0.05670359
CC_CAFE5D6E3E1D,0.11581093
CC_CB02A97FAC1F,0.2375998
CC_CB1155AAC7EB,0.11948756
CC_CB1B2FC5769C,0.17902938
CC_CB1BD3C19303,0.17775208
CC_CB2423DD4809,0.8054563
CC_CB33381406F3,0.67547673
CC_CB3CBA971E97,0.08523165
CC_CB45CB5C940D,0.20567684
CC_CB4A2667F8CE,0.21166584
CC_CB4EA92BE238,0.06782748
CC_CB4EE5CC0B09,0.15828168
CC_CB50BDD92A4D,0.24216512
CC_CB6A55831080,0.08355223
CC_CB6CE149111A,0.13490297
CC_CB6F9DA78019,0.048130687
CC_CB722FAA608D,0.19764888
CC_CBA786C05C1C,0.76044846
CC_CBA9A6206DCB,0.17122006
CC_CBB7AE2847B6,0.18267874
CC_CBB9DDEAC819,0.042249784
CC_CBC30D127BA4,0.07751174
CC_CBE67EF0D3C5,0.4895605
CC_CBEC318365B3,0.371578
CC_CBED6669EDA7,0.06893015
CC_CBF1B052FA7E,0.06531909
CC_CBFC7EFF2F94,0.12736702
CC_CC27394B5E35,0.07882303
CC_CC2A7B3D7A55,0.12447516
CC_CC34B2523794,0.17484364
CC_CC34E9023873,0.68394816
CC_CC37D81F02A7,0.64505637
CC_CC4822AEDB83,0.65627825
CC_CC5D6CAE5ADB,0.24626696
CC_CC6D27804EF0,0.07524059
CC_CC71D4876B90,0.1189808
CC_CC75EA7F2C8F,0.105122365
CC_CC9214A5C0CF,0.08927331
CC_CCA2B8D2446C,0.4405078
CC_CCAB3E56FD92,0.1877844
CC_CCAF321D46D7,0.04695538
CC_CCB46EA56584,0.22392845
CC_CCB60CB8754C,0.1556189
CC_CCD759553325,0.06948445
CC_CCDC28D49832,0.15768105
CC_CCE55029E621,0.6535134
CC_CCEA133D7268,0.51613617
CC_CCED6CEBC3D6,0.3286047
CC_CCEE76415B51,0.3245126
CC_CD1326D52AE1,0.63357764
CC_CD35EEA81CE8,0.30224085
CC_CD373485942B,0.080717936
CC_CD379DD39658,0.33882505
CC_CD37D5CF0EB0,0.1937655
CC_CD380545A7A4,0.07977508
CC_CD3A378249BA,0.27009267
CC_CD415B1C7741,0.045463644
CC_CD4976814F28,0.039918195
CC_CD4F5F1C357B,0.24604818
CC_CD54829713AF,0.07509157
CC_CD5E3556D5AB,0.1819351
CC_CD6C797F3C4F,0.06883734
CC_CD7BA8F6C4BD,0.11196177
CC_CD8352F0478D,0.1588921
CC_CD972E578564,0.8172849
CC_CDA1B20179B6,0.11192112
CC_CDA2A36B81B4,0.21549587
CC_CDF6354EC332,0.067156
CC_CE01E17132E0,0.040006574
CC_CE1280B30475,0.15562539
CC_CE134F878294,0.07853946
CC_CE229894AC00,0.13721654
CC_CE26907B9D30,0.48677188
CC_CE2755B42DAC,0.07689844
CC_CE2BD7F74421,0.28477523
CC_CE3784121355,0.12335758
CC_CE41F9FF509E,0.17635971
CC_CE5AF0E9A157,0.08636762
CC_CE5EA019DCAA,0.08872441
CC_CE6460FE39F6,0.11538012
CC_CE72D1734761,0.63522637
CC_CE7FC560768D,0.33628613
CC_CE871DB3950F,0.32900104
CC_CE8D1564C4F1,0.14850585
CC_CE93240526A9,0.3199348
CC_CE980FCAB154,0.28355592
CC_CEA0FAD348F8,0.09401861
CC_CEA369A3451F,0.06995724
CC_CEBA67081418,0.20721097
CC_CEC0C00FE770,0.56712437
CC_CEC3B21D2982,0.42702466
CC_CECEC680F701,0.14092818
CC_CEDB263DB07B,0.04368198
CC_CEDF9C14DC79,0.25754195
CC_CEF23255BE06,0.061921082
CC_CEF8C71C4E8B,0.39737096
CC_CEF91FDD41AE,0.38977075
CC_CF0B68684C3D,0.08224662
CC_CF149865368F,0.08636345
CC_CF2A7A5582C2,0.21482489
CC_CF2B3E37CF2E,0.3479523
CC_CF2F163CE005,0.1536856
CC_CF3C063DF626,0.16020861
CC_CF3E91DB8220,0.37990555
CC_CF3FB5744443,0.7277358
CC_CF4991B8EFE9,0.10985687
CC_CF53FD3AC9AD,0.040254526
CC_CF5A140B279D,0.16455865
CC_CF613A7162B6,0.1400924
CC_CF6A8A460B19,0.09492579
CC_CF792E77A16D,0.050190914
CC_CF7BAF373E0A,0.045459706
CC_CF8B1D0015C4,0.16287097
CC_CF8D0517B79F,0.072497636
CC_CF92037ACA93,0.25025707
CC_CF960A300F40,0.28311694
CC_CF96B6335E6C,0.16659117
CC_CF9880D67A7D,0.19404647
CC_CF9B249283A7,0.7099362
CC_CFABF7407978,0.20599723
CC_CFB2AE99EABF,0.12739024
CC_CFC0BC440771,0.1633061
CC_CFC235739F25,0.53476113
CC_CFC6E8954325,0.055308282
CC_CFD37EDB214D,0.2120703
CC_CFD93C04478A,0.60714287
CC_CFE0AA5381FD,0.61702394
CC_CFEB021AA137,0.054168247
CC_CFF6E2A6A3F9,0.2824772
CC_CFFDC4947256,0.16734709
CC_D009368CE434,0.056265026
CC_D02E59E08B02,0.05338975
CC_D03848B7353E,0.06051594
CC_D03A69B1563D,0.13445732
CC_D0576802096E,0.10577178
CC_D0582E0F3440,0.057952516
CC_D059D0BEC5D5,0.3111955
CC_D05C4A8F2A25,0.13775724
CC_D05FBA9B9040,0.7070898
CC_D0653EA71CAD,0.1765432
CC_D076A984B786,0.1436785
CC_D08FC2D99CF5,0.1790495
CC_D09942A02904,0.1170512
CC_D0A8EA2D37F2,0.12714042
CC_D0AAD35C800F,0.14625522
CC_D0D666EC0244,0.09608453
CC_D0F3F68F4452,0.5457685
CC_D0FBDE8ABAA7,0.11137611
CC_D103D50237D9,0.25412858
CC_D11E5A30CF3B,0.2656482
CC_D122B30AE7CB,0.5459278
CC_D1679B40D83A,0.07658765
CC_D1760785D631,0.22431783
CC_D18088587757,0.2276148
CC_D184160042B7,0.34267995
CC_D1886485E8B4,0.1170931
CC_D1893DD5B4D4,0.08757181
CC_D18B60E035CE,0.7191807
CC_D191D099789D,0.08235194
CC_D1BDB41E7FF6,0.11707256
CC_D1BE2E6E9C9F,0.21709919
CC_D1BFB29BF61C,0.08522936
CC_D1C259F80E13,0.10059945
CC_D1C63DA9CA93,0.10214646
CC_D1C931E4F305,0.069223225
CC_D1CE25F271BE,0.15307084
CC_D1D2127A0C67,0.05706224
CC_D1D31EA359F4,0.15262058
CC_D1DB888BD9B0,0.11382953
CC_D1E82B9DD102,0.15550266
CC_D1EF68A649AA,0.14497665
CC_D1F05E69F80F,0.060090948
CC_D1F6FE158DCF,0.20855126
CC_D205612FD566,0.6405963
CC_D21474C31E3C,0.64748925
CC_D2195A061A0E,0.6699673
CC_D2199CC1CB08,0.03765241
CC_D21FCD9DFE53,0.53155714
CC_D233B2C8062B,0.4032619
CC_D234CF2C21AE,0.67465603
CC_D2373015DF41,0.058609903
CC_D239CBE1012A,0.11268846
CC_D2591377E980,0.71911275
CC_D25E25C831B5,0.07675705
CC_D262BB13DAAF,0.273945
CC_D272BC699F38,0.06287907
CC_D2813C835750,0.76222694
CC_D285B0D67016,0.036240328
CC_D28FB525E310,0.25171435
CC_D2AFEE04E96F,0.051291674
CC_D2BBAA423304,0.23698363
CC_D2BE8B4011D7,0.06660171
CC_D2C49D2FEBF8,0.1873066
CC_D2D09498D333,0.16028741
CC_D2D187DA334A,0.11890523
CC_D2D47A5386CE,0.24703674
CC_D2E98F50621A,0.054061055
CC_D2F265035F0A,0.051906385
CC_D2F91355C6D0,0.15377133
CC_D2FC934F8324,0.13584515
CC_D3044C67CFFB,0.07025998
CC_D313F2C49E46,0.3558621
CC_D31FFB053D60,0.11179201
CC_D336DB6323BB,0.3396428
CC_D343A7CBA377,0.07659508
CC_D345AF4C4B61,0.14462246
CC_D34FA9410740,0.07354735
CC_D354C5D1665A,0.1353031
CC_D35E96480AF8,0.25645235
CC_D3616386D6D2,0.15431827
CC_D365173E852D,0.7875422
CC_D3683C6CFC5C,0.6065045
CC_D373463038E0,0.06742136
CC_D379CF8E3FAB,0.7309808
CC_D37B4CA7F3D8,0.06579671
CC_D37B5B3CA4BE,0.66179895
CC_D39265D7B6C9,0.057137854
CC_D39E3F732408,0.067705795
CC_D3A7B21165B3,0.21732488
CC_D3A9028A4660,0.060732473
CC_D3A948322BD5,0.6947174
CC_D3B95DB5E6C1,0.29347077
CC_D3C8C5014D5C,0.19607654
CC_D3D80929AF52,0.12064457
CC_D3F25136073A,0.17922059
CC_D4102AD032BE,0.20165396
CC_D416EFCEAD89,0.047207437
CC_D41C5030494A,0.71235526
CC_D42E477596A3,0.063431986
CC_D432C89BADA8,0.13612519
CC_D434638E9569,0.124658585
CC_D4518F98BB77,0.096802585
CC_D452847F2A4C,0.08613571
CC_D454056F92E6,0.22087225
CC_D461FB973AB2,0.7836558
CC_D462250B13D3,0.36549872
CC_D48E686A834A,0.64728504
CC_D48FFD985E51,0.08798731
CC_D49263A1BDF7,0.10946627
CC_D49668C65C33,0.040905174
CC_D49D9C57A849,0.07767616
CC_D4A029A150E4,0.21288581
CC_D4AC998C0BC8,0.7053911
CC_D4B02AAFC697,0.11840035
CC_D4BDF0F4FE9E,0.11284894
CC_D4BF2778371B,0.1431152
CC_D4C0F4DB3501,0.16921875
CC_D4C6DD8A364F,0.1430261
CC_D4CDE2A1E174,0.1507365
CC_D4E7EE35695B,0.12187834
CC_D4ED652E86DF,0.3034231
CC_D4F844B54B84,0.05269869
CC_D4FA0055DB4A,0.05277754
CC_D4FDCBAFEC74,0.7344378
CC_D517D90E105F,0.076904215
CC_D52B87A01028,0.1960809
CC_D530C3D1DBF8,0.6587466
CC_D5327E41EBA2,0.14094603
CC_D53C8BCA531F,0.10052246
CC_D540C7ABF683,0.68522716
CC_D54105FC1349,0.3850364
CC_D550CE8B9313,0.725493
CC_D55C5B432387,0.18018588
CC_D5646FCC5E14,0.5406167
CC_D56F34613338,0.10748446
CC_D573AF0F1674,0.11667271
CC_D586E2C2B3EF,0.21526316
CC_D589E388CA02,0.062334947
CC_D58EBD954E68,0.256131
CC_D59AFE884BDD,0.37676862
CC_D5AC596A85E1,0.16893484
CC_D5B99B578573,0.050945394
CC_D5CBF4A4D3B3,0.1134904
CC_D5CE05EAA837,0.23147182
CC_D5D36A6C8DB3,0.07677813
CC_D5D8D545736F,0.0694715
CC_D5ECFAF8C1A3,0.06250614
CC_D605715F737A,0.12083197
CC_D617428B4B0E,0.3993414
CC_D61E8E5C4414,0.118937925
CC_D652B5F05769,0.1961427
CC_D6564D0CB9A8,0.20141864
CC_D66183657419,0.06796967
CC_D66BDD3E1AA7,0.1655448
CC_D66DA331534A,0.11839394
CC_D687A780C0E6,0.044775818
CC_D6AE871A4C9C,0.11455212
CC_D6B7AF1FBDD4,0.49232525
CC_D6B874308353,0.5043515
CC_D6B8F47FE484,0.37696487
CC_D6CB1BFDCEEA,0.10446526
CC_D6D47D7E1C51,0.04666751
CC_D6DE060699C6,0.16664733
CC_D6E06014457F,0.81920165
CC_D6E8E17EA449,0.33341667
CC_D6F216AB1C4A,0.15178423
CC_D6F5E3A51C8A,0.11007973
CC_D6FB3B76D7A0,0.6270529
CC_D6FBCD4BA3DA,0.29304826
CC_D70918916097,0.5102612
CC_D73B1B9B81A5,0.05201266
CC_D73E9E24BB48,0.16319509
CC_D74AA0F20466,0.12571384
CC_D750070C44BB,0.7250015
CC_D7529675CB7D,0.15724684
CC_D75C8CDB510B,0.5780967
CC_D76009C47709,0.28674182
CC_D771775A58F5,0.19998047
CC_D77F9D613EF7,0.16122651
CC_D7999C3EDE22,0.16502014
CC_D79BF1D26499,0.18073276
CC_D79C05885899,0.10368256
CC_D79D4F15D10C,0.047898028
CC_D7A11E3512D2,0.05797909
CC_D7AD7A7279C4,0.11328001
CC_D7B35055AF0D,0.21571037
CC_D7D99409D57E,0.2980651
CC_D7E403181D8F,0.1112568
CC_D808C7BA9399,0.13524231
CC_D80DE8B544F3,0.04173032
CC_D81D19AEFB77,0.040689673
CC_D81F317F6384,0.13513425
CC_D844D9DF962C,0.09707967
CC_D847D978387D,0.049270876
CC_D85C7B85C440,0.31578237
CC_D885591596E7,0.0813119
CC_D887D07BDE23,0.38941085
CC_D88ACC0CFDA5,0.11762736
CC_D88BDD0F510C,0.06266625
CC_D8956424CB37,0.3555902
CC_D8959BB99A7F,0.2008719
CC_D89A9A14B5E8,0.06041178
CC_D8AD01F3CCE7,0.051116735
CC_D8B4122DC296,0.13347287
CC_D8C38B187875,0.71052736
CC_D8E55509595E,0.05878238
CC_D8E6B90C37A3,0.103682734
CC_D8F1AECFCC2F,0.0636155
CC_D8F7672C70D7,0.038802363
CC_D8F7E904E7DF,0.16674957
CC_D8FEF1C99F88,0.6820338
CC_D90761F9E9C9,0.41698623
CC_D90D9D5C8FEB,0.10622171
CC_D912917A4F4E,0.739851
CC_D91ECE64FD0C,0.13446821
CC_D9325E5695D5,0.06386637
CC_D9563654A397,0.15776166
CC_D95766A6C24F,0.113768816
CC_D95939B1BBFA,0.06057927
CC_D96729C38BC9,0.093416736
CC_D9791EFF766C,0.21685798
CC_D97AA7C54F6D,0.118060805
CC_D98BA5CE8EE6,0.5012311
CC_D991DAD5413D,0.14785102
CC_D995C89AA359,0.21503437
CC_D9A54F55AD6A,0.11210573
CC_D9B87A96C353,0.2653818
CC_D9C42B0B6A0C,0.21359178
CC_D9D487E78FAF,0.62205994
CC_D9D744A66B09,0.09290059
CC_D9DA3F6E2E7E,0.1230347
CC_D9E5792258E4,0.08249379
CC_D9E6B9CBEB77,0.05410089
CC_D9F0CDB02AC6,0.13229804
CC_DA0201D1BCF2,0.091018796
CC_DA0500AFE692,0.07291947
CC_DA0E0BD3880D,0.26592687
CC_DA10F53AE655,0.6563077
CC_DA1643A835A2,0.0972444
CC_DA1C5BAB7E35,0.4526267
CC_DA1DC6A6371D,0.18973179
CC_DA1E6B31DD2A,0.6253512
CC_DA1F282809D0,0.040967565
CC_DA226442D919,0.7591604
CC_DA31EC318B1F,0.070989594
CC_DA33597C6459,0.12477376
CC_DA43CFB5CC2F,0.20755506
CC_DA481C72B8A4,0.2140862
CC_DA55447636EB,0.055697996
CC_DA5AE34842E3,0.093524635
CC_DA6880B018AC,0.18276992
CC_DA700A961616,0.19530952
CC_DA7E65F1E6AA,0.066768266
CC_DA80FAA7FE30,0.1039523
CC_DA8DCCC1199D,0.32904774
CC_DA8EA724C1D3,0.4445905
CC_DA8FA65D1924,0.05973692
CC_DA99D1E41C3E,0.060629986
CC_DA9C3BEFD0B3,0.16712987
CC_DAA3B7FE1C62,0.07341671
CC_DAACE4211B34,0.15741956
CC_DAD239E56638,0.78032106
CC_DAD4BC090253,0.08562566
CC_DAEDBA26BA12,0.28738004
CC_DB1EB08EB40E,0.12795298
CC_DB2314ED6960,0.08646605
CC_DB25E05EC5CD,0.39155373
CC_DB3BE0C87882,0.055098526
CC_DB44628BC147,0.14159217
CC_DB562E602BA8,0.13763788
CC_DB61D7F5F8F2,0.6562959
CC_DB6498598C32,0.16517954
CC_DB6B59FB6E30,0.045766823
CC_DB801B947698,0.28294736
CC_DBB8C467FF1D,0.09629615
CC_DBCD21C2C322,0.07105169
CC_DBDB148E45DD,0.10986082
CC_DBDF9BFA7E87,0.10696796
CC_DBF5CD2D854F,0.19254917
CC_DC0077DE6E39,0.17655738
CC_DC23159A1F99,0.07091151
CC_DC2458827FD8,0.21248789
CC_DC2BE35D58AC,0.20958371
CC_DC49C8D3F7EC,0.5154935
CC_DC5DE66826E9,0.10996129
CC_DC6063FC6464,0.0755867
CC_DC771AE1B4BA,0.68669283
CC_DC7DEBC30E17,0.42387328
CC_DC978F3A711F,0.65541875
CC_DCA2140C7BC4,0.17802481
CC_DCA5CE7C9DC3,0.23864193
CC_DCB5798049B2,0.1204582
CC_DCD10C95C942,0.49496698
CC_DCD145E8E729,0.28918925
CC_DCE0BFC03B86,0.058671802
CC_DCE75AE2FB52,0.060097385
CC_DCFCEEF21BA7,0.34472036
CC_DD12A8C462FA,0.06781187
CC_DD14867350AC,0.17101328
CC_DD232BC8881D,0.21553917
CC_DD2473D34D68,0.18716556
CC_DD2B5C4CD318,0.060532916
CC_DD4EC06C3A92,0.24450584
CC_DD5299DA8C1C,0.08124307
CC_DD59BFF18ABC,0.1464147
CC_DD6777E1B05C,0.05187782
CC_DD6EE1501B89,0.11608104
CC_DD78B52AE022,0.1309891
CC_DD7983A07B43,0.66238916
CC_DD80B5CC495F,0.113450214
CC_DD8956B71825,0.63594383
CC_DD8D40E7E2A9,0.09915699
CC_DD9972D0B63E,0.098776795
CC_DDAE70634ED3,0.09529416
CC_DDB4A9FF2B03,0.08763413
CC_DDB68302DA2A,0.19228265
CC_DDB9DEC9C037,0.074764386
CC_DDC610D2B2F0,0.055447288
CC_DDCAEC6BD9F0,0.19317713
CC_DDDF665EBD93,0.2867752
CC_DDE66EBF2157,0.067590445
CC_DDE8B7E9C7F4,0.33398318
CC_DE019FC36D28,0.36194015
CC_DE07076B04D5,0.11813191
CC_DE07AECD2361,0.046739746
CC_DE08A4514010,0.5041687
CC_DE093FAC5293,0.5402778
CC_DE17BC1C2324,0.0821837
CC_DE1B13B3E504,0.04155408
CC_DE4264861B73,0.09915917
CC_DE4810B88C51,0.29585406
CC_DE4EE8A16896,0.1209874
CC_DE523A2403BB,0.08847092
CC_DE52860CFBBE,0.15048745
CC_DE593193FB9C,0.15776251
CC_DE5A9B499ED4,0.08783854
CC_DE6AFFA63ABD,0.082112655
CC_DE7CEC14CCD5,0.66869605
CC_DE7D7B5BBB14,0.62624985
CC_DE81AAB7BF48,0.05390361
CC_DE8956D433E2,0.6490211
CC_DE8FB8D1CB71,0.3078424
CC_DE90D07B269D,0.19670615
CC_DE9A62529780,0.13827877
CC_DEA425EA8441,0.103767276
CC_DEBE01582EFF,0.20389657
CC_DEBFD4E79A38,0.043965805
CC_DEC97F13CB8C,0.20132339
CC_DECF1507C86D,0.17999844
CC_DED24C8D047A,0.10487293
CC_DEF4AEBD31C8,0.24446054
CC_DF062F698349,0.10878235
CC_DF13D5CB626A,0.11519358
CC_DF15C526CDC5,0.04773239
CC_DF1F6C68F7D2,0.14506543
CC_DF3EB88F509B,0.12063074
CC_DF4E332C886F,0.03899321
CC_DF514171DC30,0.1615994
CC_DF536CEAE5C0,0.05934777
CC_DF5806CC2CFF,0.12662819
CC_DF715690EF20,0.1968638
CC_DF718A37AF15,0.084216684
CC_DF7276DD74AA,0.12172599
CC_DF750B2D6872,0.32473463
CC_DF9FB6670627,0.07653148
CC_DFA65A0125D9,0.050822534
CC_DFAE355359B8,0.20247173
CC_DFEA562F7BCF,0.29034185
CC_DFEDAF0F0D6E,0.045104243
CC_DFF6F74C64B5,0.64253956
CC_DFF87DF16763,0.14185588
CC_E00D8ECE9FA9,0.1651727
CC_E027E36615C0,0.48108983
CC_E02E23CE49A8,0.073359154
CC_E030B3AEBF19,0.14264034
CC_E031A4C862C1,0.14469725
CC_E0339B331F4F,0.09087365
CC_E038981B2FEE,0.13518903
CC_E0463868968B,0.16310129
CC_E05A8621B581,0.3287609
CC_E07FB0312232,0.13966377
CC_E088594E0624,0.21087007
CC_E09AC3B1E534,0.11382224
CC_E0AC29AFCF97,0.16957572
CC_E0BAC6E0D0DA,0.094097026
CC_E0DDDA07F0A1,0.15026507
CC_E0DF45AB72B6,0.17918722
CC_E0E1F8E7379E,0.099592075
CC_E0EF095444A5,0.17258795
CC_E102E4F7F8B4,0.27742067
CC_E109B4CA6A8D,0.16071472
CC_E11470A2D92C,0.40076247
CC_E117B8A6ADC6,0.038455628
CC_E128015073F3,0.08456513
CC_E131D5EB9237,0.19894025
CC_E14A24095E9F,0.16830091
CC_E14CADF89123,0.49047303
CC_E16876025011,0.054778367
CC_E16C71C15D04,0.7150949
CC_E16F1BB83653,0.05578969
CC_E17448FB08EF,0.49708852
CC_E17AAACEB07D,0.08674992
CC_E1875522DC57,0.14463767
CC_E18A0734641A,0.10748632
CC_E18A22453843,0.07008447
CC_E1B4E3360C0F,0.16838992
CC_E1B5AE645169,0.054112203
CC_E1B71F6B7DD2,0.24204394
CC_E1D073F693A2,0.2642978
CC_E1EA83C31C66,0.106074475
CC_E1ECAE226485,0.23827009
CC_E1F0C5076481,0.083456345
CC_E1F78CE289D8,0.05824099
CC_E1FBCECE0A54,0.21119507
CC_E1FD46CA26D5,0.08985053
CC_E20E7C7164A6,0.7642292
CC_E211E2698C14,0.038732555
CC_E21B4F587C45,0.14711592
CC_E22A278A1386,0.057853393
CC_E24078C03B7C,0.15062554
CC_E2452737F950,0.121999145
CC_E246119AA09C,0.6315888
CC_E246942C7310,0.07741737
CC_E2474A334F3D,0.0909528
CC_E2489637D0E8,0.16438882
CC_E2521AF9C2A2,0.08254045
CC_E253F4AC4762,0.5897149
CC_E257805D0F0A,0.20810024
CC_E25A924EDB70,0.09232947
CC_E25B5D5502AD,0.10178691
CC_E2619E24BEDD,0.65711296
CC_E274DAF3C064,0.07972418
CC_E2787CBDFBF1,0.15068029
CC_E28AE2E68BB7,0.716406
CC_E2C3E272D059,0.251597
CC_E2D653061523,0.42720586
CC_E2ECDC7D23EE,0.14343622
CC_E2F0E725C3AB,0.056440204
CC_E2F7712CD056,0.19748697
CC_E2FD7FCF0AD5,0.7881659
CC_E308C7DFB2F2,0.12726189
CC_E30B791D5F11,0.20185769
CC_E315F7A94400,0.35632685
CC_E31DAB1E73F5,0.061994977
CC_E32034C97E83,0.24263433
CC_E32DBED5EAC1,0.2573803
CC_E32DDDDEE3CB,0.1993269
CC_E343EC3EB052,0.6549923
CC_E34A04E78D60,0.206103
CC_E3503B565AD0,0.25483963
CC_E356B05ADD56,0.20119269
CC_E35D02BE6780,0.03368081
CC_E369AAECB2B1,0.4819488
CC_E36ACDB4F96F,0.48067492
CC_E36C7F0E1657,0.82644016
CC_E381FD4674D5,0.040582214
CC_E38E3835121E,0.052808963
CC_E3A70438A0C1,0.2492609
CC_E3B5C76189F3,0.2247527
CC_E3B7B7E57889,0.1731223
CC_E3CCC0D886D9,0.16689327
CC_E3DD8AD10171,0.29106253
CC_E3E230CF20A1,0.20399395
CC_E3E4B2543CCB,0.061539
CC_E3E5DF01E014,0.17067802
CC_E3EB157288A2,0.0913826
CC_E3FBDA203EDF,0.17789114
CC_E404FCA6CB2B,0.6959789
CC_E4054F9C8442,0.30893195
CC_E405D808772F,0.04844316
CC_E4137B250609,0.42123032
CC_E41482A7E968,0.07190357
CC_E421FA1874F4,0.10033381
CC_E42C38BBBD04,0.20367344
CC_E42D90BFB285,0.048804447
CC_E42EFC05C891,0.06385894
CC_E430F3C75969,0.13672975
CC_E4576D6B6478,0.09418307
CC_E46B27A13728,0.40183315
CC_E4783FB590D4,0.1832126
CC_E489009C6500,0.17665128
CC_E493CB46177D,0.09259502
CC_E496AFA9B40A,0.30813223
CC_E4A2FFE0EE1F,0.11415193
CC_E4C553538385,0.31314504
CC_E4C7B5501ED1,0.13502145
CC_E4C8A5A60F51,0.13852684
CC_E4C94AB69214,0.362223
CC_E4D75244E8B8,0.18440273
CC_E4D9A8EEDBAE,0.20665415
CC_E4DF787730AA,0.15194896
CC_E4E0DC070132,0.17368352
CC_E4E3C08B7F86,0.04821945
CC_E4FEEB4389C9,0.30466318
CC_E50598344DD9,0.33067107
CC_E50C634A9A18,0.04386597
CC_E5107337FDD7,0.073716626
CC_E511BFCFEC9E,0.6413948
CC_E51318749E09,0.1406043
CC_E53FE6708AD9,0.617136
CC_E54290FEA34D,0.093537405
CC_E54B723C018B,0.05016122
CC_E554618F383B,0.10013964
CC_E557336955A2,0.114296556
CC_E55B48E73651,0.21491829
CC_E55D8DC645B9,0.05829683
CC_E575DA02C575,0.20091283
CC_E576BD98A727,0.16700716
CC_E578DC77656B,0.12461603
CC_E57F3EAFD9A3,0.13058966
CC_E59A01603B7D,0.2745142
CC_E59B2D974CB3,0.20007467
CC_E5A1C44F0F07,0.6370562
CC_E5A8BDF6BFC1,0.17665038
CC_E5B284DA0E5D,0.09190287
CC_E5B8363BB378,0.5673591
CC_E5D8BFFA5F88,0.060283076
CC_E5DA04902EFD,0.2571678
CC_E5F53CFC20EC,0.075663686
CC_E5FAECE63C59,0.4693962
CC_E5FB6E872C58,0.10377457
CC_E6045565E7ED,0.08426847
CC_E60845ADC7F1,0.047920134
CC_E61567D6B392,0.094677046
CC_E62174AFA94C,0.18584196
CC_E6247DD14641,0.08103375
CC_E6289A61F0ED,0.10621794
CC_E62E32FB6FBB,0.037014663
CC_E62F6BE942DC,0.22952494
CC_E63E49B128AE,0.08322011
CC_E63F89885A3E,0.78263587
CC_E6466E6A92CB,0.20982859
CC_E64BC95F8B2A,0.823573
CC_E64C652BBAB2,0.07101643
CC_E659DB355476,0.21445754
CC_E65C8BA5A7CE,0.069663726
CC_E65F39446752,0.3390241
CC_E67395791589,0.19608827
CC_E67622A69EEF,0.083487734
CC_E680830CAEF3,0.0622694
CC_E6823643AC4C,0.67471635
CC_E683F33931BB,0.11913302
CC_E68841DEB163,0.08977362
CC_E68B2C33D180,0.12789991
CC_E68EE6EC2618,0.053180218
CC_E69508D3D3F1,0.17163754
CC_E698F1348426,0.21156466
CC_E6A178F3709D,0.12060092
CC_E6A4B6E8619C,0.6446179
CC_E6B3887C66BB,0.31655124
CC_E6B6BBBDBEDB,0.3193544
CC_E6DBD0F9DC3B,0.058650553
CC_E6F090F70DDD,0.24989788
CC_E6F2D8CB45C6,0.08321613
CC_E6F8FBEDA2A7,0.068329476
CC_E70854CDFE9C,0.06494292
CC_E71C05F07F85,0.06786625
CC_E72797CABC60,0.10226365
CC_E727C1153226,0.097963944
CC_E73489D828C7,0.13727799
CC_E7355465CE6A,0.080504976
CC_E73CDBC743FF,0.2254849
CC_E74F00E75A4F,0.06581071
CC_E751F7E19192,0.14118311
CC_E7522AD6431A,0.5636877
CC_E7523630D2D9,0.28512716
CC_E767372DD95A,0.6251363
CC_E76C5DFD3BA6,0.23556761
CC_E77326438575,0.19348563
CC_E77E29E11EB1,0.15589802
CC_E78F20B3223F,0.6983055
CC_E79A23E64518,0.098392636
CC_E7AC69AEA182,0.68760735
CC_E7B754CA9668,0.059453808
CC_E7BA60365AE8,0.15066963
CC_E7C95D4A741C,0.06846408
CC_E7D3D728EC5B,0.14804049
CC_E7E4D5F851D3,0.066608354
CC_E7EA49D37B64,0.37256357
CC_E7EF11A24F73,0.7658335
CC_E7F6F9A7EC65,0.08580915
CC_E7FBC7F69DBB,0.19126874
CC_E80B1A55A74D,0.17068936
CC_E824AB0AFDBB,0.2086647
CC_E826DAC92D9D,0.22259045
CC_E83AB7100D06,0.14271744
CC_E83E6D31EC76,0.23955603
CC_E86650461FBE,0.17498788
CC_E868A3754B11,0.82969344
CC_E86A993F7D05,0.09306591
CC_E87992FBEE80,0.6742971
CC_E87B909C4DDD,0.21175854
CC_E8828BA7EE08,0.14107339
CC_E886157F6FBD,0.3184658
CC_E88711C5C98E,0.11024542
CC_E887680BB6CC,0.16958494
CC_E8909BF77D8D,0.111610055
CC_E8A82DA3A246,0.14382687
CC_E8AC7545DBD3,0.07391317
CC_E8BA6B224C3E,0.10322424
CC_E8C6CA45BF72,0.21157154
CC_E8D2E3126A8F,0.6667309
CC_E8E55DAC4FF9,0.06113296
CC_E8EB77AF3F78,0.7672323
CC_E8F2C6905503,0.38065988
CC_E90831F897A9,0.16361873
CC_E90B14D51185,0.5573467
CC_E9188329C9E7,0.079261445
CC_E91E1C0C0C61,0.6038867
CC_E91E9D34C5F3,0.13336629
CC_E91F555DBA96,0.15520474
CC_E932CFF4B4A4,0.20221832
CC_E93643CB34CA,0.19009219
CC_E937CA493910,0.16149952
CC_E9409A50B4BF,0.54099643
CC_E96711AD5512,0.053634565
CC_E96A3E6912B4,0.5001645
CC_E98AEE74B9BC,0.2314173
CC_E992FB78BC2D,0.25879267
CC_E9A3AECEE3A9,0.08457466
CC_E9BDA7766728,0.34816375
CC_E9BF1AFE86C3,0.18869108
CC_E9CA055AD1A3,0.121448636
CC_E9CA0A56E917,0.17693684
CC_E9D3453F53AC,0.5951297
CC_E9D46EFFA839,0.19827473
CC_E9ED872B6037,0.044522382
CC_E9F40C1B559E,0.11434011
CC_EA06928C0AA9,0.26720864
CC_EA0A46F64C80,0.12848768
CC_EA114B15FC04,0.5620265
CC_EA1F3F67BA2E,0.09789021
CC_EA21618614D1,0.6481325
CC_EA26B5A89181,0.2301673
CC_EA26C6C27662,0.14730053
CC_EA3B5AC76649,0.1923305
CC_EA4E669C8528,0.08734457
CC_EA6917E7A5C2,0.6749954
CC_EA8A25862433,0.15167788
CC_EA901D7CA670,0.1573457
CC_EAA2BCE323EE,0.7006214
CC_EAA6D5189190,0.1236221
CC_EAAA8DD7FAAF,0.14543986
CC_EAB7408CCE0E,0.2964513
CC_EABEDB3C4827,0.15050536
CC_EAC6D83D1BFC,0.048263907
CC_EAD7F3E9DAD1,0.062074434
CC_EADC7D8196C2,0.22693348
CC_EAE608E24E29,0.04318287
CC_EB05AD2C7C27,0.048555713
CC_EB1DA337E2D1,0.12965387
CC_EB1F425EC937,0.12413535
CC_EB2FE764BF6D,0.12726526
CC_EB55483587DE,0.13519338
CC_EB569B3E2E12,0.57039416
CC_EB57E6E6C96C,0.20122492
CC_EB5A0FE0605C,0.11144674
CC_EB64EC97D01D,0.1512633
CC_EB691249B91A,0.1574866
CC_EB7C50A7D4C1,0.50810146
CC_EB7C52FDBEC3,0.15490803
CC_EB86FED24535,0.27114612
CC_EB89DECC2021,0.09700083
CC_EB999F9D6095,0.19953866
CC_EBA2F85924CE,0.06647708
CC_EBAC5A53FD11,0.09011525
CC_EBB109EF7619,0.14274576
CC_EBBD00C18763,0.08065125
CC_EBCA68C7854D,0.06021618
CC_EBCBDE122879,0.13739693
CC_EBDF6C88BBA5,0.058156885
CC_EBEDAC91ED43,0.09060788
CC_EBEEC4183FDE,0.0507769
CC_EBFD9D007253,0.42865938
CC_EC1ABC58E09A,0.16843185
CC_EC26EABA68DC,0.77198184
CC_EC2A485A3E71,0.14914319
CC_EC3B9E2FE47B,0.07090399
CC_EC505F03EE5F,0.038873933
CC_EC5317EC6706,0.15486479
CC_EC5B7FBD1EA7,0.14970759
CC_EC5C7471FFC5,0.054089792
CC_EC5D92B3617B,0.24122491
CC_EC5E214BFED0,0.6541411
CC_EC6406527201,0.10773224
CC_EC79022358C6,0.31472224
CC_EC831A90189F,0.08839314
CC_EC87C131FADC,0.061160445
CC_EC88785D6F39,0.17023554
CC_EC9173F5284E,0.05031573
CC_ECB7B3B6272E,0.06579358
CC_ECBF4CED56D1,0.11299235
CC_ECBF80B94EAE,0.7894876
CC_ECC78B7AE3F1,0.54210556
CC_ECC7E9E691F5,0.16961412
CC_ECC9235F612E,0.26075217
CC_ECCB0BD557DC,0.15860136
CC_ECCCB1B4EA8F,0.088746
CC_ECDDF4983DD9,0.05163762
CC_ECEE93C4F564,0.48662633
CC_ED07BD8B2CB3,0.05353136
CC_ED0F4A02A01C,0.30006438
CC_ED11D72A1D3B,0.06528892
CC_ED165FC5A06F,0.05402087
CC_ED2B6A40ABC7,0.2790831
CC_ED390F22A931,0.08448923
CC_ED40E7CE5177,0.20821007
CC_ED4E4B13DB1A,0.04094932
CC_ED4F22572419,0.13505693
CC_ED5AE5CB1DC5,0.10493658
CC_ED6090A4E6E4,0.19543026
CC_ED645D91E6A5,0.1189221
CC_ED6B045B6075,0.13960049
CC_ED9313C71C57,0.14233181
CC_ED9BCE7C776F,0.76729757
CC_ED9D4644716C,0.1853069
CC_EDA794402358,0.22747728
CC_EDAADACD4DED,0.13013788
CC_EDBAD2E989FB,0.12191161
CC_EDC98B474E76,0.32074457
CC_EDD1FD49A66A,0.76625067
CC_EDD448008C0C,0.6449202
CC_EDDA3B790095,0.07702217
CC_EDF95BF0E3D6,0.19866192
CC_EE03D7C2BC69,0.0709369
CC_EE0D95184E81,0.06010012
CC_EE0FF690C214,0.44693404
CC_EE2412C352D5,0.070262216
CC_EE2A010019CF,0.082135536
CC_EE2AC730827E,0.06675388
CC_EE3236E6A9FD,0.12878437
CC_EE3759EA49FF,0.16294189
CC_EE38C78AD88B,0.3365937
CC_EE3CE0FD6B77,0.58901614
CC_EE6B7E58FC63,0.045667257
CC_EE6E02464067,0.2286901
CC_EE6E1FA7A753,0.15215364
CC_EE6FCE6C233A,0.18001714
CC_EE88C07B9333,0.110888645
CC_EE9004165810,0.070283614
CC_EE9BD17AD343,0.059061535
CC_EEA608D5A455,0.1531276
CC_EEAFDB1BB486,0.56524104
CC_EEB482736C41,0.17914678
CC_EEBD9DA093E1,0.053623486
CC_EEF23DDD2262,0.12995867
CC_EEFBDC9AD94A,0.073927894
CC_EF05000895F4,0.47426954
CC_EF16B2CE0988,0.38961238
CC_EF1DD3F0CBDF,0.059755206
CC_EF2D82085BB9,0.08780663
CC_EF2DBE79D656,0.25246948
CC_EF3000C48A4C,0.07163134
CC_EF359AF608EA,0.04697249
CC_EF362432D758,0.31607398
CC_EF548B30F1B6,0.23274632
CC_EF5B403DFD7E,0.09745284
CC_EF66DA0DDF9C,0.26240188
CC_EF70BA4AEEC4,0.16133592
CC_EF83DD56FCC5,0.06670846
CC_EF8B642A6F8D,0.07966794
CC_EFA1EB27DA19,0.042582817
CC_EFAE84EA9BDE,0.097799264
CC_EFB26BEA106E,0.34070036
CC_EFBB51CD8502,0.19838874
CC_EFC18E9B3B55,0.1322109
CC_EFC4B0020E2D,0.10878291
CC_EFC9FA5108D9,0.124574706
CC_EFE45D9B9D9C,0.049670648
CC_EFF27FA98DF1,0.062399514
CC_F000DA497736,0.2366637
CC_F00107DE219E,0.59450525
CC_F009FC54A64B,0.7768334
CC_F01DF28C6BFF,0.08372154
CC_F037C91F63BF,0.12795682
CC_F03FADA95A03,0.7179388
CC_F05235F3C894,0.14779365
CC_F0649FEBFEB8,0.505571
CC_F066C78B5C0D,0.13849217
CC_F07313626618,0.6520232
CC_F0783F6A56F5,0.78836286
CC_F0791523691A,0.14202698
CC_F080750455CE,0.05918325
CC_F0809EBB0B51,0.040488854
CC_F08259F86E23,0.18766591
CC_F0929F859702,0.17894493
CC_F0A7203CCA39,0.13039462
CC_F0CD4DD9C63C,0.19361947
CC_F0D29AD328E5,0.16691124
CC_F0D339E5B80C,0.060912948
CC_F0D3BC14FA77,0.08289854
CC_F0E16D28D49D,0.17615512
CC_F0EBE2C00A7B,0.07518336
CC_F0F137758DC2,0.0577505
CC_F0F6BD40CA43,0.3561408
CC_F0F6FCF6010F,0.16400185
CC_F0FBC9D4ECA1,0.038959805
CC_F0FEE924096C,0.20602873
CC_F1074E035DE6,0.052122116
CC_F108D26930FF,0.3724502
CC_F10DB853B9DF,0.38900867
CC_F10E06D52D76,0.1428226
CC_F11F5F477B91,0.6941558
CC_F14913B5BE1B,0.7289008
CC_F156C1647E3D,0.07480413
CC_F1598097E314,0.6592964
CC_F1641E3AAB3C,0.053779535
CC_F166878FB959,0.061908208
CC_F17540FE7C9F,0.12015115
CC_F175BB08B29E,0.060306825
CC_F1782AF286D0,0.38913098
CC_F1796AD4B774,0.52280766
CC_F17B3A3A5E56,0.63009197
CC_F1858D6F0080,0.20257688
CC_F18689FA8E29,0.07575045
CC_F18A82B0F153,0.14777279
CC_F1AE7142A128,0.120747626
CC_F1B43DD57C9C,0.11926027
CC_F1BCB7676492,0.08307178
CC_F1C8B8BB90AE,0.1435097
CC_F1E044CD2D75,0.23605049
CC_F1FCB96B5E14,0.24222963
CC_F2067E92A939,0.12951286
CC_F21512554CC9,0.07648598
CC_F243956B7575,0.088289835
CC_F24FBC9FD3F7,0.35288578
CC_F252EB3F208B,0.070471704
CC_F25D793346CA,0.3537678
CC_F25EB1ED5AD9,0.05859534
CC_F265A0AE845F,0.60255635
CC_F274BB4AEBE0,0.098734066
CC_F28BF2185131,0.11650826
CC_F29077E45AF0,0.17975017
CC_F2988560CAB8,0.35511032
CC_F2993AB36C56,0.08428924
CC_F29D6C65779E,0.054296125
CC_F2D2BADD0000,0.072949044
CC_F2E4AEB73D57,0.14232464
CC_F2E630BAF431,0.05308686
CC_F2EFCB40AE74,0.15501751
CC_F2F085891915,0.706927
CC_F3030E2C80A0,0.19238754
CC_F3044C7C16BB,0.05840934
CC_F30B21CB4603,0.099871084
CC_F3140FCE870A,0.08474083
CC_F32A84B321FC,0.1773609
CC_F339FF584607,0.27952957
CC_F33CEE0F6DBE,0.4626678
CC_F33DAF3E9CF0,0.1364425
CC_F34EC3FF202F,0.079777025
CC_F35A6C383B39,0.20130146
CC_F360E0FF27CA,0.08379853
CC_F36B7AEC0086,0.105047084
CC_F370665BECB8,0.56631005
CC_F373A60E53E8,0.03914076
CC_F373BDAE18B2,0.078576006
CC_F3745BC63340,0.06341413
CC_F37DC9169301,0.19728777
CC_F394E57C5243,0.22533388
CC_F39E98FD418D,0.09375761
CC_F39F51452381,0.050789762
CC_F3A52465664E,0.06333683
CC_F3A8CF761A0F,0.20688525
CC_F3BF1709E29A,0.3743568
CC_F3BF72C29211,0.06291781
CC_F3CF35465CF1,0.055605322
CC_F3E2186DBD4F,0.2964318
CC_F3F0F9B9B56E,0.17563972
CC_F3F185395BE1,0.13125518
CC_F3F68E6599E7,0.073047996
CC_F3F7763C9DFE,0.17903444
CC_F3FFF13592CE,0.065898
CC_F410C3CE89E1,0.17051247
CC_F410C8B811FE,0.06123979
CC_F4132072D78E,0.13005416
CC_F4157B8E5B32,0.5458907
CC_F41CF067E828,0.11524727
CC_F41DC456E539,0.04235722
CC_F41EEF55A0EC,0.049400035
CC_F426B5C1F07D,0.33296555
CC_F437875F9000,0.22158206
CC_F43C961F8A30,0.13154598
CC_F43D9BF23472,0.07104485
CC_F444BE033109,0.13207188
CC_F4481124F17A,0.14857239
CC_F44EAAF80F70,0.114568435
CC_F4521F6D3492,0.5353734
CC_F46BD9AB1B68,0.1280051
CC_F4763AA0B824,0.48932534
CC_F47976F33E20,0.21550462
CC_F47E588D4470,0.20366438
CC_F4A2777912C2,0.11492564
CC_F4A6C2B23685,0.05728995
CC_F4B3EAEEEA8B,0.04192383
CC_F4C6CD1E720C,0.07212354
CC_F4D05DA98C83,0.058110982
CC_F4D15889CDE0,0.14301041
CC_F4DEC1E6173D,0.04346863
CC_F4EFAD6AF8BD,0.24726935
CC_F4F7835A1FA2,0.20429893
CC_F500597795FB,0.12177701
CC_F5197FA9580F,0.68124294
CC_F5240F59146F,0.08675356
CC_F534A0B87C3B,0.17282996
CC_F536972BFE98,0.12705258
CC_F54FDFE5A5C8,0.08603378
CC_F55727F65F86,0.1969212
CC_F558EBDCDD6D,0.12687919
CC_F56D569AC51F,0.10551681
CC_F5714D180EE1,0.10253092
CC_F576ED9554AD,0.44189683
CC_F57C2559358E,0.17866096
CC_F5AA72FC0972,0.098304585
CC_F5AE7DEA2B48,0.06976318
CC_F5C6A5E9D495,0.18172725
CC_F5E0731F2181,0.2537295
CC_F5F4F3B03FE8,0.7608023
CC_F604D7B9CBD9,0.19292815
CC_F60F13391D61,0.16473207
CC_F618D72DF162,0.070463
CC_F620B15ACC5D,0.081069216
CC_F62D426D6614,0.124989904
CC_F634999D5C1D,0.036535833
CC_F636E5BAEE47,0.13690284
CC_F6461B692240,0.72392976
CC_F65BAD63AED0,0.27081224
CC_F65DD2AC57E8,0.28946576
CC_F66C6577674C,0.05826959
CC_F670896FE959,0.19983976
CC_F67376F272EA,0.70490324
CC_F67FFE9E884E,0.19879104
CC_F683C99F06C1,0.13373569
CC_F68523E2CE7A,0.70796806
CC_F68E62F9AA0F,0.041248262
CC_F69604E05962,0.09843025
CC_F6B8913740B3,0.10594119
CC_F6BB4952DD35,0.28136635
CC_F6C0B7AC57B5,0.57890195
CC_F6D2B06E6E8B,0.58310956
CC_F6EB30A84C9F,0.29004008
CC_F70345A4792A,0.1082475
CC_F7068C1F77B3,0.28318208
CC_F70B0EA8C0E7,0.058124878
CC_F71CC97FCE83,0.09420834
CC_F722224A84F4,0.677018
CC_F72D1046063A,0.2969285
CC_F72DAB32A281,0.059086632
CC_F733AA5C0ED9,0.06888707
CC_F74043C1BBEB,0.059021436
CC_F74A31E36137,0.061434437
CC_F756B167634F,0.17814896
CC_F75CBE8E1B92,0.4377036
CC_F761F7EEAD39,0.11909269
CC_F79303D62FCD,0.071666084
CC_F795134B52E6,0.64297235
CC_F79533E83ECA,0.073838905
CC_F79F9A7ED432,0.7349481
CC_F7B2FC73E020,0.046921346
CC_F7CF24594B20,0.08498372
CC_F7D31937AA89,0.047490735
CC_F7EFD378035D,0.39322025
CC_F8014B1E00D6,0.049770415
CC_F80ADE95A7C8,0.0687411
CC_F82E58E476A9,0.09927034
CC_F82EB123CC19,0.24752334
CC_F83088660331,0.0973273
CC_F83C6DF6A815,0.5266056
CC_F8620C4F7581,0.17288809
CC_F869F4DA5077,0.7784942
CC_F86B1C53EAF4,0.21382658
CC_F87B7F26FF51,0.22905216
CC_F8803D1C899B,0.06839084
CC_F892E51AC9DD,0.059658896
CC_F89C185743F0,0.10361506
CC_F8A4D45C3769,0.074144974
CC_F8AD68EA5A16,0.21893728
CC_F8B4DBD0CE8A,0.3666394
CC_F8F3E551F166,0.2906713
CC_F8F9FE2C9B65,0.2875311
CC_F912A50D0DD1,0.16504912
CC_F91B7C2B1AFD,0.08901877
CC_F925251D4BF0,0.3887198
CC_F925ADD60E7B,0.045889594
CC_F9282C144479,0.05679845
CC_F92EE3287CC8,0.0900348
CC_F93332608FE1,0.14193316
CC_F94070DE3B81,0.057563156
CC_F94C81428D20,0.17781909
CC_F95DFFDA9B12,0.44440922
CC_F96A53B02447,0.5897682
CC_F96A965CDCB0,0.62493575
CC_F9721FEDBE9E,0.21930523
CC_F97C3E145882,0.27815515
CC_F97C64C64052,0.073540345
CC_F98660A07E6A,0.78837395
CC_F98BA4B13724,0.087874055
CC_F9A3F3A76B1A,0.118092194
CC_F9A8E2B3A703,0.13783312
CC_F9B3E7E7F2A9,0.43434826
CC_F9D7D0B1E4A8,0.70172197
CC_F9EDA4EDDD44,0.053213466
CC_F9F2176B12FE,0.046209186
CC_F9F90E76CA5B,0.1098039
CC_FA0157249C01,0.10916698
CC_FA169BCA835F,0.09462066
CC_FA19B61BCABB,0.1461441
CC_FA1DD203C293,0.26426756
CC_FA2E30269BC1,0.19824584
CC_FA304CE8E045,0.19795421
CC_FA310759A257,0.636495
CC_FA32397E7B8C,0.07634865
CC_FA33D97B84D4,0.100160636
CC_FA38991B9434,0.041858084
CC_FA4079FFF1E5,0.26573285
CC_FA716665CD8F,0.09163741
CC_FA770268B207,0.13901475
CC_FA7A2F59245B,0.44069296
CC_FA8205104EBF,0.14035185
CC_FA8370AF8740,0.053512346
CC_FA858F1025FF,0.118042305
CC_FA86320CF6B0,0.056107532
CC_FA8B341CD3EA,0.17772554
CC_FA9057AAF95B,0.11226801
CC_FA97314C666C,0.05461756
CC_FA974C1D91AD,0.37103778
CC_FAA0E5BC9F44,0.6885893
CC_FAA2694D8578,0.28895313
CC_FAAFFC74BC35,0.68015933
CC_FABA6DCF8E45,0.047140043
CC_FABC53294AC1,0.14533946
CC_FAC52B8E66DA,0.09019226
CC_FAD284D8DAC8,0.8286117
CC_FAE70CA5999C,0.118632115
CC_FAF1CCB40132,0.0770597
CC_FAF93D8B3B59,0.088128865
CC_FB09E5481B64,0.07751475
CC_FB150A1F7C3B,0.13236423
CC_FB1808471515,0.37526074
CC_FB296D823CF6,0.07051301
CC_FB301E1FA7FF,0.040822357
CC_FB33C958A19E,0.39657518
CC_FB40D63FC3D3,0.19289699
CC_FB45A1837AD7,0.092549294
CC_FB45B79CED15,0.10357489
CC_FB52260232E3,0.058820356
CC_FB6A0A7B8813,0.2678588
CC_FB6ED10D82D2,0.0903474
CC_FB78DE84AF05,0.043942325
CC_FB8DF8F93E7F,0.16217753
CC_FB8F89048B89,0.08306646
CC_FB9C3E77A49E,0.14845988
CC_FBA40CEAEA18,0.095299855
CC_FBA998938FE5,0.17029525
CC_FBADBAFCD1B3,0.25818938
CC_FBCB85E21ADD,0.16596657
CC_FBCD00EE4402,0.14689893
CC_FBD40DFBA5D5,0.24639018
CC_FBDECF3DACAE,0.22410052
CC_FBE4E2F652EB,0.27425474
CC_FBEA9510C687,0.17649715
CC_FBED1E2E1CC0,0.12644687
CC_FBF54E48EB13,0.0620176
CC_FC1E279EF320,0.061526835
CC_FC2E1D460089,0.10087949
CC_FC31CBD20CDF,0.15176329
CC_FC41D8134A1C,0.09663908
CC_FC44D7EF257E,0.06096673
CC_FC4A649BDD07,0.23225573
CC_FC51BCDBB6B2,0.12535453
CC_FC57B6E79AAC,0.19931799
CC_FC6AA879D9CF,0.15299812
CC_FC7A926F3A64,0.67464805
CC_FC83CB9C71CD,0.04212437
CC_FC9E6D511294,0.15413651
CC_FCA657E69930,0.38034916
CC_FCB451237214,0.77661246
CC_FCC7E51DF812,0.55976534
CC_FCD42ECC012B,0.057172634
CC_FCE8FAEAAEF1,0.10992248
CC_FCFAE9BE2522,0.46046144
CC_FCFDB5DFE5D4,0.09983835
CC_FD24FC7961A5,0.078090616
CC_FD2793DCB5EF,0.12563288
CC_FD2EEF724088,0.12518981
CC_FD3205367675,0.08777998
CC_FD3A21CDCA7C,0.10962041
CC_FD3C4C2FB68C,0.13026252
CC_FD41687DC1A0,0.16015033
CC_FD44B4E31EFE,0.08593598
CC_FD5721556AB7,0.07364891
CC_FD643C174587,0.34509444
CC_FD6BFA30DD9E,0.2767168
CC_FD7C9DD7F11B,0.1338371
CC_FD7F2D90CF8C,0.06722916
CC_FD8C4F601909,0.061719306
CC_FD90B45AA24E,0.08934249
CC_FD95457772AB,0.055859584
CC_FD9D9B58DB1A,0.21085069
CC_FDA918AEB5D6,0.6217201
CC_FDD4C2065540,0.33427483
CC_FDE57A2C5156,0.24789743
CC_FDE9920975F6,0.24686584
CC_FDEC856F9C6D,0.058261346
CC_FDEED2AA92A3,0.4231862
CC_FDF5607ECC1B,0.050144903
CC_FDFED3D7E70E,0.14061259
CC_FE0324F99784,0.09521016
CC_FE0A18D6570D,0.04861072
CC_FE0DACAC84BC,0.24831899
CC_FE16586C9FAB,0.25847498
CC_FE16FBC86237,0.17201352
CC_FE1C808C4515,0.08479355
CC_FE1E64201B9F,0.10307111
CC_FE33D60E29EB,0.04187169
CC_FE3ACE674BEA,0.14820646
CC_FE468E9AA9D9,0.036157817
CC_FE5AA923C220,0.14912903
CC_FE6C777DDC19,0.061844088
CC_FE6DD8C8EC90,0.25160176
CC_FE7A84AAA8F7,0.11580267
CC_FE7DB6B410A4,0.12840867
CC_FE8691B1F3D9,0.091404416
CC_FE874279A94B,0.08757772
CC_FEA61499305D,0.17384844
CC_FEC22B334AC5,0.1467112
CC_FF045F9508F2,0.20957509
CC_FF0EFF711598,0.27317348
CC_FF12F53D5676,0.046581525
CC_FF13D426EC1C,0.16833928
CC_FF16A7C8600F,0.18273465
CC_FF2236DC115C,0.4533721
CC_FF2725428B6F,0.084993236
CC_FF3176D91690,0.13715407
CC_FF393D295D66,0.049776904
CC_FF4598202C5F,0.6317071
CC_FF463A4B3D04,0.26370424
CC_FF4703F7664E,0.06271492
CC_FF86EC3C0851,0.48686677
CC_FF8A580DD831,0.16819204
CC_FF8BD8697ADE,0.12182887
CC_FFA681A2054A,0.046777427
CC_FFB6B2D2BB2A,0.3713513
CC_FFBFA27643F8,0.15896012
CC_FFC81CC80F9D,0.13729459
CC_FFCC9C0763D4,0.11899599
CC_FFD4E33DC920,0.51612234
CC_FFDE11143038,0.08212524
CC_FFEF28047C4F,0.37866047
