client_id,default_probability
CC_0012A082B7B7,0.1451952
CC_0012BC27DFB6,0.1253874
CC_001563B2143D,0.103165135
CC_001B46930B6F,0.09507008
CC_001D771E1C9F,0.044217195
CC_0028BD91E759,0.08661409
CC_0029971D7EF4,0.20665848
CC_002B8C00B239,0.04856623
CC_0035DFA86185,0.72608835
CC_0042D11A6D0F,0.056271024
CC_004D21A4ABB6,0.11759728
CC_004EE05FC2EF,0.45624727
CC_0050E546EDCE,0.67983586
CC_005D7F31F785,0.07168393
CC_0079996ED779,0.19272208
CC_0082B4E1D9CE,0.06104163
CC_00B01C73CEB8,0.19436331
CC_00B74FFEEA53,0.21812105
CC_00BF6791C18C,0.1311557
CC_00C5E30B288C,0.32712975
CC_00C68CE1CC12,0.3970119
CC_00CC4148959F,0.20355658
CC_00D428772D30,0.34875873
CC_00D5806C7783,0.09958799
CC_00D5C677C2AE,0.5189305
CC_00DA781C4D66,0.0695125
CC_00E7E2D6B548,0.18484205
CC_012BC0A68DC1,0.07166536
CC_014911033882,0.18153444
CC_014F7EF4E595,0.6331943
CC_016501B25F2B,0.048581146
CC_016767D9B049,0.05092951
CC_017598512EA2,0.13136855
CC_01941532C804,0.17390767
CC_01A66C6E22FF,0.78045684
CC_01A684355200,0.18140647
CC_01AC62740827,0.10875175
CC_01B0EFE5DB79,0.20058481
CC_01B876B2988F,0.20810926
CC_01CBB64C1DB1,0.40006456
CC_01DBD993A1FC,0.0626721
CC_01DC49D55C2D,0.056662966
CC_01EF18A3ADBC,0.54998976
CC_020252D37557,0.17451017
CC_020BCDBCA8CA,0.3456838
CC_021A6DD97ED4,0.1696877
CC_022054506F33,0.06380593
CC_0225D6231EAA,0.05720358
CC_024B524B0176,0.038162284
CC_0256303A6DC0,0.24923238
CC_02589E6E4714,0.043075167
CC_025927626E10,0.7416379
CC_0283023DB294,0.036365915
CC_02903C6FC0C0,0.17330469
CC_0296E572CF21,0.04958081
CC_02999E509460,0.5681437
CC_029E835D91BB,0.06642064
CC_02A32EC3526B,0.1307391
CC_02A393632CD3,0.29136956
CC_02A3E21B28BC,0.6901271
CC_02A4B4644529,0.0776841
CC_02B43865B30E,0.069756165
CC_02B5A1A178A2,0.16318311
CC_02BC4785773C,0.2493159
CC_02BEDD9627DD,0.6576704
CC_02CD2C1EFBB0,0.11228615
CC_02D4430492D3,0.3561759
CC_02F79A06858B,0.10829006
CC_02FA254C9D43,0.042756665
CC_03062402B4EE,0.063402936
CC_03072CF2EC63,0.37564513
CC_0315369B079D,0.075494535
CC_03199242A810,0.16958307
CC_03214BA76DB4,0.21032305
CC_032735A44CC6,0.062309485
CC_0330340F2FE5,0.16686355
CC_033236FAAFDB,0.15063313
CC_0337298F948C,0.05185271
CC_0341CAE5E2E8,0.19080397
CC_03434E2371CD,0.31623796
CC_03547AAB948A,0.25547406
CC_0354D0453D8E,0.09473318
CC_03592E51F427,0.77018154
CC_0365DEB525A3,0.08939179
CC_036782052BC9,0.40114704
CC_036977A50F1A,0.11731281
CC_03720D08B8C2,0.24522886
CC_038AE599BCA8,0.32333797
CC_039E67CDFE1E,0.27242264
CC_03AC962FC717,0.15277371
CC_03B00DFA3A85,0.78598726
CC_03BC6380E968,0.55978984
CC_03BC730E0B02,0.02861936
CC_03BD4F22DA3D,0.11958063
CC_03C7E1EF6F69,0.7897438
CC_03C9FA383477,0.08322006
CC_03D1AAE90CA6,0.059690714
CC_03DBB9598F39,0.13068895
CC_03F18B43797C,0.11242821
CC_03F80118E46D,0.053900946
CC_0405E0151A6D,0.19792823
CC_041FEE6C805E,0.3583377
CC_042F88EE269B,0.16560028
CC_043D98ED7F98,0.15299366
CC_044C3537B769,0.15014386
CC_045932C46685,0.18145172
CC_04629624AA8D,0.17719169
CC_04690B4A6AF1,0.24212153
CC_046CF40369FB,0.12759185
CC_046D6EC816AB,0.3896595
CC_0475CD95EDC9,0.13003229
CC_04796F06B82B,0.13785161
CC_04AC7C1CE736,0.34697434
CC_04AEDD051B96,0.3183908
CC_04B42AD0E01A,0.39133528
CC_04BBD1DB360C,0.29627538
CC_04C767FFDA0F,0.46030635
CC_04C7B819B9B9,0.09755374
CC_04D127A775DE,0.09308235
CC_04D9ED00053F,0.06063678
CC_04E0EFC4F548,0.27859908
CC_04E6848903E8,0.04249249
CC_04F69D03ECE1,0.27282396
CC_04FA1CFA1DEB,0.22726783
CC_04FA6842AC62,0.03986246
CC_0502F3791166,0.3236178
CC_050B514E15FD,0.13196222
CC_051ADBD6D835,0.14447698
CC_051B4644216C,0.07049799
CC_051C0A644DD3,0.031848628
CC_051CBF566856,0.045848988
CC_051EEA9AE819,0.18992588
CC_0520E27BE904,0.14279638
CC_05224448D290,0.14065196
CC_0525DE4744C0,0.06259621
CC_052F5CD81EFE,0.20104094
CC_05368FAD2E6D,0.05817619
CC_053788B82006,0.09391514
CC_05471A48C6F5,0.20949674
CC_056DBA1A87BA,0.06635936
CC_05901F3E7A0D,0.17166196
CC_05906BC8ED3F,0.16123769
CC_059D55E32C78,0.09179862
CC_05A12EF84A86,0.53211206
CC_05A42D035609,0.17513248
CC_05AD75A5CE38,0.05940768
CC_05BBD4B92613,0.52591515
CC_05C8EF6500D7,0.7848662
CC_05DDB7B07497,0.06645441
CC_05ECAE6E0774,0.2304295
CC_05F11F14DF9E,0.33948773
CC_05FA9192590F,0.124470815
CC_05FD764FB154,0.74158794
CC_0608DBB4DF03,0.27818337
CC_06198383F6D4,0.12155278
CC_06199EBE2B05,0.18182726
CC_062A8881A331,0.067954525
CC_062F74350907,0.046735805
CC_0635AD30F004,0.7733876
CC_0639F539946C,0.32107025
CC_063DDB42CF5C,0.075093195
CC_06405C00E240,0.23127356
CC_064920FC9DAC,0.07439713
CC_0650AB329174,0.76814616
CC_066941B109B9,0.16879645
CC_066AA16F5874,0.32393312
CC_06732311FB8B,0.14785835
CC_06780061F889,0.10929153
CC_068A81B06B74,0.4554034
CC_06A1C5FE269B,0.33497524
CC_06AA7138DAF8,0.041906863
CC_06C0DD0D066E,0.76741683
CC_06C97CFBD476,0.1213779
CC_06D15F523C05,0.1707563
CC_06D35787AD65,0.044365726
CC_06DA375201A2,0.08728813
CC_06DB455FF19B,0.7041178
CC_06F3674E7313,0.44736892
CC_070232DF9996,0.14335027
CC_07141FA77DBF,0.11914436
CC_0715F11CC8CA,0.2320487
CC_07168A9C843C,0.16818973
CC_072AB9F855DD,0.054744117
CC_07337AF6AC2A,0.14415021
CC_07434E4E5C28,0.066207305
CC_074381358A2C,0.040362842
CC_074E7CA75E8A,0.26295668
CC_075D0C618BAB,0.1792696
CC_075D804F7851,0.085462555
CC_0765961D818F,0.3929088
CC_07698F10563E,0.05888282
CC_0773B9BA9E18,0.30688608
CC_0784ABDA7F8C,0.173954
CC_0790C9F9EC9C,0.08461206
CC_07A996E6CA6C,0.24210373
CC_07B588ED677A,0.16915615
CC_07B730FD7F82,0.17536516
CC_07BE6961D039,0.072230645
CC_07D23A6BAF5C,0.13604835
CC_07E08196A3DB,0.049880765
CC_07E4850039B3,0.109943286
CC_07FAAF8B2D23,0.059906043
CC_07FB3FD9BE0B,0.10208301
CC_080CB94A724F,0.3418185
CC_0837C56711FE,0.083311625
CC_084100A049EE,0.05584263
CC_084113D0951B,0.27662072
CC_0843DDCDD601,0.64022446
CC_0846C14EAAFE,0.058632214
CC_085091ADED2C,0.20465025
CC_087943B4A5D2,0.15978017
CC_08A97B98C405,0.15117867
CC_08AA321BC4AD,0.18912856
CC_08AA44ECBDD5,0.04838606
CC_08AE2EE9D798,0.18172494
CC_08B149462891,0.1853039
CC_08C71A8D2D58,0.046857484
CC_08D645F7B257,0.061801206
CC_08D80BF0B273,0.05187559
CC_08F52B1BE431,0.22972831
CC_0903571AC7E7,0.14494231
CC_090D528C09D0,0.4424153
CC_09106BA6CFC9,0.07450511
CC_0915905A5D48,0.15243337
CC_0918F67CDF01,0.18750308
CC_0925D0B6276C,0.16574761
CC_092A2830E36A,0.80707216
CC_0951489C8F79,0.040927444
CC_0951FA4D5513,0.09129679
CC_095C712064EA,0.09191963
CC_0969AA7BEC71,0.068048134
CC_0974840BED49,0.7601253
CC_097BD371F652,0.07913367
CC_097C8139DBD1,0.056973815
CC_0981CA4DBCE0,0.030032774
CC_09A5D2F129A4,0.28609142
CC_09A9BE38080D,0.08627018
CC_09CDC42E000B,0.18837968
CC_09D8DBAB2A42,0.15733606
CC_09EBB1960580,0.057432223
CC_09EBF206FEE6,0.19950709
CC_09F2AE996181,0.081603184
CC_09F45833F53F,0.15915623
CC_09F4F5C5B4EA,0.75991637
CC_0A04BF4005F8,0.21789591
CC_0A0E563D1060,0.084616065
CC_0A0F781A999D,0.26269785
CC_0A1138C37BC0,0.19617313
CC_0A334A16524B,0.066660866
CC_0A359CD5D73A,0.065324314
CC_0A3E2C273DB5,0.059994947
CC_0A4705B1E08B,0.048264407
CC_0A67EB7C5282,0.12173984
CC_0A6CD64871E5,0.3954847
CC_0A75643FDC7B,0.05835688
CC_0A8066F501AC,0.044798102
CC_0A83017D027D,0.18580851
CC_0A9AB7441D5B,0.30954123
CC_0AAA72FA148E,0.33280396
CC_0AAC488C8AE4,0.5013679
CC_0AC2DB82398C,0.30903283
CC_0ACA2C49A497,0.13468967
CC_0AD4BBEA75ED,0.036455147
CC_0ADCD6553B8C,0.06196822
CC_0ADE56B56C41,0.044495728
CC_0AF4B5B4162F,0.73007786
CC_0AF9BD814AC7,0.10449511
CC_0B083BE0FEA3,0.0932018
CC_0B1384331163,0.049328405
CC_0B216C6AF0F2,0.03469574
CC_0B3465DB0684,0.5426613
CC_0B442B91679E,0.11993934
CC_0B455175F494,0.09488024
CC_0B4C01B4002C,0.15488322
CC_0B544A526D6C,0.066873744
CC_0B5B19AFCD18,0.05375857
CC_0B5BD2D224BF,0.080123164
CC_0B6407C2C9BD,0.17473212
CC_0B73F59991EE,0.085123666
CC_0B7579216681,0.0749408
CC_0B7F3B4B32C1,0.2709763
CC_0B830A67900A,0.11276214
CC_0B84250F96B8,0.21368475
CC_0B92212B8E27,0.28455013
CC_0BB43BC4B3BC,0.12878321
CC_0BB992973640,0.06197065
CC_0BBC41297846,0.09351237
CC_0BDDB468A1E0,0.28352955
CC_0C00A631C2B4,0.05777644
CC_0C011AF6C857,0.36151847
CC_0C0459AB67DE,0.12518317
CC_0C18B07E451D,0.101358
CC_0C19EB845CA2,0.22809601
CC_0C1A736F37CC,0.071505375
CC_0C335C9D86F7,0.770066
CC_0C4C24D066E9,0.17027327
CC_0C5499989AF4,0.22383027
CC_0C95548CC1BD,0.14165059
CC_0CA2DE660B41,0.25517175
CC_0CA6D8CFCF2B,0.21236348
CC_0CA9DF9C5C15,0.103872195
CC_0CA9F52C92A8,0.1875129
CC_0CAFB6C41CE7,0.1132917
CC_0CB27D5313F1,0.56585824
CC_0CC9DDDB8B44,0.041793037
CC_0CCA18595BA5,0.21577625
CC_0CD90568D3E6,0.22229514
CC_0CE0D56B0584,0.065771654
CC_0CEA028BF961,0.29156047
CC_0CF67D68AF16,0.35890803
CC_0CFAA0FB0691,0.06210339
CC_0CFFD2785D2D,0.10766448
CC_0D28AF91CE97,0.14585578
CC_0D34E55A580B,0.100568235
CC_0D3663B6524E,0.7200224
CC_0D3C2864ACD2,0.3492167
CC_0D5F4BE8132C,0.14695573
CC_0D6D5ACB0889,0.22176878
CC_0D7BFE8CC0D5,0.12718034
CC_0D8852AAB481,0.19915757
CC_0D97EF394C79,0.45430598
CC_0DA8FDDE6DD0,0.067941114
CC_0DABB89E37CE,0.096514106
CC_0DAF0F2FAA86,0.10944043
CC_0DB9E5F8EDAD,0.07359563
CC_0DBC64F88C05,0.15120026
CC_0DBDF018E822,0.107554354
CC_0DC31A5A1096,0.043121573
CC_0DC3870F23D0,0.044247713
CC_0DD39F5D7C0D,0.09664501
CC_0DDC2C18BBDE,0.047265586
CC_0DE09CAA93E5,0.15117018
CC_0DEA4477FDC1,0.11861763
CC_0DED63EF6639,0.16567416
CC_0DED7DBF26F6,0.30496675
CC_0DF01CD21B9D,0.17031446
CC_0DF6A478C01B,0.2210923
CC_0DFE1A3FA5AE,0.14337905
CC_0E07D5FB24B2,0.15997674
CC_0E0CD9F23A5F,0.758955
CC_0E121FCB1D47,0.06451358
CC_0E1423A4C263,0.17332402
CC_0E16883EE8E6,0.4880743
CC_0E1A2BA1C545,0.2018679
CC_0E2B52BBA69B,0.055387247
CC_0E40BAFC3530,0.1708007
CC_0E48EE235179,0.07652909
CC_0E4FA0FB9797,0.6162758
CC_0E5162F59924,0.7668866
CC_0E5E2FCAC8C2,0.27666777
CC_0E68C2BE2A75,0.11102436
CC_0E6C5A8D8CE4,0.098624945
CC_0E6E9B0E674E,0.08656498
CC_0E746EAD6CE9,0.070513904
CC_0E968E7C22C1,0.38445216
CC_0EA1483F50A9,0.1558539
CC_0EA81362C7D1,0.1577011
CC_0EAE97520873,0.29201245
CC_0EBCF4228FF2,0.48690993
CC_0EBDEFD0BDC2,0.05293385
CC_0EC6AEDA63EC,0.29434863
CC_0ED61DD76795,0.10455854
CC_0EE33B1B71D5,0.13432883
CC_0EE7EFF13EBA,0.04965439
CC_0F0F136B0991,0.1262866
CC_0F0FAF218BCB,0.04997588
CC_0F125B48F175,0.09455303
CC_0F292A238627,0.10384022
CC_0F2949A1746E,0.07820577
CC_0F2B71163121,0.086300634
CC_0F393F1DE2EB,0.09105575
CC_0F41B187053C,0.4548382
CC_0F52EDC9D383,0.093420655
CC_0F62C4F36236,0.083665386
CC_0F6A29CE5D45,0.2107362
CC_0F7C0515A6CF,0.16644052
CC_0F8D6C89202F,0.16660812
CC_0F933684CC08,0.17593062
CC_0F9BA54F2AF6,0.056762673
CC_0FA06CE7FAE8,0.044338457
CC_0FD25AA655DA,0.12415226
CC_0FF5570E06EC,0.725549
CC_10197FE0E34B,0.6545844
CC_10355B5718CD,0.10715793
CC_103A9D18EC12,0.17534068
CC_1040DB6A21EA,0.1105044
CC_104D2B84FC4F,0.04191782
CC_104EA2802A11,0.08816998
CC_105777B1BF91,0.073640086
CC_1059F1B6C0C3,0.1408861
CC_1061947FDD14,0.055580683
CC_10689257E68C,0.37976444
CC_106BFCFA7D7B,0.050759293
CC_108FA04AC10D,0.11082631
CC_1092915D0093,0.10678756
CC_10A30F88E157,0.16473444
CC_10A657027AC9,0.74030626
CC_10A6EAF27BF3,0.05553773
CC_10B148BED568,0.3672711
CC_10BB7101F191,0.05513648
CC_10BC5BC3A9AD,0.30545413
CC_10F27C70AB99,0.13152674
CC_10FADDF63CDC,0.18704243
CC_1107D9301AA0,0.0638348
CC_111A6DE5D9C7,0.73717344
CC_111DC3B1756E,0.2652661
CC_1131156CC6F6,0.13062435
CC_113B66D5D5D9,0.10487668
CC_1143254EFF36,0.050500847
CC_1145E5277FA7,0.32636604
CC_11521077BBB0,0.14976406
CC_1154861ABCCB,0.52046144
CC_115BCAEAE2A0,0.08879803
CC_115BF13E8BFC,0.19912925
CC_115EBE5044BD,0.3751939
CC_1165AA07FC47,0.76105386
CC_116EE8219753,0.054828517
CC_1176FA3233B3,0.05403904
CC_117C2A1587ED,0.079913594
CC_118C0A1D14B2,0.21975966
CC_118ECB589F3C,0.0989371
CC_1190F13FB1FC,0.13179466
CC_1192EEC65A1E,0.226729
CC_119B1FEC4D83,0.23809382
CC_119C413C2580,0.16390777
CC_11AB74142A2E,0.77631587
CC_11C8A291FD11,0.16047406
CC_11D1E9C39E41,0.07529768
CC_11D600EE1BD6,0.20308137
CC_11D7539AC69D,0.1753372
CC_11D78BB50016,0.14922239
CC_11E0C583685C,0.11804466
CC_11E0D2F15AA1,0.043913923
CC_11EDFE67C719,0.6788391
CC_11EE85F284B8,0.20862815
CC_11F700202C6D,0.16365966
CC_11FB668DF543,0.11597166
CC_1209FA26609D,0.038484477
CC_120CA1B916D0,0.10665806
CC_1210186F4D33,0.09679695
CC_121F621374FC,0.21759138
CC_122532C1FBCB,0.12953882
CC_122B19CBC88C,0.64733875
CC_123C7F0111C7,0.64963126
CC_1241EE42F174,0.144347
CC_125B7100F1DD,0.1119038
CC_1263B255B3B5,0.20929019
CC_12878596E940,0.08598298
CC_1298ED71A9E0,0.0871688
CC_12B555C6F086,0.16257834
CC_12D22C629874,0.17699663
CC_12DD89EA0C14,0.17792794
CC_12E24CDE2684,0.17678909
CC_12F3B7309455,0.61273795
CC_12F8E7A4BBE5,0.36706257
CC_12FDEAE4873F,0.20995983
CC_130F7B067939,0.4330143
CC_13209EDC85EE,0.64896005
CC_1332B6F0E543,0.2512254
CC_1334E256AEBC,0.6069633
CC_1337726B2AE6,0.10581366
CC_1338237BF402,0.18415192
CC_1341DF38D9C1,0.1926383
CC_1342F868176B,0.6584331
CC_134651CCD2F8,0.20012172
CC_1363E3090578,0.056075074
CC_13736493B695,0.05190723
CC_1392DE633D4C,0.2963947
CC_139ED2E0AD76,0.072453626
CC_13A5383EA098,0.6208862
CC_13AA272C6861,0.08568159
CC_13B74E4EE3EF,0.22580054
CC_13C437E86B81,0.5313807
CC_13D61B077E7C,0.07557627
CC_13D7115A8FCC,0.1804426
CC_13DFE319B21E,0.7786978
CC_13E0F0B3FAE6,0.18637589
CC_13FD88C2920A,0.69199
CC_1401CB818627,0.24498539
CC_140B86E74F74,0.8048317
CC_1452A0B69085,0.05644413
CC_1458CA7329A7,0.25504863
CC_1459E7125AFB,0.087416664
CC_14633EC7F622,0.43958005
CC_147B1B30DE7F,0.10828551
CC_1484511F54C5,0.36234584
CC_1489A941A69B,0.30829814
CC_14A8B16706E9,0.079953775
CC_14BE52BADB77,0.0995741
CC_14D53413FBCE,0.32537127
CC_14D59B58E51E,0.124043606
CC_14D964327B1D,0.06637962
CC_14F5D06CF093,0.13681993
CC_1501D63D5A80,0.31832522
CC_150E3A0E5084,0.19587235
CC_15152312AC56,0.050490748
CC_1522BA0411C3,0.067937985
CC_1534B0241A1B,0.052777715
CC_153BE2BEB74C,0.123715565
CC_154BBCD4DCEA,0.25543672
CC_1552EC27FC0C,0.7197635
CC_1566BFF4BCDC,0.32665083
CC_1579BD86A63D,0.33787116
CC_1583CFD90530,0.2411416
CC_1584385F38C8,0.08710151
CC_159656F13BE8,0.12994091
CC_159B6F6AAF1E,0.08976722
CC_15A4934FD96E,0.09954927
CC_15B2140CE869,0.0725918
CC_15C0972DE384,0.6541952
CC_15C0E30FF2DC,0.12781033
CC_15D617FAB434,0.07277217
CC_15DA0F4FFF0E,0.3343888
CC_15DAE76D15DF,0.049433485
CC_15DC7C139EBC,0.35111955
CC_15EB741857ED,0.088969454
CC_15EC51F4C521,0.2853139
CC_15F6259C7C53,0.06538678
CC_15F7C012E10D,0.41341692
CC_15F7C1BEC28F,0.16843829
CC_15FF58854AEA,0.27625275
CC_16035CDDC2F6,0.15459727
CC_16095572722B,0.050541412
CC_16109F1CE0A6,0.2656188
CC_16150E74E4DA,0.18224823
CC_1629E47AFBA5,0.07476758
CC_162F4582D06D,0.67719924
CC_163194DFEDDA,0.04269295
CC_1640F01B7730,0.092342176
CC_16460554039F,0.046354704
CC_164D308CDE41,0.1991241
CC_1661041F819B,0.79323137
CC_166829780A76,0.10898395
CC_16798666E855,0.11401502
CC_1684B5493414,0.18692693
CC_168A8907C8F4,0.07513692
CC_1690EC56D088,0.07295118
CC_169853EEAB4A,0.10555222
CC_169B7FD839BA,0.15226081
CC_16AED1A3008A,0.113787964
CC_16BAC7837C73,0.18918875
CC_16D57E1EEA01,0.11943489
CC_16D833E56D7A,0.2019211
CC_1702487A047B,0.20152886
CC_17029F78E70E,0.07113006
CC_1702F3E986AE,0.06540126
CC_1707181BB559,0.044475615
CC_17117BF03935,0.23492408
CC_1723E40C3D40,0.2511273
CC_174FBBE9ADD9,0.17220625
CC_176E6E58FD1E,0.09119188
CC_1783F37259BE,0.07975324
CC_178B135605CA,0.092581905
CC_179AA5165026,0.37142408
CC_179DBA1C4CDB,0.3425097
CC_17A1090B69C9,0.10931629
CC_17AA1A4C904D,0.1913587
CC_17B06C06FDC1,0.16041592
CC_17B89AC1FD03,0.2575001
CC_17DC33AA73F3,0.06566881
CC_17DE4D267831,0.11889563
CC_17E929BE0344,0.35735992
CC_17EB83DECE5E,0.3984551
CC_17EC9982E5A6,0.135806
CC_17ED5555B4FD,0.22207673
CC_17F4292DAF8D,0.11143701
CC_1807B0980C86,0.082202055
CC_181354A58B53,0.09241959
CC_181E7266E018,0.08148582
CC_182AAE7CC3CA,0.44526714
CC_183EDEDC5DA7,0.080998294
CC_184C47552665,0.2231354
CC_185A7392A475,0.2746746
CC_185FEFD3233A,0.40003473
CC_18676FE5FC07,0.08831623
CC_18776C4FDE28,0.09233455
CC_187A8AECEFBC,0.19254133
CC_187E7D0B4E82,0.73569167
CC_18839D393105,0.14230719
CC_1888476F6CF3,0.10217341
CC_188B1ED2AAA5,0.34023172
CC_18A4257C3172,0.31103015
CC_18A7929D9FC9,0.30643502
CC_18A8695F185E,0.10023284
CC_18ACE64E8F74,0.1931608
CC_18BF4A29BB38,0.12284925
CC_18DE36F7D294,0.15143524
CC_190EB07AC1FC,0.1479502
CC_19219F2C60B7,0.16407764
CC_192262DB0B0F,0.07597413
CC_1929746E06CD,0.62053204
CC_193356E72D61,0.6898209
CC_193938E8EA40,0.17181996
CC_193C60092202,0.44498295
CC_193F669537D1,0.16122821
CC_194E13150BE5,0.070374794
CC_19556DDCCDB3,0.03983513
CC_195A6E9B48A2,0.17461686
CC_196DEC616B33,0.10307417
CC_1978B23D64A8,0.10055617
CC_198562A4BD86,0.12925637
CC_19864C9572BC,0.18812695
CC_19868B6887C9,0.11491655
CC_19969E05AB2B,0.1361967
CC_199FC89885C7,0.11036708
CC_19A40411B404,0.23531544
CC_19A6D9B60B29,0.6676707
CC_19AAB010550E,0.07161285
CC_19B4743DFEEC,0.077166796
CC_19B95A61D757,0.19648926
CC_19E6A00F6A5B,0.06789793
CC_19E8DEC29F47,0.6057054
CC_19EA54976042,0.16261812
CC_19FBBEA75B7F,0.13380614
CC_1A039E58840A,0.057484765
CC_1A075331756B,0.10051075
CC_1A1E1302C432,0.16986361
CC_1A37690EAEDB,0.19690487
CC_1A3BF9F5BD42,0.16774398
CC_1A4268FEB02E,0.16172452
CC_1A5F8618A912,0.32405433
CC_1A659D4D521E,0.4260047
CC_1A879655902A,0.08185095
CC_1A9F6DA46BC2,0.107917204
CC_1AAB15E81743,0.039613996
CC_1AAC389EF8A2,0.25304434
CC_1AAD0CE365D9,0.13831282
CC_1AAD9152C90B,0.052559447
CC_1AB15BDA9296,0.09930809
CC_1AB8BDA3041B,0.16649096
CC_1ABB9CB074E2,0.7224787
CC_1AC1B1A3978D,0.04998252
CC_1AD20D1F9C08,0.7416352
CC_1AD881A90D1A,0.32971868
CC_1AE9811724DD,0.75194556
CC_1AF1AAAB9D12,0.77253646
CC_1AFCC4D0ABD4,0.19175392
CC_1B08ADAFD1C4,0.14137954
CC_1B10139C7917,0.12142353
CC_1B127133B948,0.0932178
CC_1B25964EA376,0.1437685
CC_1B27A85C7244,0.19694631
CC_1B29F4378A34,0.11364386
CC_1B2EC0BD0677,0.3483716
CC_1B4AAF37FB97,0.07536645
CC_1B5E792F6E6C,0.30783054
CC_1B7166DAA790,0.17253461
CC_1B89FD901C95,0.117290474
CC_1B91E3A70338,0.0898257
CC_1B9D9B7184F7,0.14719032
CC_1BA3FDD92B1B,0.06337054
CC_1BA9B3D67170,0.13331106
CC_1BAF97E2BCF2,0.08915909
CC_1BB7D8A54021,0.119103566
CC_1BD548A5FEF3,0.1304175
CC_1BDF1893ECEB,0.2405165
CC_1BF117A8AF9A,0.073985115
CC_1BFA7E407428,0.7005808
CC_1C0066F472E4,0.69033325
CC_1C09CC2385AF,0.05886971
CC_1C11467AB472,0.6183244
CC_1C1627B7EE6E,0.045738053
CC_1C3259B85E28,0.1696062
CC_1C334ED885FA,0.059872963
CC_1C376760FE39,0.07724365
CC_1C39A1ADF3F2,0.1651638
CC_1C450FC77478,0.119414374
CC_1C48409023DF,0.42878857
CC_1C4D03324C60,0.34412646
CC_1C5F1E1028DB,0.044863842
CC_1C6681C0AA7A,0.771413
CC_1C84CFE19CDC,0.206123
CC_1C8B3F689C6D,0.25177285
CC_1C95674B902D,0.04821818
CC_1C9A4C11F28F,0.13820931
CC_1CA3F50BABEA,0.08358979
CC_1CBF42D35AED,0.6150281
CC_1CC11BEADBD5,0.12831171
CC_1CC3CE396A8A,0.2073224
CC_1CD2B13C2E6B,0.09918555
CC_1CE0B37CA670,0.07394414
CC_1CF5A99FC068,0.13793208
CC_1CF71AEB6671,0.07683913
CC_1CFE066F5EE4,0.16858223
CC_1D00B360809D,0.056430787
CC_1D1173F82F2F,0.09756847
CC_1D1E06E0B393,0.16342509
CC_1D2789866B1B,0.07658301
CC_1D2DD7DF781A,0.22069249
CC_1D313498A2DF,0.18696259
CC_1D68396533F9,0.29917783
CC_1D7235BA1EAF,0.15972358
CC_1D7ABAF9D080,0.049153917
CC_1D7FA51D0D7D,0.46690887
CC_1D8CFB3589AE,0.064962745
CC_1D9421A6EB19,0.29689106
CC_1DA0AC68719F,0.33479145
CC_1DA366D588B6,0.11045041
CC_1DACBFE0296C,0.09097855
CC_1DBD6A716910,0.64893025
CC_1DCB75B5CBDE,0.33019108
CC_1DCDADBC0E90,0.52175856
CC_1DD11FAF43E8,0.1180969
CC_1DD8064E71C7,0.12987962
CC_1DEC926EE25C,0.10675408
CC_1DECBAE4FC5B,0.059063535
CC_1DFF80E6D4DF,0.06911794
CC_1E025C3597E7,0.2976505
CC_1E082052CCBA,0.6692211
CC_1E0E30441DD1,0.18387401
CC_1E20E200611C,0.14148098
CC_1E354C75EB9B,0.050462622
CC_1E3B2C15EBCD,0.16253716
CC_1E4DF11FAF55,0.14082953
CC_1E4FE60DFD8D,0.73074615
CC_1E5A648D299F,0.14755489
CC_1E6C0A8B3841,0.6641982
CC_1E7FA6E807A3,0.209047
CC_1E93F760EC93,0.23402533
CC_1E99F40FA03E,0.06273323
CC_1EAD09DBC23F,0.22498865
CC_1EB3D53252DB,0.24604337
CC_1EC889E04D69,0.088716336
CC_1ECCBF6853F6,0.48575258
CC_1EEC4520436C,0.19049391
CC_1F2827DC99C0,0.14758065
CC_1F2C184C5227,0.08917497
CC_1F3FA8091B02,0.09903334
CC_1F4E07BFDC8C,0.0560793
CC_1F4E0E9B54BF,0.07253418
CC_1F55738A6A27,0.29850122
CC_1F65276D0EF8,0.1336912
CC_1F65C797BD40,0.05924225
CC_1F668C0AE868,0.07359608
CC_1F6B19A04BD8,0.049620796
CC_1F945A60367E,0.46472344
CC_1FAB6F11DFCA,0.6226728
CC_1FACCCE95224,0.29487032
CC_1FD010E5EA82,0.06777271
CC_1FD2B7BCCD20,0.7041997
CC_1FDAEC3D5CBB,0.10554634
CC_1FDC65FE3DBE,0.14891912
CC_1FE696D8A81B,0.06508513
CC_20027685F59C,0.77334464
CC_2009F3D77774,0.14472584
CC_200C552C40F3,0.12670419
CC_201459527065,0.12892942
CC_20275029A688,0.10095841
CC_2028DA597C34,0.20257244
CC_204E557E5046,0.41436067
CC_20542CFCFB39,0.052867014
CC_2060F813C9B2,0.28045666
CC_20813A9A7F71,0.11050268
CC_208429A11E2F,0.1561995
CC_208B0FE7CBAD,0.11140881
CC_209A511030A7,0.03774765
CC_209DD60421B5,0.07766591
CC_20B26D646D62,0.18095762
CC_20C47966B174,0.24441333
CC_20CFE9681E4D,0.07021412
CC_20D4DB0F3E3D,0.047855392
CC_20DD84CE3CA0,0.11818616
CC_20E57CA675DA,0.5889558
CC_20F129FFBE00,0.24308181
CC_20F4E0F62D2C,0.079596296
CC_20FEE0B2130D,0.5901677
CC_2111B298C212,0.10214273
CC_211315AD7633,0.23024487
CC_211504721E27,0.17432971
CC_2119919BCB4F,0.74694985
CC_21375C9ED931,0.22974765
CC_213D2A5355FB,0.18025044
CC_214B50E48E94,0.17166941
CC_215F86D986BA,0.10352868
CC_21600308F496,0.044023715
CC_2166F3F6344B,0.13599247
CC_2168BBB42053,0.12644005
CC_217030CE0127,0.04320212
CC_2179067B405D,0.050357364
CC_219B59B67193,0.16236255
CC_21A9E8DB58FE,0.17442517
CC_21AE679C5E95,0.24631858
CC_21B98D13174C,0.09297623
CC_21C81BC15002,0.108788885
CC_21C9B26CFEA3,0.09178741
CC_21D22081A4CA,0.7690941
CC_21D29CD736D3,0.325514
CC_21D3CEAF838E,0.15557052
CC_21EF792A3811,0.6147944
CC_21F04E996723,0.43690285
CC_21FB6C8AB8BF,0.45905465
CC_22067686F6C4,0.7285116
CC_2207A39B7BB8,0.11369933
CC_221053121AAB,0.16802372
CC_222423774191,0.075211875
CC_2230EFBC99AE,0.4769903
CC_223BDED2A465,0.2699623
CC_223E3CA7A07F,0.14125115
CC_2250B42E48B2,0.12570383
CC_225935E43583,0.14369863
CC_22781E93CF84,0.1531376
CC_22784AF3CB6B,0.46714488
CC_22831690395E,0.185505
CC_228E6CBCC935,0.5896852
CC_229338EBBA6C,0.10006417
CC_229A63057E54,0.49382305
CC_22A2D8A4B437,0.097535126
CC_22ADE1EE9BC7,0.1154084
CC_22B69E7C415A,0.043995462
CC_22C590B43FEF,0.27849963
CC_22F06379D8FD,0.037712257
CC_22F282264A1D,0.116427444
CC_22FBF5F0E1C0,0.22404134
CC_2302088175A3,0.2637797
CC_230672EAA654,0.039717764
CC_230870B121F6,0.16675124
CC_230A051B2B3E,0.047840238
CC_2316F57AFB7A,0.07990495
CC_231D091FCD1D,0.06524363
CC_231FDED1781F,0.24197328
CC_2320053D1183,0.09729273
CC_2320AF507566,0.16589427
CC_23321FF41C3D,0.26684946
CC_233470D6BE72,0.60804105
CC_233C8EBC95FC,0.3634642
CC_235F99F13500,0.15177543
CC_235FC02CA52F,0.18394619
CC_236C80CAF53D,0.2240136
CC_236E7222D97C,0.07153135
CC_237B86FDC93C,0.060031127
CC_237E7EB2D7D8,0.114458226
CC_23830081EE1A,0.6203886
CC_23894AAA08DB,0.5175759
CC_238CBFD6E20C,0.4256826
CC_2392A4A79C9E,0.041900866
CC_23A474D43C73,0.18436082
CC_23A9CC59BA0D,0.03501624
CC_23B158D8306A,0.13795513
CC_23D147F1870B,0.17840402
CC_23D2E73DCFCF,0.12085025
CC_23D9103D1EAB,0.039580297
CC_23E142182F2F,0.66117084
CC_23E43713A108,0.052194554
CC_23EF2911610E,0.51326305
CC_24056B76BD7D,0.05628795
CC_2416ECE66177,0.12393455
CC_241E65816FC2,0.08760452
CC_241F7E97FBDD,0.058433544
CC_24217201D7A1,0.32386166
CC_242301FCCE50,0.049774863
CC_242C69CF0B12,0.11198976
CC_243B23702DC1,0.19209406
CC_2456B9C796E4,0.12856323
CC_2457D89CB88B,0.66424775
CC_24667210E2AF,0.23496243
CC_2468D206CAEA,0.058732472
CC_2469630A4F86,0.3671823
CC_2469D83D9594,0.048899774
CC_248C65EF54A5,0.66853344
CC_24BCCA7941E8,0.10577257
CC_24BDC1CE2A3A,0.22591595
CC_24BFCCDF957C,0.048074387
CC_24CC8A1B1CB7,0.12454101
CC_24D4B1852554,0.22068414
CC_24E65FA5A32E,0.16603544
CC_24EF3EDB6857,0.051840443
CC_24F15A19D648,0.15687239
CC_24F2410B5A19,0.15407142
CC_24F27E7DE1C6,0.48070535
CC_24FFFD0C983B,0.039803717
CC_2504E9D5D5E4,0.14103141
CC_250F6A0DB62D,0.07519772
CC_2520E13DF0A2,0.7615051
CC_2539C315029D,0.26313427
CC_25519ED78507,0.20142737
CC_255D49296DB6,0.11934996
CC_255DC60FF5BD,0.06309494
CC_2563C9EF9D55,0.07380895
CC_25756EB9651F,0.1215985
CC_257CC46D379B,0.43541425
CC_258D5F80A933,0.6969043
CC_259D87270257,0.21266997
CC_25A41AB21C94,0.2269676
CC_25ABCDCC8B71,0.09713692
CC_25AF0D0569B5,0.0841607
CC_25B61D393144,0.12888339
CC_25B95D7288CB,0.38927093
CC_25CE2F2F13BE,0.24350128
CC_25D1A5971976,0.4044892
CC_25D411B46F00,0.73534006
CC_25E7A2DC5E41,0.07452141
CC_25F4C8E51AC2,0.53094
CC_260323EFB122,0.59031254
CC_260F10484312,0.05709637
CC_2610D0F1D0A7,0.18049093
CC_2615866F35A2,0.12502226
CC_261DA4E8DBEB,0.10492331
CC_2628F00B0745,0.40314803
CC_26338E9AD15F,0.13628104
CC_26346B99BDBE,0.6642243
CC_26351DBC1AF6,0.1487737
CC_2637397AA3F3,0.6249342
CC_26675C32611C,0.65828717
CC_266E49E49071,0.20304489
CC_2696368A4DC6,0.04002879
CC_2698641B68A5,0.14193067
CC_269C5AE6A1A3,0.6861947
CC_26A06AD1206C,0.75448024
CC_26A358B0C10F,0.174286
CC_26B07CB02EA3,0.59975445
CC_26B638BEA8CE,0.11137978
CC_26C33B649FC9,0.062473964
CC_26D5B969A36F,0.3408597
CC_26E3A1226C2D,0.14285408
CC_26EEA3F0224A,0.24518125
CC_26FA5E5A718C,0.16454425
CC_26FE119D4919,0.06406492
CC_270B462BAEF3,0.038813755
CC_270D929FEA9F,0.0570421
CC_2731AD82BA11,0.14845724
CC_274144AE3E86,0.12080393
CC_274AE6E82879,0.14547203
CC_2757A490C5E1,0.0900134
CC_2766F6011BD0,0.39579767
CC_2768E644C697,0.057398178
CC_2770DF70328D,0.0772865
CC_277503968C44,0.5691169
CC_277CE974AA8F,0.26743504
CC_277D246E39B9,0.19498077
CC_27A1CC725B7A,0.06598416
CC_27A798829CA8,0.7381426
CC_27C938FC8DC6,0.47001868
CC_27CA2D819E7A,0.056753956
CC_27E3712F0E38,0.15750793
CC_27F3B3F43FF9,0.04694403
CC_27F9832EAB8A,0.48930678
CC_2809CC131F3A,0.6705946
CC_2812523510C0,0.14299972
CC_28151C75756D,0.049846012
CC_28203CC976F9,0.10059579
CC_282AFAE06F96,0.076959506
CC_282C2404F4C0,0.072061054
CC_2834BA2F19FC,0.18790077
CC_28432E22F47D,0.61161655
CC_2844882CC439,0.053017557
CC_284F79726032,0.34666517
CC_28544783AB15,0.49801832
CC_2856104729EA,0.72885144
CC_28625CD86761,0.19077535
CC_2866BDB46FB1,0.09713588
CC_2872415C6B36,0.07690816
CC_28752737647D,0.6022587
CC_2875C281EE88,0.056190766
CC_287E3E9EDAC9,0.08432142
CC_288A2C49D62A,0.047949057
CC_288FA8CD819C,0.16646382
CC_2891894CCED4,0.07758759
CC_2895608A9699,0.14770754
CC_28A2EF7926AE,0.65638894
CC_28A7DBD2B710,0.18169725
CC_28AD81DF2C51,0.11484189
CC_28AEC29CEC25,0.13710718
CC_28C1C3DF7928,0.08677895
CC_28CA76962EC8,0.19928291
CC_28CD47803B6A,0.06689539
CC_28DF569DBBE5,0.0834988
CC_28DFE611C657,0.090267256
CC_28E11E6A6C8D,0.1633639
CC_28F58ADC7CBC,0.11287053
CC_2916479EBC84,0.11025511
CC_2917C6CB0B2C,0.12403514
CC_291C7830D4B5,0.38460383
CC_291FE1744E5F,0.068363145
CC_293124F1ACD1,0.12909727
CC_293C2D704AA9,0.28831887
CC_29432A6B2555,0.102437004
CC_2944B427406C,0.16635308
CC_29468B7035D6,0.10710093
CC_294A9A24E473,0.06507383
CC_294B94EB0E07,0.2724023
CC_2967C29E4C3A,0.11396247
CC_29716D5835F4,0.21166119
CC_297179FF2BCC,0.42407638
CC_29803690C939,0.19585593
CC_29821539DC4D,0.14679435
CC_2983C1D2A273,0.13520506
CC_298CAC5A1868,0.6217829
CC_299EBE0FB429,0.14126447
CC_29A1C0073882,0.42542428
CC_29B6065F187B,0.4014872
CC_29BC66C10F87,0.6486653
CC_29BF3C3D9682,0.18233584
CC_29C4425FB2DA,0.19938569
CC_29C5D0D72D61,0.11756526
CC_29D65E313500,0.119417265
CC_29FD856F47A5,0.7317069
CC_2A097F88615A,0.08891692
CC_2A0CB4CE1A48,0.19658175
CC_2A14C1652D6D,0.2056435
CC_2A1F96F80938,0.16915205
CC_2A23F71805A2,0.13295594
CC_2A2BF2FD0498,0.17058533
CC_2A358A1D3DDF,0.63087237
CC_2A3E371F0DAD,0.22407658
CC_2A423FC8A330,0.32320237
CC_2A43368D54F9,0.49476814
CC_2A47A21C0E07,0.6883826
CC_2A4CB02E7A1E,0.15008272
CC_2A510080BA29,0.17297207
CC_2A5316E550F0,0.09292632
CC_2A59695EF90A,0.60276264
CC_2A606D00CC46,0.0779949
CC_2A6C69145AE0,0.087303296
CC_2A6CD71471A6,0.1066107
CC_2A70D6EF64E1,0.07583584
CC_2A844754AE67,0.6595411
CC_2A85A7B242FD,0.16000706
CC_2A9A51067D7F,0.15499015
CC_2AAAD4020436,0.2040397
CC_2AB62BCF3704,0.081538364
CC_2AC1C8DE5649,0.12660852
CC_2AD10D78793D,0.7316259
CC_2AD26446A7AE,0.04304659
CC_2AD2D35975D1,0.08023779
CC_2ADA07B0211F,0.31531686
CC_2AED2D284351,0.31906754
CC_2B01FDE2552D,0.24706204
CC_2B06DDFD7F8A,0.075278506
CC_2B08FBC0A948,0.17005876
CC_2B1914218468,0.76712024
CC_2B1D93E12DC9,0.22211704
CC_2B248C488918,0.07623859
CC_2B256891C60A,0.62242186
CC_2B2801591A25,0.35091263
CC_2B2B7CF1E40F,0.1080994
CC_2B2F4204834B,0.20941702
CC_2B5443C7AB87,0.07216395
CC_2B5D780AC244,0.6603766
CC_2B64E67CFF13,0.061647683
CC_2B6B872C8D21,0.07232104
CC_2B85D931F011,0.10974906
CC_2B959EF030DD,0.15021272
CC_2B973D1AC16E,0.12080407
CC_2B98983C2687,0.05946564
CC_2BA581E7B8D2,0.11364677
CC_2BB2C432C369,0.09900355
CC_2BBE19587CD5,0.08560983
CC_2BCB838A9581,0.15649638
CC_2BD0E9336EB4,0.07359486
CC_2BD1633FD528,0.08273688
CC_2BD58FC8C2B9,0.047841318
CC_2BD6083CAB0B,0.79377294
CC_2BDD47B177E5,0.7820099
CC_2BDE889EB05C,0.2608661
CC_2BF8DB192A49,0.58991385
CC_2BFDF46F3AC2,0.16111025
CC_2C00CF2FAE22,0.11700612
CC_2C06DDBA1073,0.36588225
CC_2C16C7838FAB,0.792126
CC_2C263A1A732C,0.19071202
CC_2C34105831A6,0.17279476
CC_2C43FFA06F31,0.092295885
CC_2C4DEE4CA1CF,0.063041046
CC_2C56DB55E40E,0.08897001
CC_2C59F565C183,0.14202192
CC_2C7F54E56925,0.1735727
CC_2C8CFCC646BE,0.040538214
CC_2C91AB1DB754,0.06022199
CC_2C93356976AE,0.39647812
CC_2C9DADC294C8,0.060739927
CC_2CA94231028A,0.25738692
CC_2CC8CB17283A,0.16637523
CC_2CCD42AA2376,0.10707492
CC_2CCFE560A79E,0.080322675
CC_2CED227E5216,0.10810854
CC_2CF326E90715,0.041973222
CC_2CFEA03CC6A0,0.6566023
CC_2D1D032137DA,0.113991246
CC_2D258781011B,0.20366244
CC_2D30260A1CEC,0.21654984
CC_2D35C002A9F1,0.13094658
CC_2D45DEA4EB25,0.14303933
CC_2D5494C13FFA,0.07182849
CC_2D5EA2953E81,0.17352498
CC_2D6E7894EA16,0.6294797
CC_2D7DA36360AD,0.24010527
CC_2D7DFEACA38C,0.2954952
CC_2D836654A121,0.15438697
CC_2D9CDFC6C57E,0.7357844
CC_2DAC67585B03,0.17252392
CC_2DAE338809DE,0.2751817
CC_2DB062A18C75,0.5196825
CC_2DB2C55CF89E,0.79027236
CC_2DBCBF870292,0.042100985
CC_2DCBC03B4FA3,0.7025595
CC_2DD78131B5A1,0.102511466
CC_2DD7BCA75AB9,0.10748881
CC_2DEB49017220,0.08802377
CC_2DF6C71ED372,0.14874199
CC_2DFBFA1A4FE8,0.14976208
CC_2E12A41F7733,0.06395939
CC_2E1A348EB1E6,0.10164042
CC_2E23CB0F6F7B,0.3914085
CC_2E3634587158,0.058161527
CC_2E3F4B14D8DF,0.3521816
CC_2E3FDDBF4F48,0.21255322
CC_2E61C46BC16A,0.1696814
CC_2E62AEB14351,0.27125838
CC_2E6F1C0ADEB8,0.1481947
CC_2E7415FAB62E,0.081970975
CC_2E77F7444FDF,0.045626182
CC_2E78431BE3DB,0.07036032
CC_2E7D44FB8075,0.15389863
CC_2E7D8539BDA6,0.33498257
CC_2E7F248874AA,0.73226386
CC_2E85BB8F3BB5,0.093368016
CC_2E8897E4D9BB,0.30976892
CC_2E8CCDE89E2D,0.24320325
CC_2E927D910813,0.13792405
CC_2E9891F5A2D5,0.10369976
CC_2EA56A7EAC04,0.26770383
CC_2EB45D13B248,0.10908558
CC_2EC924B0EAAE,0.10696051
CC_2ECC248C96B7,0.053153485
CC_2ECF0C98B06D,0.4105598
CC_2ED3F6481454,0.13013014
CC_2EDDF0B40ED8,0.15397552
CC_2EE2A139642B,0.15306199
CC_2EEE072DA301,0.20994344
CC_2EFEBB85DAEB,0.15361774
CC_2F133BEFAA69,0.12071431
CC_2F1AAE3B81F2,0.07050147
CC_2F1BC47CC90E,0.05655397
CC_2F2128FBBDDC,0.1731874
CC_2F3D3342834E,0.06539633
CC_2F42D39F710B,0.6405234
CC_2F4AFE398419,0.690308
CC_2F4C24B38EE6,0.05642309
CC_2F508C0838A6,0.07073377
CC_2F50EC193942,0.20110853
CC_2F5BD03D4900,0.07331096
CC_2F73AF6728BC,0.052130662
CC_2F7EBEAB9CF2,0.18441851
CC_2F9AD2BC25F5,0.05300775
CC_2FA3172ED3FE,0.7088637
CC_2FBEF8808F48,0.19461615
CC_2FC014F0EA3C,0.08460932
CC_2FC3AD2EC986,0.21252027
CC_2FCC82AC097C,0.23553614
CC_2FE2ED7D464E,0.25999933
CC_2FFCC9802D2A,0.19335537
CC_2FFE32627DF8,0.2051858
CC_300BEA90EF3F,0.15699312
CC_3017B64D0364,0.2017237
CC_3017E5E87C94,0.13305339
CC_3028375CC87E,0.7725871
CC_302A48CFCEDA,0.06392255
CC_3031F96196BD,0.4832825
CC_30328ADA0AE8,0.08537605
CC_30451015D913,0.034895137
CC_305D33AC15A9,0.747697
CC_306015CFB66A,0.14165057
CC_306413849CEA,0.3685957
CC_306EF0BC7CB3,0.03661122
CC_3075C5B861A8,0.10188236
CC_3083D9B76858,0.054288328
CC_3096994A495B,0.20783854
CC_30B106BC1657,0.19473265
CC_30B967417C42,0.19389884
CC_30CABAFF5453,0.09951753
CC_30D68208FB23,0.3747565
CC_30E2A90BACAD,0.15123174
CC_30FFD856443D,0.5753198
CC_311EF26786A8,0.08549422
CC_3129843EADE6,0.6910345
CC_312C34EF683B,0.051477987
CC_31302B64C078,0.10234453
CC_31344A25B569,0.039450623
CC_31397A399AD5,0.09697459
CC_3145B5EAD7AE,0.19347103
CC_3146EE0BF81A,0.11824713
CC_314D02632843,0.2287412
CC_315133406E42,0.2721312
CC_3180D1C6FB7E,0.1813348
CC_31827EE8A968,0.27789855
CC_319BE06CC27F,0.039540302
CC_31A0A97AFFCC,0.45661062
CC_31B22116E36C,0.17143694
CC_31C78D9B6494,0.39429146
CC_31D3FA367B41,0.098755494
CC_31DAAB3E6DA7,0.15413712
CC_31E36F666FB7,0.095789
CC_31E72EA14FE4,0.14004883
CC_31FC6DC9482C,0.20251374
CC_32076DA6AE23,0.15278022
CC_3209FA12D938,0.31427822
CC_320E17F947CD,0.41919684
CC_3223C706DD92,0.20859618
CC_322EFB2E377D,0.09290943
CC_3248EB928073,0.072939195
CC_325D5DC52B1F,0.110912755
CC_32662A6DB78D,0.17248964
CC_328DD3BA068A,0.26457453
CC_328DF7798F91,0.21043578
CC_3295CFEB188B,0.078509174
CC_329DC79286ED,0.5993154
CC_32CB77D55C73,0.11572085
CC_32D129B9E651,0.09146269
CC_32DB12551D37,0.6815763
CC_32F00D77D5CD,0.10434835
CC_32FF5F6892D9,0.19613166
CC_3301EF60877F,0.15482089
CC_330F334BD816,0.11460483
CC_331285B3494C,0.23200032
CC_331364283D5C,0.14716837
CC_331718E0F54F,0.15085231
CC_33194D48FF66,0.09615405
CC_331E8B8BCAB8,0.07142751
CC_33254134ABA9,0.78048533
CC_332E42439579,0.084327385
CC_333102AB964C,0.13392545
CC_3338AC0E8112,0.25907475
CC_33656EEDE6F2,0.38995418
CC_336777D934E0,0.49276727
CC_336DBFE464D1,0.5378781
CC_3382BB2F3152,0.15545034
CC_3387207793E4,0.051095672
CC_33992C973839,0.17760071
CC_339C36703675,0.11116512
CC_339CA5814519,0.100461304
CC_33B157F2A921,0.08353225
CC_33BBD10F239D,0.06665013
CC_33D3B12EE56E,0.08746723
CC_33DB68EA27CB,0.09318107
CC_33F0B95E70CE,0.22924523
CC_33F40275D630,0.05607996
CC_33FD5DE22692,0.072000876
CC_340961106343,0.11088109
CC_340BB1F4CEF0,0.1138612
CC_3410B11F1FA3,0.22269149
CC_3424972707B6,0.6344451
CC_34452758A645,0.042323977
CC_344D239879D6,0.13514796
CC_34503B6891CE,0.19588521
CC_3451722A3813,0.08935985
CC_34517B513D8E,0.48968548
CC_346ECB4CF2F8,0.11209756
CC_3478E8B6B56A,0.05575634
CC_347AFDE16722,0.094421096
CC_347B1A01467F,0.05203435
CC_348AA62FF484,0.33466724
CC_348D3F098A4D,0.07386313
CC_349290E4D0C9,0.17896417
CC_349347D553D1,0.24955878
CC_3495CE27BB05,0.20188355
CC_34B10A654721,0.15597014
CC_34BD2C5130C8,0.13564016
CC_34C433439160,0.04824196
CC_34CA271F73E3,0.3254666
CC_34CEBEA3B15A,0.064746
CC_34E58CF793A0,0.17076391
CC_34E6909B6027,0.5763502
CC_34F4292A8B5C,0.20457315
CC_34F6DD223594,0.048692487
CC_3508A7A5E9EB,0.17382972
CC_35094977DD75,0.11123399
CC_350DE157CE6D,0.16311331
CC_351BD5C2EE8B,0.033613436
CC_35486249EDEF,0.20806503
CC_354C9ABE6DDE,0.072365746
CC_35578162927A,0.14648709
CC_357C3E7518D3,0.74000216
CC_3584C15BF11F,0.04295992
CC_3588C5166872,0.07644619
CC_35A68306B19E,0.2548148
CC_35BFB3093D02,0.05258915
CC_35C085ED37BD,0.506604
CC_35C695C13279,0.075719886
CC_35D1668A4C13,0.24940865
CC_35D27495E0CB,0.79666966
CC_35D562E1DBE1,0.6209952
CC_35DCDC74A757,0.48245025
CC_35EC2AB1D1EE,0.13525493
CC_35EEB90317B9,0.59939075
CC_361A9EAF7706,0.2307879
CC_361B968FEB98,0.28553286
CC_361C9FA031A7,0.7814938
CC_3620C5D1B3E2,0.05603077
CC_3622D7221940,0.06370177
CC_363175E92F74,0.3263616
CC_3638C9146BFC,0.12853304
CC_3643A4C7EC5C,0.056267463
CC_36690A9AE112,0.71239364
CC_36719170F638,0.096733876
CC_3673466BA7A7,0.08814404
CC_36847054DF52,0.3961294
CC_3691CE792752,0.7798896
CC_36A27FE53743,0.5366276
CC_36A3FB06D1D8,0.7944881
CC_36B0F2AD5413,0.06272239
CC_36B1B7BF5F75,0.15777585
CC_36B68E66951E,0.37367386
CC_36D3F09AD810,0.53403044
CC_36DBD8424220,0.5801299
CC_36E5645D8018,0.076867625
CC_36E6592E4E23,0.14023444
CC_36F143AEC864,0.10837487
CC_36F2A735DF73,0.15746707
CC_36F81C003E8F,0.06590957
CC_36FCD55EE425,0.45621675
CC_3701D5DB7FA1,0.0808845
CC_3706E1EB2587,0.5236773
CC_370E0F8EF86F,0.57391965
CC_371D47444D5B,0.71178895
CC_372CFE308EA4,0.65737617
CC_3731D90357A6,0.31759223
CC_37322F66C543,0.04311999
CC_373539DE38C5,0.12136735
CC_375225700242,0.4019708
CC_3762D0B6F3C2,0.11924591
CC_377A277E831A,0.13722947
CC_377B6066B91B,0.23829646
CC_378D71726B5E,0.07054987
CC_37A46BD0DCBF,0.045224257
CC_37B447368F02,0.7256248
CC_37BFDFE369A3,0.22394404
CC_37D09FE492BD,0.076976255
CC_37D3F4C07235,0.2471483
CC_37DDACE48E3C,0.14370313
CC_37DEF85C0A37,0.36005408
CC_38020CED9EEF,0.09407952
CC_382207621EC5,0.78254306
CC_38374AB27F95,0.10316013
CC_383A5544DD5C,0.13407221
CC_383C129A5B96,0.25224283
CC_3847AAA649C7,0.10364284
CC_3849D992C1E3,0.074480005
CC_384BB17F0F0B,0.5933465
CC_3851177E5E76,0.06470499
CC_3862F88850B8,0.26649195
CC_3867CFCFCC94,0.23258242
CC_3872ED018F85,0.15485153
CC_3881A587C072,0.12817045
CC_3882F8EB5EEB,0.5716198
CC_38911341EA6C,0.082474075
CC_389E5B71E254,0.55408704
CC_38A0DBCD3728,0.120986745
CC_38B3E9142747,0.11582874
CC_38C1B8860300,0.050811388
CC_38C8CF250B60,0.034406073
CC_38D32B790B4A,0.11426997
CC_38EB304A9915,0.17565504
CC_38F26461C872,0.73479813
CC_38F942257E28,0.55551183
CC_38FA5D78A8A7,0.048915632
CC_3903D7BCCA95,0.06852777
CC_39043D7ED04D,0.20233893
CC_39098B256732,0.060993355
CC_3909A2E4C679,0.13714615
CC_392344DF8D55,0.29363966
CC_392628C8AD47,0.079575166
CC_39285F4C42BF,0.3933456
CC_392A376EA1A2,0.09079446
CC_3932E086F150,0.16244486
CC_393D1D3640D0,0.06242178
CC_3943B3490B49,0.6937763
CC_394DE164DBCD,0.13383198
CC_395600E84A54,0.10888314
CC_395D181A7E1F,0.094335355
CC_395E8CACC437,0.15647902
CC_39635AC6A70E,0.05009486
CC_3969352E3ABC,0.08947458
CC_3985C0DF9CB5,0.538979
CC_3989F2C6A9F8,0.22528777
CC_39A82672A1B2,0.065388754
CC_39AA15DAE17D,0.6178904
CC_39AA2A3D98CC,0.03720788
CC_39AC257B00C5,0.10332413
CC_39ACC63CDAEE,0.10244237
CC_39CE40784C2C,0.22418335
CC_39E1A306D418,0.15437822
CC_39F2B11C46D7,0.1119198
CC_3A10F5F50A27,0.047117032
CC_3A27CF9D162A,0.5731026
CC_3A297424A7F7,0.115116894
CC_3A39F7930BF3,0.09313719
CC_3A57566F9977,0.55387765
CC_3A61121254E6,0.05033778
CC_3A81C568A7F8,0.14281407
CC_3A82E7050A4D,0.04840545
CC_3A860AADE6CE,0.16222942
CC_3A8B3FC29C9E,0.10855798
CC_3A8E9056A5A2,0.08475998
CC_3A9617A5777D,0.45702225
CC_3A99D25777CD,0.14454933
CC_3AA9E8D01340,0.5659553
CC_3AAEFC09C290,0.7173704
CC_3AB5E579843E,0.24657746
CC_3AB77A30AD40,0.20261359
CC_3AB7BA36A414,0.31844282
CC_3ABA830A5BB2,0.119525805
CC_3ADDDA550A57,0.13107601
CC_3AE7B1151DC9,0.12815352
CC_3AE9A209EE00,0.054465085
CC_3B06FCD75C98,0.059625965
CC_3B0722FB5E8E,0.27465335
CC_3B1C51DD7429,0.16256824
CC_3B1F4696D710,0.57298183
CC_3B224413A072,0.23873338
CC_3B35C3783CCD,0.21668804
CC_3B3626F3DF9F,0.19051592
CC_3B4405C7E486,0.57885194
CC_3B4C4A9C9D99,0.32733923
CC_3B72F0E9E3F8,0.20831871
CC_3BB02A95C6C1,0.71903694
CC_3BB8B675C2BC,0.43505317
CC_3BC51B069218,0.1304889
CC_3BCA5BD201AC,0.15378663
CC_3BCAC9793441,0.2711066
CC_3BCBC867AC4A,0.043157436
CC_3BE51412ABE7,0.40691718
CC_3BEA98B401CD,0.6418276
CC_3BED6DF1ABF1,0.16144192
CC_3BF0BF7CF827,0.82246697
CC_3BF110035599,0.6070025
CC_3BF213810DEE,0.6160547
CC_3BF21CA88D3C,0.47367
CC_3C0E29764C71,0.07584061
CC_3C19509D4636,0.14417228
CC_3C1B038BB068,0.16208924
CC_3C594CADCA2E,0.18557332
CC_3C5D909498F7,0.66825473
CC_3C68D5179A01,0.08996678
CC_3C83955704BA,0.7918675
CC_3C93218F41B2,0.36133558
CC_3C9CFC8FB4D1,0.7512151
CC_3CA266EB55BE,0.11848295
CC_3CE49C937F7C,0.1179392
CC_3CEEB9C04F0B,0.39833397
CC_3CF504AD4DD9,0.07551153
CC_3D1092DBC5C2,0.20365314
CC_3D185833E7BB,0.061762612
CC_3D2309981121,0.33767167
CC_3D27A0086AA6,0.17497166
CC_3D3BE7D0F4D8,0.10823141
CC_3D412B5EA919,0.09227102
CC_3D47650C6F30,0.08369013
CC_3D55D1FD8457,0.056066193
CC_3D599501BA76,0.07576416
CC_3D6181EE3C87,0.6571395
CC_3D65CC165F44,0.16587786
CC_3D6CF6DB8014,0.38737187
CC_3D7C14801D40,0.16812113
CC_3D836BDBF866,0.61886203
CC_3D8DF3A3DB71,0.75763595
CC_3D9309851089,0.17527995
CC_3D9ECB4274C3,0.12190249
CC_3DC8A9A92802,0.35948747
CC_3DDD3813D1D4,0.09526907
CC_3DF3FFB3CFC7,0.13437644
CC_3DF88701601B,0.1573194
CC_3DF91A482CFD,0.3263939
CC_3DFD6349D046,0.6058793
CC_3E0D54125AE0,0.19714198
CC_3E10CFE1DD57,0.050711375
CC_3E13CB98572B,0.15867576
CC_3E142C8ACA6F,0.089656085
CC_3E1BAC4E5B90,0.0517307
CC_3E2DD0D1E2D8,0.14251019
CC_3E403BF08A45,0.1336115
CC_3E46368104AE,0.09697549
CC_3E48A086B5C7,0.288658
CC_3E54451B0F6D,0.07357076
CC_3E6335ED3F4F,0.08466878
CC_3E87A65C50A5,0.14985263
CC_3E91109E2090,0.058599602
CC_3E92A1EDA618,0.2511366
CC_3E94684FE270,0.49901098
CC_3E9DB402F352,0.13916194
CC_3EB5A15A6C04,0.7959548
CC_3EB8A9A6C49D,0.09851787
CC_3EC96BC884F2,0.116700314
CC_3ECA9E44B90F,0.25108603
CC_3ECE4EF16A44,0.2017742
CC_3EDDB8E70F57,0.20662153
CC_3EDF137D0E1C,0.1372681
CC_3EEEE844410D,0.36589342
CC_3EF4F348C967,0.116408505
CC_3EF91DD11A81,0.15562789
CC_3F08C55E7A40,0.2038538
CC_3F171CED0CFA,0.033299763
CC_3F2544EFA753,0.10265629
CC_3F28F3286CCA,0.080266945
CC_3F379CB37B0D,0.17445724
CC_3F42D798AB1D,0.65766484
CC_3F48724540D5,0.17150149
CC_3F68068E2D5E,0.116834715
CC_3F7FBE71B77F,0.07413484
CC_3F80017B8599,0.05727566
CC_3F8B17953200,0.06554255
CC_3F964BADC4BC,0.74842614
CC_3F9767602FCB,0.17597054
CC_3FA84F0B23CE,0.060707457
CC_3FB4B189143F,0.15340674
CC_3FB7C976EB26,0.45736352
CC_3FBCEB2F36D5,0.13070336
CC_3FC4FE843245,0.1201822
CC_3FD52E32FE8B,0.67077124
CC_3FDB44EC6254,0.06301956
CC_3FEFBD6DC62F,0.2154499
CC_4005466D00ED,0.33458206
CC_40095FFBC1A2,0.057896543
CC_400F1887A662,0.106476024
CC_40133FF3069C,0.10889725
CC_401C6F0EED5A,0.100300014
CC_4021AD03FA01,0.15796041
CC_402E91F3A56C,0.11369798
CC_403754B6988D,0.09646728
CC_4052DFCB1656,0.21531896
CC_40579C5C13D5,0.7868222
CC_406937FF97E7,0.091277435
CC_406C4233347A,0.23686378
CC_4073E42E11E4,0.16912417
CC_4077BB12A5F4,0.0818023
CC_4077DD5B5C4F,0.116140746
CC_40824D899215,0.07342215
CC_408D79189FBF,0.31412435
CC_40A3F1D5EA0F,0.34381604
CC_40A852A592FB,0.11420903
CC_40AADA91D560,0.17455159
CC_40B39CB2CC58,0.04000395
CC_40CE2030F058,0.06464927
CC_40EA2F8481E8,0.17094107
CC_40EFD7778F98,0.13578303
CC_40F278D49681,0.24074796
CC_40FFCF631F19,0.37579316
CC_4101D1B82788,0.24877591
CC_4109B79A4B06,0.03601638
CC_4119348F051A,0.10361111
CC_41206EE45803,0.06777241
CC_412DF740DA62,0.15137151
CC_413AB4CA7451,0.08766536
CC_414C06C60FF7,0.6776804
CC_414F50748A51,0.068606116
CC_415C65EA66AA,0.051292412
CC_415CED95F7CA,0.14911005
CC_416584250060,0.11632369
CC_416B3A1F0F0B,0.07706982
CC_41735021FC7A,0.1769633
CC_417858CD20F4,0.12856974
CC_41902EFB3974,0.05910016
CC_41A27790EFBF,0.13811325
CC_41A4A223F39D,0.10869072
CC_41B464757ED6,0.1107491
CC_41D1A87E1136,0.47493768
CC_420FE297808E,0.046229508
CC_4211096D5588,0.1866264
CC_421F4D78128B,0.4497468
CC_422F2780C85A,0.3435824
CC_423B0296BE24,0.08035444
CC_423E78000AA5,0.18438254
CC_4246081DD359,0.107119285
CC_4249EDF2FDCC,0.8162201
CC_42568C67F412,0.3993115
CC_426A25EA9E21,0.70654947
CC_427ECDDEECE6,0.27936748
CC_4289EEC8F0A2,0.1820889
CC_429A7158AD07,0.13594559
CC_429C51AE729D,0.054131456
CC_42A0DE1E5E80,0.08542305
CC_42A7D0F5388F,0.087478526
CC_42B23C8C9F66,0.17506003
CC_42BD3999AC3E,0.2675541
CC_42C95B199130,0.4230287
CC_42CD6CE97523,0.3973287
CC_42DA114F12A2,0.2651891
CC_42E2736AA331,0.15522555
CC_42EA825C351B,0.45799533
CC_42F1B2B4D258,0.5241175
CC_42F4588EB38D,0.27631068
CC_431F29A12E99,0.1797276
CC_432EB78A198D,0.23475793
CC_43383344BC72,0.1719422
CC_4339187DD10A,0.07116103
CC_4344A2E7EA1F,0.46292338
CC_4347468ABE51,0.5559463
CC_434894BC2577,0.06750949
CC_4362DB93FC92,0.076126195
CC_436850DDC704,0.13691142
CC_43698E2EEA0A,0.1142215
CC_4387F73F131E,0.106057726
CC_43A33C994C70,0.34528437
CC_43ACD82B5514,0.31304985
CC_43B37131B8FA,0.20901775
CC_43BFCAF8BD20,0.15004018
CC_43C060E01266,0.20051856
CC_43C41AF27375,0.05994602
CC_43C5AFA48B93,0.08428307
CC_43C767A44C55,0.20351389
CC_43DECAB53552,0.04792716
CC_43E6D931158D,0.36823007
CC_43E9F88019F8,0.06348216
CC_43EBD6EBD675,0.080454625
CC_43F81C577002,0.34380978
CC_443C4E041687,0.06585108
CC_443F63BF238A,0.1038755
CC_4463776F9AA1,0.09389912
CC_446F1EDF03C8,0.0678782
CC_447BAD4F7820,0.8265069
CC_447D02F917B5,0.059538025
CC_447E705746E2,0.14144585
CC_44A017104F93,0.6174782
CC_44A1E58CDBC0,0.056075156
CC_44ABCC04C418,0.08710033
CC_44BF6BCCFC2E,0.058700792
CC_44D0671A3B87,0.13537247
CC_44DBEE3A7D81,0.16277465
CC_44F7DD6A88A1,0.23808923
CC_45080C42280D,0.21700768
CC_4524AD74135F,0.3486453
CC_45262103231F,0.21075337
CC_452D8C5D039C,0.80023175
CC_452DECDBC90F,0.09872188
CC_453C9B3A5992,0.4821399
CC_4542AACA1FE4,0.13899702
CC_455209549D3B,0.79188436
CC_4555C804C4D0,0.092596315
CC_4581E4190B2E,0.10701184
CC_458912F91D6F,0.45219976
CC_45913E1BE65C,0.33911404
CC_4594791FB40D,0.12344227
CC_459B49073E2C,0.3218637
CC_459EA8E0E2EF,0.12945095
CC_45A4A38557E9,0.13693707
CC_45ACE2B1DB6F,0.068402186
CC_45C1A92F0E8D,0.11305815
CC_45D0673EDD20,0.116575696
CC_45D70DC84DA0,0.10668428
CC_45D96479EC1E,0.06623122
CC_45E8597BF74E,0.0817425
CC_45E97246F83A,0.29558367
CC_45EC44761309,0.11826614
CC_4603A6F83E2A,0.07634009
CC_46045CEE8330,0.06048292
CC_464E17187A4E,0.40259236
CC_4659FB4B8536,0.13207701
CC_465EF4F9B68F,0.20053461
CC_4663FDE62E3A,0.25706753
CC_466D54BE0809,0.07586769
CC_466ED9BD34B5,0.078524105
CC_466F7908E13D,0.18681368
CC_4695A5525A11,0.15543336
CC_46BBB8A4854A,0.063966
CC_46BC61EC8F2E,0.21862157
CC_46C0DFA660B0,0.11800401
CC_46C2DCF84CA0,0.11692344
CC_46C38B9F0D8E,0.08226873
CC_46CAB9AE7C87,0.52999336
CC_46D0D1ADEA59,0.1651452
CC_46DFC1AA0821,0.79821765
CC_46ECA5976180,0.10508446
CC_46F5F6D27991,0.09420501
CC_46FE9F226120,0.23667152
CC_47130CC63FC5,0.20819502
CC_472330768F5F,0.10928394
CC_47292EBB8BD1,0.1556568
CC_4734AB1281DA,0.05989225
CC_473989E6BA47,0.25151616
CC_473AE07014DC,0.17512104
CC_4741EF45C3DB,0.22867136
CC_474586BE49EB,0.14045607
CC_47490BF44944,0.2572778
CC_477213DAED38,0.06787867
CC_4778086276B7,0.12784263
CC_47910B073CF3,0.19786558
CC_47939776FDF6,0.69916046
CC_4796F6A64420,0.06381941
CC_4798549B52ED,0.32760796
CC_47A3714E7D2E,0.31669444
CC_47CE219EBAAD,0.16795075
CC_47CF9074E03E,0.1297296
CC_47E4537A53FD,0.11224896
CC_47E8BC938FA1,0.14123805
CC_47F134D17818,0.16781324
CC_4812FBE05C7C,0.37020245
CC_48152725FAB1,0.58061385
CC_482256495FAD,0.6485696
CC_4829FF15D21E,0.115226075
CC_482D26D81935,0.66129225
CC_4838990A8D02,0.057476304
CC_4862EA9CD1DD,0.047193654
CC_4862F8C1B0AC,0.087551184
CC_486CD67D26CF,0.16728161
CC_486D8F9AE549,0.3216094
CC_4877D1BDB737,0.10895331
CC_4885E34F0B26,0.13645244
CC_48928CA8082E,0.14223512
CC_48A74FF0E6C5,0.08622398
CC_48E0791DDD62,0.07408009
CC_48F620B6A472,0.10434522
CC_48FDBB1D7493,0.15326712
CC_4910EC928152,0.12790073
CC_491C18C17767,0.05821983
CC_492F65EF8D9D,0.7849326
CC_493DDD53B97E,0.043899965
CC_495F82AA5B9B,0.1781805
CC_49618412FF86,0.0819962
CC_496A7CFA344D,0.74350935
CC_4983EBABAE3F,0.07710256
CC_4992C1915957,0.49527788
CC_4993B31028A7,0.08392064
CC_49945441A644,0.20318487
CC_49A80692BC68,0.105910465
CC_49AB67613A58,0.16574235
CC_49B05CADDD95,0.5624267
CC_49C6F9AD111E,0.14649579
CC_49CEB94F0B3B,0.05367384
CC_49D3A79B55CD,0.08258705
CC_49D6671DAE8E,0.09212826
CC_49E6C539B1CF,0.04874202
CC_49EEDF0DA684,0.043198813
CC_49FC290E33A7,0.17606783
CC_4A01CF2F67D2,0.7136241
CC_4A16DC668832,0.5409417
CC_4A212461781C,0.071235426
CC_4A237A8E6706,0.16585185
CC_4A3DFA0E27A4,0.1420219
CC_4A513D39DCE3,0.06497871
CC_4A532B0E6165,0.15803353
CC_4A5FA9F1C804,0.099889114
CC_4A7BDEC665FF,0.052939028
CC_4A7FC9B23222,0.31716222
CC_4A8A7080FA25,0.24411294
CC_4A8EFD589879,0.060809206
CC_4A8F7D2B857C,0.18239596
CC_4A91E8D4289D,0.3719345
CC_4A93163A12F4,0.33342427
CC_4A9FEF48EA65,0.099724725
CC_4AA73D751AA5,0.32746112
CC_4AAED0C85F70,0.14869508
CC_4AB1DEF044AA,0.044093773
CC_4AB5AE299217,0.21245249
CC_4ABA0CDC2270,0.19571154
CC_4ACFFC2F295F,0.62836844
CC_4B0490BAB1B9,0.07387474
CC_4B28B03CEFEA,0.09309314
CC_4B420765EB9A,0.12578878
CC_4B47C16D9867,0.12087915
CC_4B494C4D7D03,0.39440626
CC_4B4C84B015C2,0.046097197
CC_4B607295E983,0.05318912
CC_4B6D24E81483,0.074311815
CC_4B77AF6FAF2B,0.65947723
CC_4B7EC3F2FFBA,0.05558471
CC_4B85318DFA50,0.10992694
CC_4B9B36B36DA5,0.73979414
CC_4B9E0AD5D692,0.5137499
CC_4BA041C9678C,0.10540213
CC_4BB40F2129A6,0.08207099
CC_4BB8FD274E2A,0.07206608
CC_4BBB8118FBBB,0.12638524
CC_4BC8CB91719F,0.14787559
CC_4BE447D54BB8,0.14912477
CC_4BE85B1BDB62,0.3075419
CC_4BEF3C7F6395,0.23780577
CC_4BF03FF61B97,0.4503738
CC_4BF4C38EAE8D,0.27429646
CC_4BF95B8140C8,0.11298977
CC_4BFE0CB61B5A,0.3891018
CC_4C2A3F254101,0.36699334
CC_4C351DEB6230,0.22818515
CC_4C38031A2A9E,0.123474024
CC_4C3E35875F03,0.11334034
CC_4C4D79F933B2,0.12246058
CC_4C56497F4AB0,0.6778196
CC_4C827B493CFD,0.13806903
CC_4C849C6073AF,0.10845299
CC_4C869E6F618A,0.13628927
CC_4CA21C15763D,0.12093512
CC_4CB2F1CAE684,0.10738055
CC_4CC0265E0778,0.05151122
CC_4CC5483903E9,0.6338805
CC_4CD7C76FE235,0.43544888
CC_4CE2BFED4F4C,0.08712798
CC_4CE751CB58FA,0.44195098
CC_4CF3E184C500,0.056939065
CC_4CF668E60D64,0.30177072
CC_4D1A1AF53E18,0.062393386
CC_4D29155FCF33,0.22713253
CC_4D2CC7618AC2,0.5336879
CC_4D350FF7402B,0.36529937
CC_4D38AE84E3CB,0.17126568
CC_4D4140E1056D,0.10441904
CC_4D5545FAB130,0.57950497
CC_4D55E218946E,0.09142905
CC_4D5E14BD6AFA,0.08292556
CC_4D78935D66E9,0.06199793
CC_4D883AAAC6C9,0.03506878
CC_4D8D8108C51E,0.62397766
CC_4DB40331777A,0.79147506
CC_4DBC8652D26F,0.091607645
CC_4DC0E154EBB0,0.73908454
CC_4DD5B8780C4C,0.11126461
CC_4DE0070FF683,0.13055268
CC_4DE688CDBC27,0.077285565
CC_4DF37857FCEF,0.07419094
CC_4E20F0249BC6,0.756318
CC_4E2F01B7B9EE,0.17661494
CC_4E41C247B4E5,0.1481968
CC_4E479F6989A1,0.058752507
CC_4E48AF17BC29,0.08060019
CC_4E6BE67E3C4F,0.041346204
CC_4E70939C5933,0.48994994
CC_4E70FB172717,0.14515692
CC_4E726EE8C026,0.27814597
CC_4E76F48DFDEF,0.08915267
CC_4EA180B2B913,0.03749953
CC_4EA67A160C3E,0.603367
CC_4EE41FC91AD2,0.18505616
CC_4EFECC6C2E36,0.6693505
CC_4F22CB97C34F,0.052405037
CC_4F2444DC6C75,0.83425397
CC_4F2B7F512DD5,0.07117949
CC_4F504A9744FB,0.09313971
CC_4F6FEE589187,0.12572332
CC_4F71AAF96C32,0.07156734
CC_4F76E57C55EF,0.3445109
CC_4F88D3E5AA2E,0.046234652
CC_4F8A4384F6DE,0.14222553
CC_4F8D83DCCF25,0.18461378
CC_4F956AA47816,0.6443114
CC_4F99FCEA10E8,0.105815485
CC_4F9F10A183F6,0.09475054
CC_4FA766935F14,0.10672078
CC_4FB0B9E398F2,0.33443195
CC_4FD0DF6CA3AA,0.06485292
CC_4FD902F7ADEC,0.07918416
CC_4FF1155E3A6B,0.3658506
CC_50103368F241,0.06599523
CC_5012B9991935,0.1007535
CC_50172FF2C2C1,0.1090276
CC_5017C9BA7773,0.055832
CC_502C3D0EC4CA,0.09492557
CC_504157951119,0.047434475
CC_5042938B5A9A,0.44325274
CC_504A57293FE4,0.7976221
CC_505812CFE43B,0.32818872
CC_505A6EB06E39,0.3499902
CC_5064CCE0EF29,0.23357506
CC_507BDF639FB5,0.17044376
CC_507E53684AB6,0.09833735
CC_5087A0D1765D,0.23559324
CC_509229AEC221,0.21170488
CC_5092D3A72B03,0.21902736
CC_5092DF691F74,0.5585366
CC_5094BB59416F,0.23254049
CC_509926B384D8,0.74644196
CC_50A6C96DA7D3,0.0487572
CC_50AE75A10F3B,0.26161742
CC_50D4BB93EB1A,0.06799415
CC_50DF7B02E356,0.18586095
CC_50EB53CFE7F8,0.057938926
CC_50FC7D563CE4,0.15466945
CC_5100E6EAA3FF,0.17492345
CC_510F2944B2A0,0.1250857
CC_5128881AAD54,0.17402288
CC_5138941DB7A2,0.1589195
CC_5139EF8BEAFB,0.17128567
CC_513E5EEC6B04,0.12172437
CC_51427EF15375,0.33615154
CC_5147B281DA64,0.38161144
CC_515D968ED36E,0.10081176
CC_5176FF858154,0.087000564
CC_517CB40FB016,0.08458569
CC_51884D5F3E4D,0.11086086
CC_51AE98263438,0.1360229
CC_51C9CE782368,0.17635074
CC_51CC80D1570F,0.06642468
CC_51D2E3476902,0.061824065
CC_51E05E706D64,0.11742997
CC_51E5A5E9801C,0.055957787
CC_51F5DA44F9A0,0.47715625
CC_51F6BDD355F4,0.05257337
CC_51FE657FE212,0.11971875
CC_520950C9BAA3,0.05810405
CC_520B1D31AB99,0.12842175
CC_522550E1761D,0.78925097
CC_524CD519E76B,0.08951677
CC_524FE9E3DAD3,0.44258913
CC_52629A025048,0.10857998
CC_526765FC100C,0.24922153
CC_526E56249FFA,0.2700073
CC_528B42A34966,0.23441657
CC_5292B36E4882,0.19753268
CC_529A2F110236,0.14838514
CC_529BC4ADAD6A,0.18044464
CC_52C1C5A6F887,0.07951641
CC_52C3B674FDFD,0.26934952
CC_52CCBB8F9964,0.09546412
CC_52D21FFA24DE,0.72571194
CC_52D32EDBAA78,0.20499556
CC_52D7821A8363,0.1487555
CC_52D9087EBCD6,0.80671847
CC_52DD62E1AC2E,0.18050745
CC_52E8B04F0FA0,0.13986778
CC_52E965E9E2C3,0.14053096
CC_530BA492842A,0.3173424
CC_530F6E906D6B,0.052278586
CC_531FCFBE3B13,0.1226934
CC_5320DFEAD897,0.17137763
CC_53319AE7B829,0.6499947
CC_53481151859F,0.047051165
CC_534D4FC05F82,0.17093962
CC_53687DA8C9E5,0.35995713
CC_53795A7B7751,0.07219181
CC_538328A6B3BA,0.45757437
CC_5385266461B1,0.1920233
CC_53891CB35BF8,0.13411728
CC_53A6E1083B13,0.08882532
CC_53A77DA726A4,0.08512286
CC_53ADBC2F6E34,0.20004582
CC_53B249809561,0.08681787
CC_53B2DF5B019C,0.059084468
CC_53C1F3E031A3,0.14396337
CC_53CBF2E8AD05,0.47988623
CC_53D04793ED9D,0.067253605
CC_53E23A9B6F74,0.05996394
CC_53EB59C99100,0.4424581
CC_53EB9AC04311,0.1283878
CC_53EC732C9B30,0.03671037
CC_540122E71534,0.13717224
CC_5405C89DF8BD,0.72791064
CC_540D69F5BA23,0.15315203
CC_5414446319CC,0.6452921
CC_5418410F95A2,0.061857402
CC_5431A01C30E4,0.07267089
CC_5452437FC605,0.39698938
CC_5452979BF98D,0.06775751
CC_546EE83F84A4,0.4851202
CC_5473268241FC,0.15236156
CC_5474EE64D859,0.28470072
CC_5476E2B2FCA0,0.13153897
CC_54892024F98D,0.1943142
CC_54B33C66DCF7,0.08968271
CC_54CF66B660B4,0.43956336
CC_54D3A35EC69F,0.072239295
CC_54D6AE2665AA,0.0920312
CC_54D93974E62F,0.26739988
CC_54F5F552A0F2,0.16377695
CC_54FC3B361BDA,0.10236676
CC_550135E8FAC6,0.12982117
CC_55020AD0D117,0.15336597
CC_55094AF7EFEF,0.09433372
CC_55126E23462E,0.05241827
CC_554C21CCAF3E,0.10449114
CC_554C912C7DBE,0.06781728
CC_556B02A2B401,0.29702207
CC_557A0B0CD0F4,0.16163135
CC_559A14E729EB,0.3133325
CC_559F0DD4E4A7,0.36069602
CC_55A82B4E57F6,0.13449797
CC_55A98ABE4C75,0.12499621
CC_55A9D45EA466,0.037616204
CC_55CB872FF50B,0.19014311
CC_55D9E3D58435,0.23996504
CC_55DFF3C3BB46,0.11890228
CC_55EDC3996984,0.14249413
CC_56013299D8C5,0.086757645
CC_560B519C1F50,0.085773826
CC_560CABF0F5D0,0.13913245
CC_56178AD87948,0.23555323
CC_5619A7BB54EA,0.10596757
CC_5624319D7B28,0.1253424
CC_5625119D6C37,0.19265029
CC_562BE7245E1B,0.6979995
CC_563684010DF5,0.5544392
CC_563EA9A29338,0.1209141
CC_564590AFB575,0.03850854
CC_565E01191BF6,0.62263596
CC_56612A039382,0.059476472
CC_5665FB827721,0.55764353
CC_566932C3CC97,0.10907042
CC_5671D59B2A51,0.120570995
CC_567E7DD24A97,0.09177525
CC_567F47F37683,0.04645691
CC_56847A91065C,0.11531359
CC_5698480F8634,0.0758672
CC_5698B024CECC,0.6243778
CC_569DC051A2EA,0.104018465
CC_56A322152604,0.33943814
CC_56BFD9A8335D,0.3673224
CC_56C9379BADB6,0.044602808
CC_56D410FD8F56,0.3363009
CC_56D4549919EA,0.15581888
CC_56D918CA6353,0.13426402
CC_56DB30CE666D,0.13885869
CC_56E760C3206D,0.24404244
CC_56F73F905615,0.79712015
CC_570683C088DB,0.17623627
CC_571C6AFD00ED,0.39773673
CC_5725663C3B89,0.12011345
CC_57291D7667C8,0.15597753
CC_57313F6E7927,0.18364595
CC_5735F9B859AF,0.56595516
CC_573B34826B2B,0.65581924
CC_5744447CAF7A,0.07678715
CC_574CC0FC7B05,0.09533914
CC_5759E2982909,0.08665402
CC_575CCCCDD7B6,0.6748506
CC_57603A37D19F,0.046164624
CC_57639D4995CF,0.23560753
CC_576E6676FD55,0.058336955
CC_5775C148E05C,0.13656914
CC_5798E560E9F3,0.7722076
CC_57A486F61065,0.44917956
CC_57A726458B99,0.06468537
CC_57B0D41BD7D3,0.3641544
CC_57B501E60C35,0.081680074
CC_57CA90509CB1,0.72412664
CC_57CB7673547B,0.08000111
CC_57DE479CB61A,0.7599155
CC_57E7F1A6B895,0.045008216
CC_57F13C4115FA,0.37825975
CC_57F480CA9A42,0.08195375
CC_57FDFC6DE726,0.23306243
CC_5810468B76BE,0.1318731
CC_5810F212B2EE,0.35441527
CC_5817759E7007,0.13945541
CC_5818B5089B3C,0.07954855
CC_582C78363EB6,0.09564172
CC_58391600720C,0.11442195
CC_583D7B177F85,0.10663521
CC_584C11014F63,0.122058526
CC_584CDC12578D,0.07308031
CC_5852F443C55D,0.06922395
CC_58565AF0F70A,0.5479468
CC_58568DF9AECF,0.2493666
CC_5859EE6309D5,0.40397245
CC_5872B45E1C19,0.74185765
CC_58797A417EEA,0.22168913
CC_587A4844B482,0.2191112
CC_587C0CC3DD82,0.66103554
CC_5881A04052CE,0.082465865
CC_589A4E02EF81,0.13752374
CC_58AB46E5655E,0.14733541
CC_58B0CFC9F3D2,0.057686318
CC_58BEFDA6B4C6,0.11219527
CC_58D95C7247D5,0.07358841
CC_58DBF3409D48,0.08978546
CC_58E35A47B880,0.18073204
CC_58E40EFF57CF,0.3212119
CC_58F551219BD6,0.07936854
CC_58FA76C6C45C,0.60570467
CC_59018149723B,0.061413366
CC_5904459ACECB,0.76582986
CC_59088B2886E8,0.043151144
CC_590D2E0AD18E,0.6361694
CC_59146CA05E8C,0.09083505
CC_592592397DC2,0.52806723
CC_5926F5B4E054,0.15645675
CC_592A5A163624,0.40834993
CC_5941C323917F,0.07907244
CC_594E4E86A1C6,0.19640793
CC_595ADAA76A32,0.08589508
CC_596A20270C3D,0.15787676
CC_5970E93E11DF,0.28667015
CC_597AD111527C,0.10260757
CC_597FDFFA265C,0.09359056
CC_599C287D2BAA,0.45781296
CC_599E345094D2,0.12526545
CC_59A4741B5A92,0.15715425
CC_59BB3A5BA2A3,0.5613395
CC_59BFD1200F6B,0.13227287
CC_59C07CCAF4E0,0.20042506
CC_59C49474B501,0.12688434
CC_59CFBC2CA471,0.5728315
CC_59D62BE0C0C6,0.1084586
CC_59D86F572716,0.10731717
CC_59DF71FBA4B0,0.045074027
CC_59ECB7465DCD,0.06561865
CC_59ED43A803B3,0.04415849
CC_59F5E81F4EA0,0.12748563
CC_5A10371BE7B1,0.7852532
CC_5A2F9A594A05,0.5821635
CC_5A38E46246FC,0.4520287
CC_5A3F52B0A07B,0.23219326
CC_5A5507A49F6D,0.09044575
CC_5A58A5E6DE82,0.07995331
CC_5A5BB6DC1018,0.2350584
CC_5A5C0DF50E01,0.12183174
CC_5A633C535360,0.08581199
CC_5A67E62D8D5E,0.68052304
CC_5A6BA0007593,0.14085805
CC_5A7513434C72,0.041421313
CC_5A756D8AE60D,0.17516705
CC_5A7C13841B7A,0.63743937
CC_5A7CBB6E8716,0.2509852
CC_5A83A1E25A2B,0.37722737
CC_5A86EB53A14D,0.7636895
CC_5A89E13CE597,0.1764982
CC_5A9466D0CF9F,0.121415
CC_5A95331BD0C5,0.17114453
CC_5A9F63C3E428,0.0593224
CC_5ABC76FF707A,0.06006943
CC_5AD0F1B43457,0.10298787
CC_5AD82250C271,0.046304263
CC_5ADD27165E38,0.7388839
CC_5AF32E5C8018,0.040198807
CC_5AF3690FA0B0,0.17512032
CC_5AFDFAA63B45,0.13594325
CC_5B025DA26FE6,0.047327377
CC_5B07C7DE7E7E,0.1696013
CC_5B08171A6880,0.19602165
CC_5B09FB1A0BE2,0.06586538
CC_5B0D6BA12702,0.4640979
CC_5B0EF2D4C3CC,0.16494387
CC_5B195D88C182,0.37123016
CC_5B1F6FE71A38,0.0582258
CC_5B247961602E,0.06589021
CC_5B276421F4CD,0.04670621
CC_5B289AFA1662,0.26682848
CC_5B3A16421A31,0.045153756
CC_5B3E78897EB7,0.068080254
CC_5B480B44A9B1,0.12369107
CC_5B546C3A21F8,0.15976797
CC_5B5BC4023EE7,0.15286422
CC_5B6D63DD34B7,0.0942262
CC_5B6E868912E6,0.0725757
CC_5B818D2581FB,0.13093689
CC_5B82E8BB921F,0.24762428
CC_5B8E8DA14EE6,0.1620192
CC_5B900A135A69,0.08974761
CC_5BB64BDF3C99,0.09728142
CC_5BCB2C79D1CA,0.21875265
CC_5C072DB8586F,0.06951426
CC_5C0BEC2A0850,0.09974423
CC_5C24010127D1,0.313029
CC_5C2DAF5E0EB7,0.46022493
CC_5C3E8DB90978,0.14024012
CC_5C4A7CE69975,0.31311578
CC_5C5766F933B0,0.45107388
CC_5C5808240054,0.10051365
CC_5C5D6E15EA27,0.15817776
CC_5C60C4545922,0.17640582
CC_5C626D70F6D6,0.15414038
CC_5C670F0622BF,0.09153418
CC_5C799E57EF53,0.0626956
CC_5C7B44735AF4,0.16037428
CC_5C7D8DF047E9,0.1786998
CC_5C80F394EFC3,0.12147685
CC_5C99E6189441,0.07317766
CC_5CA9AB4A6AB4,0.10324705
CC_5CB78ADD2432,0.1553162
CC_5CDE37CE08CF,0.047658473
CC_5CE258D12432,0.36842003
CC_5CEEF006ABF9,0.06272049
CC_5CFD2850E277,0.24479847
CC_5D01F71B9FAD,0.1286774
CC_5D065A455A45,0.23546544
CC_5D0AA7D4954A,0.24281661
CC_5D242448B812,0.111144565
CC_5D2C5115BDD2,0.20026863
CC_5D3273E039AF,0.6596639
CC_5D398BB3365B,0.07145189
CC_5D3C1CE64952,0.07788454
CC_5D4B0EBB5CD6,0.12606084
CC_5D5E897588D3,0.11131865
CC_5D65F25FFB8D,0.055322297
CC_5D665A86C465,0.118359946
CC_5D80C353E475,0.10570804
CC_5D8895A0AB4C,0.18412545
CC_5D88A673BF50,0.23323317
CC_5D89688B69A9,0.33262867
CC_5D8AC8E18A8E,0.064577
CC_5D8E7DC2FA6A,0.55925
CC_5DA29AD9E85E,0.053987943
CC_5DB286EAC626,0.27790958
CC_5DBC1BB95B84,0.7809088
CC_5DC0A465470D,0.064955585
CC_5DF82CB03C3F,0.09997137
CC_5E001C93F359,0.07541306
CC_5E029094A55C,0.69341195
CC_5E0808121A65,0.15559933
CC_5E1117E4E593,0.119531885
CC_5E1541060A97,0.7338194
CC_5E1C11540C0B,0.10665266
CC_5E1DC0E143F2,0.16234891
CC_5E206AC277E4,0.20520206
CC_5E22B4BC8B12,0.07744796
CC_5E22D889B6BF,0.11966197
CC_5E38425EC99F,0.75015384
CC_5E3A70C2077A,0.15022016
CC_5E5607D275CA,0.1422083
CC_5E73C3D2B3EE,0.16126107
CC_5E7F23A07A71,0.12789634
CC_5E80A96974B8,0.21012338
CC_5E8C0453B9B8,0.30698738
CC_5EA599FBA5E0,0.5089842
CC_5EB379BA6C7A,0.111796424
CC_5EBB96F65AFE,0.40208888
CC_5EC41568C2E1,0.08636738
CC_5EDB5C924107,0.3544014
CC_5EEE5D0FF8D3,0.1419526
CC_5EEF07FFC243,0.059122544
CC_5EEFD690759A,0.094610766
CC_5EF2176F01D5,0.1337578
CC_5F17CA33D26B,0.060334302
CC_5F20750D6658,0.1571388
CC_5F2CE32A6EC3,0.12561557
CC_5F328EE757B6,0.04900491
CC_5F35B8D87D06,0.20151523
CC_5F390BA40E83,0.6684284
CC_5F59092CA9B2,0.083146706
CC_5F5916E96E19,0.15473554
CC_5F5E835B9E6E,0.113729715
CC_5F648D39D67F,0.48821026
CC_5F6D4104C808,0.1480695
CC_5F72EBE104D4,0.049290244
CC_5F765C41F051,0.0595044
CC_5F8859A6F0DB,0.03727054
CC_5F88ACC7C384,0.15914409
CC_5F89DFA97B7C,0.5110835
CC_5F93A3E31DD6,0.6603948
CC_5F9A44423DD4,0.134428
CC_5FAA7965BD71,0.11951931
CC_5FAFA265CA02,0.3617467
CC_5FBE1A34704F,0.15538274
CC_5FCAA919577A,0.2135376
CC_5FCD208ADD77,0.21764345
CC_5FECD2BB0094,0.122075796
CC_5FFDE52E6B7A,0.10883404
CC_6002BFD3F26A,0.18874452
CC_600311592F72,0.05286199
CC_600AE12112D6,0.28012174
CC_601C3178E38D,0.18522628
CC_6037EEA42F2C,0.38064194
CC_604C08F76272,0.6382836
CC_604C72AC662C,0.1375869
CC_60510AFA8A87,0.18156968
CC_605E2E26E52A,0.17566948
CC_605E3904CD8E,0.14089268
CC_60611B935106,0.15209207
CC_6061787228F8,0.13064435
CC_607270A72DFD,0.24559307
CC_60738E418DB3,0.12827058
CC_60961DF8A134,0.13111305
CC_609B7A7FA165,0.06781797
CC_60AC5C892D01,0.11587658
CC_60C09FF84412,0.16945618
CC_60C87349D73D,0.29888874
CC_60DA2FBF1FBF,0.12565617
CC_60DA539A39FD,0.17841502
CC_60E974A0B278,0.06245137
CC_60EF7D647EFC,0.057280082
CC_60F525A39898,0.033756074
CC_610009B69EBA,0.64510095
CC_610FDDF5FE54,0.113518916
CC_612C06CB5FF4,0.097803764
CC_61307D82CC26,0.6588484
CC_615030FD33CC,0.6885435
CC_61649241FE59,0.20850651
CC_6170051A606A,0.21836004
CC_6179A630658E,0.086928844
CC_617BD59427E7,0.1236125
CC_617EC8BD5153,0.17930096
CC_6191E14D21BE,0.05711209
CC_61A798B8D222,0.047958888
CC_61B4A983D1A1,0.08928582
CC_61C9732AA682,0.73244727
CC_61DC64E37471,0.056286924
CC_61EAF14033DB,0.098371774
CC_61F18E0C218F,0.086145796
CC_61F1A1263F5B,0.13811627
CC_6209EA426553,0.04115173
CC_622BD8CB3807,0.29832283
CC_6234A9617A7F,0.08875026
CC_623AC074EB25,0.16103952
CC_623FAACE8A80,0.055079598
CC_6244E2935407,0.25534597
CC_624535E11F69,0.061046958
CC_624EA2917CDD,0.64111483
CC_62565D08DDDD,0.71555024
CC_6268ACD3F95B,0.5433041
CC_626B61F4789A,0.63845885
CC_629193C2A090,0.22681549
CC_62933641AC43,0.22805019
CC_629480877536,0.36308232
CC_629CB045D9FE,0.07827209
CC_62A84BC400F0,0.36579755
CC_62C36DF81797,0.20837982
CC_62CC835CAE4A,0.6681154
CC_62D4192F126E,0.77198976
CC_62D7A3C9483D,0.065669835
CC_62DF1B99B4DA,0.11704408
CC_62ED7BA3E620,0.06662152
CC_62FC001AFC78,0.081723265
CC_630412B4AFDA,0.19009884
CC_630903AD39C1,0.046273123
CC_630938DCC1B5,0.048490334
CC_630ACED773E9,0.4373177
CC_631E1690D913,0.06571947
CC_633A7C7FC25F,0.24302563
CC_6342051D8FEA,0.28822026
CC_634CE4E8AE49,0.1522177
CC_6359692F5EF6,0.1380457
CC_637278423A6D,0.23481509
CC_6377AB848081,0.15791932
CC_6381A65E0A3D,0.08817562
CC_63871B4814E2,0.11910069
CC_638AD269F05C,0.03577421
CC_6391AE0FB83F,0.1312732
CC_639703EE2ABD,0.044682287
CC_639750C87A7A,0.7537065
CC_639B1DCECD2F,0.15783355
CC_63A869443AC0,0.469613
CC_63CCEE26BCAE,0.060418397
CC_63D51CECB6D2,0.23382255
CC_63E53402FC02,0.043371018
CC_63FC6895901C,0.12394236
CC_63FC8A97D9C1,0.11116679
CC_64117B93EF73,0.3520979
CC_642D9C325F1D,0.3237574
CC_6436B950E22B,0.18592814
CC_6445BD3DDB6E,0.03640174
CC_645C15569E42,0.11461674
CC_646472AD66EF,0.09240535
CC_646B8254357E,0.14369425
CC_647F4BB4983D,0.6464264
CC_6489ECEEFD0E,0.084616065
CC_64946E57306A,0.04285515
CC_64976830B0B7,0.3113736
CC_64BA10F3FAA1,0.08524998
CC_64BA39A0DFC6,0.086740226
CC_64CF9A79EBFC,0.0797369
CC_64F0E0473D1E,0.09235517
CC_65006C2AB2D4,0.7509464
CC_6500BD19FA06,0.28697813
CC_6504DCAA90E1,0.09877884
CC_6509C7361994,0.17146873
CC_651486189673,0.07692621
CC_65194BAE506A,0.20016941
CC_652539353439,0.19041495
CC_653CE5FA5A76,0.25462276
CC_6560C2F4EDA4,0.16167589
CC_656137F98187,0.5764448
CC_6575B4B39113,0.0383015
CC_657F629D31E2,0.21977651
CC_6580B7583ADE,0.20360287
CC_658477BA75D6,0.04884348
CC_658B7867BE7C,0.11096601
CC_6593FE5349F2,0.091968045
CC_659EE0F05A75,0.3369756
CC_65A0D8134410,0.2459368
CC_65ADD5A19F64,0.09977463
CC_65C3F0F73BB1,0.08749893
CC_65C47521C285,0.046502512
CC_65C4EE0B737C,0.22985363
CC_65CB68404333,0.19334203
CC_65D6DFF1B766,0.09466236
CC_65F1545C35E1,0.20007646
CC_6602547E2FCF,0.21439438
CC_6615D7044816,0.25475603
CC_66244D4B72EA,0.106887296
CC_662E5AAE07A8,0.048185002
CC_66322B339E84,0.06019044
CC_6634FD4B1CD5,0.76925313
CC_663DCEF4923E,0.1822195
CC_663FE5BF918D,0.44348615
CC_6645798E740D,0.07877442
CC_6649736C8321,0.7862822
CC_664E1026C4D9,0.30040684
CC_665603C4A33B,0.0651999
CC_665BDD9C8039,0.39529502
CC_665F2AD58363,0.19881003
CC_666767444BC3,0.22575596
CC_666C0A2A8674,0.07144161
CC_666F2BCDC7D7,0.18619417
CC_66775178B226,0.057778873
CC_667B6F8C846A,0.57118535
CC_667E909835A4,0.23245749
CC_66809C278FCC,0.17560455
CC_669CCC44CFCD,0.057824753
CC_66B0BD3F6516,0.35956568
CC_66BF02C05DD8,0.15887491
CC_66C491256BE4,0.06966641
CC_66CEFA65F912,0.34897026
CC_66E025DB3282,0.64688057
CC_66E7B423A32F,0.686652
CC_66ED26E7BAD9,0.097645596
CC_66F7FF7735C3,0.30625576
CC_66FD0CE6D57B,0.054688156
CC_66FFFE05C2E8,0.0772644
CC_6700012A39B8,0.11507583
CC_670FC6A064F0,0.19499183
CC_672932B65802,0.113845035
CC_6742C6478F98,0.1792541
CC_6745321663BF,0.056851856
CC_67579CF57290,0.1768074
CC_675F7483FB90,0.17317979
CC_676ACFAA6131,0.6266456
CC_676B423C495A,0.5840736
CC_6771C0D1CB1F,0.05356999
CC_677EE0369CA7,0.07924108
CC_677FE35855A9,0.17357966
CC_678091614A14,0.13128969
CC_678A43ED0803,0.6551999
CC_67955C210226,0.09819821
CC_6797E0B01112,0.29172754
CC_679D90941842,0.14564607
CC_67C05273700B,0.15344769
CC_67D5172B6450,0.20004623
CC_67E8CF412D93,0.102815345
CC_67F6576A6836,0.2491878
CC_67F985A00A12,0.07521006
CC_6801AD1D4478,0.0674027
CC_6803BFA94B17,0.06821978
CC_680B16E5E240,0.14243646
CC_680F2D0F4F6C,0.1041193
CC_68221E1393E1,0.09096713
CC_6822590B968C,0.1948311
CC_682D8EBCEE94,0.23222902
CC_68429B4AE401,0.42967835
CC_686B26BDD061,0.058307648
CC_687518442359,0.38115245
CC_6875DA61F422,0.21493402
CC_68A3D749608C,0.13127151
CC_68A9C3CE2557,0.08642369
CC_68B9F8C6D9D6,0.6513765
CC_68BC65E3C84A,0.33147946
CC_68CC4D1D898F,0.07450829
CC_68D0ACBD2D0F,0.04671974
CC_68DA8D5488B3,0.07761687
CC_68E675A69AF3,0.17612863
CC_68FC9E6FA27E,0.20930417
CC_69322F7C4CE3,0.1466966
CC_693710EAD59A,0.20626383
CC_69387752F41F,0.5021349
CC_693B71DDFE67,0.13923803
CC_693D4AEDA3A2,0.10671885
CC_6952171BCD2D,0.14815223
CC_69547DEB412A,0.2908049
CC_695E80DBA42A,0.073231205
CC_69717E76CFAF,0.43813887
CC_69741BF89A2D,0.11593573
CC_69825C70EEE9,0.23393396
CC_6985C268DC74,0.47710904
CC_698886C4AD90,0.13193938
CC_6999901A6060,0.1698398
CC_699ABD34646F,0.07980178
CC_69A98DC7A907,0.061145652
CC_69AA6E0DDE10,0.28225717
CC_69AD5A48A78B,0.2132729
CC_69BA7BFF98E2,0.10423932
CC_69BBE365C097,0.06357818
CC_69CD95A00D9C,0.040637903
CC_69D328691680,0.073575094
CC_69D39C9F36F2,0.23314181
CC_69E09390CD64,0.100159764
CC_69FD49E90AC9,0.3449598
CC_6A099AFE73BC,0.19607121
CC_6A099E6C91BA,0.30167538
CC_6A19EB191A81,0.033934884
CC_6A39017046FE,0.08147101
CC_6A4A401F2920,0.38564512
CC_6A5261180031,0.07536854
CC_6A7432494840,0.17442949
CC_6A7963180D20,0.3630795
CC_6A7D7E5F814F,0.5683545
CC_6A8B8BBA749E,0.16465183
CC_6A8DFDB0621D,0.13587794
CC_6A93C436E2FF,0.10201676
CC_6A97F81D9A0A,0.15126869
CC_6A9D1622B4DE,0.2827725
CC_6AA6589445C1,0.71390325
CC_6AA7A87F59FD,0.1618086
CC_6AADD44C0B52,0.08140339
CC_6AB4A5EBA3F6,0.25701395
CC_6ABA7D0ABAC5,0.10792035
CC_6ACF1E52BE8E,0.14489058
CC_6AD3513459CB,0.0829735
CC_6AD4238EE77D,0.21110526
CC_6ADD0FE5DD74,0.67527074
CC_6AE2737BD3A8,0.076683484
CC_6AE48C1F2448,0.12216997
CC_6B00A666A420,0.65932477
CC_6B07C3992304,0.06984804
CC_6B0A72BBD800,0.6138856
CC_6B12B975F2EC,0.41935483
CC_6B12C9507F32,0.17724113
CC_6B34719D93AC,0.5826133
CC_6B34740DD355,0.1549224
CC_6B41081727AD,0.22795045
CC_6B4902892E70,0.10051302
CC_6B5BC2D89077,0.72445714
CC_6B65242C2CCC,0.15292683
CC_6B823BACBE75,0.34135813
CC_6B83E1A959C2,0.27805948
CC_6B84FB3DE604,0.0466664
CC_6B8AABAA752E,0.19174972
CC_6B8AC0DEE990,0.37822685
CC_6BA45C072D40,0.16588989
CC_6BA72ECB5027,0.099916756
CC_6BB560F020BD,0.06843446
CC_6BDF0B68C126,0.032372005
CC_6BF0A9437728,0.13586429
CC_6BF3B9097199,0.15200253
CC_6BF7A1EF31B9,0.21232633
CC_6C29DF49246A,0.06053549
CC_6C3C86C2125E,0.07102945
CC_6C42FF6D7218,0.69589126
CC_6C541A482CF2,0.2140433
CC_6C585A6BFE01,0.79201686
CC_6C5CE36700D0,0.22100237
CC_6C62C2094733,0.10207573
CC_6C66539A9D02,0.28170156
CC_6C684505E498,0.06730642
CC_6C6E40927C35,0.048917074
CC_6C7736F51C12,0.6619903
CC_6C781CEB6F52,0.10426936
CC_6C7E39BF4744,0.16389622
CC_6C9EE9BAECEE,0.09418435
CC_6CA0F076091A,0.09026441
CC_6CAD299645B0,0.13109006
CC_6CC3C50BA394,0.085748315
CC_6CC593C5385D,0.039914362
CC_6CDA4B24C602,0.28632626
CC_6CE31AFF7813,0.0620211
CC_6CECB68DE9C1,0.3227145
CC_6CECD3DBA212,0.1375992
CC_6CF17D012682,0.16264442
CC_6CFCDF903310,0.15332778
CC_6D08B5E62654,0.09041031
CC_6D0F60667273,0.31557557
CC_6D127EE83945,0.049515463
CC_6D134DB29068,0.34700212
CC_6D141A49D94E,0.60397816
CC_6D148C0A624D,0.13805227
CC_6D1EFDDE2EED,0.07034848
CC_6D22B938D7B9,0.08125033
CC_6D27409F4956,0.092601635
CC_6D2F0EBBCA4D,0.22272563
CC_6D43BE30E8B8,0.2602504
CC_6D4EDEAF67C7,0.18592785
CC_6D72571304DC,0.5004015
CC_6D7C62C7C161,0.051784676
CC_6D8A18C28AF0,0.07318057
CC_6D8B35007242,0.08347695
CC_6D93A9E49E3B,0.22473851
CC_6D9C644A082B,0.09431699
CC_6D9F52BD4D0E,0.09477049
CC_6DA058F9B631,0.31468272
CC_6DA1F8DF9CDC,0.26979747
CC_6DB000AEF16A,0.08108085
CC_6DB5025899E3,0.20419148
CC_6DD6FA2FA0C6,0.10247786
CC_6DE4E4C1A31D,0.1724203
CC_6E09CBC15C94,0.53750443
CC_6E353816938F,0.06327491
CC_6E3AB992A5C9,0.16157839
CC_6E420A2FE490,0.13481982
CC_6E46D01888D5,0.161363
CC_6E4702162475,0.06298639
CC_6E548AF15091,0.22500642
CC_6E5C9A2DA27E,0.047125798
CC_6E610F3976CB,0.19207141
CC_6E614FF9BE02,0.6485655
CC_6E68D46447E2,0.104268536
CC_6E712C21215D,0.044646397
CC_6E84DED41B8B,0.14699581
CC_6E8557E30DC9,0.5433083
CC_6E8963475D35,0.16231252
CC_6E9880CA0BF9,0.3158669
CC_6E9FCD68ED52,0.6658646
CC_6EB194A93F60,0.1408335
CC_6EB370F511F7,0.07640547
CC_6EC722B2BC2F,0.15893018
CC_6ED1B0EE4B6C,0.2006836
CC_6ED65E7CABA2,0.13287154
CC_6EDA84B653B8,0.32869357
CC_6EEE8E7C1D1C,0.21950921
CC_6EF17801ADD6,0.13443267
CC_6EF337CC4BA9,0.28672662
CC_6EF464EC9FCF,0.11002185
CC_6EF6B8AE7DCD,0.041646138
CC_6EF8C59D8395,0.8401896
CC_6F2146FE362E,0.073861256
CC_6F2408B665A6,0.33062184
CC_6F2B8E925D59,0.035611734
CC_6F3034E96848,0.099846914
CC_6F3559ACC2F5,0.04302892
CC_6F46C5897DA8,0.41738892
CC_6F49ECAE902C,0.076914564
CC_6F4B818665D3,0.11249834
CC_6F4E696A1F88,0.24609144
CC_6F54BD66C0EA,0.1643882
CC_6F786C433998,0.08656953
CC_6F78BF56B0C0,0.0919861
CC_6F8346F138C1,0.45671353
CC_6F86CFDB23D6,0.06150511
CC_6F8E30AE9457,0.13652946
CC_6FC25B27AC26,0.07512604
CC_6FC8BE007FE9,0.15178989
CC_6FC8DA40122A,0.16803358
CC_6FD8BAB1DA3E,0.059476197
CC_6FE4FD09A9D8,0.089552626
CC_6FE78CB02174,0.037428666
CC_6FEB8EDBF2A4,0.18874864
CC_6FFCF2DAD0A4,0.08069579
CC_7002034B0979,0.09372351
CC_7006523D45E4,0.08326551
CC_70097151A773,0.05553143
CC_7011BC95A91B,0.047268897
CC_7020F3C11A3F,0.16613586
CC_70306409A3E8,0.30012023
CC_706B18DA7204,0.124903835
CC_70703A59C070,0.17398775
CC_70749DDFF595,0.13244373
CC_7079CE5127A3,0.036420908
CC_7087A46F0AB7,0.09214971
CC_708B73EBD939,0.1758711
CC_709315667BCA,0.079818435
CC_709970475B6D,0.6258892
CC_70A56ADAC199,0.054115526
CC_70ABB244502D,0.04916896
CC_70B0176647CE,0.13105644
CC_70D3353DA1C3,0.06276787
CC_70D652DF4E91,0.12337067
CC_70E3121BFDC4,0.089214265
CC_70E5FB8B072D,0.053493977
CC_70EFECA3FAEB,0.14937536
CC_70F59DA18BCA,0.4606882
CC_7100129A0AFF,0.09817616
CC_7113554E33B9,0.079649076
CC_71260405461D,0.07122083
CC_712677251322,0.20219572
CC_712D31B2785D,0.12018359
CC_713052DB1E2E,0.06504704
CC_7139C2D6F1AC,0.100051716
CC_71427FC8FA49,0.21511021
CC_714912E93A71,0.15849674
CC_717A5C2ED311,0.23637271
CC_717C94F5C8F1,0.080592565
CC_718F067F4DA0,0.043036357
CC_719E714DD38C,0.075738594
CC_71B169C874D0,0.16136365
CC_71BB5070615C,0.10838358
CC_71D37D6D19C6,0.21826765
CC_71DC80205F42,0.14767608
CC_71DEB636B8CD,0.64873666
CC_71E4CBAA1211,0.14170554
CC_71E787049755,0.099373035
CC_71F1EF5575AC,0.10951445
CC_7201DD8EB33B,0.1776774
CC_7202C8CE2317,0.30966926
CC_720B06583C57,0.04262349
CC_721DEC038BAF,0.076356076
CC_72219BCC83E3,0.1545685
CC_7223DABA7E98,0.12445686
CC_7233459FF7B8,0.29346988
CC_7238A8A6767A,0.14782353
CC_724559551664,0.6659647
CC_7248EB4B76CF,0.06746875
CC_7259B5314D92,0.07920382
CC_725CA03102FE,0.04574166
CC_726E05E5A555,0.092556015
CC_7276AEED6D4A,0.076736495
CC_72A18E8D6670,0.057545833
CC_72CDBC38202A,0.42925873
CC_72D8B2ABA2D1,0.7688421
CC_72E4590D362B,0.42775783
CC_72E8542AE4BA,0.048664406
CC_73010B6E55DD,0.5894689
CC_7309A4693D52,0.13474469
CC_730C2A3FF1BF,0.13525172
CC_731C1BCED024,0.58299506
CC_732C325832D8,0.13111039
CC_732DFCAA0A75,0.19357851
CC_73322A6A24B1,0.7782775
CC_7336B19A18AB,0.17614612
CC_733AF1D123B8,0.3474954
CC_7344A0E90AFC,0.12054481
CC_7348C2B475B7,0.121232964
CC_735E1A78B058,0.084303044
CC_735ED2A02DC4,0.14557599
CC_736015DE4E3D,0.3974351
CC_736A42761E55,0.09576528
CC_736C0436B98D,0.18373358
CC_7379212919FD,0.07771354
CC_73859CD59E75,0.5653762
CC_738B201B1CF9,0.1337811
CC_738DCB11942F,0.06980008
CC_739198ACE582,0.12944782
CC_739D093D7B69,0.1136664
CC_73A7FC903662,0.15349701
CC_73A8927DCEB9,0.09549041
CC_73B575BBBBE3,0.13657168
CC_73B6B9AD2002,0.04829682
CC_73C28D72A5A3,0.5200844
CC_73C38DBDF9A7,0.0842687
CC_73D44BEF6754,0.39381906
CC_73D4C1D7C022,0.08193047
CC_73EF383F3C2E,0.17752501
CC_73F34B1607C1,0.06743808
CC_74137206902D,0.12287098
CC_74198E5EC366,0.05751127
CC_744FB5804A8C,0.6489579
CC_7451E64B6D47,0.18198836
CC_745A64878AF1,0.11753502
CC_746B196CECA1,0.18687937
CC_746C06898D5B,0.6039864
CC_746DE1EED0DD,0.17601517
CC_7476938CF6A0,0.54103565
CC_747CFDB7E305,0.08832211
CC_74845374E870,0.7658273
CC_74AD8D3B192C,0.7190704
CC_74B90A15B270,0.103165746
CC_74BA5D46E909,0.678357
CC_74BE0AD5E21D,0.1330096
CC_74C33B66F002,0.15353692
CC_74C9C3F17421,0.068750985
CC_74E4BD5C07D2,0.07459656
CC_750D90249EFD,0.13726306
CC_750DA21B7EDD,0.3102297
CC_750E6537383A,0.2979168
CC_75137D6F9DCB,0.11852491
CC_75173A8A11D1,0.35636857
CC_751DDC1FC2AD,0.0796786
CC_75357E0206F5,0.098818354
CC_753D160E3A58,0.11869576
CC_754447632F75,0.042567067
CC_7549363C5D36,0.0735919
CC_754F3894627C,0.072557494
CC_7562CD43897F,0.1462147
CC_756A077EC614,0.36374077
CC_756D3492443F,0.2743455
CC_75783B3E6C6E,0.045129538
CC_7598068A716C,0.046005107
CC_75A37D8C1F6C,0.6249553
CC_75ABDDA24C26,0.1016676
CC_75B287424E59,0.40446448
CC_75B2B88876B6,0.093497016
CC_75B324FCDD4A,0.23963067
CC_75C1466E61E2,0.23787789
CC_75CCCD9D4568,0.111910045
CC_75D2DAF4491C,0.30858105
CC_75D54090AAD4,0.08943066
CC_75F1927E5941,0.6546234
CC_75F99AD6844A,0.31391603
CC_75FBA505C727,0.26406717
CC_7615CC930B76,0.126807
CC_76168488EBB0,0.51841813
CC_76197A77D666,0.041287582
CC_761F48F8E962,0.23369083
CC_764C6ADC6D1A,0.09259551
CC_7658A6B0910B,0.051200885
CC_766347951B7B,0.5678446
CC_76857712D8F5,0.317827
CC_76A0DF2549B7,0.11061399
CC_76A636414AEB,0.30418175
CC_76B01540CDD1,0.21751729
CC_76B420FC66EB,0.13361163
CC_76B6BCD2EBAF,0.06882898
CC_76B7A0029620,0.12413557
CC_76BA435EF2AC,0.12417851
CC_76BCC1AFDA4D,0.09013433
CC_76C35913E797,0.17678592
CC_76DE3DF1DEE3,0.19560373
CC_76DFA4CD068B,0.088372216
CC_76DFE3568C72,0.28354535
CC_76E201F1E036,0.35766548
CC_76E83166FE0A,0.15498438
CC_76FD9E9D9ED0,0.123075984
CC_7720BBD06736,0.3625087
CC_77340228F356,0.6915815
CC_773CBBCBAFFE,0.114304826
CC_773E9B092923,0.09176315
CC_773F22C3E42F,0.048823778
CC_774ED295BF96,0.15335758
CC_7751ED6DF76C,0.0601421
CC_77571749B970,0.14078075
CC_776F8B3BAC08,0.14858653
CC_777889F9694E,0.03916863
CC_777D08513AE8,0.06785136
CC_777E3D988EFD,0.23732463
CC_7795BEDE05E8,0.26677346
CC_77A9EA3A6784,0.08313225
CC_77B1AB7960A9,0.1987836
CC_77B6EA810549,0.28515768
CC_77B9889C9BFD,0.24210417
CC_77BC55DC92B6,0.12934963
CC_77D1DFCB0A8B,0.05066059
CC_77D9AC43DFE1,0.20587881
CC_77E6EF1CF2F7,0.13100857
CC_77FFA8E6B36D,0.1182248
CC_7801661A9DC2,0.17192213
CC_78069B1BD931,0.11210743
CC_780828B48716,0.123804845
CC_782130B98F34,0.092281796
CC_78273789B3C5,0.7158389
CC_78296783E4EA,0.1796222
CC_782B06291D87,0.059962012
CC_783A2D4C89F9,0.40917748
CC_784407E16923,0.09265156
CC_78491B6255F2,0.4377354
CC_784F17AC712F,0.06874455
CC_7852FC3BBADB,0.08464916
CC_7866E4CE528E,0.7263644
CC_7867E7C01013,0.18983164
CC_7869F609EC2E,0.20283714
CC_7874F14ABD7F,0.14704351
CC_78774E05FF12,0.19083509
CC_78815A352067,0.09516613
CC_788FF4549766,0.30041677
CC_789977501322,0.1231304
CC_789B2BA880E7,0.047142465
CC_789D87F51AA1,0.06275487
CC_789DC3C358CB,0.21464422
CC_78A036DF6320,0.7127647
CC_78A3EA63B7EF,0.044420574
CC_78BF1B8FC1CA,0.13508563
CC_78C96E7015BA,0.67173135
CC_78CC84FA2CE2,0.17241986
CC_78F0087076CF,0.1783784
CC_78FAA95F5B5F,0.12078192
CC_79033EFDE096,0.13519494
CC_79086C18A963,0.09844439
CC_790DA2ED9F5B,0.11559661
CC_7928811F7D86,0.10067918
CC_79345478FCE5,0.19921449
CC_7936C8D65B95,0.13351153
CC_7948C5509411,0.5022559
CC_794ADB0677CD,0.13374504
CC_794FF8E7F876,0.04301265
CC_79500EA652BC,0.5766837
CC_795083A66DB5,0.046618704
CC_7950D4B773CF,0.13946006
CC_7955AEB49759,0.15172991
CC_7964F862DFA3,0.38978356
CC_797A700CF967,0.4472781
CC_798180DDF677,0.31594262
CC_7981ABA9C370,0.099477194
CC_798B2DC03C5A,0.06867613
CC_79BD986C23CA,0.06463644
CC_79C6BA680815,0.5861143
CC_79D694E6F5AF,0.21106863
CC_79ED9A0F6E49,0.42440134
CC_79FA2512E5A2,0.15310147
CC_7A0024F6FA60,0.2019006
CC_7A193A453F27,0.03546944
CC_7A1F071DC5D4,0.4197324
CC_7A5D96BC99AA,0.7355003
CC_7A6B51562949,0.2483265
CC_7A6D7F9654DD,0.421947
CC_7A778E010F33,0.23592596
CC_7A7FB841B669,0.5952078
CC_7A91013D31E1,0.13215052
CC_7A9117596769,0.072925545
CC_7AAF340DCE8F,0.20675123
CC_7AB146267981,0.25598425
CC_7AB2A9CC8424,0.28175542
CC_7AC1DF18CBA4,0.27744272
CC_7AC4240DD225,0.29735714
CC_7ACB325BD924,0.16813949
CC_7ACB88002397,0.47560358
CC_7ACD4F370AED,0.20276365
CC_7AD4072A9F82,0.06404218
CC_7ADEECDE4D73,0.20660701
CC_7AEB48D8C5E0,0.08361432
CC_7AFA5CD2B29E,0.10922233
CC_7B092786DDB0,0.057009704
CC_7B1B35D5628E,0.07109587
CC_7B210557F04A,0.093682215
CC_7B369A7C1D3F,0.14624992
CC_7B4002591821,0.6983224
CC_7B42BD80D79A,0.18995161
CC_7B44FDF08B93,0.12175598
CC_7B501C32CAE5,0.08660856
CC_7B88520D4FA2,0.38164002
CC_7B8ABE6E552B,0.19727628
CC_7B8D2E07908E,0.3079649
CC_7BA150468D19,0.6251251
CC_7BB159FCEB53,0.25693217
CC_7BDD72710831,0.05745854
CC_7BE02C65B967,0.1551872
CC_7BE382988C1C,0.667379
CC_7BE6110DBAA1,0.3510336
CC_7C0B14BB0573,0.1483071
CC_7C0CF5558904,0.682465
CC_7C13E7F561DA,0.6783904
CC_7C46F7F667F3,0.0976918
CC_7C510CE0521B,0.10082988
CC_7C61B5D39E49,0.49908343
CC_7C6770DDA182,0.11079222
CC_7C6DBF78A610,0.100646734
CC_7C7B0438E3AB,0.16732863
CC_7C87DFBC3176,0.103770055
CC_7C9528E94215,0.24768035
CC_7C9ADE65CF81,0.09814623
CC_7CB6CD1B9DD0,0.067690134
CC_7CB7C7E55BE6,0.15378818
CC_7CCC3A690325,0.17971475
CC_7CE5689488DB,0.07065342
CC_7CEB758A9814,0.05296843
CC_7CF7443D923A,0.048045494
CC_7D0D597690BF,0.16137066
CC_7D0EA0307817,0.043724272
CC_7D12E6FF25C3,0.14133151
CC_7D28D39AED1F,0.6417362
CC_7D2D19D832FF,0.06042529
CC_7D34A67E1369,0.07161988
CC_7D4388B41EB9,0.14428139
CC_7D46FE573D79,0.06851065
CC_7D7810799F2E,0.06123649
CC_7D79241150C8,0.13302001
CC_7D7B92EF2655,0.15408318
CC_7D8C2495C1F7,0.06994189
CC_7DA4F1BA24A1,0.63117355
CC_7DAF18939084,0.06256457
CC_7DB8BA427410,0.06395763
CC_7DC9456F1161,0.039254237
CC_7DD2CBE0F0BC,0.22922137
CC_7DD495158BFD,0.6039021
CC_7DD5411F7A14,0.31881008
CC_7DF099A7A092,0.22524694
CC_7DF27D2AC111,0.08115869
CC_7E0CA072EF93,0.063742064
CC_7E0DA100F5F2,0.1556753
CC_7E1086EFDED5,0.04387433
CC_7E12E0F3CF6D,0.12815985
CC_7E178CE78FB8,0.07807936
CC_7E1C1A6D0E9A,0.14972901
CC_7E2A76850DF6,0.78750485
CC_7E3ACB15C69D,0.101788655
CC_7E3F3373A73D,0.721674
CC_7E42A3D0737F,0.11228527
CC_7E4679C534D7,0.22660375
CC_7E53FEEB19B1,0.25838137
CC_7E71CE7FC603,0.19740452
CC_7E8333DBAEB4,0.33176836
CC_7E843438DE4A,0.052360713
CC_7E8E4747C0D0,0.67271346
CC_7E952828C1B5,0.106973946
CC_7EA6431FE6F5,0.12195418
CC_7EA7BA7621C3,0.25374222
CC_7EA8F24B3010,0.10779233
CC_7EAB28B0309C,0.066242985
CC_7EB4A5BDA97E,0.07133183
CC_7EB4B0A36534,0.079093926
CC_7EB791F4AB2E,0.10923885
CC_7EB883C9D5F9,0.043742687
CC_7EC59C577F02,0.059759535
CC_7ED2683D26DD,0.09915577
CC_7EDB3440E0AB,0.61934006
CC_7EE12013C7DF,0.14304325
CC_7EF824CC0D3C,0.15030366
CC_7F09C6F6321D,0.7309079
CC_7F1AD40DA179,0.16323107
CC_7F1D38A39164,0.07973458
CC_7F22B7D326CC,0.21217275
CC_7F2614F1AAAE,0.22505382
CC_7F2CDC7C1634,0.051919363
CC_7F2D46DF9BC7,0.16128263
CC_7F57A90B69E0,0.28246626
CC_7F633226A676,0.30555284
CC_7F753D809267,0.6747879
CC_7F7EBF25AED7,0.04645442
CC_7F8496CC5779,0.04515826
CC_7F88D9C5D258,0.08921681
CC_7F8AB4DCA794,0.12948868
CC_7F8CC9509418,0.253023
CC_7F9069571F79,0.2936146
CC_7F9AD27E079E,0.15338261
CC_7FA281AC1C7A,0.113513604
CC_7FA389E90548,0.0977296
CC_7FBF4A48AF55,0.05109437
CC_7FC40175A8E1,0.2637185
CC_7FD58EE7029D,0.07846244
CC_7FD7F635C341,0.047459114
CC_7FDD458DA059,0.1963812
CC_7FE85C259E03,0.07814379
CC_7FE8CD30D7E0,0.11138203
CC_7FFA32DE7B04,0.15243089
CC_8014F1E2C5BF,0.046150867
CC_8015895C1C29,0.18994685
CC_802BA7E39A13,0.06611006
CC_80300D23C3FE,0.44411173
CC_80465303B6E2,0.19383064
CC_805ADFD46B84,0.068299845
CC_8060F40D9522,0.18199673
CC_80621E822131,0.07437676
CC_806654B580B5,0.40466753
CC_806CFD6A52BA,0.04221835
CC_807935BBEB7F,0.05789829
CC_807C57E626E4,0.07542447
CC_807C91C98684,0.045121633
CC_8096B589BB07,0.16725078
CC_809D60155E9D,0.07992232
CC_80A2189E5125,0.5021587
CC_80AF87F62770,0.16373768
CC_80C03DF9CC57,0.19791193
CC_80D9B6563750,0.56675303
CC_80E9638ABD4B,0.051349856
CC_80F7171B71CF,0.09964923
CC_80F9983BC18B,0.060570102
CC_811109A98EFF,0.12558264
CC_8129480B056D,0.32267195
CC_8134E5DA9FEB,0.5935992
CC_8140399AD344,0.10762129
CC_8140E278B6A0,0.26033896
CC_814E0F756757,0.44727692
CC_815FAAABFC91,0.20683765
CC_816B28807CED,0.07985124
CC_81821F9F2307,0.5103607
CC_8186D7991EB8,0.05274909
CC_819E203180C8,0.79462284
CC_81A5E3141BDA,0.58225644
CC_81B5CED8EE79,0.15081653
CC_81B91198E00D,0.70572674
CC_81BADC379C8B,0.18598749
CC_81BF8EA390F7,0.057285435
CC_81C5FC962C72,0.0808106
CC_81DDBFAF1CB6,0.057118606
CC_81DE637E6138,0.04297342
CC_81F389DEC9C5,0.073760115
CC_81F647806849,0.17754205
CC_820D491B2903,0.7476041
CC_82172863AA45,0.36961344
CC_82195FBE9366,0.06214701
CC_821F503DA953,0.09755045
CC_8221AF9B0B93,0.7426096
CC_8222D1C47857,0.06383548
CC_824BB6CD2B25,0.06263101
CC_825192411933,0.107473515
CC_8270E213EDF5,0.19276312
CC_82839CC161E8,0.05872199
CC_828A0B6D7291,0.18616192
CC_828EDE22A438,0.051336765
CC_82928B5ABD45,0.30801645
CC_82A7FE954659,0.17842677
CC_82ABE1FFFA1F,0.14946395
CC_82BDFA01C41F,0.12584828
CC_82C20057CB4A,0.07940732
CC_82E52529A567,0.18913728
CC_82EFBFCF68AB,0.15455067
CC_83092F58B321,0.13451034
CC_83098B4BBD4A,0.12998971
CC_831F9E623C5F,0.18231454
CC_8326C8A3D569,0.10578942
CC_832730F42A18,0.12835188
CC_832A44C3F2A0,0.0649413
CC_832EBAE498AE,0.563859
CC_833B196A70F3,0.7218043
CC_833E14DFF4C6,0.11645691
CC_834092035687,0.34900483
CC_8351244DE3CB,0.0754513
CC_835B90025058,0.07165252
CC_836534CEDFD3,0.11216297
CC_837ADC1EA55A,0.21673986
CC_83884D799788,0.18056208
CC_83947255841B,0.13610834
CC_83A5A3022ADF,0.7931305
CC_83ABA98906DE,0.08598064
CC_83C75D07414A,0.41366643
CC_83CBA767432F,0.7350416
CC_83D342F53F36,0.14151676
CC_83D5CA2A23C2,0.049626566
CC_83E002D6D82D,0.17858067
CC_83FE1BCC83E6,0.2884063
CC_840E5B830DB4,0.05557214
CC_842525788FC1,0.1840945
CC_843076C8EB9E,0.3056664
CC_8442C97EE91A,0.1509984
CC_844C3C30ED67,0.11888999
CC_844E345D2636,0.17865035
CC_844F26E92B12,0.16701059
CC_845032D8A261,0.30099645
CC_845223F606E2,0.31197888
CC_846F5B19B110,0.42596388
CC_84797EA9ABF9,0.2033978
CC_848D59D48081,0.18062423
CC_84AB057BFCCA,0.06875021
CC_84B0BA112537,0.077908576
CC_84B8FCEDADD5,0.087275445
CC_84C61A6BE99D,0.119870976
CC_84CDF830F68F,0.07888457
CC_84D5B88572DC,0.21505566
CC_84FABECED186,0.14013776
CC_8503F43FB29C,0.18061374
CC_850ACB004EE2,0.09428388
CC_850B114489CE,0.10210337
CC_850CC17BB13B,0.09500493
CC_8518C159BDE6,0.1081486
CC_85299261146C,0.089830145
CC_853986C52A17,0.049212374
CC_853ABBECF2E1,0.78711784
CC_853BF4485D85,0.18127051
CC_853EED03843B,0.05705769
CC_853FD1B551B1,0.13874878
CC_854AAA98CC0C,0.8017279
CC_854F8AB5F1FE,0.055920083
CC_855E2A785BAA,0.1177874
CC_85614CA68432,0.052487157
CC_856B92B23BB5,0.7980388
CC_856DF4A30E13,0.7330475
CC_858704DBD5A6,0.07048555
CC_859EF0AAA74A,0.05233506
CC_859FB710961E,0.14215247
CC_85A0EB3C9884,0.6297878
CC_85C887BB996A,0.07344687
CC_85D9A6C9CA60,0.14152744
CC_85DAF10E61A1,0.5327686
CC_85DEF8ECB524,0.1511132
CC_85E2E0B8B15F,0.6852496
CC_85F018DC47FC,0.26878253
CC_85F376B33951,0.16121952
CC_85F745E1D307,0.131474
CC_85FAFB430486,0.27184373
CC_860D4B868C17,0.030663837
CC_8614E30C9FCE,0.43112057
CC_861F5DC22035,0.061962824
CC_8624ABB391B1,0.17590377
CC_862BAB422756,0.3417118
CC_8642F98E5504,0.18119542
CC_8655B8862C81,0.16311705
CC_865FCEE75A8E,0.03858956
CC_867372811CCD,0.44598117
CC_867695B5C296,0.5815312
CC_8682B1F914ED,0.14097211
CC_8691DF144B92,0.49836937
CC_86AD259FA5B1,0.13965817
CC_86AEC21936BB,0.76113653
CC_86B1D15F8424,0.05173727
CC_86C2A6EC5712,0.72144806
CC_86CF816B494B,0.08977818
CC_86D4D58B1D0C,0.12822641
CC_86E2C4E17CB6,0.05067266
CC_86E9E191E3CA,0.40508634
CC_87000C16C856,0.09616427
CC_8703DD5FA02C,0.16107576
CC_87065B1F429D,0.10030615
CC_87434BBA1CE7,0.045173723
CC_87450EA8CD55,0.6209669
CC_87480F785786,0.062190663
CC_8777EA6EBFD4,0.043812267
CC_877A35E76904,0.07385932
CC_877B37D01563,0.13007034
CC_879759A5EFB8,0.36449736
CC_8798AF2651BC,0.11908944
CC_879989FB3B92,0.597035
CC_87A3BECEE5A4,0.12931499
CC_87B7CDF4BDDE,0.042238258
CC_87C13E620006,0.30318886
CC_87E3AFB080F8,0.10968538
CC_880044F77ACC,0.113286495
CC_8809BCAC74A9,0.048536923
CC_880E0019DB5D,0.035206906
CC_880F027D886E,0.1143567
CC_8812BC579F7D,0.08012308
CC_88225FE57D82,0.22868168
CC_88315318E9DA,0.35109103
CC_883864E584A8,0.07189856
CC_88469BAD58C4,0.04887064
CC_8854EE679596,0.09580664
CC_886273CC4072,0.07250027
CC_8866B6D4524F,0.26993012
CC_88A943606806,0.27471906
CC_88E916A3F984,0.8155036
CC_88FDC55C31A4,0.09814361
CC_890D5EE59076,0.03818826
CC_890F721517F2,0.09473604
CC_89129D16418A,0.3280831
CC_8917F02F9326,0.13900483
CC_8920B6584A43,0.07487495
CC_8929DF270419,0.7073161
CC_892B119F0E5C,0.149949
CC_89302456B9D5,0.6820365
CC_893FAA6D1F04,0.749228
CC_895AF697BFBB,0.26707894
CC_8961FF892F79,0.03694221
CC_897674493060,0.072896354
CC_898AFCD28B03,0.120237745
CC_898CC919D10F,0.17760122
CC_89A711195EEB,0.14487347
CC_89B4DF07DF12,0.084372565
CC_89B941079E10,0.087405905
CC_89B97E9FF67A,0.111721575
CC_89C5162E8055,0.19481972
CC_89CA0F1E2DBF,0.22992775
CC_89DEE29A78AA,0.11458812
CC_89E089707730,0.14089462
CC_89F0B865A6D4,0.1130714
CC_8A04C5D4D02D,0.06442421
CC_8A081AA1FB92,0.34210855
CC_8A0C640E7A89,0.56325734
CC_8A12B68246A6,0.040695794
CC_8A14A46B280C,0.14992788
CC_8A165A18560F,0.25218233
CC_8A19196788FA,0.08150686
CC_8A25FA445037,0.09979725
CC_8A29EA87B295,0.14306015
CC_8A2AC87CB22A,0.0628406
CC_8A34634E7423,0.6154397
CC_8A38BC1AFE57,0.07523593
CC_8A4CAF0CD0F3,0.11402483
CC_8A5A0429CAB0,0.15186268
CC_8A6E60FAE870,0.07611387
CC_8A7DA054E397,0.68133277
CC_8A7F5FF4B421,0.25993913
CC_8A8249A44847,0.1347104
CC_8A8BCE16DF45,0.10525231
CC_8A8EC764734B,0.08231796
CC_8AB553BFA00A,0.09732133
CC_8AB57DC077EE,0.6229173
CC_8ABA5808D313,0.0734815
CC_8ABDD9A05C87,0.37963262
CC_8AC7520DBCCF,0.1574648
CC_8AC7F8BABF28,0.08647852
CC_8AD67FB3A5CC,0.76412654
CC_8ADDCF5EDCC1,0.12253954
CC_8AF1C3A0799E,0.68483025
CC_8B388FAED0B6,0.11186032
CC_8B46CA903D09,0.033909645
CC_8B5819403FC8,0.6876639
CC_8B581B8207A9,0.12157132
CC_8B6DBEF19F46,0.15462829
CC_8B8326C4C229,0.111207284
CC_8B850FDCFC83,0.07266915
CC_8B8F41F19B72,0.06766338
CC_8BAF98C60957,0.13464198
CC_8BB0824B181E,0.057811826
CC_8BB963DAD9E2,0.18703608
CC_8BBF5F939D7C,0.13137586
CC_8BCBDCF4DFF1,0.121762015
CC_8BCE343561CB,0.77365166
CC_8BDA87361657,0.10371868
CC_8BE68A4DB87C,0.09076784
CC_8BE9BBD879A5,0.064336345
CC_8BED85B91011,0.3109767
CC_8BF68E552DA2,0.22140488
CC_8BF832E6464E,0.8103511
CC_8C1561920E84,0.19992667
CC_8C2A7D9A667A,0.16514346
CC_8C3A5DFE70B9,0.15952674
CC_8C534CCBDA4C,0.20967726
CC_8C6472A3EEAB,0.05240663
CC_8C6B4854D16C,0.212127
CC_8C76DE4F58D4,0.07113884
CC_8C7DA3F4F88F,0.053122558
CC_8C8527DE7DD7,0.06944291
CC_8C9416612FDE,0.37558404
CC_8C9973F02AD6,0.39220127
CC_8CA1DB61A2AC,0.06387321
CC_8CA59CAE22F6,0.17610992
CC_8CAFD04A6EDD,0.12163405
CC_8CCCC389913B,0.6669735
CC_8CCEF12DC7B9,0.17642948
CC_8CDCD714BD1F,0.7338184
CC_8CEC7987D1B1,0.0896674
CC_8CF621ADAC0A,0.20804024
CC_8CF8FE2A4B82,0.39996955
CC_8D048396D9D5,0.12324109
CC_8D1089C58563,0.5235647
CC_8D35A37FC4B1,0.14841287
CC_8D41E12FE5B6,0.17169902
CC_8D4A859839EF,0.14679076
CC_8D4AD431C55F,0.083535284
CC_8D4D882CA579,0.12546727
CC_8D6151025078,0.109185554
CC_8D637233FE54,0.15575485
CC_8D6AEBA2D7EC,0.07877212
CC_8D6E16DED971,0.1636617
CC_8D7329F79BBD,0.52132875
CC_8D7B7307C43F,0.09824319
CC_8D7B9D4936EC,0.7220187
CC_8D80B1B44AE1,0.43958268
CC_8D9516D61143,0.43805614
CC_8DBB8445786A,0.097850055
CC_8DC5B86D9DCC,0.73468673
CC_8DC6465998DD,0.223946
CC_8DDD0EDA9CB2,0.1446902
CC_8DDEF0265CB4,0.05812355
CC_8DE06BEB95A1,0.093507454
CC_8DEBB5B14A14,0.14262234
CC_8DF5BE7F759C,0.054941118
CC_8E0ADCC71F85,0.054367065
CC_8E0BD86F6F0E,0.09196081
CC_8E143BFCF3E5,0.10045926
CC_8E170A60D71C,0.38019627
CC_8E1C3A21FAEE,0.10657523
CC_8E408E18F060,0.10316936
CC_8E42FB163DA5,0.79407233
CC_8E47536D29BE,0.31463423
CC_8E50AFFC5BBD,0.05843606
CC_8E5FB1035354,0.16675815
CC_8E7B9B8DD1A3,0.101215646
CC_8E85B08196AF,0.037361257
CC_8E96FC75AE5A,0.08926539
CC_8ECAB5A6C7B9,0.07239646
CC_8ECC4C7A6638,0.53135955
CC_8ED6F13C35F5,0.1536687
CC_8EE5E9467038,0.16505349
CC_8F037E5AE692,0.048056684
CC_8F1A418D96B3,0.25667244
CC_8F1C4014F91A,0.106041744
CC_8F30A5FC9D49,0.10514996
CC_8F3456F298F7,0.22726312
CC_8F393D485C29,0.09889741
CC_8F4A41130110,0.049788963
CC_8F7AA6E4D486,0.10739448
CC_8F887BE25314,0.12421165
CC_8F90CD1A5E00,0.15773202
CC_8F9B26042C4A,0.08904206
CC_8FA9423E65C6,0.09931159
CC_8FBA6C32E0A5,0.3174744
CC_8FC1C50C41E7,0.08695101
CC_8FD005425792,0.07287977
CC_8FD6A223135B,0.1529975
CC_9002450E1B5A,0.048569012
CC_901CE62199C7,0.38746467
CC_901D2136E1F9,0.15907341
CC_902648F62345,0.17520356
CC_902BF0612E70,0.12566805
CC_9036F7423277,0.14665584
CC_903AD2767BAE,0.73521477
CC_903E4BA690FA,0.30042744
CC_904386E31210,0.062070012
CC_904EA6C846F8,0.41688675
CC_90549DD3CC39,0.13486813
CC_905739E5494F,0.08287379
CC_906F852C69D6,0.663076
CC_907911F4930A,0.29104036
CC_90798A7273BD,0.15242028
CC_907F3A8AFCFB,0.08661254
CC_907FA7722881,0.107494056
CC_90812D9F30FE,0.11033052
CC_90870A89F310,0.04728537
CC_90894CA021C3,0.6406604
CC_9092C5EBF5F6,0.055355836
CC_90A10D649D9C,0.70055735
CC_90BF8E127519,0.61845934
CC_90DBB385A7F3,0.73118764
CC_90EAD308012B,0.31390753
CC_90F4BF0B868D,0.19119808
CC_90FA39516EAF,0.077742316
CC_9117894F31C2,0.20299356
CC_911ED63BB556,0.38194692
CC_912730AE6E8F,0.29123443
CC_912CA7EE4C26,0.105485216
CC_912DA46AAED2,0.08691685
CC_9132E67EA479,0.1381234
CC_913D95FB31E0,0.15920018
CC_91529F20D461,0.76218116
CC_91586318C780,0.051359154
CC_915F2708219D,0.16578218
CC_916CCF9CBC08,0.03902558
CC_916CF77A29CC,0.10658196
CC_9189E4FF82C5,0.1581579
CC_91A27CB6139A,0.14726757
CC_91B7A4A15A37,0.6063946
CC_91C2077BA6D7,0.09002012
CC_91C4CC43EEE5,0.1528949
CC_91C55BE33AC7,0.054061018
CC_91C81BC58B49,0.07390709
CC_91DE12EE18A7,0.37655923
CC_91DED13CDCD9,0.1382517
CC_91EF639761F8,0.1346478
CC_91F23A7E743A,0.37747058
CC_91F4C5E889C7,0.72239953
CC_920E91EB28A7,0.1722674
CC_921481F5F77E,0.09511529
CC_92221DB27176,0.20409295
CC_9224D5677C66,0.116446294
CC_9230B9656F93,0.2148828
CC_9231D0F8A993,0.7002126
CC_923727159A8F,0.051743828
CC_9248706729D9,0.04655082
CC_924AEB5DD991,0.16007176
CC_9250BA851692,0.3204219
CC_925BACE3417D,0.10943613
CC_9260CD0D7C0A,0.12138365
CC_9285EB21B38A,0.10999256
CC_92A09F03DAB5,0.7917792
CC_92BC35D7F9CD,0.11456637
CC_92C5FE9E5B12,0.70186174
CC_92DC8CF8C902,0.1058663
CC_92E006664648,0.21824142
CC_92E4EFB9F0DD,0.10736777
CC_92E621E0298E,0.1881915
CC_92F412AC7D22,0.085592784
CC_92F42886B7E4,0.21769877
CC_9301E23D376D,0.5489639
CC_931133320380,0.16968487
CC_9314B6D8B7F2,0.068010025
CC_9337E3B43211,0.191038
CC_933E044F26DB,0.07404058
CC_934BB89938A3,0.11699446
CC_935296A995DA,0.1395858
CC_935326AF26E2,0.18884411
CC_935B72B8E7F0,0.060302287
CC_936FF3C9BE68,0.045681894
CC_937FFE1718BC,0.045902837
CC_939F92AEE460,0.8205738
CC_93A4365B25CF,0.8077432
CC_93AB9D6A7EFA,0.070770904
CC_93C719738590,0.80475026
CC_93CB48930B37,0.19879727
CC_93D24FAFD21D,0.09113209
CC_93DB5F477493,0.09209053
CC_93E1CAFAD44D,0.07369651
CC_93EC9F853123,0.20652938
CC_93FEAF515A8E,0.052257568
CC_94063A67F136,0.30383396
CC_9406E32819F5,0.06624264
CC_940971CBC1A4,0.11218461
CC_940ADC8DEA3F,0.14022282
CC_940C7E8E0C52,0.1949054
CC_941DD2E1DE56,0.14447908
CC_941FC1FD0D55,0.19346489
CC_943B720DB5BB,0.10847644
CC_9440309323A0,0.08752461
CC_944B461BC558,0.08320975
CC_9453654BACE9,0.2260983
CC_945888CEAF10,0.32408935
CC_9458D4A483A8,0.09985694
CC_9464BA7E98B9,0.09317668
CC_94794B478A5C,0.39053875
CC_947E58EFF90A,0.07751249
CC_948537FC17AA,0.719412
CC_949576D25153,0.09160833
CC_949B8CEAD619,0.09898828
CC_94B4E05906A9,0.1602643
CC_94C3B6F3B0CC,0.1562716
CC_94C3D9D8FBF3,0.66197735
CC_94CD530B2099,0.085533336
CC_94E9D1E527E6,0.053254247
CC_950450C0845E,0.39341697
CC_95169A4360C6,0.05117637
CC_951A69571676,0.047631957
CC_95232636844F,0.17579708
CC_953A5913EDD3,0.1618532
CC_953B678083F9,0.07265558
CC_9541BD0604B6,0.14984031
CC_954404C1BEE6,0.4093147
CC_95444ED71872,0.08722796
CC_9544B86C78A6,0.7550926
CC_954AD7E7C8F1,0.12853178
CC_95525CC6C854,0.13725762
CC_95573B318A91,0.03854931
CC_9569309DC18E,0.09591197
CC_956A2DF28600,0.18210734
CC_957C7A0D7B72,0.3743314
CC_958BECCA0BAB,0.4003873
CC_95A6C4DA2F12,0.64140624
CC_95AB75B5BBBB,0.11413822
CC_95C1274DD7DF,0.03432654
CC_95CD8F6A8CBA,0.0488928
CC_95DD4DC604BD,0.17042308
CC_95E1AC08266F,0.13444394
CC_95E3DDCB74EF,0.069523156
CC_9601384AC971,0.4657554
CC_9608A73A8025,0.15248808
CC_961F3BFBDDAC,0.84185296
CC_96206C1277EB,0.2830891
CC_96396AE6347C,0.1459764
CC_96416D2A937F,0.21706685
CC_964C2E0B00C1,0.19499627
CC_9657A2A04BAF,0.26828808
CC_9662D713B7BB,0.20500585
CC_9664F83B7F1D,0.21359071
CC_968AF836D0C4,0.057269484
CC_96A6735A4317,0.07177094
CC_96BC62A4A0AD,0.21900661
CC_96CD75668A6C,0.07359407
CC_96D928252719,0.3915177
CC_96E40BDE9A6C,0.12759046
CC_970116768415,0.23326962
CC_970E94875C2B,0.752828
CC_9721C8A61D80,0.08335392
CC_972313B0F814,0.15148845
CC_972FD8FFFF63,0.466441
CC_97478A77EC17,0.18716177
CC_974D14774BD8,0.06548324
CC_974D86BD39FD,0.056290835
CC_97508465AB76,0.13804996
CC_975689C0CD6E,0.07336809
CC_975967702106,0.046048272
CC_975F3F07ED23,0.061099082
CC_976E0D9A64ED,0.37200537
CC_977145B2B363,0.43590578
CC_9772CABFE1D2,0.7811588
CC_9773C1E6AC8B,0.6312824
CC_97832657396B,0.45624113
CC_97963C337FD3,0.56561315
CC_97978B581F20,0.17975184
CC_97A9ECF23955,0.20169652
CC_97ACD6D965F3,0.115800224
CC_97C69AF6E34B,0.7532969
CC_97D0E7256861,0.61295164
CC_97DEBFBE2BDE,0.3033333
CC_97ED469F2950,0.11336478
CC_97EE84ABA6BF,0.26856288
CC_9801B22BF375,0.11169647
CC_9803B6D4D780,0.26471582
CC_980E90C8A301,0.12175975
CC_9814B3D08A69,0.061657917
CC_9821BD45BB0D,0.1963804
CC_9829FA0350F7,0.044004463
CC_982CAA309A38,0.15956417
CC_98346EBF382E,0.16332678
CC_986698CCC6AA,0.108098224
CC_988FC580CD50,0.1112877
CC_989795BA3DD2,0.080293626
CC_9897A1DFE807,0.07343424
CC_98A2C8F4E956,0.06885133
CC_98A3E6CDC707,0.123288
CC_98CE15EE1565,0.07599817
CC_98D036D16215,0.07015125
CC_98D09B14EE3D,0.44495097
CC_98DB782DF852,0.05322502
CC_98E2EA67BC97,0.063104965
CC_98E6E7CF74AF,0.069667146
CC_98EEEB2A83DF,0.6712481
CC_98F3D3194788,0.109487355
CC_98F8A8CF4F9C,0.35639673
CC_98F91BAB57EE,0.18761799
CC_98FA377070FB,0.17799486
CC_9900D0479959,0.26582706
CC_99061A735C6D,0.16364595
CC_99093EC1A2C2,0.117905855
CC_99376CA4DC26,0.04027524
CC_993A588895DA,0.12236762
CC_993EE6417CED,0.08654893
CC_99559319913F,0.049512442
CC_9970123DCC41,0.357598
CC_998BB6848FDE,0.08507389
CC_99958287B2A9,0.5399445
CC_999BAB2D16FA,0.39869
CC_999C7029261D,0.74940956
CC_99AA61D1896E,0.07811671
CC_99C03E7D99CE,0.051211763
CC_99C62022794F,0.09119763
CC_99D46BE6593A,0.16908303
CC_99D5A5371B39,0.17681202
CC_99D79709AD9F,0.7312035
CC_99D7DDAA460A,0.13930963
CC_99FC44B3C58A,0.11005628
CC_9A02B2A17C07,0.07749095
CC_9A05DE55D408,0.17015617
CC_9A0C42AA09BD,0.35557896
CC_9A2B390551F6,0.05753533
CC_9A2D66206BD1,0.5551132
CC_9A366E181FA0,0.16311848
CC_9A39365FA850,0.58781755
CC_9A42833BA860,0.055756938
CC_9A4911A0140F,0.09372111
CC_9A4FE1E8E0C5,0.42731255
CC_9A51017C734F,0.36291614
CC_9A5DCCD62D0A,0.32776278
CC_9A602F492510,0.14587952
CC_9A66BDD34B89,0.05069121
CC_9A6AB0AB1E67,0.057815798
CC_9A7049ED5656,0.55795497
CC_9A7AF31828E5,0.10805
CC_9AA750377C6F,0.09713815
CC_9AB359C82202,0.06738579
CC_9AB7BF77EE83,0.7693874
CC_9ACAC8474B9F,0.038084835
CC_9ACCA4FB9101,0.056738175
CC_9AE1529AF9E0,0.13280386
CC_9AEE181F1156,0.25437897
CC_9AFD130D3725,0.108587384
CC_9B09C3353732,0.0878271
CC_9B0D37817EBB,0.09841738
CC_9B290B59155F,0.3562876
CC_9B2D487C64B0,0.11949036
CC_9B3DEC76ABF7,0.05659473
CC_9B4F778D0A6E,0.116594195
CC_9B581A92C2A3,0.4041051
CC_9B5CA8C38414,0.17723915
CC_9B6E82167593,0.18807891
CC_9B6F6B2BCC05,0.32700923
CC_9B7FC3DA1594,0.36374944
CC_9B957DC280F6,0.20681879
CC_9B997DF20042,0.38824812
CC_9B9BC4B83736,0.0803463
CC_9BBE1A16C04A,0.17434272
CC_9BC63F1A568C,0.27208975
CC_9BCB0166227D,0.21602874
CC_9BD3DC96ACC5,0.1583237
CC_9BDC5A0E43C7,0.41785416
CC_9BF9485A3F9D,0.24152365
CC_9BFE93FF2145,0.2367096
CC_9C0470A0536E,0.2261556
CC_9C205AF09E47,0.5334904
CC_9C30DC5C1E46,0.056976218
CC_9C325B6CAD11,0.058848392
CC_9C4A200D0BFB,0.47539002
CC_9C5EAF238007,0.24011084
CC_9C601C6BBD37,0.06193406
CC_9C606C2C92CC,0.063895926
CC_9C6192D3A16B,0.084269024
CC_9C84FB9B1469,0.06551116
CC_9C989433D637,0.2181044
CC_9C9B2FEB4937,0.18450287
CC_9CA7FBE1DD54,0.1421496
CC_9CACA50F80F2,0.19327255
CC_9CB40D552388,0.06882264
CC_9CB8127D17F0,0.0450826
CC_9CB9CE2989CF,0.69340074
CC_9CCE51CD83ED,0.80972564
CC_9CDD2F3D0BE7,0.043780327
CC_9CDEC693AA99,0.40371856
CC_9CE9091AA9A9,0.22612262
CC_9D007C60D29F,0.08711974
CC_9D017774D4FC,0.649089
CC_9D095EC1F232,0.2695176
CC_9D1A1281C8FB,0.3455659
CC_9D23F42B7996,0.45566255
CC_9D2FBC479646,0.67782354
CC_9D363365CAFD,0.08270166
CC_9D44E4543573,0.16908762
CC_9D45F67E3B01,0.09757713
CC_9D535DD207D2,0.07674922
CC_9D53ED53A15A,0.5706966
CC_9D5D97AEE98B,0.5541047
CC_9D5F2A5B6913,0.093905285
CC_9D6BC1C470B0,0.45146245
CC_9D71FBDE765A,0.044032224
CC_9D73939E357F,0.20652267
CC_9D82F401BD88,0.6466035
CC_9D8B4454BE84,0.27550048
CC_9D92537645DB,0.083802074
CC_9D95ADE03ED1,0.15514883
CC_9D98FE7A1809,0.057779662
CC_9D9D59757786,0.05895097
CC_9DAEB38616AC,0.15643907
CC_9DD55CC0E928,0.030456776
CC_9DD6B460CDFB,0.2690366
CC_9DD80B5E3729,0.09694684
CC_9DD82B4310AC,0.40647763
CC_9DD9389E8AE0,0.096485406
CC_9DDA8ACEB3D8,0.08591001
CC_9DDCD898D01D,0.11765043
CC_9DDD90B42A27,0.8075428
CC_9DF1807A4316,0.044325434
CC_9DF786FD2620,0.45499554
CC_9DF7B9B3C8F8,0.077949814
CC_9DFF6E2AC586,0.15210101
CC_9E0546BD7BD6,0.1377795
CC_9E0BE8227931,0.099374786
CC_9E1A205BA261,0.40633017
CC_9E2967559B00,0.07173045
CC_9E323A031449,0.7292084
CC_9E377CC03D51,0.065136105
CC_9E3B83584C12,0.12183176
CC_9E3D46FF5709,0.5690177
CC_9E4FA91B86A9,0.09907378
CC_9E53534DCD6B,0.13347408
CC_9E73656FC8C0,0.6971742
CC_9E7430675033,0.22665279
CC_9E84CACDD7B6,0.39814535
CC_9E84E0E4C5BE,0.30342215
CC_9E9C65275B4C,0.08507691
CC_9E9CB6473D59,0.24853249
CC_9EA4F11BE6C2,0.16538277
CC_9EBE3F26F2FB,0.06901039
CC_9EC23AB6C573,0.32443833
CC_9EC34DDD0E53,0.052244343
CC_9ED8EDFE8C55,0.08553979
CC_9EF352F179D2,0.107870005
CC_9EF505400F8B,0.6767045
CC_9EF66D83B743,0.3431968
CC_9F051572BFE4,0.18946688
CC_9F151A782BAC,0.26681283
CC_9F1A5DF4619C,0.49488363
CC_9F1BF78ECD7A,0.08441495
CC_9F263092AD72,0.15484238
CC_9F36EC36A9E6,0.09896742
CC_9F3D52242888,0.16269073
CC_9F41F312CDBB,0.32865617
CC_9F425167F9ED,0.16215377
CC_9F6981E0009A,0.29963934
CC_9F706DFE0AE7,0.03810994
CC_9F7B525DD52D,0.32585263
CC_9F8D5A5A9DAC,0.17266035
CC_9F8FAE57E6A8,0.10198089
CC_9FD1AB8E65FE,0.0546981
CC_9FD2689202D5,0.13708378
CC_9FDBB5C2CD09,0.041997027
CC_9FE52BD71CA2,0.10224066
CC_9FE8E62EB24D,0.08453126
CC_9FEA59AEA00C,0.26288262
CC_9FEA77B36A29,0.36040014
CC_9FEE9701D16D,0.24036792
CC_9FF35BA60E6E,0.29401976
CC_A0003F08B22E,0.13528481
CC_A00AE2543224,0.05694742
CC_A02A29DECDC6,0.07812543
CC_A0336C21117C,0.66638964
CC_A053B42BBE0B,0.074119814
CC_A0591F16FA37,0.03940051
CC_A05F962C80FF,0.17176624
CC_A07B0549E53F,0.06625827
CC_A09F230CCF5D,0.63464177
CC_A0AED6346ECD,0.1695321
CC_A0C4A796643F,0.11455612
CC_A0D6DDFB430F,0.06400136
CC_A0DF672F9C4E,0.11084522
CC_A0E8C7C5558A,0.3201384
CC_A0E9269DF22C,0.43460193
CC_A0F1DB5CB28C,0.09655672
CC_A0F42B26F8F0,0.059306633
CC_A0F8F80EDFB0,0.07187046
CC_A10AD9550E4D,0.03208286
CC_A10EB26E5EE1,0.18133733
CC_A111B065F623,0.07352645
CC_A113D95B4AB2,0.13272755
CC_A1320C0F0129,0.74616325
CC_A1348D850EFD,0.7369647
CC_A13D08B372E8,0.06136316
CC_A143E64BD9D6,0.34554094
CC_A14B0A24DC3C,0.105806395
CC_A15137F25F7C,0.07220242
CC_A152DBEC5BE7,0.06669085
CC_A1591CFF6D81,0.053047933
CC_A168CCB582C6,0.37480432
CC_A17DC38133CE,0.7698056
CC_A185D5EA3DE8,0.61760163
CC_A19C842508E0,0.12547842
CC_A1B648DA406D,0.03804537
CC_A1BF7028CAA8,0.036189266
CC_A1D035FA36E1,0.10933932
CC_A1DD653D41A7,0.07760447
CC_A1E3AD4B934C,0.29114968
CC_A1E58421CE87,0.054182112
CC_A219144EDEFE,0.07175701
CC_A21FCEEBB3C3,0.4575099
CC_A220E4278D79,0.07802149
CC_A2231BDC961C,0.24414389
CC_A234E219EFC7,0.40144318
CC_A239B1BD81FF,0.082114086
CC_A23D8CFFA31F,0.07578726
CC_A23F463F4B4D,0.04509159
CC_A23FFDC4A7A4,0.088208035
CC_A2423E273F84,0.09474133
CC_A2493E6036AD,0.31448048
CC_A25C54470CED,0.11750406
CC_A25FA690BBBC,0.10990069
CC_A2636CF7C075,0.1188913
CC_A26C22870E3D,0.43687528
CC_A26F6A272B3F,0.09813998
CC_A27CDC9BCBAA,0.1935326
CC_A27E5269DA60,0.11103513
CC_A28D4A46B6FA,0.114909865
CC_A28EB319030E,0.051927574
CC_A294D3A59462,0.7622372
CC_A29D8034C304,0.08399906
CC_A2A109409963,0.05523028
CC_A2A4FA5F9962,0.10248332
CC_A2A7E30C59D0,0.16595809
CC_A2B5D2D4E269,0.56716084
CC_A2BB24180208,0.26020128
CC_A2CF1DFEFE46,0.44737166
CC_A2D6090EA5B8,0.14321597
CC_A300BC40BC9D,0.046200335
CC_A3212501F639,0.19923328
CC_A3278A566572,0.056520194
CC_A327EBE4F783,0.19033158
CC_A32FB6659B01,0.08206671
CC_A33915EE72B6,0.1381801
CC_A33D350BE79E,0.1624475
CC_A3553B8AA8F6,0.0819235
CC_A36EB077BF3C,0.034931667
CC_A3753EB66DEC,0.11592044
CC_A378342AC9BB,0.1824598
CC_A379E9455C60,0.19535528
CC_A387ADBD7249,0.09599991
CC_A39E961FC29F,0.19747993
CC_A39FA1EF0B16,0.26883498
CC_A3A4E39FB04D,0.1962022
CC_A3A751BE68D2,0.048343915
CC_A3ABB3C5E9D5,0.6644373
CC_A3AF9C2C68F1,0.16136472
CC_A3BEA14873AD,0.14181653
CC_A3C2FEE13C37,0.12338297
CC_A3D6435D5F17,0.16256672
CC_A3E3E51AD0E7,0.048559535
CC_A40566694D53,0.23872843
CC_A410C0DC7125,0.051282693
CC_A42168D2B94B,0.0775254
CC_A43CED9AFEF5,0.45184278
CC_A4475A788D13,0.12090795
CC_A44D677C0C07,0.057615507
CC_A44E2673E71E,0.042841345
CC_A44E79A96425,0.33095035
CC_A462CA147DB9,0.14290775
CC_A4660E424386,0.21102825
CC_A476C9F116F6,0.16101435
CC_A47C83B6EE2B,0.13874227
CC_A47F8594678C,0.25362593
CC_A48A7592F96A,0.055340372
CC_A49195E659EE,0.06287165
CC_A498A936AD21,0.097788475
CC_A4BE6692361C,0.6388122
CC_A4BF2115580C,0.08535562
CC_A4CACCD14A0E,0.13038084
CC_A4CE57A1AB74,0.06694885
CC_A4DE4F1B5F93,0.1693013
CC_A4E300558DAB,0.054983176
CC_A4E972915D89,0.7351574
CC_A4EEA04CF3D0,0.22863917
CC_A4F400E9A0ED,0.0622902
CC_A4F550D7F95B,0.21417639
CC_A4FB91B1BF31,0.20025532
CC_A500C1ED0A33,0.20912938
CC_A50471962A96,0.6482506
CC_A5161D8AA57D,0.1387631
CC_A519C84307D2,0.0790126
CC_A5277A9BE02B,0.6973405
CC_A53578FCEA71,0.117853686
CC_A54EAD1CCE27,0.15362434
CC_A5512DA239BF,0.15419747
CC_A5545DF298BE,0.071711875
CC_A556EEF3010C,0.43060675
CC_A56756C65136,0.33696166
CC_A5852E06D2D5,0.26354077
CC_A5886994671C,0.15877749
CC_A594D8B41A99,0.056863476
CC_A59C6A6B71C3,0.062644705
CC_A5A06987AF5C,0.19853708
CC_A5A1512FEEFD,0.17081603
CC_A5ACE4284283,0.14107823
CC_A5B10F07BCD5,0.07947068
CC_A5BC9ACDB4CD,0.07978872
CC_A5BF8B260922,0.43194246
CC_A5C52379AE06,0.24130173
CC_A5DD4441568D,0.036554463
CC_A5FE3BE2949D,0.05201592
CC_A60EF94F09C4,0.35552472
CC_A628BE74CB45,0.12974845
CC_A6292E9B43AD,0.064642884
CC_A638610BF8F8,0.11041663
CC_A63BBA86CE9A,0.25784793
CC_A63BDDAC43CB,0.06188481
CC_A6409E37A735,0.13844693
CC_A655EC341406,0.10719788
CC_A6562E47BFC7,0.17619221
CC_A6563A22D668,0.69886434
CC_A6601278C1BD,0.11205377
CC_A683678AC9FC,0.34201998
CC_A6864FE80A94,0.11339867
CC_A69117CC3C24,0.14249241
CC_A69928C7D217,0.1739917
CC_A6A8BAF7124A,0.25906426
CC_A6B7DFC69AAE,0.59597963
CC_A6BB595B55AA,0.07602513
CC_A6C5284C4586,0.09534127
CC_A6CB0D0191D3,0.10207597
CC_A6FA3FA9F0FB,0.10878891
CC_A6FDADD23BD7,0.044682387
CC_A6FE3938F001,0.17476958
CC_A71DB65F0BBA,0.6907381
CC_A730F4964FD4,0.104740955
CC_A73C02C58DDA,0.09896168
CC_A746BC2289C7,0.3286379
CC_A766C3608214,0.11601877
CC_A76F48111A8D,0.10227146
CC_A77AEC8AD2D1,0.031178316
CC_A781174166B3,0.18504138
CC_A79024286DFF,0.08141376
CC_A792720B875E,0.08903265
CC_A7952C2BC5B6,0.055264194
CC_A7954EE1A1C4,0.06094877
CC_A7991E6B3CAD,0.19540218
CC_A7B141DF4AAF,0.057968754
CC_A7BE2CED0B93,0.04918511
CC_A7CF446093DD,0.21560268
CC_A7D1C6692090,0.08017324
CC_A7D6CAB54328,0.45482835
CC_A7D8D1DA4EA6,0.097321264
CC_A8102BA6933F,0.061062537
CC_A81C1EDC5FE0,0.08293081
CC_A82C0FDDC303,0.2819982
CC_A83F92C0CABC,0.13231729
CC_A849B0F60EEC,0.059704095
CC_A852AAB180D7,0.046138782
CC_A8536626873D,0.17464742
CC_A85F953FFD40,0.3447523
CC_A865A3F1E28A,0.61059076
CC_A867253FC73C,0.68732774
CC_A877592FE1AF,0.07619245
CC_A8AE26057851,0.15255682
CC_A8D50530622B,0.10503955
CC_A8D5C834B061,0.7570487
CC_A8DF49EED27D,0.79614365
CC_A8FB53A944AA,0.08844881
CC_A8FF19BCFB18,0.16513458
CC_A9042AA97760,0.062669314
CC_A917D68B7F33,0.08348574
CC_A925B3023F01,0.15566748
CC_A93A49678A0E,0.63757867
CC_A944C14551E0,0.1511879
CC_A949A4D6CFDF,0.035246592
CC_A96085AAACBB,0.4607708
CC_A968E7B519AC,0.58005345
CC_A96F61DA3920,0.27408808
CC_A98AA461487F,0.055882078
CC_A98DE37F48B1,0.033984065
CC_A99526CAE7B8,0.099931136
CC_A9997F50D935,0.11675557
CC_A99C3B09B728,0.05709783
CC_A9A0DADE60F5,0.22950295
CC_A9E27E0F8BF7,0.09880692
CC_AA06B8C44B08,0.63364553
CC_AA078692F54D,0.052616637
CC_AA3181148667,0.10910909
CC_AA36C8AD0AD4,0.09791621
CC_AA36F0397FF6,0.07685931
CC_AA3A8989A632,0.68513477
CC_AA4A1B7522D9,0.089580774
CC_AA4AE0378324,0.20393845
CC_AA5E4D5A692F,0.17237209
CC_AA68EABEE4B1,0.073537365
CC_AA6B5A7A5B67,0.0839857
CC_AA6BD423C239,0.3713502
CC_AA7074B42A4C,0.5245827
CC_AA7A7F3159DC,0.08119055
CC_AA7BDEB972E4,0.115960285
CC_AA83426311A1,0.07181786
CC_AA8F7D307212,0.12464199
CC_AA994120654B,0.07066847
CC_AA99CC1D0A77,0.096380554
CC_AA9DF917E958,0.16336624
CC_AA9FC6678135,0.34714317
CC_AAA47EC0D4CE,0.08703174
CC_AAD9F600283C,0.12177591
CC_AADF003A3927,0.09421049
CC_AAECFE806C8D,0.24461071
CC_AAF2022B9CD1,0.1555945
CC_AAF445E4CCF4,0.07024203
CC_AAFDCAA5CA06,0.63949
CC_AB0384E131D8,0.18556742
CC_AB0A4F4A2968,0.1731186
CC_AB108580856A,0.07139431
CC_AB10FED15FC0,0.8071674
CC_AB176233A184,0.05101406
CC_AB250982887C,0.107558176
CC_AB25C565EA6F,0.061563574
CC_AB31BDAE74E0,0.19240241
CC_AB38A76F5698,0.38233387
CC_AB38F588BDD4,0.1984843
CC_AB3DB55C9A2E,0.11485156
CC_AB42A7DA8FAE,0.17448354
CC_AB486E8855F7,0.09439988
CC_AB4A79BF0F21,0.042258453
CC_AB7472FE1C8B,0.07050504
CC_AB78F64D1DA0,0.11952691
CC_AB821E2FB031,0.05804937
CC_AB873276D910,0.061469257
CC_AB8CF3C05B61,0.106701456
CC_AB8DD8448ABE,0.3369032
CC_AB953366A38C,0.07673107
CC_ABB193697B23,0.6162659
CC_ABB3F0A040BD,0.12622899
CC_ABB618AD3E52,0.2728441
CC_ABC0DA7DAFA5,0.04188739
CC_ABC49E43DF40,0.61469936
CC_ABD89F61734F,0.09968769
CC_ABE04CDC2866,0.5912533
CC_ABE98746DB91,0.54346097
CC_ABFDF22BBD97,0.07818088
CC_AC0498A54CAD,0.16907473
CC_AC1C23EA2767,0.35824704
CC_AC1E028B2A1A,0.0954067
CC_AC255B902EEB,0.16420256
CC_AC44A88F7869,0.066667505
CC_AC51CBCACA63,0.11336291
CC_AC723E5F5EFA,0.04740671
CC_AC7994A5FDC4,0.11556921
CC_AC7EFDBCF2E8,0.74392533
CC_AC8A45716CD8,0.11274411
CC_AC8FB78319A0,0.040057473
CC_AC95C517E726,0.08665098
CC_ACA4C6C9316D,0.061780263
CC_ACAD97A186F4,0.06790969
CC_ACC12168D6A9,0.13841246
CC_ACC53294D3A0,0.08309736
CC_ACC6A74A8BEC,0.084458336
CC_ACD94D2B1200,0.072203845
CC_ACD988315902,0.039994273
CC_ACDA59536C9B,0.11209084
CC_ACE5A4081F6E,0.19608963
CC_ACF4F9A2CCFC,0.17764024
CC_AD0D7D212968,0.32103348
CC_AD131D09EB0F,0.14943303
CC_AD13C87CF26E,0.23473775
CC_AD2050A0C79D,0.16131642
CC_AD276D71D3A7,0.3125587
CC_AD2C54521FE4,0.19581628
CC_AD2E59624FEC,0.4119377
CC_AD3A36AF2840,0.29109928
CC_AD3D286D0B68,0.17774184
CC_AD46818E459F,0.59868115
CC_AD4BB2E22EA9,0.22543712
CC_AD4F7F88242F,0.31943712
CC_AD58ADCD54CE,0.71011174
CC_AD71619FA389,0.12682727
CC_AD84592B950B,0.07956844
CC_AD9898C0E8D2,0.15750624
CC_ADC70A21D661,0.3955368
CC_ADCF16189AF2,0.23324437
CC_ADD894E6E4F4,0.32107663
CC_ADE899835555,0.14069338
CC_AE0D73A1EE19,0.38809147
CC_AE0F08EA3935,0.18070367
CC_AE23B59E6FC8,0.28178075
CC_AE289E013D60,0.09309031
CC_AE34D3F7F224,0.7600826
CC_AE4069D8B4F6,0.20051281
CC_AE4896E2BE76,0.67102224
CC_AE51DCFE0671,0.08215644
CC_AE69FEA8DA68,0.18189093
CC_AE7C129CC90F,0.2159808
CC_AE7CD49F20AB,0.20105167
CC_AE89526E0335,0.18189737
CC_AE8D62CF30C0,0.11881471
CC_AE8D9CE8D6FE,0.057806693
CC_AEB019CB9065,0.1369812
CC_AED1D50AF584,0.08479892
CC_AEE546316FB0,0.23082086
CC_AEE5FA00FA6C,0.374258
CC_AEEC765D157B,0.04431481
CC_AEEE44D6C8A4,0.035160486
CC_AF14FF3EF570,0.35775557
CC_AF1C3ACBA6B2,0.09664199
CC_AF1E911C98B6,0.3150838
CC_AF337F410520,0.09172888
CC_AF3C7BC3BA40,0.12003021
CC_AF41E4075C87,0.21644028
CC_AF6B4405276D,0.72884834
CC_AF78FE0BDBEE,0.07808028
CC_AF8238D9082F,0.08815597
CC_AF8CA6EE53C3,0.07020344
CC_AF9AFA7C49A8,0.087845
CC_AFA1E3D3C685,0.17022517
CC_AFA680030CB4,0.66047084
CC_AFB351270B8B,0.04206482
CC_AFC405AE0029,0.06657635
CC_AFF90422E4FC,0.32009834
CC_AFFBE2744B87,0.7789044
CC_B0043CA53FCE,0.09898055
CC_B01B2BD4EFD7,0.25292832
CC_B01E87EB9940,0.099788964
CC_B0273E66E2A5,0.18003502
CC_B03E98085A9F,0.09556135
CC_B0420D8C42DC,0.52484417
CC_B0497BEB9F6B,0.15676826
CC_B04A5E60B69D,0.07851281
CC_B04D5517A193,0.101040676
CC_B05FF3A960A0,0.19948113
CC_B06A532EC131,0.27580926
CC_B06D33A6761F,0.13981368
CC_B074D4472CE4,0.05158531
CC_B07CE95BCD88,0.3463115
CC_B07D79368225,0.08646803
CC_B07DD1ABABCE,0.73838633
CC_B086C2D77820,0.16735145
CC_B088DE9C9E3B,0.28173804
CC_B0CD7932067B,0.11294059
CC_B0CF90073A5E,0.61685187
CC_B0D397D86639,0.6263965
CC_B0EF4FD19FEA,0.1084641
CC_B0F2F9514AA3,0.08143099
CC_B0F3B79F51C8,0.1510121
CC_B0F4041B1C76,0.03464379
CC_B10FE31C61D5,0.1266256
CC_B114E8F19D65,0.15052381
CC_B117F0E3CAAE,0.15378335
CC_B11D58F331A9,0.039791256
CC_B1262188BC41,0.07488212
CC_B12FFB2FF21F,0.10305885
CC_B13253F34A9F,0.043424934
CC_B137E2BBB53B,0.08942996
CC_B13FEA7CDB99,0.05601709
CC_B1481ED21111,0.049179602
CC_B15BE5C9976A,0.23678765
CC_B15EB6933578,0.07099031
CC_B163CCB3BE4D,0.14725485
CC_B16DC354FD71,0.3937254
CC_B1777349EB15,0.16064838
CC_B17C6CE0231F,0.27552614
CC_B17CA8C22E5C,0.1220455
CC_B18F3C9C30E4,0.15685901
CC_B19CD93DDC96,0.06388098
CC_B1A647674B84,0.11688872
CC_B1AEC2E5E33B,0.2078964
CC_B1B5C81AC0A6,0.05131185
CC_B1B932EFD646,0.14911953
CC_B1C3C0B52B88,0.2536309
CC_B1C7216344F3,0.07288663
CC_B1C982DBBD12,0.37500992
CC_B1D81F8197B3,0.37185064
CC_B1DF1DCBDC7E,0.62509
CC_B1E2C36607CB,0.0730304
CC_B21351C93D8C,0.14516959
CC_B2174860AB11,0.71220195
CC_B235818E6A04,0.13692553
CC_B23CDE30F00B,0.075569026
CC_B23DE4971DF0,0.4410242
CC_B23ECF574D8E,0.056252617
CC_B24C41DDFBDA,0.22489968
CC_B25EC73B9510,0.13517615
CC_B25F69904D0F,0.06488487
CC_B25FB6C11D05,0.61400115
CC_B264F2B92259,0.5757307
CC_B26B8FC23F1B,0.069363736
CC_B272E29922B5,0.13374965
CC_B27AA8E27BE7,0.10687903
CC_B2A68FD3C236,0.08462833
CC_B2AC50C00979,0.08369945
CC_B2B16D7B821C,0.15954661
CC_B2B32F1511E4,0.1278836
CC_B2C241A93527,0.08433089
CC_B2CB104FED6B,0.64180404
CC_B2D352013F92,0.11876185
CC_B2DF694BAB08,0.10320739
CC_B2E993A9343F,0.18662791
CC_B2EF61C93AB6,0.116476394
CC_B2F94405EA89,0.10281905
CC_B2FC07BF6251,0.055118144
CC_B301A65B4164,0.14023632
CC_B313E3A208A2,0.19241664
CC_B318FF5D976D,0.17160627
CC_B32AEF0A2299,0.07100407
CC_B33BD3C618EA,0.07248255
CC_B348627365A2,0.12476505
CC_B35109450BDD,0.04150117
CC_B3528B870544,0.090338066
CC_B3530E7CF8F5,0.1322546
CC_B35C5B1DB9C1,0.07259687
CC_B35FF59389D4,0.21583536
CC_B3812C6700F2,0.6241762
CC_B38280B483B8,0.12560497
CC_B38B694A18EF,0.4832841
CC_B392BDECD913,0.35049868
CC_B398DF1ABAD4,0.043623768
CC_B39E75E151A1,0.13024467
CC_B39FD0E249E8,0.057646878
CC_B3AA0891CA5E,0.41947055
CC_B3B1C8EBE5C1,0.13639247
CC_B3BBA28E2D39,0.4219757
CC_B3C4DB0303A7,0.103834525
CC_B3D32FE823B2,0.037869763
CC_B3DA429C6C8F,0.096257105
CC_B3DC5786AB0F,0.18131946
CC_B3EA537531A3,0.1462588
CC_B4096D3A38CE,0.042929374
CC_B41EADCCC95F,0.06928632
CC_B421940B9A48,0.6542281
CC_B42B3B83935C,0.81739205
CC_B436B1CA6B2F,0.059119605
CC_B439B06AF274,0.20955715
CC_B4482E7879F4,0.056307245
CC_B4660022C612,0.12378583
CC_B46B899B4A63,0.13649574
CC_B470280A580D,0.1058902
CC_B471D3BF0C72,0.5397829
CC_B4751DEE43CD,0.15593754
CC_B482C254BAA5,0.063739665
CC_B4889D036D3C,0.7165104
CC_B4950F811C90,0.11176564
CC_B49A6DE7A340,0.28864118
CC_B49CD4C13DE8,0.3611303
CC_B4A90370CA96,0.4878633
CC_B4ADE6BC8A10,0.6862867
CC_B4B6F805888C,0.051068664
CC_B4B8F66BF4ED,0.6316786
CC_B4C6F80DEE44,0.046424232
CC_B4CCE78C09EE,0.17724189
CC_B4D68D1C1C55,0.20262818
CC_B4DAED63089A,0.16499084
CC_B4DD9841E6FD,0.22347729
CC_B4EF6743DDCF,0.08914183
CC_B4F67F73D097,0.09695462
CC_B50EB15EBA18,0.09010452
CC_B51DCAAF4549,0.15101042
CC_B51DFF8702D0,0.53662395
CC_B520A001BF69,0.09855521
CC_B529919BF24E,0.6245697
CC_B542342650A1,0.07138084
CC_B54A106E91E4,0.042339105
CC_B54CFFC21F2B,0.10884373
CC_B55C134C04A5,0.18386117
CC_B55C2DBF6D3C,0.22028407
CC_B569705352B4,0.09781134
CC_B56E74A967C3,0.05256906
CC_B57519F33EEF,0.04122518
CC_B582E4405D85,0.09496251
CC_B585A11F7BA7,0.14282481
CC_B59726D36AEF,0.16696563
CC_B5995E4F1A21,0.1175041
CC_B5AC2AAF871B,0.75430137
CC_B5AD19125E1B,0.19857788
CC_B5B1E42858AC,0.061775208
CC_B5B7599E8BC6,0.06691061
CC_B5CAE0595637,0.22520515
CC_B5D49843A799,0.33145636
CC_B5DDFC7AEE78,0.10040383
CC_B5E29344F63C,0.21076103
CC_B5EE5AE6378A,0.59339744
CC_B5F2A93AD996,0.08745814
CC_B5F611613A78,0.064785466
CC_B6055039255A,0.7497448
CC_B607B2B0AFB7,0.0492267
CC_B60CFD0F39F9,0.06867619
CC_B620087B1C52,0.35123467
CC_B6203BBBD151,0.0906826
CC_B622662E664A,0.16605613
CC_B62C9A2BC846,0.14754426
CC_B636210548E5,0.4038331
CC_B642C6714501,0.08401187
CC_B64F81B8A263,0.13152145
CC_B65CA581B9BD,0.16896196
CC_B65D1B9B6F67,0.16258602
CC_B661A8FCA431,0.052826732
CC_B66AC40957D6,0.14349785
CC_B672B35D1162,0.75395584
CC_B68379D197F6,0.09497772
CC_B6923D10FDA2,0.15540493
CC_B69CC776BBE6,0.24704167
CC_B69E50D76B29,0.09924786
CC_B69EAA8C296F,0.20362194
CC_B69F7CB8CDA0,0.07447253
CC_B6B4AD157354,0.16363998
CC_B6BD764CB8B9,0.23646376
CC_B6BEC3F4BE91,0.17577983
CC_B6C13F4A610D,0.29246894
CC_B6C1C3B5766B,0.10911888
CC_B6C72241926C,0.14776255
CC_B6CB40E245D7,0.641513
CC_B6EE58A108C5,0.07209606
CC_B706F631F5BA,0.040460616
CC_B71DC1206985,0.17019735
CC_B72284CED807,0.15498617
CC_B727865A5B5F,0.5937519
CC_B72FD7EFA6BD,0.18260202
CC_B7365B5A3392,0.7420889
CC_B73820D308C9,0.12776433
CC_B743560D847F,0.0838197
CC_B76EF26F7C9A,0.32813364
CC_B7764FC130E8,0.42319044
CC_B77B73B95532,0.12342875
CC_B77D6653C7D4,0.044433158
CC_B77DA6B77DEB,0.28908616
CC_B783AE19622D,0.15111855
CC_B78761738CAF,0.027506417
CC_B787BA135B5D,0.35817513
CC_B78B4449EA19,0.11621455
CC_B78B4B7F80B5,0.21814457
CC_B78BEE888CA6,0.09028316
CC_B791FEE1CF37,0.04426246
CC_B79A58AA4441,0.09216976
CC_B79BEC538198,0.12981367
CC_B79DD53178D3,0.07315658
CC_B7A7EFD85149,0.20857768
CC_B7B5F2A15C41,0.12063223
CC_B7BC46A7D4DF,0.096375115
CC_B7CBC65D9AF9,0.50321066
CC_B7D40C5C891F,0.07086013
CC_B7D4337C4797,0.2792996
CC_B7DA04826165,0.26189452
CC_B7DC19DA1440,0.16618854
CC_B829EC622F0D,0.56317675
CC_B82B9C0C7B85,0.67834616
CC_B82C55DEE5E6,0.3440038
CC_B8475B977AD2,0.6588836
CC_B84BD2F4EB01,0.19131681
CC_B86DA7D69F20,0.065861985
CC_B87989F406EB,0.19130965
CC_B88B702183E7,0.039516523
CC_B89B80945ADE,0.15827945
CC_B8A3A44BFE8A,0.43677965
CC_B8A7A6548AE6,0.1889874
CC_B8A8FB83065B,0.17269205
CC_B8AAC20D626E,0.1962242
CC_B8AC99873641,0.07254166
CC_B8C9673B7834,0.08372687
CC_B8D5FEB15CC8,0.067318745
CC_B8DA64A33076,0.6232073
CC_B8E912A01706,0.61134446
CC_B90869280808,0.11417596
CC_B908EC99951B,0.27881426
CC_B90CBF2A6775,0.07428624
CC_B91080C1ADA5,0.34393722
CC_B918FB42AFD2,0.2007862
CC_B92CA425080F,0.10386731
CC_B937F632B71D,0.17180517
CC_B94477C20476,0.29785746
CC_B9483A5C922C,0.12847582
CC_B954EC1C63B5,0.32405052
CC_B95580F93537,0.052042384
CC_B96086044329,0.052853722
CC_B96EB0A91589,0.19783017
CC_B98357C70A41,0.6226183
CC_B9929A66C2FD,0.6884445
CC_B9BB52E4C529,0.111034796
CC_B9BD45744855,0.78837717
CC_B9BFDE4662AE,0.10391816
CC_B9CEAF324145,0.051472533
CC_B9E89F42B509,0.20390049
CC_B9E8A3887223,0.20284705
CC_B9FC67268C45,0.21600536
CC_B9FE9DFEB3DC,0.11012884
CC_BA041E14DD98,0.07408093
CC_BA0619F54427,0.09920378
CC_BA15072C4EC2,0.24683674
CC_BA183CDC5429,0.80885935
CC_BA43646012D2,0.50008667
CC_BA4F7E494E71,0.43150592
CC_BA557F75E2DD,0.18153009
CC_BA740903CBDF,0.12506017
CC_BA77722A827A,0.5309152
CC_BA78E47BB021,0.22205031
CC_BA8C427054F4,0.040876593
CC_BAA19F8D2563,0.09097228
CC_BAA1BBFF8C6C,0.30499107
CC_BABA44B5FB12,0.07238366
CC_BAC25BCCEAD2,0.06962705
CC_BAC74D0014D3,0.45183888
CC_BAD99E36CC71,0.25321355
CC_BADE7EB1D16D,0.76024324
CC_BAE7410803AC,0.13864005
CC_BAEBBF8054FB,0.104518496
CC_BB054686B6F2,0.05306192
CC_BB05D9DF72BD,0.062418602
CC_BB0D54068D07,0.7663619
CC_BB15DE5E0DA0,0.7473982
CC_BB1A57AA813F,0.13065061
CC_BB1CABE261EB,0.19402076
CC_BB2BC46FCF61,0.20741335
CC_BB2E5437EE04,0.05150078
CC_BB2EF1FF6131,0.09188341
CC_BB2F56C6BF57,0.10537797
CC_BB35CEC5314E,0.08736151
CC_BB39E3597B61,0.042380933
CC_BB3A9EECD51E,0.07895074
CC_BB44CDEE5103,0.18607096
CC_BB458116ABA4,0.37270114
CC_BB5F6936F6FE,0.21094003
CC_BB666F8A551E,0.063314214
CC_BB7355E735D2,0.12000191
CC_BB8A2F186D6A,0.07893061
CC_BB9FDED12C65,0.70474875
CC_BBA8C316C8F8,0.08311613
CC_BBADC7DC73EA,0.20684521
CC_BBAEA7980B09,0.45639214
CC_BBBA078A6429,0.77338684
CC_BBBFC3EC2C72,0.41220602
CC_BBD34B3225EE,0.036601126
CC_BBE6C58C59A4,0.43904454
CC_BBEBBE1E226D,0.11841969
CC_BBED56D34D38,0.09697689
CC_BC0244FBDAF6,0.17943232
CC_BC099E880236,0.13151687
CC_BC0F05C89E25,0.12744804
CC_BC1BD06C1085,0.09142448
CC_BC21E8824A34,0.45989197
CC_BC23655B2BF4,0.062095642
CC_BC24F9024F49,0.060752083
CC_BC2A58939715,0.08404168
CC_BC2B90F226E0,0.19287094
CC_BC31382964E4,0.044255346
CC_BC31DA3EAFFF,0.12747988
CC_BC3A6CF6FD16,0.14205348
CC_BC410BDD9ED8,0.24400477
CC_BC458960887E,0.15996006
CC_BC484C329704,0.11949152
CC_BC4D6D6D4553,0.34251636
CC_BC5A59D88AFC,0.08967794
CC_BC736DA19A00,0.16806982
CC_BC7B9D13978F,0.17889506
CC_BC84BF34D69E,0.29286224
CC_BC95D473C9CE,0.1729255
CC_BC96FC9DCFE7,0.088442996
CC_BCA0D6159C23,0.18908396
CC_BCAE73132BA2,0.07155253
CC_BCBBF055366F,0.047730856
CC_BCC94F494979,0.08897201
CC_BCF75F8B9A5D,0.122922376
CC_BD10F4F15094,0.08360912
CC_BD1A2052ACD5,0.784968
CC_BD217C39702F,0.30946463
CC_BD2A9D4B9FAA,0.19099614
CC_BD3EDD1630E8,0.054157414
CC_BD4AAFE9EFEE,0.066110194
CC_BD59D1252975,0.08370764
CC_BD607BE97C17,0.10251365
CC_BD889F165227,0.08016017
CC_BD900B6BCF65,0.16430682
CC_BD9967660461,0.41636124
CC_BDABB99ADE2A,0.15446874
CC_BDB07C66EDBD,0.47385445
CC_BDB71DAAE50B,0.1231427
CC_BDCB91FACECF,0.15667793
CC_BDE1E398B4E4,0.05230152
CC_BDE8D325637B,0.6757193
CC_BDE9E7F390AE,0.09338447
CC_BDECF392D7F9,0.14858393
CC_BDF401C3BBCA,0.14694197
CC_BDF53C42C5BC,0.25624067
CC_BDFE5778530F,0.33922774
CC_BE05EB5976EC,0.7604197
CC_BE08A6D5E76D,0.057920713
CC_BE146CE5BEE6,0.11693114
CC_BE24C1EE877A,0.119425476
CC_BE27E98C4BED,0.09080964
CC_BE32DACBF6C2,0.13116343
CC_BE3F52F9C9EA,0.12580231
CC_BE3FC1024389,0.16116445
CC_BE4595898BF9,0.09613813
CC_BE4F1F53F4B6,0.09205054
CC_BE648663620C,0.21546118
CC_BE6627F3B9EE,0.6446127
CC_BE673F70B591,0.31323522
CC_BE704640727F,0.041568715
CC_BE7295B354DA,0.35209888
CC_BE760A430ACD,0.17619789
CC_BE8A340F3876,0.046342872
CC_BE9CB8845101,0.2254641
CC_BEA12286E57C,0.14642957
CC_BEB24EB997CA,0.1076466
CC_BEB80CCF2ED0,0.059934873
CC_BEB86014B5BF,0.18636958
CC_BEC035C8801A,0.15299186
CC_BEE1B858F0C3,0.29120678
CC_BEE664893442,0.18741678
CC_BEE75A33F038,0.07579511
CC_BEF22728402F,0.6869492
CC_BEF8AB2DF19D,0.3607753
CC_BF03683CC755,0.111989155
CC_BF066CB8F7A0,0.15260077
CC_BF154A9FEE8D,0.14691241
CC_BF17E635C67F,0.07423986
CC_BF196AFA6AE6,0.17991793
CC_BF2012FCFE14,0.1579184
CC_BF3733356D4B,0.5189497
CC_BF376C8D14ED,0.53262115
CC_BF3BF8B9F646,0.103892446
CC_BF588A5FF18D,0.6861305
CC_BF7C643B8874,0.053817768
CC_BF8919F14394,0.14150557
CC_BF8B759EE1EF,0.060314886
CC_BF971FA7A950,0.20830491
CC_BFACE960372A,0.101235464
CC_BFBF917EFEB7,0.5943597
CC_BFCAE2959708,0.050039418
CC_BFD80ECB739A,0.209076
CC_BFDEC7E68821,0.06947307
CC_BFE3AD881F4C,0.054644536
CC_BFE511C0F9F3,0.5546842
CC_BFEE9CF8A6E9,0.08005955
CC_BFF8E82FE4BE,0.1490441
CC_BFF9E8C0FE28,0.63697374
CC_BFFCB2882E26,0.04659911
CC_BFFDCACC1E4F,0.11879285
CC_C003A15648F3,0.08004449
CC_C004160ABB18,0.16602744
CC_C012746F45D6,0.10742976
CC_C033B4EC89DA,0.13511121
CC_C03578357D0D,0.34888825
CC_C040C14F27A0,0.056702632
CC_C0474C48C443,0.13823579
CC_C04A1EF46A13,0.24713543
CC_C067DA2C5F99,0.40280265
CC_C0731DB0CD7F,0.63881254
CC_C07C70AA1AF0,0.14789954
CC_C0877F4DBC62,0.11155456
CC_C0896CE6B4E2,0.088413134
CC_C089B0517E81,0.07826004
CC_C08B9066A5BB,0.1781944
CC_C08DFB22BC71,0.07843431
CC_C0A2108BEC82,0.2067714
CC_C0A6B0787F91,0.08963195
CC_C0B29B279C90,0.123543784
CC_C0B7151247C2,0.12527221
CC_C0BEDCC974E6,0.10796654
CC_C0C6F913C2CB,0.70863855
CC_C0C7EAB055B1,0.19079626
CC_C0CCCF588BEB,0.23545828
CC_C0D65A1BC1DF,0.567695
CC_C0D6ADDF1E0F,0.08232545
CC_C0E49708EB44,0.21824853
CC_C0F32BA57D17,0.055230718
CC_C1094828B26C,0.31749263
CC_C124E4C094F3,0.22973481
CC_C12ECF48FA03,0.20949087
CC_C12F5F7E5C54,0.13787249
CC_C131509731A1,0.19955932
CC_C14173B64C58,0.17718658
CC_C14A4D39F494,0.38891226
CC_C14DC9106B7E,0.24755616
CC_C1624A910E58,0.03579192
CC_C1645FA6EE7C,0.09652089
CC_C165A26E7C1D,0.6846993
CC_C16824A69631,0.05229671
CC_C177831DEDC2,0.08680137
CC_C1815DD481ED,0.68842685
CC_C18313F97FC1,0.26245576
CC_C18A7BC23071,0.27065495
CC_C1941883C762,0.1166471
CC_C1A0989CDF23,0.03327528
CC_C1A8C99D910A,0.105433926
CC_C1B057BAE0BB,0.27558488
CC_C1B5D9A95708,0.10196517
CC_C1C28181E30E,0.12973408
CC_C1E8CA45E983,0.109698676
CC_C1F4DD05F5FB,0.21852615
CC_C205BAC0D181,0.073339164
CC_C208790016F7,0.08299373
CC_C219E603FD0B,0.070876434
CC_C2323893E922,0.10058107
CC_C236A614F73D,0.10528821
CC_C241491551A8,0.12759025
CC_C247E0377048,0.099628195
CC_C24FBA584039,0.24426153
CC_C25078D044CC,0.1682361
CC_C255BE787955,0.1900807
CC_C25ECB5C5FD8,0.06377268
CC_C276E722FB1B,0.3212447
CC_C279090E1F74,0.7586244
CC_C279CA96D14A,0.1267635
CC_C283330B9999,0.053715944
CC_C289AF57EB24,0.25469634
CC_C29558864857,0.112821124
CC_C29846DE78AC,0.6347736
CC_C2AEE09D92AD,0.09759976
CC_C2BBFB603032,0.3169751
CC_C2C2B2EEBA69,0.042689644
CC_C2D1CBB42952,0.16678104
CC_C2D4587A871F,0.73404384
CC_C2D583F20739,0.3669203
CC_C2D9086A8C67,0.06493895
CC_C2E8FA308586,0.21745005
CC_C2EA104630E3,0.09776209
CC_C30ED2C6265A,0.05275665
CC_C31BA9FD4FFF,0.26287696
CC_C31DC3117984,0.18491678
CC_C33142B2E26E,0.46658978
CC_C340668CE604,0.10535245
CC_C36580241000,0.14932404
CC_C3664AFC710F,0.12902458
CC_C3676D2ADC91,0.1859365
CC_C368AC6AE19C,0.0502645
CC_C38B446B7432,0.22086391
CC_C38BE6D69E61,0.058602117
CC_C38FB634E7B9,0.07985409
CC_C3913A125FC9,0.15066433
CC_C392AC1AABDB,0.13811532
CC_C3A37C3EDCC5,0.42209592
CC_C3A42A96D260,0.21010968
CC_C3CA355F78BC,0.09699055
CC_C3CD972B25E9,0.14815733
CC_C3CE9FCB05EA,0.04993155
CC_C3DA12B31CD5,0.0950882
CC_C3EF46D2CF29,0.16058615
CC_C3F301EAE202,0.18047515
CC_C404C200B723,0.11259451
CC_C40BEE2EAD73,0.2635045
CC_C40CA3E960D9,0.1470749
CC_C40E0EEBA53A,0.17625973
CC_C42183D7A586,0.108597144
CC_C427199DAC5F,0.4593242
CC_C445AEF194CA,0.07111985
CC_C45051D20EC8,0.13702053
CC_C47FCA703A69,0.28196487
CC_C4965C6C6935,0.31352454
CC_C498BD798847,0.0516075
CC_C49A42D1C3CA,0.0838898
CC_C4A2F5B06976,0.07025952
CC_C4B632AEB96F,0.16225757
CC_C4D194378554,0.03821751
CC_C4D90E9CA5E9,0.14011665
CC_C4D941D5A5F9,0.123562835
CC_C4EB2486A9B1,0.21620896
CC_C4EC2923D96F,0.31769055
CC_C4EC9ACAE8C4,0.73695105
CC_C4FB2ECB13DD,0.310479
CC_C50467EBCC58,0.06836961
CC_C50C5E2A77CA,0.15711601
CC_C50D7FAA75C1,0.05740708
CC_C51FE3F4D2F3,0.17072327
CC_C5234F4713B7,0.083767675
CC_C55110310E14,0.102731384
CC_C563D509181A,0.07380345
CC_C5736F4887D6,0.72962856
CC_C57C4F09442B,0.09736778
CC_C59D2CA55CAD,0.770743
CC_C5AD04ABF022,0.098240845
CC_C5AF7BF4B951,0.045733295
CC_C5C5FD9FCFE4,0.67701507
CC_C5D9A89022EF,0.19948508
CC_C5E1FA10BD6B,0.17491406
CC_C6039EF0459B,0.15434742
CC_C6133F44EB0E,0.08064129
CC_C637C1142503,0.77970594
CC_C65496C86EAE,0.14959541
CC_C67C2B86A807,0.14309245
CC_C690CF8AF3B4,0.10229335
CC_C69204FFED48,0.32554317
CC_C69DD80E5055,0.09903797
CC_C6AE389CA79C,0.10603962
CC_C6AFA8AF33BB,0.08686395
CC_C6B56B2869A6,0.40194827
CC_C6B61E03B42D,0.18651482
CC_C6C2B357FDF2,0.10673729
CC_C6C4A4A318E4,0.1319965
CC_C6DECDCC7956,0.19730683
CC_C6F134ABD932,0.5666546
CC_C6F24128D8D3,0.18604454
CC_C6F8C5E3D746,0.0997394
CC_C6FB2BDCC78F,0.41769114
CC_C70DBEB08378,0.8238432
CC_C71AAC6F9607,0.08898868
CC_C73D1C53BEC0,0.3249814
CC_C7423B380FD2,0.06324668
CC_C747ABF2B4BC,0.076664284
CC_C74F0C45C093,0.13861378
CC_C75307665BCF,0.21756914
CC_C76473DBFF83,0.32311296
CC_C7652C2D1CC7,0.18945758
CC_C77B38900325,0.21648803
CC_C782A94E6754,0.042638864
CC_C786E0FDA098,0.766645
CC_C794632B3AAC,0.40579253
CC_C795250A7B3F,0.1288097
CC_C79BF5794AD9,0.051934786
CC_C7A2A7BF85C5,0.05653902
CC_C7A2CEDA36CD,0.4957307
CC_C7AAAC514CD0,0.09852035
CC_C7B39AE8206F,0.110160135
CC_C7BA884F8DCA,0.14930892
CC_C7BC592C11DB,0.04258741
CC_C7CB29EBCEE1,0.05654172
CC_C7D2BE35C77A,0.08614685
CC_C7E56C7FFA19,0.17807135
CC_C7ED63E403A8,0.09376887
CC_C7EFF4BBEE1E,0.07253797
CC_C7F1C90A261F,0.110943034
CC_C7F38C2DEDFF,0.20202093
CC_C807F881A35F,0.23986709
CC_C808346EF2A7,0.044542544
CC_C822401D05A0,0.15584603
CC_C82D0EB32984,0.10074077
CC_C82DE4520088,0.20562418
CC_C84080607284,0.06480436
CC_C85DEB66D6EC,0.26018715
CC_C8601860B3AB,0.3144532
CC_C86B56E5B000,0.11012163
CC_C874E7D8B96A,0.0631488
CC_C88F02C38654,0.15094188
CC_C895990DF270,0.11659149
CC_C896D6E93110,0.38541704
CC_C8A57920FB6B,0.08455732
CC_C8C2CEAC6750,0.517342
CC_C8CBB38CF4B6,0.44836408
CC_C8DF2AEC8023,0.17616026
CC_C8E24B1925A2,0.21612844
CC_C8E2F0CA5050,0.6721486
CC_C8E875AAFD58,0.29432955
CC_C8EF7366016A,0.08315115
CC_C8F1FB9C56E5,0.08610576
CC_C8F2FF7E6DAF,0.178607
CC_C916DC82A00B,0.32579592
CC_C91FF308D57A,0.070072435
CC_C9297D88CD26,0.29703632
CC_C932D885E1AA,0.19114922
CC_C947A66A6A34,0.12691897
CC_C953D19C82A6,0.29306522
CC_C960365C1125,0.2113873
CC_C96221203852,0.21819958
CC_C967937FC81A,0.6991866
CC_C97434767545,0.24131688
CC_C974620D4D4F,0.27976292
CC_C9749B07E3CC,0.11956624
CC_C979F86EC4EB,0.060617976
CC_C9882357496D,0.06820371
CC_C98B5F2B994A,0.10462493
CC_C98CA453DC7F,0.12047819
CC_C996515164AF,0.7093657
CC_C9A1B8F512F3,0.44570246
CC_C9E008678B77,0.07618351
CC_C9E89E3728DA,0.20841098
CC_C9EE0357CF4D,0.15455337
CC_C9F15C15BA6A,0.11017082
CC_C9F3BB887EB9,0.23861817
CC_CA0906B9B58E,0.0635615
CC_CA16B9133E4F,0.40108117
CC_CA2524A5C7AF,0.2754655
CC_CA2A17C9CD44,0.41421404
CC_CA32C61E255B,0.09184904
CC_CA37F92A8BC6,0.14891616
CC_CA3C9D0F42A2,0.52910465
CC_CA4669FF2379,0.12395352
CC_CA486E08F176,0.07212284
CC_CA5CF069C36C,0.07212515
CC_CA6AB58D2C8D,0.21735184
CC_CA6EDCBFA9E3,0.17411482
CC_CA6FB58C11F4,0.088158265
CC_CA7902338F91,0.19100188
CC_CA7BE11DCB92,0.120146334
CC_CA87A148C386,0.06584796
CC_CA8E7E45347C,0.12046401
CC_CA9214D0E170,0.14531252
CC_CAA07EABEF71,0.057584334
CC_CABC0190A9BF,0.50990707
CC_CABF171B8582,0.5083419
CC_CAC2F989A2D6,0.22388048
CC_CAC50FF13A43,0.39325827
CC_CAC9C52B6FB8,0.23094496
CC_CAE19DE8446F,0.079863295
CC_CAE5F6D8328C,0.456666
CC_CAFA0C6DBCEB,0.05586807
CC_CAFE5D6E3E1D,0.11450001
CC_CB02A97FAC1F,0.24118486
CC_CB1155AAC7EB,0.116794825
CC_CB1B2FC5769C,0.17930111
CC_CB1BD3C19303,0.17428212
CC_CB2423DD4809,0.8097455
CC_CB33381406F3,0.67919296
CC_CB3CBA971E97,0.0867469
CC_CB45CB5C940D,0.20365003
CC_CB4A2667F8CE,0.21485066
CC_CB4EA92BE238,0.06676586
CC_CB4EE5CC0B09,0.15959832
CC_CB50BDD92A4D,0.2488267
CC_CB6A55831080,0.083356366
CC_CB6CE149111A,0.13629971
CC_CB6F9DA78019,0.046459414
CC_CB722FAA608D,0.19749734
CC_CBA786C05C1C,0.7634403
CC_CBA9A6206DCB,0.170995
CC_CBB7AE2847B6,0.18095067
CC_CBB9DDEAC819,0.040667154
CC_CBC30D127BA4,0.07585398
CC_CBE67EF0D3C5,0.4889857
CC_CBEC318365B3,0.37975353
CC_CBED6669EDA7,0.06931549
CC_CBF1B052FA7E,0.06459918
CC_CBFC7EFF2F94,0.12771437
CC_CC27394B5E35,0.077236086
CC_CC2A7B3D7A55,0.12278376
CC_CC34B2523794,0.16976489
CC_CC34E9023873,0.68580234
CC_CC37D81F02A7,0.6505338
CC_CC4822AEDB83,0.6539331
CC_CC5D6CAE5ADB,0.24680705
CC_CC6D27804EF0,0.07317662
CC_CC71D4876B90,0.11469972
CC_CC75EA7F2C8F,0.10369595
CC_CC9214A5C0CF,0.08536631
CC_CCA2B8D2446C,0.44869876
CC_CCAB3E56FD92,0.18596885
CC_CCAF321D46D7,0.04714209
CC_CCB46EA56584,0.22465844
CC_CCB60CB8754C,0.15893438
CC_CCD759553325,0.070102856
CC_CCDC28D49832,0.15792926
CC_CCE55029E621,0.6483024
CC_CCEA133D7268,0.511044
CC_CCED6CEBC3D6,0.3350327
CC_CCEE76415B51,0.32333213
CC_CD1326D52AE1,0.63616455
CC_CD35EEA81CE8,0.30086952
CC_CD373485942B,0.07854251
CC_CD379DD39658,0.33944118
CC_CD37D5CF0EB0,0.19787411
CC_CD380545A7A4,0.07350787
CC_CD3A378249BA,0.26435643
CC_CD415B1C7741,0.043706007
CC_CD4976814F28,0.038344797
CC_CD4F5F1C357B,0.24594441
CC_CD54829713AF,0.07050266
CC_CD5E3556D5AB,0.18192859
CC_CD6C797F3C4F,0.067140006
CC_CD7BA8F6C4BD,0.11008339
CC_CD8352F0478D,0.15838555
CC_CD972E578564,0.82233965
CC_CDA1B20179B6,0.108844236
CC_CDA2A36B81B4,0.21413895
CC_CDF6354EC332,0.06884881
CC_CE01E17132E0,0.037770472
CC_CE1280B30475,0.14967759
CC_CE134F878294,0.076297425
CC_CE229894AC00,0.13763733
CC_CE26907B9D30,0.48779148
CC_CE2755B42DAC,0.07485239
CC_CE2BD7F74421,0.29089677
CC_CE3784121355,0.124013625
CC_CE41F9FF509E,0.17394775
CC_CE5AF0E9A157,0.085443825
CC_CE5EA019DCAA,0.08956874
CC_CE6460FE39F6,0.11518364
CC_CE72D1734761,0.63969886
CC_CE7FC560768D,0.34237078
CC_CE871DB3950F,0.32752764
CC_CE8D1564C4F1,0.14795011
CC_CE93240526A9,0.32291895
CC_CE980FCAB154,0.28438276
CC_CEA0FAD348F8,0.09249037
CC_CEA369A3451F,0.06945835
CC_CEBA67081418,0.2093666
CC_CEC0C00FE770,0.5708466
CC_CEC3B21D2982,0.43077397
CC_CECEC680F701,0.14033799
CC_CEDB263DB07B,0.0414399
CC_CEDF9C14DC79,0.25590262
CC_CEF23255BE06,0.06225612
CC_CEF8C71C4E8B,0.3986386
CC_CEF91FDD41AE,0.39252377
CC_CF0B68684C3D,0.08175306
CC_CF149865368F,0.083628096
CC_CF2A7A5582C2,0.22046551
CC_CF2B3E37CF2E,0.35113686
CC_CF2F163CE005,0.15532781
CC_CF3C063DF626,0.15613988
CC_CF3E91DB8220,0.3934877
CC_CF3FB5744443,0.7278113
CC_CF4991B8EFE9,0.10902991
CC_CF53FD3AC9AD,0.03816205
CC_CF5A140B279D,0.16436777
CC_CF613A7162B6,0.13902299
CC_CF6A8A460B19,0.09165877
CC_CF792E77A16D,0.046655536
CC_CF7BAF373E0A,0.044380184
CC_CF8B1D0015C4,0.16055188
CC_CF8D0517B79F,0.06997138
CC_CF92037ACA93,0.25281993
CC_CF960A300F40,0.28506252
CC_CF96B6335E6C,0.16986203
CC_CF9880D67A7D,0.19242136
CC_CF9B249283A7,0.71442544
CC_CFABF7407978,0.20720124
CC_CFB2AE99EABF,0.1265721
CC_CFC0BC440771,0.16457465
CC_CFC235739F25,0.538736
CC_CFC6E8954325,0.053588282
CC_CFD37EDB214D,0.21325836
CC_CFD93C04478A,0.60993284
CC_CFE0AA5381FD,0.6230256
CC_CFEB021AA137,0.05422779
CC_CFF6E2A6A3F9,0.28875032
CC_CFFDC4947256,0.17022358
CC_D009368CE434,0.053742755
CC_D02E59E08B02,0.051272064
CC_D03848B7353E,0.058540475
CC_D03A69B1563D,0.13558793
CC_D0576802096E,0.10426392
CC_D0582E0F3440,0.057666004
CC_D059D0BEC5D5,0.31494847
CC_D05C4A8F2A25,0.13734426
CC_D05FBA9B9040,0.7137748
CC_D0653EA71CAD,0.18404786
CC_D076A984B786,0.1433383
CC_D08FC2D99CF5,0.17856893
CC_D09942A02904,0.11518468
CC_D0A8EA2D37F2,0.12572497
CC_D0AAD35C800F,0.1471641
CC_D0D666EC0244,0.09482225
CC_D0F3F68F4452,0.551497
CC_D0FBDE8ABAA7,0.11108949
CC_D103D50237D9,0.25678307
CC_D11E5A30CF3B,0.2740949
CC_D122B30AE7CB,0.54724914
CC_D1679B40D83A,0.076535836
CC_D1760785D631,0.23065548
CC_D18088587757,0.22737709
CC_D184160042B7,0.34172577
CC_D1886485E8B4,0.11735253
CC_D1893DD5B4D4,0.08751255
CC_D18B60E035CE,0.7205123
CC_D191D099789D,0.08247642
CC_D1BDB41E7FF6,0.119508944
CC_D1BE2E6E9C9F,0.22416599
CC_D1BFB29BF61C,0.081615835
CC_D1C259F80E13,0.09912411
CC_D1C63DA9CA93,0.10035275
CC_D1C931E4F305,0.06902642
CC_D1CE25F271BE,0.15487687
CC_D1D2127A0C67,0.055522718
CC_D1D31EA359F4,0.15490772
CC_D1DB888BD9B0,0.11488626
CC_D1E82B9DD102,0.155192
CC_D1EF68A649AA,0.14453697
CC_D1F05E69F80F,0.05848547
CC_D1F6FE158DCF,0.20938332
CC_D205612FD566,0.64235264
CC_D21474C31E3C,0.64600456
CC_D2195A061A0E,0.68061525
CC_D2199CC1CB08,0.03583928
CC_D21FCD9DFE53,0.5303093
CC_D233B2C8062B,0.41139716
CC_D234CF2C21AE,0.6762711
CC_D2373015DF41,0.056744315
CC_D239CBE1012A,0.1108372
CC_D2591377E980,0.7167847
CC_D25E25C831B5,0.07503586
CC_D262BB13DAAF,0.27738422
CC_D272BC699F38,0.061284613
CC_D2813C835750,0.764058
CC_D285B0D67016,0.034120403
CC_D28FB525E310,0.2611407
CC_D2AFEE04E96F,0.046744652
CC_D2BBAA423304,0.22418018
CC_D2BE8B4011D7,0.066045836
CC_D2C49D2FEBF8,0.18284206
CC_D2D09498D333,0.15640146
CC_D2D187DA334A,0.11715908
CC_D2D47A5386CE,0.2494185
CC_D2E98F50621A,0.053539626
CC_D2F265035F0A,0.050348945
CC_D2F91355C6D0,0.15244395
CC_D2FC934F8324,0.13837129
CC_D3044C67CFFB,0.07172233
CC_D313F2C49E46,0.35136053
CC_D31FFB053D60,0.1101649
CC_D336DB6323BB,0.34200844
CC_D343A7CBA377,0.07523578
CC_D345AF4C4B61,0.14827977
CC_D34FA9410740,0.07290923
CC_D354C5D1665A,0.13354838
CC_D35E96480AF8,0.25707287
CC_D3616386D6D2,0.15913722
CC_D365173E852D,0.79687274
CC_D3683C6CFC5C,0.6133032
CC_D373463038E0,0.066906765
CC_D379CF8E3FAB,0.7311473
CC_D37B4CA7F3D8,0.06400852
CC_D37B5B3CA4BE,0.6643122
CC_D39265D7B6C9,0.056053437
CC_D39E3F732408,0.065964215
CC_D3A7B21165B3,0.21334335
CC_D3A9028A4660,0.058222212
CC_D3A948322BD5,0.69823456
CC_D3B95DB5E6C1,0.29196927
CC_D3C8C5014D5C,0.19306874
CC_D3D80929AF52,0.119998954
CC_D3F25136073A,0.18271044
CC_D4102AD032BE,0.20265254
CC_D416EFCEAD89,0.046549518
CC_D41C5030494A,0.717254
CC_D42E477596A3,0.06252961
CC_D432C89BADA8,0.13923946
CC_D434638E9569,0.11907627
CC_D4518F98BB77,0.09306212
CC_D452847F2A4C,0.08598153
CC_D454056F92E6,0.21873203
CC_D461FB973AB2,0.7862674
CC_D462250B13D3,0.36447707
CC_D48E686A834A,0.6569084
CC_D48FFD985E51,0.086065695
CC_D49263A1BDF7,0.10746273
CC_D49668C65C33,0.038837843
CC_D49D9C57A849,0.07364509
CC_D4A029A150E4,0.21812096
CC_D4AC998C0BC8,0.70106
CC_D4B02AAFC697,0.11850156
CC_D4BDF0F4FE9E,0.111583635
CC_D4BF2778371B,0.14276616
CC_D4C0F4DB3501,0.17268535
CC_D4C6DD8A364F,0.14317568
CC_D4CDE2A1E174,0.14925075
CC_D4E7EE35695B,0.1205827
CC_D4ED652E86DF,0.3048163
CC_D4F844B54B84,0.0512743
CC_D4FA0055DB4A,0.048512425
CC_D4FDCBAFEC74,0.73846984
CC_D517D90E105F,0.0737414
CC_D52B87A01028,0.19056976
CC_D530C3D1DBF8,0.659257
CC_D5327E41EBA2,0.13920495
CC_D53C8BCA531F,0.09991088
CC_D540C7ABF683,0.6821453
CC_D54105FC1349,0.38334838
CC_D550CE8B9313,0.730598
CC_D55C5B432387,0.17944351
CC_D5646FCC5E14,0.53980386
CC_D56F34613338,0.10721507
CC_D573AF0F1674,0.11736145
CC_D586E2C2B3EF,0.22407481
CC_D589E388CA02,0.062571965
CC_D58EBD954E68,0.25590086
CC_D59AFE884BDD,0.37983757
CC_D5AC596A85E1,0.1699646
CC_D5B99B578573,0.04968792
CC_D5CBF4A4D3B3,0.11260456
CC_D5CE05EAA837,0.2310032
CC_D5D36A6C8DB3,0.07593559
CC_D5D8D545736F,0.06816986
CC_D5ECFAF8C1A3,0.06312626
CC_D605715F737A,0.11614863
CC_D617428B4B0E,0.40557307
CC_D61E8E5C4414,0.1179689
CC_D652B5F05769,0.19763339
CC_D6564D0CB9A8,0.20264466
CC_D66183657419,0.06833313
CC_D66BDD3E1AA7,0.16597174
CC_D66DA331534A,0.1183884
CC_D687A780C0E6,0.04302819
CC_D6AE871A4C9C,0.11532488
CC_D6B7AF1FBDD4,0.49678603
CC_D6B874308353,0.49779496
CC_D6B8F47FE484,0.38131034
CC_D6CB1BFDCEEA,0.10467178
CC_D6D47D7E1C51,0.045198243
CC_D6DE060699C6,0.1647701
CC_D6E06014457F,0.8242019
CC_D6E8E17EA449,0.33147863
CC_D6F216AB1C4A,0.15022837
CC_D6F5E3A51C8A,0.10633491
CC_D6FB3B76D7A0,0.64173484
CC_D6FBCD4BA3DA,0.29332167
CC_D70918916097,0.50718796
CC_D73B1B9B81A5,0.05067555
CC_D73E9E24BB48,0.16763107
CC_D74AA0F20466,0.1263881
CC_D750070C44BB,0.72703916
CC_D7529675CB7D,0.1609852
CC_D75C8CDB510B,0.57560885
CC_D76009C47709,0.28017527
CC_D771775A58F5,0.19897468
CC_D77F9D613EF7,0.16643633
CC_D7999C3EDE22,0.1648901
CC_D79BF1D26499,0.18419161
CC_D79C05885899,0.101562366
CC_D79D4F15D10C,0.045644566
CC_D7A11E3512D2,0.05835221
CC_D7AD7A7279C4,0.110055506
CC_D7B35055AF0D,0.22119291
CC_D7D99409D57E,0.30246514
CC_D7E403181D8F,0.10523598
CC_D808C7BA9399,0.132602
CC_D80DE8B544F3,0.03962218
CC_D81D19AEFB77,0.03854803
CC_D81F317F6384,0.13340756
CC_D844D9DF962C,0.094990335
CC_D847D978387D,0.047264285
CC_D85C7B85C440,0.31475478
CC_D885591596E7,0.08096267
CC_D887D07BDE23,0.3939016
CC_D88ACC0CFDA5,0.115191065
CC_D88BDD0F510C,0.060443453
CC_D8956424CB37,0.3497032
CC_D8959BB99A7F,0.19899407
CC_D89A9A14B5E8,0.060741317
CC_D8AD01F3CCE7,0.050197434
CC_D8B4122DC296,0.13303512
CC_D8C38B187875,0.7170574
CC_D8E55509595E,0.058678567
CC_D8E6B90C37A3,0.10400568
CC_D8F1AECFCC2F,0.061947845
CC_D8F7672C70D7,0.036512922
CC_D8F7E904E7DF,0.16649537
CC_D8FEF1C99F88,0.68226355
CC_D90761F9E9C9,0.4169652
CC_D90D9D5C8FEB,0.10741933
CC_D912917A4F4E,0.74307805
CC_D91ECE64FD0C,0.13517317
CC_D9325E5695D5,0.061793648
CC_D9563654A397,0.15434434
CC_D95766A6C24F,0.10906458
CC_D95939B1BBFA,0.05957369
CC_D96729C38BC9,0.092866994
CC_D9791EFF766C,0.21271208
CC_D97AA7C54F6D,0.11864407
CC_D98BA5CE8EE6,0.50948876
CC_D991DAD5413D,0.15095198
CC_D995C89AA359,0.21765089
CC_D9A54F55AD6A,0.11268383
CC_D9B87A96C353,0.26437923
CC_D9C42B0B6A0C,0.21603017
CC_D9D487E78FAF,0.6201506
CC_D9D744A66B09,0.0916419
CC_D9DA3F6E2E7E,0.12422122
CC_D9E5792258E4,0.08167927
CC_D9E6B9CBEB77,0.053693183
CC_D9F0CDB02AC6,0.13172957
CC_DA0201D1BCF2,0.08908325
CC_DA0500AFE692,0.07053579
CC_DA0E0BD3880D,0.26019144
CC_DA10F53AE655,0.6567193
CC_DA1643A835A2,0.0951433
CC_DA1C5BAB7E35,0.44692078
CC_DA1DC6A6371D,0.18722464
CC_DA1E6B31DD2A,0.6292684
CC_DA1F282809D0,0.036799572
CC_DA226442D919,0.7606298
CC_DA31EC318B1F,0.069967784
CC_DA33597C6459,0.121995725
CC_DA43CFB5CC2F,0.20900734
CC_DA481C72B8A4,0.21726343
CC_DA55447636EB,0.05322213
CC_DA5AE34842E3,0.088849545
CC_DA6880B018AC,0.18248034
CC_DA700A961616,0.19473717
CC_DA7E65F1E6AA,0.065850735
CC_DA80FAA7FE30,0.099540606
CC_DA8DCCC1199D,0.32774922
CC_DA8EA724C1D3,0.44108486
CC_DA8FA65D1924,0.057859577
CC_DA99D1E41C3E,0.06070764
CC_DA9C3BEFD0B3,0.16742559
CC_DAA3B7FE1C62,0.07283358
CC_DAACE4211B34,0.15964706
CC_DAD239E56638,0.7844027
CC_DAD4BC090253,0.086771786
CC_DAEDBA26BA12,0.2875367
CC_DB1EB08EB40E,0.12787673
CC_DB2314ED6960,0.08513182
CC_DB25E05EC5CD,0.39480317
CC_DB3BE0C87882,0.05386448
CC_DB44628BC147,0.13744715
CC_DB562E602BA8,0.13872577
CC_DB61D7F5F8F2,0.6580318
CC_DB6498598C32,0.16454265
CC_DB6B59FB6E30,0.04369892
CC_DB801B947698,0.28098288
CC_DBB8C467FF1D,0.09587208
CC_DBCD21C2C322,0.070274666
CC_DBDB148E45DD,0.10927515
CC_DBDF9BFA7E87,0.106051326
CC_DBF5CD2D854F,0.19312146
CC_DC0077DE6E39,0.17441885
CC_DC23159A1F99,0.07062417
CC_DC2458827FD8,0.21504419
CC_DC2BE35D58AC,0.20920965
CC_DC49C8D3F7EC,0.51258564
CC_DC5DE66826E9,0.1081904
CC_DC6063FC6464,0.07394223
CC_DC771AE1B4BA,0.68723494
CC_DC7DEBC30E17,0.42711988
CC_DC978F3A711F,0.6535252
CC_DCA2140C7BC4,0.17510435
CC_DCA5CE7C9DC3,0.2338318
CC_DCB5798049B2,0.12183186
CC_DCD10C95C942,0.49445683
CC_DCD145E8E729,0.29811683
CC_DCE0BFC03B86,0.056608595
CC_DCE75AE2FB52,0.057461392
CC_DCFCEEF21BA7,0.3446764
CC_DD12A8C462FA,0.06500755
CC_DD14867350AC,0.16933474
CC_DD232BC8881D,0.2160016
CC_DD2473D34D68,0.19199693
CC_DD2B5C4CD318,0.05895558
CC_DD4EC06C3A92,0.24548106
CC_DD5299DA8C1C,0.07636676
CC_DD59BFF18ABC,0.14572576
CC_DD6777E1B05C,0.05084755
CC_DD6EE1501B89,0.116768435
CC_DD78B52AE022,0.13198611
CC_DD7983A07B43,0.66799986
CC_DD80B5CC495F,0.11357512
CC_DD8956B71825,0.63895
CC_DD8D40E7E2A9,0.09852822
CC_DD9972D0B63E,0.09874411
CC_DDAE70634ED3,0.09474045
CC_DDB4A9FF2B03,0.08710921
CC_DDB68302DA2A,0.19479907
CC_DDB9DEC9C037,0.07340957
CC_DDC610D2B2F0,0.05429197
CC_DDCAEC6BD9F0,0.19461055
CC_DDDF665EBD93,0.28808793
CC_DDE66EBF2157,0.06547435
CC_DDE8B7E9C7F4,0.33206525
CC_DE019FC36D28,0.36123058
CC_DE07076B04D5,0.11809727
CC_DE07AECD2361,0.044928364
CC_DE08A4514010,0.5026405
CC_DE093FAC5293,0.538658
CC_DE17BC1C2324,0.077943884
CC_DE1B13B3E504,0.039985634
CC_DE4264861B73,0.09592229
CC_DE4810B88C51,0.29739892
CC_DE4EE8A16896,0.120528065
CC_DE523A2403BB,0.086726844
CC_DE52860CFBBE,0.15577897
CC_DE593193FB9C,0.15624177
CC_DE5A9B499ED4,0.08651127
CC_DE6AFFA63ABD,0.08206318
CC_DE7CEC14CCD5,0.6649231
CC_DE7D7B5BBB14,0.6238731
CC_DE81AAB7BF48,0.05182047
CC_DE8956D433E2,0.66020876
CC_DE8FB8D1CB71,0.31361353
CC_DE90D07B269D,0.19128774
CC_DE9A62529780,0.13679293
CC_DEA425EA8441,0.10355244
CC_DEBE01582EFF,0.20900925
CC_DEBFD4E79A38,0.040869147
CC_DEC97F13CB8C,0.20070477
CC_DECF1507C86D,0.18641926
CC_DED24C8D047A,0.102199934
CC_DEF4AEBD31C8,0.2478834
CC_DF062F698349,0.1037645
CC_DF13D5CB626A,0.116242215
CC_DF15C526CDC5,0.045785286
CC_DF1F6C68F7D2,0.14433675
CC_DF3EB88F509B,0.115574
CC_DF4E332C886F,0.037363626
CC_DF514171DC30,0.15853208
CC_DF536CEAE5C0,0.05830281
CC_DF5806CC2CFF,0.12644136
CC_DF715690EF20,0.19859467
CC_DF718A37AF15,0.083679594
CC_DF7276DD74AA,0.12278386
CC_DF750B2D6872,0.32413912
CC_DF9FB6670627,0.07554952
CC_DFA65A0125D9,0.049188145
CC_DFAE355359B8,0.20261142
CC_DFEA562F7BCF,0.29076698
CC_DFEDAF0F0D6E,0.0428371
CC_DFF6F74C64B5,0.6464424
CC_DFF87DF16763,0.14119655
CC_E00D8ECE9FA9,0.1674407
CC_E027E36615C0,0.4762594
CC_E02E23CE49A8,0.07161869
CC_E030B3AEBF19,0.14127041
CC_E031A4C862C1,0.14514422
CC_E0339B331F4F,0.090499625
CC_E038981B2FEE,0.13551907
CC_E0463868968B,0.16608694
CC_E05A8621B581,0.32746112
CC_E07FB0312232,0.13981643
CC_E088594E0624,0.20858335
CC_E09AC3B1E534,0.113865755
CC_E0AC29AFCF97,0.17225552
CC_E0BAC6E0D0DA,0.08855816
CC_E0DDDA07F0A1,0.1538387
CC_E0DF45AB72B6,0.17627522
CC_E0E1F8E7379E,0.09575732
CC_E0EF095444A5,0.17201407
CC_E102E4F7F8B4,0.2765696
CC_E109B4CA6A8D,0.16081478
CC_E11470A2D92C,0.4032421
CC_E117B8A6ADC6,0.03611531
CC_E128015073F3,0.08274907
CC_E131D5EB9237,0.19857827
CC_E14A24095E9F,0.16433403
CC_E14CADF89123,0.4887373
CC_E16876025011,0.05457574
CC_E16C71C15D04,0.72043514
CC_E16F1BB83653,0.055598713
CC_E17448FB08EF,0.49134508
CC_E17AAACEB07D,0.085076794
CC_E1875522DC57,0.14467312
CC_E18A0734641A,0.1048735
CC_E18A22453843,0.06863081
CC_E1B4E3360C0F,0.17154768
CC_E1B5AE645169,0.05314123
CC_E1B71F6B7DD2,0.24380675
CC_E1D073F693A2,0.26504654
CC_E1EA83C31C66,0.10584595
CC_E1ECAE226485,0.2373234
CC_E1F0C5076481,0.08062583
CC_E1F78CE289D8,0.05547018
CC_E1FBCECE0A54,0.2098716
CC_E1FD46CA26D5,0.08874462
CC_E20E7C7164A6,0.77264977
CC_E211E2698C14,0.03636207
CC_E21B4F587C45,0.15085469
CC_E22A278A1386,0.056999415
CC_E24078C03B7C,0.15229255
CC_E2452737F950,0.12096079
CC_E246119AA09C,0.63957715
CC_E246942C7310,0.0761542
CC_E2474A334F3D,0.0895492
CC_E2489637D0E8,0.16137871
CC_E2521AF9C2A2,0.082840435
CC_E253F4AC4762,0.58858496
CC_E257805D0F0A,0.20600775
CC_E25A924EDB70,0.088310346
CC_E25B5D5502AD,0.0983868
CC_E2619E24BEDD,0.65987766
CC_E274DAF3C064,0.07687642
CC_E2787CBDFBF1,0.15114947
CC_E28AE2E68BB7,0.72287524
CC_E2C3E272D059,0.2484508
CC_E2D653061523,0.4408279
CC_E2ECDC7D23EE,0.14106153
CC_E2F0E725C3AB,0.055080228
CC_E2F7712CD056,0.20203896
CC_E2FD7FCF0AD5,0.79374343
CC_E308C7DFB2F2,0.12584369
CC_E30B791D5F11,0.19752428
CC_E315F7A94400,0.35616678
CC_E31DAB1E73F5,0.05965793
CC_E32034C97E83,0.24499884
CC_E32DBED5EAC1,0.2557338
CC_E32DDDDEE3CB,0.20189396
CC_E343EC3EB052,0.65199435
CC_E34A04E78D60,0.20294562
CC_E3503B565AD0,0.25793463
CC_E356B05ADD56,0.20483334
CC_E35D02BE6780,0.03181245
CC_E369AAECB2B1,0.4872008
CC_E36ACDB4F96F,0.48616973
CC_E36C7F0E1657,0.8311262
CC_E381FD4674D5,0.038081307
CC_E38E3835121E,0.051381886
CC_E3A70438A0C1,0.259056
CC_E3B5C76189F3,0.22565898
CC_E3B7B7E57889,0.17174204
CC_E3CCC0D886D9,0.16495034
CC_E3DD8AD10171,0.29554853
CC_E3E230CF20A1,0.20031825
CC_E3E4B2543CCB,0.060054563
CC_E3E5DF01E014,0.16748326
CC_E3EB157288A2,0.08935927
CC_E3FBDA203EDF,0.17817143
CC_E404FCA6CB2B,0.6986701
CC_E4054F9C8442,0.31055844
CC_E405D808772F,0.04608097
CC_E4137B250609,0.42421827
CC_E41482A7E968,0.070808284
CC_E421FA1874F4,0.09823625
CC_E42C38BBBD04,0.20759228
CC_E42D90BFB285,0.047111917
CC_E42EFC05C891,0.060978763
CC_E430F3C75969,0.13701311
CC_E4576D6B6478,0.09129833
CC_E46B27A13728,0.40496215
CC_E4783FB590D4,0.1807825
CC_E489009C6500,0.17810452
CC_E493CB46177D,0.091767475
CC_E496AFA9B40A,0.31192034
CC_E4A2FFE0EE1F,0.11364432
CC_E4C553538385,0.31597272
CC_E4C7B5501ED1,0.13429032
CC_E4C8A5A60F51,0.1369754
CC_E4C94AB69214,0.3661459
CC_E4D75244E8B8,0.18411453
CC_E4D9A8EEDBAE,0.20606785
CC_E4DF787730AA,0.15050647
CC_E4E0DC070132,0.17370412
CC_E4E3C08B7F86,0.04666069
CC_E4FEEB4389C9,0.30107483
CC_E50598344DD9,0.32992697
CC_E50C634A9A18,0.042187255
CC_E5107337FDD7,0.07243352
CC_E511BFCFEC9E,0.64982474
CC_E51318749E09,0.13997939
CC_E53FE6708AD9,0.61730856
CC_E54290FEA34D,0.09211041
CC_E54B723C018B,0.047383238
CC_E554618F383B,0.10095123
CC_E557336955A2,0.11472559
CC_E55B48E73651,0.22530217
CC_E55D8DC645B9,0.056434773
CC_E575DA02C575,0.20231192
CC_E576BD98A727,0.16048555
CC_E578DC77656B,0.12504825
CC_E57F3EAFD9A3,0.12854524
CC_E59A01603B7D,0.27602574
CC_E59B2D974CB3,0.20243585
CC_E5A1C44F0F07,0.6387439
CC_E5A8BDF6BFC1,0.17640713
CC_E5B284DA0E5D,0.09096722
CC_E5B8363BB378,0.56932575
CC_E5D8BFFA5F88,0.059336096
CC_E5DA04902EFD,0.2611472
CC_E5F53CFC20EC,0.07370161
CC_E5FAECE63C59,0.47808284
CC_E5FB6E872C58,0.09731004
CC_E6045565E7ED,0.08518471
CC_E60845ADC7F1,0.045892674
CC_E61567D6B392,0.0926546
CC_E62174AFA94C,0.18631151
CC_E6247DD14641,0.07939668
CC_E6289A61F0ED,0.1035198
CC_E62E32FB6FBB,0.034085892
CC_E62F6BE942DC,0.22442266
CC_E63E49B128AE,0.08527832
CC_E63F89885A3E,0.78406334
CC_E6466E6A92CB,0.2136006
CC_E64BC95F8B2A,0.82819635
CC_E64C652BBAB2,0.070321366
CC_E659DB355476,0.2184982
CC_E65C8BA5A7CE,0.06709357
CC_E65F39446752,0.34842616
CC_E67395791589,0.19671455
CC_E67622A69EEF,0.082258865
CC_E680830CAEF3,0.06094206
CC_E6823643AC4C,0.6741858
CC_E683F33931BB,0.118247464
CC_E68841DEB163,0.084823824
CC_E68B2C33D180,0.1261542
CC_E68EE6EC2618,0.051320393
CC_E69508D3D3F1,0.1703604
CC_E698F1348426,0.21519873
CC_E6A178F3709D,0.1185894
CC_E6A4B6E8619C,0.6424311
CC_E6B3887C66BB,0.31765455
CC_E6B6BBBDBEDB,0.32429856
CC_E6DBD0F9DC3B,0.056781895
CC_E6F090F70DDD,0.2522307
CC_E6F2D8CB45C6,0.08331935
CC_E6F8FBEDA2A7,0.06600932
CC_E70854CDFE9C,0.065124996
CC_E71C05F07F85,0.06585957
CC_E72797CABC60,0.100585245
CC_E727C1153226,0.097148106
CC_E73489D828C7,0.13764387
CC_E7355465CE6A,0.07808279
CC_E73CDBC743FF,0.2263741
CC_E74F00E75A4F,0.06227367
CC_E751F7E19192,0.14333473
CC_E7522AD6431A,0.5601728
CC_E7523630D2D9,0.28645548
CC_E767372DD95A,0.6321025
CC_E76C5DFD3BA6,0.23386014
CC_E77326438575,0.19466971
CC_E77E29E11EB1,0.15377703
CC_E78F20B3223F,0.70154256
CC_E79A23E64518,0.09889618
CC_E7AC69AEA182,0.6929349
CC_E7B754CA9668,0.05709641
CC_E7BA60365AE8,0.15320861
CC_E7C95D4A741C,0.06725074
CC_E7D3D728EC5B,0.14340957
CC_E7E4D5F851D3,0.06433648
CC_E7EA49D37B64,0.37308252
CC_E7EF11A24F73,0.7688015
CC_E7F6F9A7EC65,0.08267821
CC_E7FBC7F69DBB,0.19299833
CC_E80B1A55A74D,0.17203996
CC_E824AB0AFDBB,0.20969625
CC_E826DAC92D9D,0.22063813
CC_E83AB7100D06,0.1443125
CC_E83E6D31EC76,0.24140611
CC_E86650461FBE,0.17594132
CC_E868A3754B11,0.8358227
CC_E86A993F7D05,0.09286685
CC_E87992FBEE80,0.68373615
CC_E87B909C4DDD,0.22183256
CC_E8828BA7EE08,0.14297137
CC_E886157F6FBD,0.32284766
CC_E88711C5C98E,0.11149798
CC_E887680BB6CC,0.17374282
CC_E8909BF77D8D,0.11337896
CC_E8A82DA3A246,0.14111698
CC_E8AC7545DBD3,0.07278285
CC_E8BA6B224C3E,0.10194552
CC_E8C6CA45BF72,0.21620572
CC_E8D2E3126A8F,0.66766244
CC_E8E55DAC4FF9,0.06055399
CC_E8EB77AF3F78,0.77151126
CC_E8F2C6905503,0.38417983
CC_E90831F897A9,0.16392213
CC_E90B14D51185,0.558534
CC_E9188329C9E7,0.07723682
CC_E91E1C0C0C61,0.60700643
CC_E91E9D34C5F3,0.13314
CC_E91F555DBA96,0.15325621
CC_E932CFF4B4A4,0.19769543
CC_E93643CB34CA,0.18848987
CC_E937CA493910,0.1618183
CC_E9409A50B4BF,0.5410767
CC_E96711AD5512,0.053086482
CC_E96A3E6912B4,0.49368533
CC_E98AEE74B9BC,0.2349071
CC_E992FB78BC2D,0.26031083
CC_E9A3AECEE3A9,0.0852689
CC_E9BDA7766728,0.35196394
CC_E9BF1AFE86C3,0.18576427
CC_E9CA055AD1A3,0.12332946
CC_E9CA0A56E917,0.17628947
CC_E9D3453F53AC,0.5942634
CC_E9D46EFFA839,0.20001042
CC_E9ED872B6037,0.04248762
CC_E9F40C1B559E,0.11264632
CC_EA06928C0AA9,0.27160412
CC_EA0A46F64C80,0.12638505
CC_EA114B15FC04,0.56374377
CC_EA1F3F67BA2E,0.09978053
CC_EA21618614D1,0.6553891
CC_EA26B5A89181,0.23199482
CC_EA26C6C27662,0.14365399
CC_EA3B5AC76649,0.1915789
CC_EA4E669C8528,0.0860681
CC_EA6917E7A5C2,0.67830855
CC_EA8A25862433,0.14605844
CC_EA901D7CA670,0.15854912
CC_EAA2BCE323EE,0.6991725
CC_EAA6D5189190,0.12370826
CC_EAAA8DD7FAAF,0.14664403
CC_EAB7408CCE0E,0.29840082
CC_EABEDB3C4827,0.14887968
CC_EAC6D83D1BFC,0.046176605
CC_EAD7F3E9DAD1,0.059693784
CC_EADC7D8196C2,0.22895154
CC_EAE608E24E29,0.041172553
CC_EB05AD2C7C27,0.04593981
CC_EB1DA337E2D1,0.12905486
CC_EB1F425EC937,0.1250961
CC_EB2FE764BF6D,0.12585327
CC_EB55483587DE,0.13473536
CC_EB569B3E2E12,0.56512403
CC_EB57E6E6C96C,0.19670191
CC_EB5A0FE0605C,0.10852067
CC_EB64EC97D01D,0.14896932
CC_EB691249B91A,0.15806592
CC_EB7C50A7D4C1,0.5115179
CC_EB7C52FDBEC3,0.15303105
CC_EB86FED24535,0.27514955
CC_EB89DECC2021,0.09561378
CC_EB999F9D6095,0.20101175
CC_EBA2F85924CE,0.06475215
CC_EBAC5A53FD11,0.08946284
CC_EBB109EF7619,0.13818137
CC_EBBD00C18763,0.078743614
CC_EBCA68C7854D,0.060240306
CC_EBCBDE122879,0.13771227
CC_EBDF6C88BBA5,0.054678343
CC_EBEDAC91ED43,0.089347966
CC_EBEEC4183FDE,0.049884174
CC_EBFD9D007253,0.42865738
CC_EC1ABC58E09A,0.17014027
CC_EC26EABA68DC,0.7747029
CC_EC2A485A3E71,0.1494745
CC_EC3B9E2FE47B,0.06746136
CC_EC505F03EE5F,0.03638178
CC_EC5317EC6706,0.15471366
CC_EC5B7FBD1EA7,0.1484812
CC_EC5C7471FFC5,0.053714186
CC_EC5D92B3617B,0.24667554
CC_EC5E214BFED0,0.6474456
CC_EC6406527201,0.108101174
CC_EC79022358C6,0.3092853
CC_EC831A90189F,0.08609119
CC_EC87C131FADC,0.05823381
CC_EC88785D6F39,0.16934839
CC_EC9173F5284E,0.04641038
CC_ECB7B3B6272E,0.064980686
CC_ECBF4CED56D1,0.11228232
CC_ECBF80B94EAE,0.7900982
CC_ECC78B7AE3F1,0.54070204
CC_ECC7E9E691F5,0.17313468
CC_ECC9235F612E,0.26557603
CC_ECCB0BD557DC,0.16074283
CC_ECCCB1B4EA8F,0.0873617
CC_ECDDF4983DD9,0.050514888
CC_ECEE93C4F564,0.48706794
CC_ED07BD8B2CB3,0.051281374
CC_ED0F4A02A01C,0.30486423
CC_ED11D72A1D3B,0.063759536
CC_ED165FC5A06F,0.05246123
CC_ED2B6A40ABC7,0.28882498
CC_ED390F22A931,0.0841182
CC_ED40E7CE5177,0.21285355
CC_ED4E4B13DB1A,0.03959077
CC_ED4F22572419,0.1347462
CC_ED5AE5CB1DC5,0.098702386
CC_ED6090A4E6E4,0.19750842
CC_ED645D91E6A5,0.11904578
CC_ED6B045B6075,0.13920265
CC_ED9313C71C57,0.14274672
CC_ED9BCE7C776F,0.7752665
CC_ED9D4644716C,0.18490842
CC_EDA794402358,0.22712767
CC_EDAADACD4DED,0.120649874
CC_EDBAD2E989FB,0.120761
CC_EDC98B474E76,0.3220431
CC_EDD1FD49A66A,0.76776624
CC_EDD448008C0C,0.6487709
CC_EDDA3B790095,0.07557688
CC_EDF95BF0E3D6,0.19703004
CC_EE03D7C2BC69,0.0703436
CC_EE0D95184E81,0.058686126
CC_EE0FF690C214,0.448258
CC_EE2412C352D5,0.068636335
CC_EE2A010019CF,0.07918814
CC_EE2AC730827E,0.0669653
CC_EE3236E6A9FD,0.13114265
CC_EE3759EA49FF,0.16333865
CC_EE38C78AD88B,0.3379673
CC_EE3CE0FD6B77,0.5922426
CC_EE6B7E58FC63,0.04426419
CC_EE6E02464067,0.2273099
CC_EE6E1FA7A753,0.15456197
CC_EE6FCE6C233A,0.18310905
CC_EE88C07B9333,0.112311244
CC_EE9004165810,0.06978473
CC_EE9BD17AD343,0.059791517
CC_EEA608D5A455,0.15023413
CC_EEAFDB1BB486,0.5680534
CC_EEB482736C41,0.18096547
CC_EEBD9DA093E1,0.051086795
CC_EEF23DDD2262,0.1250419
CC_EEFBDC9AD94A,0.07302721
CC_EF05000895F4,0.47928372
CC_EF16B2CE0988,0.391599
CC_EF1DD3F0CBDF,0.058395423
CC_EF2D82085BB9,0.08590098
CC_EF2DBE79D656,0.2538069
CC_EF3000C48A4C,0.06969057
CC_EF359AF608EA,0.042440016
CC_EF362432D758,0.3173563
CC_EF548B30F1B6,0.23551078
CC_EF5B403DFD7E,0.09421812
CC_EF66DA0DDF9C,0.26530647
CC_EF70BA4AEEC4,0.16032709
CC_EF83DD56FCC5,0.063808456
CC_EF8B642A6F8D,0.07722845
CC_EFA1EB27DA19,0.04082911
CC_EFAE84EA9BDE,0.09688024
CC_EFB26BEA106E,0.33820805
CC_EFBB51CD8502,0.20056815
CC_EFC18E9B3B55,0.13217288
CC_EFC4B0020E2D,0.107215725
CC_EFC9FA5108D9,0.12375007
CC_EFE45D9B9D9C,0.04879587
CC_EFF27FA98DF1,0.058475494
CC_F000DA497736,0.23785715
CC_F00107DE219E,0.5966884
CC_F009FC54A64B,0.78238016
CC_F01DF28C6BFF,0.08096105
CC_F037C91F63BF,0.12498029
CC_F03FADA95A03,0.715593
CC_F05235F3C894,0.14608952
CC_F0649FEBFEB8,0.51097393
CC_F066C78B5C0D,0.13386902
CC_F07313626618,0.65815574
CC_F0783F6A56F5,0.79266495
CC_F0791523691A,0.13638079
CC_F080750455CE,0.057241797
CC_F0809EBB0B51,0.036809087
CC_F08259F86E23,0.18644378
CC_F0929F859702,0.17903754
CC_F0A7203CCA39,0.12558118
CC_F0CD4DD9C63C,0.19249102
CC_F0D29AD328E5,0.16800919
CC_F0D339E5B80C,0.059314154
CC_F0D3BC14FA77,0.07983401
CC_F0E16D28D49D,0.17741339
CC_F0EBE2C00A7B,0.07077955
CC_F0F137758DC2,0.056755103
CC_F0F6BD40CA43,0.3525927
CC_F0F6FCF6010F,0.16519988
CC_F0FBC9D4ECA1,0.037092302
CC_F0FEE924096C,0.20898418
CC_F1074E035DE6,0.0523125
CC_F108D26930FF,0.37355357
CC_F10DB853B9DF,0.40059885
CC_F10E06D52D76,0.1387203
CC_F11F5F477B91,0.69385654
CC_F14913B5BE1B,0.72768474
CC_F156C1647E3D,0.07392855
CC_F1598097E314,0.6654357
CC_F1641E3AAB3C,0.0526195
CC_F166878FB959,0.062392987
CC_F17540FE7C9F,0.11725092
CC_F175BB08B29E,0.05843879
CC_F1782AF286D0,0.39133525
CC_F1796AD4B774,0.52285856
CC_F17B3A3A5E56,0.6317132
CC_F1858D6F0080,0.20550287
CC_F18689FA8E29,0.07644564
CC_F18A82B0F153,0.15260597
CC_F1AE7142A128,0.114964485
CC_F1B43DD57C9C,0.11727619
CC_F1BCB7676492,0.08198391
CC_F1C8B8BB90AE,0.14795358
CC_F1E044CD2D75,0.23856226
CC_F1FCB96B5E14,0.23851708
CC_F2067E92A939,0.13059142
CC_F21512554CC9,0.07575001
CC_F243956B7575,0.08715288
CC_F24FBC9FD3F7,0.35019356
CC_F252EB3F208B,0.06946774
CC_F25D793346CA,0.36253425
CC_F25EB1ED5AD9,0.055782903
CC_F265A0AE845F,0.60706204
CC_F274BB4AEBE0,0.097102225
CC_F28BF2185131,0.11322655
CC_F29077E45AF0,0.17879546
CC_F2988560CAB8,0.35906452
CC_F2993AB36C56,0.08318024
CC_F29D6C65779E,0.05304104
CC_F2D2BADD0000,0.069360286
CC_F2E4AEB73D57,0.14651908
CC_F2E630BAF431,0.050186884
CC_F2EFCB40AE74,0.15598269
CC_F2F085891915,0.71233195
CC_F3030E2C80A0,0.19130293
CC_F3044C7C16BB,0.054768085
CC_F30B21CB4603,0.09910492
CC_F3140FCE870A,0.084638
CC_F32A84B321FC,0.18028736
CC_F339FF584607,0.28041688
CC_F33CEE0F6DBE,0.46542764
CC_F33DAF3E9CF0,0.13532405
CC_F34EC3FF202F,0.08025969
CC_F35A6C383B39,0.20151488
CC_F360E0FF27CA,0.08265169
CC_F36B7AEC0086,0.105493784
CC_F370665BECB8,0.5645298
CC_F373A60E53E8,0.037528515
CC_F373BDAE18B2,0.07840848
CC_F3745BC63340,0.061634533
CC_F37DC9169301,0.19414112
CC_F394E57C5243,0.2259272
CC_F39E98FD418D,0.09314163
CC_F39F51452381,0.04909556
CC_F3A52465664E,0.06326714
CC_F3A8CF761A0F,0.21185029
CC_F3BF1709E29A,0.3842347
CC_F3BF72C29211,0.06159284
CC_F3CF35465CF1,0.05262649
CC_F3E2186DBD4F,0.29728517
CC_F3F0F9B9B56E,0.17435412
CC_F3F185395BE1,0.13077803
CC_F3F68E6599E7,0.07420659
CC_F3F7763C9DFE,0.18143353
CC_F3FFF13592CE,0.06538818
CC_F410C3CE89E1,0.17442718
CC_F410C8B811FE,0.061179675
CC_F4132072D78E,0.13176012
CC_F4157B8E5B32,0.5527115
CC_F41CF067E828,0.116178475
CC_F41DC456E539,0.039856758
CC_F41EEF55A0EC,0.04802487
CC_F426B5C1F07D,0.33603176
CC_F437875F9000,0.22404727
CC_F43C961F8A30,0.12871389
CC_F43D9BF23472,0.06959011
CC_F444BE033109,0.12907809
CC_F4481124F17A,0.14413261
CC_F44EAAF80F70,0.11389081
CC_F4521F6D3492,0.5371944
CC_F46BD9AB1B68,0.12858361
CC_F4763AA0B824,0.49767286
CC_F47976F33E20,0.21741578
CC_F47E588D4470,0.2054712
CC_F4A2777912C2,0.11441364
CC_F4A6C2B23685,0.055523824
CC_F4B3EAEEEA8B,0.039522447
CC_F4C6CD1E720C,0.070468046
CC_F4D05DA98C83,0.056120962
CC_F4D15889CDE0,0.1418648
CC_F4DEC1E6173D,0.04217455
CC_F4EFAD6AF8BD,0.24802037
CC_F4F7835A1FA2,0.20475426
CC_F500597795FB,0.11999011
CC_F5197FA9580F,0.68734896
CC_F5240F59146F,0.0859222
CC_F534A0B87C3B,0.17184865
CC_F536972BFE98,0.1256608
CC_F54FDFE5A5C8,0.08699435
CC_F55727F65F86,0.19493854
CC_F558EBDCDD6D,0.12752792
CC_F56D569AC51F,0.10327785
CC_F5714D180EE1,0.09897634
CC_F576ED9554AD,0.44701394
CC_F57C2559358E,0.18062493
CC_F5AA72FC0972,0.09625359
CC_F5AE7DEA2B48,0.06791133
CC_F5C6A5E9D495,0.18287216
CC_F5E0731F2181,0.25445777
CC_F5F4F3B03FE8,0.76420534
CC_F604D7B9CBD9,0.19049463
CC_F60F13391D61,0.17040619
CC_F618D72DF162,0.06995697
CC_F620B15ACC5D,0.07924067
CC_F62D426D6614,0.121298894
CC_F634999D5C1D,0.034533523
CC_F636E5BAEE47,0.13612303
CC_F6461B692240,0.7259645
CC_F65BAD63AED0,0.27016306
CC_F65DD2AC57E8,0.28947386
CC_F66C6577674C,0.05652439
CC_F670896FE959,0.20162055
CC_F67376F272EA,0.70390826
CC_F67FFE9E884E,0.1953719
CC_F683C99F06C1,0.13382682
CC_F68523E2CE7A,0.7141557
CC_F68E62F9AA0F,0.04001944
CC_F69604E05962,0.09472593
CC_F6B8913740B3,0.10385839
CC_F6BB4952DD35,0.2915196
CC_F6C0B7AC57B5,0.5779747
CC_F6D2B06E6E8B,0.58036286
CC_F6EB30A84C9F,0.28990358
CC_F70345A4792A,0.107882544
CC_F7068C1F77B3,0.28872433
CC_F70B0EA8C0E7,0.05783817
CC_F71CC97FCE83,0.09016429
CC_F722224A84F4,0.6834403
CC_F72D1046063A,0.29578876
CC_F72DAB32A281,0.058025293
CC_F733AA5C0ED9,0.06965412
CC_F74043C1BBEB,0.057079554
CC_F74A31E36137,0.060936343
CC_F756B167634F,0.18137786
CC_F75CBE8E1B92,0.43853146
CC_F761F7EEAD39,0.118021235
CC_F79303D62FCD,0.06666418
CC_F795134B52E6,0.6458785
CC_F79533E83ECA,0.07376098
CC_F79F9A7ED432,0.73561203
CC_F7B2FC73E020,0.04509306
CC_F7CF24594B20,0.08537283
CC_F7D31937AA89,0.04536825
CC_F7EFD378035D,0.40087852
CC_F8014B1E00D6,0.04843044
CC_F80ADE95A7C8,0.06859464
CC_F82E58E476A9,0.09762092
CC_F82EB123CC19,0.24879983
CC_F83088660331,0.096827015
CC_F83C6DF6A815,0.52981186
CC_F8620C4F7581,0.17321125
CC_F869F4DA5077,0.78061074
CC_F86B1C53EAF4,0.21680586
CC_F87B7F26FF51,0.23279443
CC_F8803D1C899B,0.06867855
CC_F892E51AC9DD,0.055999238
CC_F89C185743F0,0.10312767
CC_F8A4D45C3769,0.07132293
CC_F8AD68EA5A16,0.21961269
CC_F8B4DBD0CE8A,0.37263387
CC_F8F3E551F166,0.29080912
CC_F8F9FE2C9B65,0.29267874
CC_F912A50D0DD1,0.16567437
CC_F91B7C2B1AFD,0.088851616
CC_F925251D4BF0,0.3852113
CC_F925ADD60E7B,0.044625618
CC_F9282C144479,0.055882484
CC_F92EE3287CC8,0.08965788
CC_F93332608FE1,0.14218971
CC_F94070DE3B81,0.055160545
CC_F94C81428D20,0.1771299
CC_F95DFFDA9B12,0.44315806
CC_F96A53B02447,0.5889157
CC_F96A965CDCB0,0.62601686
CC_F9721FEDBE9E,0.2237155
CC_F97C3E145882,0.28788894
CC_F97C64C64052,0.07390912
CC_F98660A07E6A,0.7896046
CC_F98BA4B13724,0.084291026
CC_F9A3F3A76B1A,0.11929597
CC_F9A8E2B3A703,0.13983352
CC_F9B3E7E7F2A9,0.44084606
CC_F9D7D0B1E4A8,0.70667267
CC_F9EDA4EDDD44,0.05158683
CC_F9F2176B12FE,0.043750223
CC_F9F90E76CA5B,0.110332236
CC_FA0157249C01,0.10904006
CC_FA169BCA835F,0.09229746
CC_FA19B61BCABB,0.14635953
CC_FA1DD203C293,0.26925644
CC_FA2E30269BC1,0.19696918
CC_FA304CE8E045,0.19601622
CC_FA310759A257,0.631956
CC_FA32397E7B8C,0.07478382
CC_FA33D97B84D4,0.1027379
CC_FA38991B9434,0.039074987
CC_FA4079FFF1E5,0.26467165
CC_FA716665CD8F,0.09199606
CC_FA770268B207,0.14404224
CC_FA7A2F59245B,0.4444925
CC_FA8205104EBF,0.13939261
CC_FA8370AF8740,0.05120487
CC_FA858F1025FF,0.11521013
CC_FA86320CF6B0,0.054398127
CC_FA8B341CD3EA,0.17497492
CC_FA9057AAF95B,0.11079069
CC_FA97314C666C,0.051757544
CC_FA974C1D91AD,0.37574464
CC_FAA0E5BC9F44,0.69003695
CC_FAA2694D8578,0.28466868
CC_FAAFFC74BC35,0.6841055
CC_FABA6DCF8E45,0.044408068
CC_FABC53294AC1,0.14575128
CC_FAC52B8E66DA,0.089255214
CC_FAD284D8DAC8,0.83544004
CC_FAE70CA5999C,0.11582957
CC_FAF1CCB40132,0.075448096
CC_FAF93D8B3B59,0.0891913
CC_FB09E5481B64,0.076247476
CC_FB150A1F7C3B,0.1348283
CC_FB1808471515,0.37410194
CC_FB296D823CF6,0.0694008
CC_FB301E1FA7FF,0.039352212
CC_FB33C958A19E,0.3895391
CC_FB40D63FC3D3,0.1924067
CC_FB45A1837AD7,0.08959322
CC_FB45B79CED15,0.10180123
CC_FB52260232E3,0.05679682
CC_FB6A0A7B8813,0.27011776
CC_FB6ED10D82D2,0.08948518
CC_FB78DE84AF05,0.04140837
CC_FB8DF8F93E7F,0.15785
CC_FB8F89048B89,0.07891282
CC_FB9C3E77A49E,0.14734562
CC_FBA40CEAEA18,0.095440835
CC_FBA998938FE5,0.17097926
CC_FBADBAFCD1B3,0.2656728
CC_FBCB85E21ADD,0.16125391
CC_FBCD00EE4402,0.14494458
CC_FBD40DFBA5D5,0.24505
CC_FBDECF3DACAE,0.22186387
CC_FBE4E2F652EB,0.27079254
CC_FBEA9510C687,0.17676884
CC_FBED1E2E1CC0,0.12513667
CC_FBF54E48EB13,0.061395694
CC_FC1E279EF320,0.05888713
CC_FC2E1D460089,0.1005656
CC_FC31CBD20CDF,0.15091714
CC_FC41D8134A1C,0.09600056
CC_FC44D7EF257E,0.06071086
CC_FC4A649BDD07,0.23564652
CC_FC51BCDBB6B2,0.12330518
CC_FC57B6E79AAC,0.20178321
CC_FC6AA879D9CF,0.1519244
CC_FC7A926F3A64,0.679258
CC_FC83CB9C71CD,0.040503766
CC_FC9E6D511294,0.15190737
CC_FCA657E69930,0.37798184
CC_FCB451237214,0.78021157
CC_FCC7E51DF812,0.5451932
CC_FCD42ECC012B,0.056371026
CC_FCE8FAEAAEF1,0.11092852
CC_FCFAE9BE2522,0.46992487
CC_FCFDB5DFE5D4,0.09915458
CC_FD24FC7961A5,0.07878902
CC_FD2793DCB5EF,0.12412695
CC_FD2EEF724088,0.11982989
CC_FD3205367675,0.08470032
CC_FD3A21CDCA7C,0.10672305
CC_FD3C4C2FB68C,0.13004972
CC_FD41687DC1A0,0.15989761
CC_FD44B4E31EFE,0.083701566
CC_FD5721556AB7,0.07391758
CC_FD643C174587,0.3451942
CC_FD6BFA30DD9E,0.27444068
CC_FD7C9DD7F11B,0.13310787
CC_FD7F2D90CF8C,0.06702512
CC_FD8C4F601909,0.059999812
CC_FD90B45AA24E,0.08585675
CC_FD95457772AB,0.054394614
CC_FD9D9B58DB1A,0.20844014
CC_FDA918AEB5D6,0.627346
CC_FDD4C2065540,0.3378747
CC_FDE57A2C5156,0.25230783
CC_FDE9920975F6,0.2447885
CC_FDEC856F9C6D,0.055945076
CC_FDEED2AA92A3,0.42699367
CC_FDF5607ECC1B,0.048390172
CC_FDFED3D7E70E,0.13683558
CC_FE0324F99784,0.09163509
CC_FE0A18D6570D,0.04781634
CC_FE0DACAC84BC,0.24685392
CC_FE16586C9FAB,0.26303166
CC_FE16FBC86237,0.16757897
CC_FE1C808C4515,0.079863064
CC_FE1E64201B9F,0.10109081
CC_FE33D60E29EB,0.040403493
CC_FE3ACE674BEA,0.15030472
CC_FE468E9AA9D9,0.03360024
CC_FE5AA923C220,0.1515032
CC_FE6C777DDC19,0.060441732
CC_FE6DD8C8EC90,0.25381044
CC_FE7A84AAA8F7,0.11372147
CC_FE7DB6B410A4,0.1298345
CC_FE8691B1F3D9,0.088816844
CC_FE874279A94B,0.08777048
CC_FEA61499305D,0.17603317
CC_FEC22B334AC5,0.14818606
CC_FF045F9508F2,0.21400848
CC_FF0EFF711598,0.27745467
CC_FF12F53D5676,0.044074997
CC_FF13D426EC1C,0.1705932
CC_FF16A7C8600F,0.1783131
CC_FF2236DC115C,0.4592045
CC_FF2725428B6F,0.084152184
CC_FF3176D91690,0.13558945
CC_FF393D295D66,0.047740143
CC_FF4598202C5F,0.6357031
CC_FF463A4B3D04,0.25918856
CC_FF4703F7664E,0.06183101
CC_FF86EC3C0851,0.4852872
CC_FF8A580DD831,0.16537789
CC_FF8BD8697ADE,0.12100227
CC_FFA681A2054A,0.045103256
CC_FFB6B2D2BB2A,0.37187108
CC_FFBFA27643F8,0.1591605
CC_FFC81CC80F9D,0.13637702
CC_FFCC9C0763D4,0.11889635
CC_FFD4E33DC920,0.5111724
CC_FFDE11143038,0.08146641
CC_FFEF28047C4F,0.37488493
