client_id,default_probability
CC_0012A082B7B7,0.13597436068664775
CC_0012BC27DFB6,0.13592667052662524
CC_001563B2143D,0.08679486252918675
CC_001B46930B6F,0.0965217796358021
CC_001D771E1C9F,0.04561792812530297
CC_0028BD91E759,0.10108330142571664
CC_0029971D7EF4,0.184372692147154
CC_002B8C00B239,0.05253446948671743
CC_0035DFA86185,0.7386549294420579
CC_0042D11A6D0F,0.05056555150858386
CC_004D21A4ABB6,0.11271943019225061
CC_004EE05FC2EF,0.5151257122606593
CC_0050E546EDCE,0.6756847771833425
CC_005D7F31F785,0.06683425481564552
CC_0079996ED779,0.2177648060700343
CC_0082B4E1D9CE,0.05484920923931661
CC_00B01C73CEB8,0.16585522311432832
CC_00B74FFEEA53,0.1960840564019124
CC_00BF6791C18C,0.07165672960280352
CC_00C5E30B288C,0.3325371694185283
CC_00C68CE1CC12,0.36581442286511867
CC_00CC4148959F,0.18473842049328867
CC_00D428772D30,0.32139057252448866
CC_00D5806C7783,0.09134111303700759
CC_00D5C677C2AE,0.4773781839645675
CC_00DA781C4D66,0.06910720060328326
CC_00E7E2D6B548,0.1875476139376691
CC_012BC0A68DC1,0.056285296860842896
CC_014911033882,0.15980037892644305
CC_014F7EF4E595,0.6379784932709035
CC_016501B25F2B,0.04963719093020558
CC_016767D9B049,0.04946530679030316
CC_017598512EA2,0.12313277819636632
CC_01941532C804,0.1963984285540081
CC_01A66C6E22FF,0.778242035968986
CC_01A684355200,0.208439801196882
CC_01AC62740827,0.1225006645367916
CC_01B0EFE5DB79,0.1950635624924513
CC_01B876B2988F,0.19261188549345007
CC_01CBB64C1DB1,0.37926207028100795
CC_01DBD993A1FC,0.06482562677711792
CC_01DC49D55C2D,0.04503923517049266
CC_01EF18A3ADBC,0.5221936209725632
CC_020252D37557,0.18802338870378565
CC_020BCDBCA8CA,0.33986966531763785
CC_021A6DD97ED4,0.16340862304566536
CC_022054506F33,0.07223918976237212
CC_0225D6231EAA,0.06583215944051288
CC_024B524B0176,0.03493150565468565
CC_0256303A6DC0,0.25257141364769514
CC_02589E6E4714,0.059995272723257706
CC_025927626E10,0.7191346563295956
CC_0283023DB294,0.04095140754325312
CC_02903C6FC0C0,0.19776813246211047
CC_0296E572CF21,0.052516380419327144
CC_02999E509460,0.6183514185083151
CC_029E835D91BB,0.0719561664697894
CC_02A32EC3526B,0.11221691174005415
CC_02A393632CD3,0.26600407923581854
CC_02A3E21B28BC,0.7578424813277715
CC_02A4B4644529,0.10348305403787683
CC_02B43865B30E,0.06427258030478078
CC_02B5A1A178A2,0.19424124608988588
CC_02BC4785773C,0.2308375616947868
CC_02BEDD9627DD,0.7307558269386639
CC_02CD2C1EFBB0,0.12141573346135626
CC_02D4430492D3,0.33354493533595064
CC_02F79A06858B,0.10632167033410021
CC_02FA254C9D43,0.048721674752177174
CC_03062402B4EE,0.05872978811259455
CC_03072CF2EC63,0.350923256637033
CC_0315369B079D,0.09185680642511382
CC_03199242A810,0.18736113393883377
CC_03214BA76DB4,0.20383023002268771
CC_032735A44CC6,0.06535424197811367
CC_0330340F2FE5,0.17702596071215065
CC_033236FAAFDB,0.17946929385554133
CC_0337298F948C,0.06620863410366963
CC_0341CAE5E2E8,0.18120602129409472
CC_03434E2371CD,0.3611934385926208
CC_03547AAB948A,0.21985735891394156
CC_0354D0453D8E,0.0993557790614721
CC_03592E51F427,0.7568376262994915
CC_0365DEB525A3,0.08953805834350712
CC_036782052BC9,0.34816800869007164
CC_036977A50F1A,0.14264723758249415
CC_03720D08B8C2,0.25049622061411003
CC_038AE599BCA8,0.26577006732513286
CC_039E67CDFE1E,0.31201195877991716
CC_03AC962FC717,0.17450695297038718
CC_03B00DFA3A85,0.7966141619137969
CC_03BC6380E968,0.5156470231545613
CC_03BC730E0B02,0.028956724711465497
CC_03BD4F22DA3D,0.12053834786268344
CC_03C7E1EF6F69,0.790075612808877
CC_03C9FA383477,0.09908907130426449
CC_03D1AAE90CA6,0.05783290038775111
CC_03DBB9598F39,0.14555556194076483
CC_03F18B43797C,0.11333093341377402
CC_03F80118E46D,0.05705649155256249
CC_0405E0151A6D,0.1929452436774717
CC_041FEE6C805E,0.3744139840769554
CC_042F88EE269B,0.18839232917355153
CC_043D98ED7F98,0.13718687956482356
CC_044C3537B769,0.16023153521517244
CC_045932C46685,0.15764766006258157
CC_04629624AA8D,0.2190570492545082
CC_04690B4A6AF1,0.26704654532002436
CC_046CF40369FB,0.10902912481778697
CC_046D6EC816AB,0.431409946960856
CC_0475CD95EDC9,0.10457376857115931
CC_04796F06B82B,0.13337362486076268
CC_04AC7C1CE736,0.35722616659438555
CC_04AEDD051B96,0.31647577427313767
CC_04B42AD0E01A,0.39372511529057264
CC_04BBD1DB360C,0.2982285557080409
CC_04C767FFDA0F,0.4086274414995663
CC_04C7B819B9B9,0.09865522073698085
CC_04D127A775DE,0.09502999705761668
CC_04D9ED00053F,0.060895861971772075
CC_04E0EFC4F548,0.2979249219439264
CC_04E6848903E8,0.03300568861060702
CC_04F69D03ECE1,0.26198915224025665
CC_04FA1CFA1DEB,0.2658012990406878
CC_04FA6842AC62,0.03536317428300355
CC_0502F3791166,0.32508315234827284
CC_050B514E15FD,0.1798516044721571
CC_051ADBD6D835,0.11426593247982421
CC_051B4644216C,0.06547086178326868
CC_051C0A644DD3,0.0251207965561717
CC_051CBF566856,0.04533400383946359
CC_051EEA9AE819,0.18819933470250827
CC_0520E27BE904,0.14415633135184658
CC_05224448D290,0.1349474837716749
CC_0525DE4744C0,0.0320727853424752
CC_052F5CD81EFE,0.1718348506437895
CC_05368FAD2E6D,0.06860678133977466
CC_053788B82006,0.10567091518942281
CC_05471A48C6F5,0.1975934751058753
CC_056DBA1A87BA,0.07513854227846951
CC_05901F3E7A0D,0.17755382299415615
CC_05906BC8ED3F,0.15906615845425454
CC_059D55E32C78,0.09115114667507651
CC_05A12EF84A86,0.4970530477088197
CC_05A42D035609,0.1809234541375477
CC_05AD75A5CE38,0.050912454907603606
CC_05BBD4B92613,0.48580776972355877
CC_05C8EF6500D7,0.8016606288205006
CC_05DDB7B07497,0.08258115324543988
CC_05ECAE6E0774,0.24243422040344145
CC_05F11F14DF9E,0.31647577427313767
CC_05FA9192590F,0.147414442243234
CC_05FD764FB154,0.7619059377217521
CC_0608DBB4DF03,0.2658203787034649
CC_06198383F6D4,0.10377069858946858
CC_06199EBE2B05,0.20199838144223964
CC_062A8881A331,0.06391214085436567
CC_062F74350907,0.04463091888878997
CC_0635AD30F004,0.7656021105487651
CC_0639F539946C,0.32621641522798306
CC_063DDB42CF5C,0.05958569441858176
CC_06405C00E240,0.2515607480151604
CC_064920FC9DAC,0.07133108673111342
CC_0650AB329174,0.8549691015728894
CC_066941B109B9,0.18108045780409185
CC_066AA16F5874,0.29973921961162314
CC_06732311FB8B,0.20910266155379809
CC_06780061F889,0.10956412482209392
CC_068A81B06B74,0.4482035886302357
CC_06A1C5FE269B,0.31324579465699043
CC_06AA7138DAF8,0.03599568393244447
CC_06C0DD0D066E,0.7465049515337577
CC_06C97CFBD476,0.12048342609134492
CC_06D15F523C05,0.20001150209465438
CC_06D35787AD65,0.0478862350162964
CC_06DA375201A2,0.08217081345627494
CC_06DB455FF19B,0.7133784597371318
CC_06F3674E7313,0.48973565138413366
CC_070232DF9996,0.1406479815517306
CC_07141FA77DBF,0.09322616376995263
CC_0715F11CC8CA,0.23539158935072815
CC_07168A9C843C,0.19335371019470673
CC_072AB9F855DD,0.05058046673070456
CC_07337AF6AC2A,0.12255119485216895
CC_07434E4E5C28,0.06523634573615981
CC_074381358A2C,0.036695401069957535
CC_074E7CA75E8A,0.2579621349505906
CC_075D0C618BAB,0.18613973788211974
CC_075D804F7851,0.09081723560751585
CC_0765961D818F,0.4021894695509562
CC_07698F10563E,0.054534318673984096
CC_0773B9BA9E18,0.31538902776575295
CC_0784ABDA7F8C,0.17627806283352704
CC_0790C9F9EC9C,0.06792368905562149
CC_07A996E6CA6C,0.20382763752046856
CC_07B588ED677A,0.1619273387154813
CC_07B730FD7F82,0.14481790739078299
CC_07BE6961D039,0.07609692560219967
CC_07D23A6BAF5C,0.1283629046122571
CC_07E08196A3DB,0.036919576149243676
CC_07E4850039B3,0.1224049516278791
CC_07FAAF8B2D23,0.06670619505102203
CC_07FB3FD9BE0B,0.1197586592670461
CC_080CB94A724F,0.34878635724955603
CC_0837C56711FE,0.10663600896544098
CC_084100A049EE,0.05128549555358441
CC_084113D0951B,0.2734407290884348
CC_0843DDCDD601,0.6723053178271199
CC_0846C14EAAFE,0.04946340370217096
CC_085091ADED2C,0.19428987855348126
CC_087943B4A5D2,0.14940354450023788
CC_08A97B98C405,0.177860486660064
CC_08AA321BC4AD,0.19737004985469714
CC_08AA44ECBDD5,0.059454826520772
CC_08AE2EE9D798,0.19871665237189723
CC_08B149462891,0.1615340468825201
CC_08C71A8D2D58,0.0494187248438756
CC_08D645F7B257,0.07162860493014041
CC_08D80BF0B273,0.05250419924383303
CC_08F52B1BE431,0.22154973791516813
CC_0903571AC7E7,0.14603486241895802
CC_090D528C09D0,0.4483652474567888
CC_09106BA6CFC9,0.10161906527309555
CC_0915905A5D48,0.057645245017571255
CC_0918F67CDF01,0.1661073185615849
CC_0925D0B6276C,0.1403721381379704
CC_092A2830E36A,0.7856225923664247
CC_0951489C8F79,0.040841689663649934
CC_0951FA4D5513,0.11705023032679136
CC_095C712064EA,0.09394003896308374
CC_0969AA7BEC71,0.07709638575934553
CC_0974840BED49,0.7392944452523632
CC_097BD371F652,0.08419978774866527
CC_097C8139DBD1,0.06496955362848511
CC_0981CA4DBCE0,0.02830962922061756
CC_09A5D2F129A4,0.28983497396081964
CC_09A9BE38080D,0.09117228131565319
CC_09CDC42E000B,0.24447532863837193
CC_09D8DBAB2A42,0.12008125054241538
CC_09EBB1960580,0.07178106916445798
CC_09EBF206FEE6,0.21814252886213475
CC_09F2AE996181,0.09191099862669447
CC_09F45833F53F,0.13412444843393934
CC_09F4F5C5B4EA,0.7790796518481354
CC_0A04BF4005F8,0.18758626963799913
CC_0A0E563D1060,0.07188810006122057
CC_0A0F781A999D,0.23515985218323615
CC_0A1138C37BC0,0.17077481032893585
CC_0A334A16524B,0.06057299770605106
CC_0A359CD5D73A,0.06965226423597046
CC_0A3E2C273DB5,0.06849659133291522
CC_0A4705B1E08B,0.048657174456244595
CC_0A67EB7C5282,0.10971347594857811
CC_0A6CD64871E5,0.34923185599011
CC_0A75643FDC7B,0.060660989713593544
CC_0A8066F501AC,0.04750123655926826
CC_0A83017D027D,0.16210394249107438
CC_0A9AB7441D5B,0.2769085267266176
CC_0AAA72FA148E,0.30378585011148745
CC_0AAC488C8AE4,0.46298707680491136
CC_0AC2DB82398C,0.34446430650282694
CC_0ACA2C49A497,0.12227807113890463
CC_0AD4BBEA75ED,0.04144296229604257
CC_0ADCD6553B8C,0.06217958808013636
CC_0ADE56B56C41,0.04190510943819817
CC_0AF4B5B4162F,0.6839929788353134
CC_0AF9BD814AC7,0.09798581499840299
CC_0B083BE0FEA3,0.09193544928296231
CC_0B1384331163,0.05250935685587192
CC_0B216C6AF0F2,0.027759871714141994
CC_0B3465DB0684,0.55911845494541
CC_0B442B91679E,0.11408570309242978
CC_0B455175F494,0.10350637914304552
CC_0B4C01B4002C,0.1962543595177895
CC_0B544A526D6C,0.06732055368920833
CC_0B5B19AFCD18,0.05343829964449456
CC_0B5BD2D224BF,0.08202603410274605
CC_0B6407C2C9BD,0.17785743858441153
CC_0B73F59991EE,0.0727016312798414
CC_0B7579216681,0.09436304292399532
CC_0B7F3B4B32C1,0.2544742234208546
CC_0B830A67900A,0.09761280425518427
CC_0B84250F96B8,0.28277773327524897
CC_0B92212B8E27,0.3281697069185318
CC_0BB43BC4B3BC,0.10706441787207406
CC_0BB992973640,0.06195452878646047
CC_0BBC41297846,0.0901658020101315
CC_0BDDB468A1E0,0.2837269913652947
CC_0C00A631C2B4,0.06153501127120256
CC_0C011AF6C857,0.35424837439262863
CC_0C0459AB67DE,0.13610379815425597
CC_0C18B07E451D,0.0917488635996702
CC_0C19EB845CA2,0.26140807351884043
CC_0C1A736F37CC,0.07399107195833703
CC_0C335C9D86F7,0.7758669356540032
CC_0C4C24D066E9,0.17600470293253423
CC_0C5499989AF4,0.19114034724115214
CC_0C95548CC1BD,0.1711018555657567
CC_0CA2DE660B41,0.2681077649532566
CC_0CA6D8CFCF2B,0.22554964308954886
CC_0CA9DF9C5C15,0.06552807513950903
CC_0CA9F52C92A8,0.1819380828745048
CC_0CAFB6C41CE7,0.12141280567849834
CC_0CB27D5313F1,0.5671247265560817
CC_0CC9DDDB8B44,0.05500691651420302
CC_0CCA18595BA5,0.24215170064086827
CC_0CD90568D3E6,0.2581032603444806
CC_0CE0D56B0584,0.08843601895579663
CC_0CEA028BF961,0.26087475808493127
CC_0CF67D68AF16,0.3153041706212527
CC_0CFAA0FB0691,0.06936314531410004
CC_0CFFD2785D2D,0.08365140438871463
CC_0D28AF91CE97,0.1547463778325957
CC_0D34E55A580B,0.1047417338498624
CC_0D3663B6524E,0.7261243546828432
CC_0D3C2864ACD2,0.3268911446884643
CC_0D5F4BE8132C,0.1742546678248228
CC_0D6D5ACB0889,0.21414418736335086
CC_0D7BFE8CC0D5,0.15278591066175873
CC_0D8852AAB481,0.2088660753209412
CC_0D97EF394C79,0.3809405865813852
CC_0DA8FDDE6DD0,0.06820329923776332
CC_0DABB89E37CE,0.11337637985792878
CC_0DAF0F2FAA86,0.08518531159694732
CC_0DB9E5F8EDAD,0.08001217750421187
CC_0DBC64F88C05,0.15143118962412974
CC_0DBDF018E822,0.113252173535603
CC_0DC31A5A1096,0.05381698447643523
CC_0DC3870F23D0,0.042571018150849474
CC_0DD39F5D7C0D,0.0646161157172903
CC_0DDC2C18BBDE,0.059635723976093735
CC_0DE09CAA93E5,0.16044226123266855
CC_0DEA4477FDC1,0.1303795006380446
CC_0DED63EF6639,0.1975478359934894
CC_0DED7DBF26F6,0.28187189797422585
CC_0DF01CD21B9D,0.2152505113560709
CC_0DF6A478C01B,0.22231105092519135
CC_0DFE1A3FA5AE,0.1600031546074436
CC_0E07D5FB24B2,0.1255701203692915
CC_0E0CD9F23A5F,0.8503134242438317
CC_0E121FCB1D47,0.06647402667535508
CC_0E1423A4C263,0.19850102250501933
CC_0E16883EE8E6,0.44558918064541897
CC_0E1A2BA1C545,0.22168935091478564
CC_0E2B52BBA69B,0.0687801062341527
CC_0E40BAFC3530,0.16793232328774466
CC_0E48EE235179,0.08074589887537145
CC_0E4FA0FB9797,0.6676931611427931
CC_0E5162F59924,0.7132880758593227
CC_0E5E2FCAC8C2,0.2871648505906633
CC_0E68C2BE2A75,0.12485730752301907
CC_0E6C5A8D8CE4,0.10239926846805189
CC_0E6E9B0E674E,0.09012406908254353
CC_0E746EAD6CE9,0.07126824414707572
CC_0E968E7C22C1,0.3494606934286476
CC_0EA1483F50A9,0.1649863501431364
CC_0EA81362C7D1,0.18696866622412425
CC_0EAE97520873,0.30068952461348936
CC_0EBCF4228FF2,0.46634996465715706
CC_0EBDEFD0BDC2,0.06328033768553445
CC_0EC6AEDA63EC,0.3617506771990973
CC_0ED61DD76795,0.10252030453608124
CC_0EE33B1B71D5,0.1535992335035876
CC_0EE7EFF13EBA,0.05123996897564445
CC_0F0F136B0991,0.12103925890229555
CC_0F0FAF218BCB,0.050010524503282305
CC_0F125B48F175,0.10424883334789084
CC_0F292A238627,0.1195467660007299
CC_0F2949A1746E,0.10073785734054205
CC_0F2B71163121,0.08393268884174944
CC_0F393F1DE2EB,0.05714229492545166
CC_0F41B187053C,0.4250704899023287
CC_0F52EDC9D383,0.11587292733938928
CC_0F62C4F36236,0.08990437694819375
CC_0F6A29CE5D45,0.19363222646924186
CC_0F7C0515A6CF,0.1770140120254046
CC_0F8D6C89202F,0.1540261126189018
CC_0F933684CC08,0.1878252364720736
CC_0F9BA54F2AF6,0.04908845777852826
CC_0FA06CE7FAE8,0.04026799472812019
CC_0FD25AA655DA,0.16332737549939227
CC_0FF5570E06EC,0.68035021506225
CC_10197FE0E34B,0.6662279992058013
CC_10355B5718CD,0.09924428009226952
CC_103A9D18EC12,0.1764822394603993
CC_1040DB6A21EA,0.13072824816104722
CC_104D2B84FC4F,0.04277460285994397
CC_104EA2802A11,0.08920612474464598
CC_105777B1BF91,0.06997167689897896
CC_1059F1B6C0C3,0.14955312039411187
CC_1061947FDD14,0.07551107209822513
CC_10689257E68C,0.4472217630769234
CC_106BFCFA7D7B,0.027753915647725263
CC_108FA04AC10D,0.12951612091991027
CC_1092915D0093,0.13880345702811947
CC_10A30F88E157,0.19262962992103475
CC_10A657027AC9,0.7620693745397572
CC_10A6EAF27BF3,0.049242304151008505
CC_10B148BED568,0.3476430004238035
CC_10BB7101F191,0.08228360028815776
CC_10BC5BC3A9AD,0.3444944645923626
CC_10F27C70AB99,0.13316952150167052
CC_10FADDF63CDC,0.2024064907923086
CC_1107D9301AA0,0.07496809604448733
CC_111A6DE5D9C7,0.7701117922276272
CC_111DC3B1756E,0.30371858385616796
CC_1131156CC6F6,0.13227390949736487
CC_113B66D5D5D9,0.1464880856450563
CC_1143254EFF36,0.054559004255928086
CC_1145E5277FA7,0.38097145780010216
CC_11521077BBB0,0.11901467449983168
CC_1154861ABCCB,0.55584498349847
CC_115BCAEAE2A0,0.09106824562175572
CC_115BF13E8BFC,0.2264537654663057
CC_115EBE5044BD,0.3598584565902541
CC_1165AA07FC47,0.7458086285324494
CC_116EE8219753,0.04714822056129727
CC_1176FA3233B3,0.05481721070579025
CC_117C2A1587ED,0.07363381213821835
CC_118C0A1D14B2,0.24670409332326898
CC_118ECB589F3C,0.08165167803106427
CC_1190F13FB1FC,0.10848872183547427
CC_1192EEC65A1E,0.22860462898130232
CC_119B1FEC4D83,0.25756459936400566
CC_119C413C2580,0.14727349528705908
CC_11AB74142A2E,0.7841617986594924
CC_11C8A291FD11,0.17200766660919406
CC_11D1E9C39E41,0.09051294386588812
CC_11D600EE1BD6,0.1878685446014427
CC_11D7539AC69D,0.2092911360284294
CC_11D78BB50016,0.1373792622975252
CC_11E0C583685C,0.1107755028093937
CC_11E0D2F15AA1,0.04108696125177857
CC_11EDFE67C719,0.6659436395014557
CC_11EE85F284B8,0.2131182728667621
CC_11F700202C6D,0.16315165307520574
CC_11FB668DF543,0.1068414513853532
CC_1209FA26609D,0.0412408353693205
CC_120CA1B916D0,0.11082451525496351
CC_1210186F4D33,0.06931968064538013
CC_121F621374FC,0.21275520377851959
CC_122532C1FBCB,0.12674728832051946
CC_122B19CBC88C,0.6582551807819438
CC_123C7F0111C7,0.6177986495559462
CC_1241EE42F174,0.1622147804559144
CC_125B7100F1DD,0.124624040292839
CC_1263B255B3B5,0.21756302761169308
CC_12878596E940,0.07068776657403923
CC_1298ED71A9E0,0.08015670073321167
CC_12B555C6F086,0.13520736838753988
CC_12D22C629874,0.21079304051025033
CC_12DD89EA0C14,0.15696536240191616
CC_12E24CDE2684,0.1857201482023124
CC_12F3B7309455,0.5891269026372945
CC_12F8E7A4BBE5,0.3702684611260163
CC_12FDEAE4873F,0.2268262241948639
CC_130F7B067939,0.38969604358029036
CC_13209EDC85EE,0.6912483844417086
CC_1332B6F0E543,0.2300965929615531
CC_1334E256AEBC,0.5538263495492031
CC_1337726B2AE6,0.09757340412706379
CC_1338237BF402,0.1604324435256326
CC_1341DF38D9C1,0.1826019421767808
CC_1342F868176B,0.6802452816512309
CC_134651CCD2F8,0.16342217400191997
CC_1363E3090578,0.051037172760770105
CC_13736493B695,0.05879711688932897
CC_1392DE633D4C,0.2979997961777145
CC_139ED2E0AD76,0.08654055524051876
CC_13A5383EA098,0.5904699315668449
CC_13AA272C6861,0.08172154995208299
CC_13B74E4EE3EF,0.17114436415556103
CC_13C437E86B81,0.48013324298375365
CC_13D61B077E7C,0.06646369493658219
CC_13D7115A8FCC,0.2046468847414391
CC_13DFE319B21E,0.7791539142618422
CC_13E0F0B3FAE6,0.22700721251981973
CC_13FD88C2920A,0.7034087731676405
CC_1401CB818627,0.19955408699225027
CC_140B86E74F74,0.8036006814255238
CC_1452A0B69085,0.030072006603806014
CC_1458CA7329A7,0.263214462102209
CC_1459E7125AFB,0.08997810042565958
CC_14633EC7F622,0.43753915936836024
CC_147B1B30DE7F,0.09671977537909558
CC_1484511F54C5,0.3495329320555618
CC_1489A941A69B,0.3034488851566133
CC_14A8B16706E9,0.0841778870578639
CC_14BE52BADB77,0.09326102137071625
CC_14D53413FBCE,0.3535201573249125
CC_14D59B58E51E,0.12278515164734102
CC_14D964327B1D,0.05715212200971571
CC_14F5D06CF093,0.1392086898651331
CC_1501D63D5A80,0.31598651948706274
CC_150E3A0E5084,0.22465720156951147
CC_15152312AC56,0.052628827413059326
CC_1522BA0411C3,0.07276125556656726
CC_1534B0241A1B,0.056021652403527425
CC_153BE2BEB74C,0.15604156775587968
CC_154BBCD4DCEA,0.2320155915467344
CC_1552EC27FC0C,0.7074690324216933
CC_1566BFF4BCDC,0.33983160201285373
CC_1579BD86A63D,0.33037224684841404
CC_1583CFD90530,0.28420537337720864
CC_1584385F38C8,0.06291585457006077
CC_159656F13BE8,0.11781127539133429
CC_159B6F6AAF1E,0.08549368478511635
CC_15A4934FD96E,0.13601379869474103
CC_15B2140CE869,0.0719584148755687
CC_15C0972DE384,0.5990851956960259
CC_15C0E30FF2DC,0.12115672274591702
CC_15D617FAB434,0.07751985787854436
CC_15DA0F4FFF0E,0.31302118763401376
CC_15DAE76D15DF,0.045944952383358044
CC_15DC7C139EBC,0.33311501056354464
CC_15EB741857ED,0.09154077525244252
CC_15EC51F4C521,0.2955137797549668
CC_15F6259C7C53,0.06231074294106757
CC_15F7C012E10D,0.41149759770660765
CC_15F7C1BEC28F,0.1752531752166847
CC_15FF58854AEA,0.3136076525879045
CC_16035CDDC2F6,0.13874640158997859
CC_16095572722B,0.052572814410903244
CC_16109F1CE0A6,0.24626429730477184
CC_16150E74E4DA,0.22944289928812794
CC_1629E47AFBA5,0.08074046546549345
CC_162F4582D06D,0.7182418540877901
CC_163194DFEDDA,0.047427072307859794
CC_1640F01B7730,0.08860589482768029
CC_16460554039F,0.03790032081250935
CC_164D308CDE41,0.19928160230837114
CC_1661041F819B,0.7871422671286868
CC_166829780A76,0.11430448080233475
CC_16798666E855,0.10130468747872462
CC_1684B5493414,0.18194244956060562
CC_168A8907C8F4,0.06071321986747467
CC_1690EC56D088,0.07525921895341874
CC_169853EEAB4A,0.10309644370220958
CC_169B7FD839BA,0.16479110997771843
CC_16AED1A3008A,0.11175821133090372
CC_16BAC7837C73,0.2132355206658381
CC_16D57E1EEA01,0.10796363122262134
CC_16D833E56D7A,0.2063771925643946
CC_1702487A047B,0.15953192150017642
CC_17029F78E70E,0.04587090620566869
CC_1702F3E986AE,0.058239681452157105
CC_1707181BB559,0.04255304493826093
CC_17117BF03935,0.23651232604151026
CC_1723E40C3D40,0.24155688716781396
CC_174FBBE9ADD9,0.15559937241703584
CC_176E6E58FD1E,0.10119454396126513
CC_1783F37259BE,0.0738450084477984
CC_178B135605CA,0.11172453682769651
CC_179AA5165026,0.36069163687439254
CC_179DBA1C4CDB,0.3296105483118157
CC_17A1090B69C9,0.09363713204051703
CC_17AA1A4C904D,0.20424531044818323
CC_17B06C06FDC1,0.13588630231621177
CC_17B89AC1FD03,0.23503543636278562
CC_17DC33AA73F3,0.06892852321549749
CC_17DE4D267831,0.10580428814178112
CC_17E929BE0344,0.3552873091089057
CC_17EB83DECE5E,0.33739691680503636
CC_17EC9982E5A6,0.14595981223600496
CC_17ED5555B4FD,0.21189387670915796
CC_17F4292DAF8D,0.1065998493164377
CC_1807B0980C86,0.08076266899637126
CC_181354A58B53,0.09563736754260464
CC_181E7266E018,0.09750719521718922
CC_182AAE7CC3CA,0.43810363706415206
CC_183EDEDC5DA7,0.09065603170683734
CC_184C47552665,0.23888731710989888
CC_185A7392A475,0.2727795448368777
CC_185FEFD3233A,0.39381914364152576
CC_18676FE5FC07,0.07256439787647277
CC_18776C4FDE28,0.07123596243555272
CC_187A8AECEFBC,0.20812229210894473
CC_187E7D0B4E82,0.7122022460431366
CC_18839D393105,0.14114606590773068
CC_1888476F6CF3,0.0959691561567456
CC_188B1ED2AAA5,0.3199319701951493
CC_18A4257C3172,0.31233218295746595
CC_18A7929D9FC9,0.25152771120486966
CC_18A8695F185E,0.08840312151029137
CC_18ACE64E8F74,0.1993199362027922
CC_18BF4A29BB38,0.13524071640121263
CC_18DE36F7D294,0.1622924335386835
CC_190EB07AC1FC,0.1363444526068419
CC_19219F2C60B7,0.17188529479954726
CC_192262DB0B0F,0.0885874472354048
CC_1929746E06CD,0.6285278762505621
CC_193356E72D61,0.7016956623163108
CC_193938E8EA40,0.17214008753280594
CC_193C60092202,0.4421782329472918
CC_193F669537D1,0.14381840751908792
CC_194E13150BE5,0.08244576957586236
CC_19556DDCCDB3,0.033747089673750036
CC_195A6E9B48A2,0.12891011224562846
CC_196DEC616B33,0.11260518438203775
CC_1978B23D64A8,0.08818451524087509
CC_198562A4BD86,0.14502001368884507
CC_19864C9572BC,0.1851534363105577
CC_19868B6887C9,0.09185031320967206
CC_19969E05AB2B,0.14145022999599735
CC_199FC89885C7,0.1165970125227661
CC_19A40411B404,0.2685113289108479
CC_19A6D9B60B29,0.7126299965817724
CC_19AAB010550E,0.08073876954757402
CC_19B4743DFEEC,0.07065196748396546
CC_19B95A61D757,0.19805794502878862
CC_19E6A00F6A5B,0.07234863971953646
CC_19E8DEC29F47,0.6444083498873904
CC_19EA54976042,0.18030241019979312
CC_19FBBEA75B7F,0.14910735393556726
CC_1A039E58840A,0.059291362190922924
CC_1A075331756B,0.10573343667591344
CC_1A1E1302C432,0.14979112495794578
CC_1A37690EAEDB,0.16493655222638
CC_1A3BF9F5BD42,0.1469570795882087
CC_1A4268FEB02E,0.18876626054485454
CC_1A5F8618A912,0.32743296759067186
CC_1A659D4D521E,0.3780402344697773
CC_1A879655902A,0.07051014938918299
CC_1A9F6DA46BC2,0.10061895351342118
CC_1AAB15E81743,0.034844251201309566
CC_1AAC389EF8A2,0.25701574139359556
CC_1AAD0CE365D9,0.1250249271932233
CC_1AAD9152C90B,0.04422934107742263
CC_1AB15BDA9296,0.07235424437869667
CC_1AB8BDA3041B,0.18959543289337485
CC_1ABB9CB074E2,0.7303793942608825
CC_1AC1B1A3978D,0.06561387014463085
CC_1AD20D1F9C08,0.7251399465165179
CC_1AD881A90D1A,0.3218652524771983
CC_1AE9811724DD,0.6966745729233109
CC_1AF1AAAB9D12,0.7818659545258502
CC_1AFCC4D0ABD4,0.17876938986021004
CC_1B08ADAFD1C4,0.13069713821927725
CC_1B10139C7917,0.12110579202059994
CC_1B127133B948,0.12521532570092714
CC_1B25964EA376,0.15874302889851205
CC_1B27A85C7244,0.17672058696587223
CC_1B29F4378A34,0.10225194091820586
CC_1B2EC0BD0677,0.31258242210139164
CC_1B4AAF37FB97,0.07879532263274087
CC_1B5E792F6E6C,0.28536554442328255
CC_1B7166DAA790,0.16798551147488322
CC_1B89FD901C95,0.09965575349720956
CC_1B91E3A70338,0.08773911552796211
CC_1B9D9B7184F7,0.1575470812089302
CC_1BA3FDD92B1B,0.04937872723223507
CC_1BA9B3D67170,0.1435186121876244
CC_1BAF97E2BCF2,0.08295176555877966
CC_1BB7D8A54021,0.11724474041320553
CC_1BD548A5FEF3,0.1403816144483555
CC_1BDF1893ECEB,0.2928351099047432
CC_1BF117A8AF9A,0.06873202489090456
CC_1BFA7E407428,0.7105147810871287
CC_1C0066F472E4,0.6910489042502693
CC_1C09CC2385AF,0.056877168661345144
CC_1C11467AB472,0.6380924063424014
CC_1C1627B7EE6E,0.0421971709107595
CC_1C3259B85E28,0.18785939004572094
CC_1C334ED885FA,0.0685773322293554
CC_1C376760FE39,0.08661237496879949
CC_1C39A1ADF3F2,0.16266880549891835
CC_1C450FC77478,0.1097852500019398
CC_1C48409023DF,0.4059929968138626
CC_1C4D03324C60,0.32851876296781457
CC_1C5F1E1028DB,0.04904124916966376
CC_1C6681C0AA7A,0.7634998607081632
CC_1C84CFE19CDC,0.22515600374572253
CC_1C8B3F689C6D,0.23501264716142078
CC_1C95674B902D,0.03855058531258001
CC_1C9A4C11F28F,0.16673902678077862
CC_1CA3F50BABEA,0.09822808930754072
CC_1CBF42D35AED,0.6209805343482435
CC_1CC11BEADBD5,0.07855944057735313
CC_1CC3CE396A8A,0.21204080150746352
CC_1CD2B13C2E6B,0.10624226072477012
CC_1CE0B37CA670,0.07737961789460641
CC_1CF5A99FC068,0.1299195225773989
CC_1CF71AEB6671,0.07518775545366309
CC_1CFE066F5EE4,0.19092983034255015
CC_1D00B360809D,0.05804177762527126
CC_1D1173F82F2F,0.09267106679924289
CC_1D1E06E0B393,0.18470670460062366
CC_1D2789866B1B,0.04424086445195664
CC_1D2DD7DF781A,0.2577566948925122
CC_1D313498A2DF,0.17301479939102782
CC_1D68396533F9,0.29349843229975564
CC_1D7235BA1EAF,0.14171797005160738
CC_1D7ABAF9D080,0.053801624018552686
CC_1D7FA51D0D7D,0.4809852616020472
CC_1D8CFB3589AE,0.055030817867607766
CC_1D9421A6EB19,0.2863712283203267
CC_1DA0AC68719F,0.35636797520638175
CC_1DA366D588B6,0.09212305744854829
CC_1DACBFE0296C,0.11115226191214908
CC_1DBD6A716910,0.6074660410613779
CC_1DCB75B5CBDE,0.35718930942507915
CC_1DCDADBC0E90,0.4529885380584403
CC_1DD11FAF43E8,0.12999458958713214
CC_1DD8064E71C7,0.1319073214933106
CC_1DEC926EE25C,0.12258584044182327
CC_1DECBAE4FC5B,0.044748946155734805
CC_1DFF80E6D4DF,0.07875030980728107
CC_1E025C3597E7,0.2846284986878861
CC_1E082052CCBA,0.6640014002050065
CC_1E0E30441DD1,0.2176894158587497
CC_1E20E200611C,0.12676135088376364
CC_1E354C75EB9B,0.0536923790917887
CC_1E3B2C15EBCD,0.14844311868041138
CC_1E4DF11FAF55,0.1558504197015643
CC_1E4FE60DFD8D,0.7147243217460288
CC_1E5A648D299F,0.14296299723945954
CC_1E6C0A8B3841,0.6584411394559168
CC_1E7FA6E807A3,0.20782669093440737
CC_1E93F760EC93,0.2543771249349493
CC_1E99F40FA03E,0.07633262226241756
CC_1EAD09DBC23F,0.24306326938637257
CC_1EB3D53252DB,0.2838560494900253
CC_1EC889E04D69,0.11646042609675553
CC_1ECCBF6853F6,0.5287717559829345
CC_1EEC4520436C,0.16523550002283846
CC_1F2827DC99C0,0.15604354019463026
CC_1F2C184C5227,0.08800922543188622
CC_1F3FA8091B02,0.10551948569936258
CC_1F4E07BFDC8C,0.05004374441889151
CC_1F4E0E9B54BF,0.06674624902580473
CC_1F55738A6A27,0.28328764600579515
CC_1F65276D0EF8,0.12199312099571724
CC_1F65C797BD40,0.0531423907294209
CC_1F668C0AE868,0.08452888485692811
CC_1F6B19A04BD8,0.05530186709825393
CC_1F945A60367E,0.46265399362770715
CC_1FAB6F11DFCA,0.6190352791130903
CC_1FACCCE95224,0.28827442911089096
CC_1FD010E5EA82,0.05780175563323078
CC_1FD2B7BCCD20,0.6820054158097288
CC_1FDAEC3D5CBB,0.0941555870419396
CC_1FDC65FE3DBE,0.15007808453170116
CC_1FE696D8A81B,0.07680182404633659
CC_20027685F59C,0.7753155976800548
CC_2009F3D77774,0.10068782121241654
CC_200C552C40F3,0.14170359649013503
CC_201459527065,0.12780749226150603
CC_20275029A688,0.05495964868361608
CC_2028DA597C34,0.2417813261708838
CC_204E557E5046,0.38492308279792486
CC_20542CFCFB39,0.056175322148317094
CC_2060F813C9B2,0.2712479019453083
CC_20813A9A7F71,0.13171318642671503
CC_208429A11E2F,0.17704656088774026
CC_208B0FE7CBAD,0.1013381142709506
CC_209A511030A7,0.049897230671548755
CC_209DD60421B5,0.05836217705019364
CC_20B26D646D62,0.18924787260432616
CC_20C47966B174,0.24209691157816401
CC_20CFE9681E4D,0.07528264705988365
CC_20D4DB0F3E3D,0.05075338604500887
CC_20DD84CE3CA0,0.11504946112263352
CC_20E57CA675DA,0.6218378166276803
CC_20F129FFBE00,0.26879798643978314
CC_20F4E0F62D2C,0.10822857498488547
CC_20FEE0B2130D,0.49573906203143586
CC_2111B298C212,0.07893180686999542
CC_211315AD7633,0.21588762354605281
CC_211504721E27,0.13117168512437552
CC_2119919BCB4F,0.7584836239578205
CC_21375C9ED931,0.18535435562111915
CC_213D2A5355FB,0.21024164170491544
CC_214B50E48E94,0.1356578352806
CC_215F86D986BA,0.09341624491600278
CC_21600308F496,0.035178574358688756
CC_2166F3F6344B,0.13112055848427362
CC_2168BBB42053,0.0942506600420649
CC_217030CE0127,0.047505309360440146
CC_2179067B405D,0.04629369948077819
CC_219B59B67193,0.19106678924965578
CC_21A9E8DB58FE,0.1676137326300843
CC_21AE679C5E95,0.24339478891431474
CC_21B98D13174C,0.09877306783359177
CC_21C81BC15002,0.12523579303189644
CC_21C9B26CFEA3,0.0980400451976507
CC_21D22081A4CA,0.7560736614282346
CC_21D29CD736D3,0.3325371694185283
CC_21D3CEAF838E,0.16443061297959644
CC_21EF792A3811,0.6451776295903009
CC_21F04E996723,0.4948999017498127
CC_21FB6C8AB8BF,0.43393387102387326
CC_22067686F6C4,0.714722214521123
CC_2207A39B7BB8,0.12218806834267927
CC_221053121AAB,0.14813956336802725
CC_222423774191,0.0648177642781419
CC_2230EFBC99AE,0.4204787549786893
CC_223BDED2A465,0.24286891039388497
CC_223E3CA7A07F,0.17943298049473533
CC_2250B42E48B2,0.09857790690619753
CC_225935E43583,0.1367930378093816
CC_22781E93CF84,0.17029906698188002
CC_22784AF3CB6B,0.4684361290566988
CC_22831690395E,0.19316254757035492
CC_228E6CBCC935,0.608340411884374
CC_229338EBBA6C,0.07048358990164463
CC_229A63057E54,0.43507469725752634
CC_22A2D8A4B437,0.09959522940487403
CC_22ADE1EE9BC7,0.10476640697004354
CC_22B69E7C415A,0.0466178333257752
CC_22C590B43FEF,0.30038466813495385
CC_22F06379D8FD,0.0375733544452191
CC_22F282264A1D,0.11697405905801929
CC_22FBF5F0E1C0,0.2653122604924633
CC_2302088175A3,0.2528420582029521
CC_230672EAA654,0.029539853248451257
CC_230870B121F6,0.12458439759441003
CC_230A051B2B3E,0.055475706754490435
CC_2316F57AFB7A,0.07876062417455175
CC_231D091FCD1D,0.0634259496296034
CC_231FDED1781F,0.2496082590006489
CC_2320053D1183,0.09423288371065741
CC_2320AF507566,0.16759501634147397
CC_23321FF41C3D,0.26224689319911365
CC_233470D6BE72,0.5976537943006146
CC_233C8EBC95FC,0.37608671669957017
CC_235F99F13500,0.15742871652793236
CC_235FC02CA52F,0.16223224732547162
CC_236C80CAF53D,0.20603937315346438
CC_236E7222D97C,0.0679464719325468
CC_237B86FDC93C,0.06437722069194747
CC_237E7EB2D7D8,0.12282177044214328
CC_23830081EE1A,0.6365746704329371
CC_23894AAA08DB,0.5023002375711559
CC_238CBFD6E20C,0.4376711784496325
CC_2392A4A79C9E,0.03823416576534279
CC_23A474D43C73,0.22208604973677037
CC_23A9CC59BA0D,0.026091458422434252
CC_23B158D8306A,0.1347129465183266
CC_23D147F1870B,0.21004237523565672
CC_23D2E73DCFCF,0.14186202858784816
CC_23D9103D1EAB,0.030232145288531853
CC_23E142182F2F,0.6578504875981691
CC_23E43713A108,0.03683572548763484
CC_23EF2911610E,0.46845726446674474
CC_24056B76BD7D,0.04904285407357655
CC_2416ECE66177,0.1313791553013714
CC_241E65816FC2,0.08222853047768273
CC_241F7E97FBDD,0.07759977858431966
CC_24217201D7A1,0.3246229299144559
CC_242301FCCE50,0.050919290049730434
CC_242C69CF0B12,0.08657904637440857
CC_243B23702DC1,0.1955917148923213
CC_2456B9C796E4,0.12003509126653741
CC_2457D89CB88B,0.6879708549691045
CC_24667210E2AF,0.1896945730240931
CC_2468D206CAEA,0.0479847051534796
CC_2469630A4F86,0.35743713089764567
CC_2469D83D9594,0.03990888116460232
CC_248C65EF54A5,0.646369303456067
CC_24BCCA7941E8,0.0788094751523751
CC_24BDC1CE2A3A,0.22363761922029238
CC_24BFCCDF957C,0.04917942595929477
CC_24CC8A1B1CB7,0.12168213912613819
CC_24D4B1852554,0.20238706071650336
CC_24E65FA5A32E,0.16641205308427634
CC_24EF3EDB6857,0.05859316832695868
CC_24F15A19D648,0.1766739345741215
CC_24F2410B5A19,0.16439442925921327
CC_24F27E7DE1C6,0.4620913345830683
CC_24FFFD0C983B,0.0365017244173885
CC_2504E9D5D5E4,0.18313961197894915
CC_250F6A0DB62D,0.06095705431777228
CC_2520E13DF0A2,0.7463308656680858
CC_2539C315029D,0.28828525569737806
CC_25519ED78507,0.20268251021656125
CC_255D49296DB6,0.12005735976428247
CC_255DC60FF5BD,0.04831303864789334
CC_2563C9EF9D55,0.06179830076844353
CC_25756EB9651F,0.1257259348111902
CC_257CC46D379B,0.4288406506866686
CC_258D5F80A933,0.7039143997679842
CC_259D87270257,0.2192787693409575
CC_25A41AB21C94,0.25745688041140186
CC_25ABCDCC8B71,0.14896091117855756
CC_25AF0D0569B5,0.05225208291317771
CC_25B61D393144,0.169161060375012
CC_25B95D7288CB,0.3655768079776036
CC_25CE2F2F13BE,0.1980122276378155
CC_25D1A5971976,0.37134017214002746
CC_25D411B46F00,0.7367774222775514
CC_25E7A2DC5E41,0.054755536976925624
CC_25F4C8E51AC2,0.5253528359462915
CC_260323EFB122,0.614215027382303
CC_260F10484312,0.05159551454952397
CC_2610D0F1D0A7,0.19540510355872948
CC_2615866F35A2,0.12565845170366666
CC_261DA4E8DBEB,0.11512091996195473
CC_2628F00B0745,0.36520827593528077
CC_26338E9AD15F,0.12470037252592736
CC_26346B99BDBE,0.633724553566951
CC_26351DBC1AF6,0.12237254243322539
CC_2637397AA3F3,0.5870893630237379
CC_26675C32611C,0.621152523669742
CC_266E49E49071,0.19039319661623924
CC_2696368A4DC6,0.028296705086658904
CC_2698641B68A5,0.11402125097044252
CC_269C5AE6A1A3,0.6477113388105579
CC_26A06AD1206C,0.7449289653155229
CC_26A358B0C10F,0.19272580762777142
CC_26B07CB02EA3,0.6072915626782945
CC_26B638BEA8CE,0.11869259043350228
CC_26C33B649FC9,0.08618766756761227
CC_26D5B969A36F,0.36704621374231955
CC_26E3A1226C2D,0.13316009529046283
CC_26EEA3F0224A,0.26635590097779993
CC_26FA5E5A718C,0.1510810100759701
CC_26FE119D4919,0.07823391344729538
CC_270B462BAEF3,0.039233870614700246
CC_270D929FEA9F,0.05969557553165596
CC_2731AD82BA11,0.1611338691168608
CC_274144AE3E86,0.11520126840823446
CC_274AE6E82879,0.15956280884848162
CC_2757A490C5E1,0.07867985672695703
CC_2766F6011BD0,0.39369237322314593
CC_2768E644C697,0.05012222048119146
CC_2770DF70328D,0.06727325852965364
CC_277503968C44,0.5808337184373878
CC_277CE974AA8F,0.32039876169380227
CC_277D246E39B9,0.19114833515778062
CC_27A1CC725B7A,0.06825298034262094
CC_27A798829CA8,0.7324422421547918
CC_27C938FC8DC6,0.4638546829022093
CC_27CA2D819E7A,0.0540424043913138
CC_27E3712F0E38,0.1232009465195635
CC_27F3B3F43FF9,0.04486891956177222
CC_27F9832EAB8A,0.5178500868872494
CC_2809CC131F3A,0.7127063013023792
CC_2812523510C0,0.16242637575507934
CC_28151C75756D,0.04582940127031376
CC_28203CC976F9,0.12622537367264203
CC_282AFAE06F96,0.06984798308830781
CC_282C2404F4C0,0.06926063780025898
CC_2834BA2F19FC,0.20267013444158136
CC_28432E22F47D,0.5562450916413845
CC_2844882CC439,0.05562059236266278
CC_284F79726032,0.388901110131986
CC_28544783AB15,0.5066535321103077
CC_2856104729EA,0.7468444637871131
CC_28625CD86761,0.19496400055153063
CC_2866BDB46FB1,0.11679605762816259
CC_2872415C6B36,0.07489751847054057
CC_28752737647D,0.6212485778422275
CC_2875C281EE88,0.060024242496879425
CC_287E3E9EDAC9,0.08956820669048143
CC_288A2C49D62A,0.05553531972103188
CC_288FA8CD819C,0.1645241430457704
CC_2891894CCED4,0.09644975336395104
CC_2895608A9699,0.1409312060986247
CC_28A2EF7926AE,0.6679808694808197
CC_28A7DBD2B710,0.19173207005058623
CC_28AD81DF2C51,0.11674950314550972
CC_28AEC29CEC25,0.1217457216966613
CC_28C1C3DF7928,0.0994026370228911
CC_28CA76962EC8,0.1901916008968534
CC_28CD47803B6A,0.076721380802166
CC_28DF569DBBE5,0.07579755962744214
CC_28DFE611C657,0.09542498255422129
CC_28E11E6A6C8D,0.1944393024786148
CC_28F58ADC7CBC,0.10525743795709977
CC_2916479EBC84,0.12842615339033184
CC_2917C6CB0B2C,0.14084974727806548
CC_291C7830D4B5,0.3833246125666218
CC_291FE1744E5F,0.09137567496514037
CC_293124F1ACD1,0.1442597786316187
CC_293C2D704AA9,0.29446178478137663
CC_29432A6B2555,0.12092233066287339
CC_2944B427406C,0.21559977261692312
CC_29468B7035D6,0.11397071608319731
CC_294A9A24E473,0.09564874114814852
CC_294B94EB0E07,0.29929945104027544
CC_2967C29E4C3A,0.1311656515562778
CC_29716D5835F4,0.1767178001403553
CC_297179FF2BCC,0.46262420325922954
CC_29803690C939,0.22612494789419496
CC_29821539DC4D,0.13244541394441975
CC_2983C1D2A273,0.13259359479431815
CC_298CAC5A1868,0.6238710292927883
CC_299EBE0FB429,0.16035305547894574
CC_29A1C0073882,0.429466705675602
CC_29B6065F187B,0.3750537522109377
CC_29BC66C10F87,0.6786447840616361
CC_29BF3C3D9682,0.19305056833014192
CC_29C4425FB2DA,0.18030679623698842
CC_29C5D0D72D61,0.14008140991666532
CC_29D65E313500,0.1062994641683423
CC_29FD856F47A5,0.6950532598658904
CC_2A097F88615A,0.08924606337550621
CC_2A0CB4CE1A48,0.21139820387016608
CC_2A14C1652D6D,0.23424009372593033
CC_2A1F96F80938,0.16760298548074093
CC_2A23F71805A2,0.1445928220898127
CC_2A2BF2FD0498,0.14692519789175765
CC_2A358A1D3DDF,0.6106502751538079
CC_2A3E371F0DAD,0.231077322941613
CC_2A423FC8A330,0.3325371694185283
CC_2A43368D54F9,0.45343539684440826
CC_2A47A21C0E07,0.6785231339583673
CC_2A4CB02E7A1E,0.14602117036602016
CC_2A510080BA29,0.1594596227398366
CC_2A5316E550F0,0.09257120796521585
CC_2A59695EF90A,0.6036024113054543
CC_2A606D00CC46,0.05241346975784418
CC_2A6C69145AE0,0.07792511460642682
CC_2A6CD71471A6,0.10971613089555729
CC_2A70D6EF64E1,0.059144323900964677
CC_2A844754AE67,0.6939407211861609
CC_2A85A7B242FD,0.15253839518243228
CC_2A9A51067D7F,0.15729637708739364
CC_2AAAD4020436,0.22110047228422144
CC_2AB62BCF3704,0.08030006823139532
CC_2AC1C8DE5649,0.12731029905297664
CC_2AD10D78793D,0.7188639367951477
CC_2AD26446A7AE,0.036299796388403215
CC_2AD2D35975D1,0.07135494488836555
CC_2ADA07B0211F,0.3302017955844801
CC_2AED2D284351,0.3302017955844801
CC_2B01FDE2552D,0.26704654532002436
CC_2B06DDFD7F8A,0.07743033946863477
CC_2B08FBC0A948,0.18740752503040292
CC_2B1914218468,0.7630621287923262
CC_2B1D93E12DC9,0.2322057303296242
CC_2B248C488918,0.0777051308034695
CC_2B256891C60A,0.6096573929830256
CC_2B2801591A25,0.35278801713241104
CC_2B2B7CF1E40F,0.10187692696809765
CC_2B2F4204834B,0.17882063531996076
CC_2B5443C7AB87,0.08412615305557401
CC_2B5D780AC244,0.629295319185322
CC_2B64E67CFF13,0.05815547961034819
CC_2B6B872C8D21,0.08000918393712045
CC_2B85D931F011,0.0982889677426382
CC_2B959EF030DD,0.1541076969245187
CC_2B973D1AC16E,0.1261585934993874
CC_2B98983C2687,0.06484618895086383
CC_2BA581E7B8D2,0.0926461960941521
CC_2BB2C432C369,0.11457937661721836
CC_2BBE19587CD5,0.07656521387856077
CC_2BCB838A9581,0.14250555137556836
CC_2BD0E9336EB4,0.09266084042591974
CC_2BD1633FD528,0.08724824047682224
CC_2BD58FC8C2B9,0.04097419188845521
CC_2BD6083CAB0B,0.7996948026729482
CC_2BDD47B177E5,0.8038982043969904
CC_2BDE889EB05C,0.3034446856344677
CC_2BF8DB192A49,0.6350736292975379
CC_2BFDF46F3AC2,0.1327414110877226
CC_2C00CF2FAE22,0.11444401644712623
CC_2C06DDBA1073,0.3199319701951493
CC_2C16C7838FAB,0.7827037277882598
CC_2C263A1A732C,0.17160398798596838
CC_2C34105831A6,0.19284865374397112
CC_2C43FFA06F31,0.10519356009930486
CC_2C4DEE4CA1CF,0.0633594273488371
CC_2C56DB55E40E,0.11579908026955506
CC_2C59F565C183,0.1509473230229327
CC_2C7F54E56925,0.14478939605598692
CC_2C8CFCC646BE,0.041662394534750714
CC_2C91AB1DB754,0.05199476198451096
CC_2C93356976AE,0.37648588830474106
CC_2C9DADC294C8,0.06210610287496818
CC_2CA94231028A,0.23661232573222268
CC_2CC8CB17283A,0.18839831570227059
CC_2CCD42AA2376,0.10111128951882876
CC_2CCFE560A79E,0.052362704173450764
CC_2CED227E5216,0.1079156060288554
CC_2CF326E90715,0.04716037582422198
CC_2CFEA03CC6A0,0.6400440566508404
CC_2D1D032137DA,0.14980338455226885
CC_2D258781011B,0.18133952419871624
CC_2D30260A1CEC,0.18019757881214857
CC_2D35C002A9F1,0.1300891458212572
CC_2D45DEA4EB25,0.13038821691459376
CC_2D5494C13FFA,0.07414596265109542
CC_2D5EA2953E81,0.1948149159524707
CC_2D6E7894EA16,0.6484524492170396
CC_2D7DA36360AD,0.207486738703524
CC_2D7DFEACA38C,0.3326920238623811
CC_2D836654A121,0.14018724998774526
CC_2D9CDFC6C57E,0.7112130144492457
CC_2DAC67585B03,0.2110143219179119
CC_2DAE338809DE,0.2084321617184771
CC_2DB062A18C75,0.5077192157331327
CC_2DB2C55CF89E,0.7552684382094681
CC_2DBCBF870292,0.0469878442439235
CC_2DCBC03B4FA3,0.7855262758194722
CC_2DD78131B5A1,0.11201152486207201
CC_2DD7BCA75AB9,0.11618625496213371
CC_2DEB49017220,0.09398845264106152
CC_2DF6C71ED372,0.16209315597818533
CC_2DFBFA1A4FE8,0.17616134141387552
CC_2E12A41F7733,0.06368435268634583
CC_2E1A348EB1E6,0.08687725153686113
CC_2E23CB0F6F7B,0.37754317346239735
CC_2E3634587158,0.050853489292081784
CC_2E3F4B14D8DF,0.34363895688784035
CC_2E3FDDBF4F48,0.17637071300217189
CC_2E61C46BC16A,0.16610371601268648
CC_2E62AEB14351,0.3042663122333131
CC_2E6F1C0ADEB8,0.14158481459863112
CC_2E7415FAB62E,0.07583814419942757
CC_2E77F7444FDF,0.039653666877707744
CC_2E78431BE3DB,0.07793048152435207
CC_2E7D44FB8075,0.1548048656238589
CC_2E7D8539BDA6,0.39315477923808523
CC_2E7F248874AA,0.7288336024017995
CC_2E85BB8F3BB5,0.09651272963465386
CC_2E8897E4D9BB,0.3210499936344717
CC_2E8CCDE89E2D,0.25459464462216674
CC_2E927D910813,0.13412293060905578
CC_2E9891F5A2D5,0.09558663357055595
CC_2EA56A7EAC04,0.2615868769848269
CC_2EB45D13B248,0.09748102732451196
CC_2EC924B0EAAE,0.10273378057334057
CC_2ECC248C96B7,0.04219873237995467
CC_2ECF0C98B06D,0.4245560379096065
CC_2ED3F6481454,0.1657883437075849
CC_2EDDF0B40ED8,0.12713380003189637
CC_2EE2A139642B,0.13065258084004613
CC_2EEE072DA301,0.2492493385107094
CC_2EFEBB85DAEB,0.15366046262921415
CC_2F133BEFAA69,0.10194159280573763
CC_2F1AAE3B81F2,0.06938999557316923
CC_2F1BC47CC90E,0.06097955162257149
CC_2F2128FBBDDC,0.16157436389909424
CC_2F3D3342834E,0.06203351282158001
CC_2F42D39F710B,0.611179062364695
CC_2F4AFE398419,0.7154685259476099
CC_2F4C24B38EE6,0.06270566125726292
CC_2F508C0838A6,0.08542738402673805
CC_2F50EC193942,0.2345009733380297
CC_2F5BD03D4900,0.06942298177157698
CC_2F73AF6728BC,0.055141662877124804
CC_2F7EBEAB9CF2,0.234567742304697
CC_2F9AD2BC25F5,0.05336662986394566
CC_2FA3172ED3FE,0.7184767841688756
CC_2FBEF8808F48,0.15936245059183488
CC_2FC014F0EA3C,0.0952381539259783
CC_2FC3AD2EC986,0.20941993726616825
CC_2FCC82AC097C,0.22268757631020028
CC_2FE2ED7D464E,0.25743171842982154
CC_2FFCC9802D2A,0.21011011244380282
CC_2FFE32627DF8,0.20182830267476734
CC_300BEA90EF3F,0.1311503713977241
CC_3017B64D0364,0.22745268865095536
CC_3017E5E87C94,0.1381583994981978
CC_3028375CC87E,0.8034322899835746
CC_302A48CFCEDA,0.07672841872997527
CC_3031F96196BD,0.5382051506251941
CC_30328ADA0AE8,0.08069417586513011
CC_30451015D913,0.03729401568054783
CC_305D33AC15A9,0.7736940383542399
CC_306015CFB66A,0.1644859251992542
CC_306413849CEA,0.40364100681498644
CC_306EF0BC7CB3,0.02872381361267103
CC_3075C5B861A8,0.12162556269056976
CC_3083D9B76858,0.056407997104193044
CC_3096994A495B,0.22940820212887306
CC_30B106BC1657,0.19239137958528507
CC_30B967417C42,0.20142557995524465
CC_30CABAFF5453,0.10739302893372171
CC_30D68208FB23,0.3598584565902541
CC_30E2A90BACAD,0.1880312137345726
CC_30FFD856443D,0.6280740198757163
CC_311EF26786A8,0.09294096661756883
CC_3129843EADE6,0.7497007048205814
CC_312C34EF683B,0.055110649562726786
CC_31302B64C078,0.12502266591466002
CC_31344A25B569,0.03953448640945274
CC_31397A399AD5,0.0630450119503397
CC_3145B5EAD7AE,0.21120551547850122
CC_3146EE0BF81A,0.1189252236436284
CC_314D02632843,0.25252965857358045
CC_315133406E42,0.3069006999762211
CC_3180D1C6FB7E,0.1910864711893548
CC_31827EE8A968,0.27461254175760064
CC_319BE06CC27F,0.039770585098911584
CC_31A0A97AFFCC,0.4354466389317201
CC_31B22116E36C,0.16589102021617427
CC_31C78D9B6494,0.38058559745699977
CC_31D3FA367B41,0.11523826285092036
CC_31DAAB3E6DA7,0.1569928168122293
CC_31E36F666FB7,0.07362375836389899
CC_31E72EA14FE4,0.12826947246193132
CC_31FC6DC9482C,0.21552614175449286
CC_32076DA6AE23,0.14721104996067635
CC_3209FA12D938,0.3302017955844801
CC_320E17F947CD,0.4015215511734843
CC_3223C706DD92,0.19014144579659156
CC_322EFB2E377D,0.08779758800205605
CC_3248EB928073,0.08092606678679816
CC_325D5DC52B1F,0.07400951010879411
CC_32662A6DB78D,0.15486562602669796
CC_328DD3BA068A,0.28780353869572395
CC_328DF7798F91,0.16562647941196498
CC_3295CFEB188B,0.07282915423546185
CC_329DC79286ED,0.6344789288829401
CC_32CB77D55C73,0.10413565644509734
CC_32D129B9E651,0.09636083261634446
CC_32DB12551D37,0.6584887667295221
CC_32F00D77D5CD,0.10410551152782846
CC_32FF5F6892D9,0.22762124941897516
CC_3301EF60877F,0.1461011123385546
CC_330F334BD816,0.10631879945581313
CC_331285B3494C,0.22031738280511898
CC_331364283D5C,0.1618667548004088
CC_331718E0F54F,0.16033583155691367
CC_33194D48FF66,0.11661456682954983
CC_331E8B8BCAB8,0.07688362382025714
CC_33254134ABA9,0.7699267034715078
CC_332E42439579,0.07387687614401992
CC_333102AB964C,0.15092846001328702
CC_3338AC0E8112,0.2738825085787875
CC_33656EEDE6F2,0.38471137130880034
CC_336777D934E0,0.5369168183081048
CC_336DBFE464D1,0.5013181475246687
CC_3382BB2F3152,0.1546072419244237
CC_3387207793E4,0.057662973734629225
CC_33992C973839,0.2086445570117576
CC_339C36703675,0.10590310919892625
CC_339CA5814519,0.10869912012584924
CC_33B157F2A921,0.10513395558955814
CC_33BBD10F239D,0.0665140330110805
CC_33D3B12EE56E,0.10516901849099947
CC_33DB68EA27CB,0.09687689160317045
CC_33F0B95E70CE,0.2434176605196946
CC_33F40275D630,0.03826279052767098
CC_33FD5DE22692,0.09597578234135297
CC_340961106343,0.12238530654109833
CC_340BB1F4CEF0,0.13131571398813127
CC_3410B11F1FA3,0.2395420787600182
CC_3424972707B6,0.5996264966467663
CC_34452758A645,0.023766712144786244
CC_344D239879D6,0.12663828418635462
CC_34503B6891CE,0.21356950882236173
CC_3451722A3813,0.0824822914492024
CC_34517B513D8E,0.4889093974268
CC_346ECB4CF2F8,0.11685792491773912
CC_3478E8B6B56A,0.06737405210217934
CC_347AFDE16722,0.09531360713710828
CC_347B1A01467F,0.049443542800557294
CC_348AA62FF484,0.3165553416073349
CC_348D3F098A4D,0.08399588522690499
CC_349290E4D0C9,0.15613447950065598
CC_349347D553D1,0.2674243243816346
CC_3495CE27BB05,0.24022878300687317
CC_34B10A654721,0.1631985513622475
CC_34BD2C5130C8,0.1439238141386192
CC_34C433439160,0.039309965283488554
CC_34CA271F73E3,0.355780986050062
CC_34CEBEA3B15A,0.05179080397794465
CC_34E58CF793A0,0.16804626768046435
CC_34E6909B6027,0.5530860257587594
CC_34F4292A8B5C,0.18479132765418427
CC_34F6DD223594,0.04430945750734398
CC_3508A7A5E9EB,0.1509187686778859
CC_35094977DD75,0.13742579149812142
CC_350DE157CE6D,0.18836111424401467
CC_351BD5C2EE8B,0.029295773926323765
CC_35486249EDEF,0.17326760175577025
CC_354C9ABE6DDE,0.06649905484479075
CC_35578162927A,0.13487883490757763
CC_357C3E7518D3,0.7973761765627798
CC_3584C15BF11F,0.049715291507141934
CC_3588C5166872,0.08332516385884027
CC_35A68306B19E,0.27052206517368355
CC_35BFB3093D02,0.051393463064875716
CC_35C085ED37BD,0.5223507806599629
CC_35C695C13279,0.07952399963435089
CC_35D1668A4C13,0.22500244167762384
CC_35D27495E0CB,0.7803839854831539
CC_35D562E1DBE1,0.6226607502449762
CC_35DCDC74A757,0.49621016823941977
CC_35EC2AB1D1EE,0.15202569803211505
CC_35EEB90317B9,0.5732534835067763
CC_361A9EAF7706,0.24959511700419645
CC_361B968FEB98,0.2914885345198837
CC_361C9FA031A7,0.8039844017018897
CC_3620C5D1B3E2,0.05259488527992862
CC_3622D7221940,0.05851475496295232
CC_363175E92F74,0.3325371694185283
CC_3638C9146BFC,0.14323019671179324
CC_3643A4C7EC5C,0.056200433879301
CC_36690A9AE112,0.7054731244070869
CC_36719170F638,0.09704999573892853
CC_3673466BA7A7,0.07720115287480116
CC_36847054DF52,0.34180230176103477
CC_3691CE792752,0.7610420147426332
CC_36A27FE53743,0.5571520114703395
CC_36A3FB06D1D8,0.7937556888699587
CC_36B0F2AD5413,0.05883761312923893
CC_36B1B7BF5F75,0.15106478988402033
CC_36B68E66951E,0.3937032876357205
CC_36D3F09AD810,0.43001280764397404
CC_36DBD8424220,0.6220042413963196
CC_36E5645D8018,0.0743786372692669
CC_36E6592E4E23,0.16929072400044862
CC_36F143AEC864,0.13362631250845136
CC_36F2A735DF73,0.13816744733592026
CC_36F81C003E8F,0.050305854253582485
CC_36FCD55EE425,0.49812792130309624
CC_3701D5DB7FA1,0.07372527257726104
CC_3706E1EB2587,0.5432389343429267
CC_370E0F8EF86F,0.5419205314584059
CC_371D47444D5B,0.7179813783094582
CC_372CFE308EA4,0.6343968943723804
CC_3731D90357A6,0.2942195535282164
CC_37322F66C543,0.03564291003322902
CC_373539DE38C5,0.15032546568051447
CC_375225700242,0.40367714774200497
CC_3762D0B6F3C2,0.11988165378921246
CC_377A277E831A,0.15025097208343602
CC_377B6066B91B,0.23618125499686654
CC_378D71726B5E,0.07760665941384454
CC_37A46BD0DCBF,0.04512039417468521
CC_37B447368F02,0.7266001680101737
CC_37BFDFE369A3,0.22201021550971425
CC_37D09FE492BD,0.059101683741988674
CC_37D3F4C07235,0.2661541609255906
CC_37DDACE48E3C,0.13063694370964823
CC_37DEF85C0A37,0.3599570678125165
CC_38020CED9EEF,0.11449690041915266
CC_382207621EC5,0.7852488159856723
CC_38374AB27F95,0.09766740719524916
CC_383A5544DD5C,0.15072514570137507
CC_383C129A5B96,0.2783177778737721
CC_3847AAA649C7,0.12099767039799984
CC_3849D992C1E3,0.07553493443593287
CC_384BB17F0F0B,0.6567767541494341
CC_3851177E5E76,0.06573663011162215
CC_3862F88850B8,0.26697895946155886
CC_3867CFCFCC94,0.26397710642401406
CC_3872ED018F85,0.18883075228423055
CC_3881A587C072,0.12015300076108527
CC_3882F8EB5EEB,0.6144359760101489
CC_38911341EA6C,0.07437943336497534
CC_389E5B71E254,0.634788064855677
CC_38A0DBCD3728,0.13643459540974542
CC_38B3E9142747,0.09147355113149878
CC_38C1B8860300,0.05053336844498919
CC_38C8CF250B60,0.027587247146788372
CC_38D32B790B4A,0.12326418833834991
CC_38EB304A9915,0.18870023161111257
CC_38F26461C872,0.7273401042258523
CC_38F942257E28,0.505496631835296
CC_38FA5D78A8A7,0.03884011718672502
CC_3903D7BCCA95,0.05749962042978641
CC_39043D7ED04D,0.2272066330574083
CC_39098B256732,0.06649042888109422
CC_3909A2E4C679,0.13346761795281967
CC_392344DF8D55,0.3423429740676667
CC_392628C8AD47,0.07749552467684499
CC_39285F4C42BF,0.3862806374424427
CC_392A376EA1A2,0.09353679440389823
CC_3932E086F150,0.16441390235870484
CC_393D1D3640D0,0.05692417472162427
CC_3943B3490B49,0.7334109916844845
CC_394DE164DBCD,0.11317754205945502
CC_395600E84A54,0.11967243113115819
CC_395D181A7E1F,0.10298434870469166
CC_395E8CACC437,0.14935684143336583
CC_39635AC6A70E,0.05969264937513348
CC_3969352E3ABC,0.11604817862727371
CC_3985C0DF9CB5,0.5395630877932166
CC_3989F2C6A9F8,0.19535726580789045
CC_39A82672A1B2,0.07320602798952223
CC_39AA15DAE17D,0.6493400813437041
CC_39AA2A3D98CC,0.03301200254459476
CC_39AC257B00C5,0.10112606086085489
CC_39ACC63CDAEE,0.10549296420304455
CC_39CE40784C2C,0.20565517405513747
CC_39E1A306D418,0.13162062237252092
CC_39F2B11C46D7,0.10353884593864907
CC_3A10F5F50A27,0.0457047803292939
CC_3A27CF9D162A,0.5549787054333772
CC_3A297424A7F7,0.12737286728703745
CC_3A39F7930BF3,0.07351330473340016
CC_3A57566F9977,0.5389205730919182
CC_3A61121254E6,0.060693926620167746
CC_3A81C568A7F8,0.14122938381120198
CC_3A82E7050A4D,0.04981371684379247
CC_3A860AADE6CE,0.16128108761999627
CC_3A8B3FC29C9E,0.10891948916464576
CC_3A8E9056A5A2,0.10160043017449813
CC_3A9617A5777D,0.4040261668283711
CC_3A99D25777CD,0.14788136305077165
CC_3AA9E8D01340,0.5216323566741078
CC_3AAEFC09C290,0.7573973602392156
CC_3AB5E579843E,0.24200693800756243
CC_3AB77A30AD40,0.17301327947075426
CC_3AB7BA36A414,0.30279628148493876
CC_3ABA830A5BB2,0.11784284037596682
CC_3ADDDA550A57,0.09142103493560283
CC_3AE7B1151DC9,0.1132892635314687
CC_3AE9A209EE00,0.05452696226295065
CC_3B06FCD75C98,0.054869494311867585
CC_3B0722FB5E8E,0.3210349099932349
CC_3B1C51DD7429,0.18356400612255186
CC_3B1F4696D710,0.632859791034115
CC_3B224413A072,0.26455499616926126
CC_3B35C3783CCD,0.24939130471719298
CC_3B3626F3DF9F,0.21291884307766823
CC_3B4405C7E486,0.5673002692075035
CC_3B4C4A9C9D99,0.3214434158030701
CC_3B72F0E9E3F8,0.20978013418344127
CC_3BB02A95C6C1,0.7072351284493248
CC_3BB8B675C2BC,0.3612768892436602
CC_3BC51B069218,0.16012936970094493
CC_3BCA5BD201AC,0.12962150806568368
CC_3BCAC9793441,0.27692251312550986
CC_3BCBC867AC4A,0.04024666446530275
CC_3BE51412ABE7,0.3932823703644576
CC_3BEA98B401CD,0.6372234024372704
CC_3BED6DF1ABF1,0.19971207630066887
CC_3BF0BF7CF827,0.825976836010151
CC_3BF110035599,0.6738670673467397
CC_3BF213810DEE,0.6273986496556256
CC_3BF21CA88D3C,0.4465435035756361
CC_3C0E29764C71,0.0779575849670338
CC_3C19509D4636,0.12401223039290414
CC_3C1B038BB068,0.16317290949858906
CC_3C594CADCA2E,0.19193234366542297
CC_3C5D909498F7,0.6836242083671025
CC_3C68D5179A01,0.10561898034785745
CC_3C83955704BA,0.7874586357653482
CC_3C93218F41B2,0.34998299615513634
CC_3C9CFC8FB4D1,0.7150146041907239
CC_3CA266EB55BE,0.1325328975137218
CC_3CE49C937F7C,0.10046027816413522
CC_3CEEB9C04F0B,0.34849370944139896
CC_3CF504AD4DD9,0.052100860561030554
CC_3D1092DBC5C2,0.19380466180334643
CC_3D185833E7BB,0.0634116719489211
CC_3D2309981121,0.30959168404177223
CC_3D27A0086AA6,0.17421890532598747
CC_3D3BE7D0F4D8,0.11819731409178068
CC_3D412B5EA919,0.10665691524882709
CC_3D47650C6F30,0.07943144433673023
CC_3D55D1FD8457,0.04790604412123384
CC_3D599501BA76,0.05789373839091063
CC_3D6181EE3C87,0.6778752570963206
CC_3D65CC165F44,0.1151289584682175
CC_3D6CF6DB8014,0.3863077020474958
CC_3D7C14801D40,0.18137065094873864
CC_3D836BDBF866,0.6221124861171634
CC_3D8DF3A3DB71,0.7397407011309453
CC_3D9309851089,0.18635767070680911
CC_3D9ECB4274C3,0.1169989462541086
CC_3DC8A9A92802,0.36968922606155163
CC_3DDD3813D1D4,0.1090187762617832
CC_3DF3FFB3CFC7,0.15651697272668308
CC_3DF88701601B,0.14383768284910894
CC_3DF91A482CFD,0.3325371694185283
CC_3DFD6349D046,0.6134065751568115
CC_3E0D54125AE0,0.19428473050267922
CC_3E10CFE1DD57,0.055197768806168016
CC_3E13CB98572B,0.16191049281582848
CC_3E142C8ACA6F,0.07269092679938494
CC_3E1BAC4E5B90,0.05276001250030732
CC_3E2DD0D1E2D8,0.15466377074982418
CC_3E403BF08A45,0.10455233995333539
CC_3E46368104AE,0.08256588670176744
CC_3E48A086B5C7,0.2613035843653172
CC_3E54451B0F6D,0.0810783749306621
CC_3E6335ED3F4F,0.07983387409873542
CC_3E87A65C50A5,0.18809067739971674
CC_3E91109E2090,0.06000994299747003
CC_3E92A1EDA618,0.23705054820649782
CC_3E94684FE270,0.529365877862749
CC_3E9DB402F352,0.17594701373242866
CC_3EB5A15A6C04,0.8103579886851836
CC_3EB8A9A6C49D,0.12746130503144262
CC_3EC96BC884F2,0.10202505232842106
CC_3ECA9E44B90F,0.25431179977086416
CC_3ECE4EF16A44,0.22088924983562858
CC_3EDDB8E70F57,0.19949629921587575
CC_3EDF137D0E1C,0.17332567060529547
CC_3EEEE844410D,0.3900157875304596
CC_3EF4F348C967,0.1617236273165424
CC_3EF91DD11A81,0.14275222811266086
CC_3F08C55E7A40,0.20510384270993534
CC_3F171CED0CFA,0.03418409959871766
CC_3F2544EFA753,0.11458058717943899
CC_3F28F3286CCA,0.08260436602936982
CC_3F379CB37B0D,0.16762977471263588
CC_3F42D798AB1D,0.6168040394706376
CC_3F48724540D5,0.19091855195615698
CC_3F68068E2D5E,0.10507068153567985
CC_3F7FBE71B77F,0.0641314115121998
CC_3F80017B8599,0.05841443551526572
CC_3F8B17953200,0.07012314538803137
CC_3F964BADC4BC,0.7088503306251417
CC_3F9767602FCB,0.15162117753925505
CC_3FA84F0B23CE,0.052054844115653094
CC_3FB4B189143F,0.15242142944612055
CC_3FB7C976EB26,0.4493798211032461
CC_3FBCEB2F36D5,0.1013236451980706
CC_3FC4FE843245,0.11923138259088085
CC_3FD52E32FE8B,0.647798911083899
CC_3FDB44EC6254,0.046471218953727904
CC_3FEFBD6DC62F,0.2206802271069501
CC_4005466D00ED,0.30443634367323336
CC_40095FFBC1A2,0.07000314121444569
CC_400F1887A662,0.13189280697996736
CC_40133FF3069C,0.12748310509093366
CC_401C6F0EED5A,0.09863936790262345
CC_4021AD03FA01,0.12982117908251287
CC_402E91F3A56C,0.11944747527115794
CC_403754B6988D,0.11185172456295372
CC_4052DFCB1656,0.22755269470392106
CC_40579C5C13D5,0.7502397876185707
CC_406937FF97E7,0.08447517214498816
CC_406C4233347A,0.18269302041355479
CC_4073E42E11E4,0.21247454449710482
CC_4077BB12A5F4,0.11563633143777043
CC_4077DD5B5C4F,0.12618414080573787
CC_40824D899215,0.07863934595978107
CC_408D79189FBF,0.3302017955844801
CC_40A3F1D5EA0F,0.339967811174078
CC_40A852A592FB,0.12085125480882095
CC_40AADA91D560,0.20151311097739172
CC_40B39CB2CC58,0.037788933489181484
CC_40CE2030F058,0.053647513844726165
CC_40EA2F8481E8,0.16981204546605788
CC_40EFD7778F98,0.1347569412940856
CC_40F278D49681,0.2550677659636462
CC_40FFCF631F19,0.34256052739079235
CC_4101D1B82788,0.25864253010060795
CC_4109B79A4B06,0.0370532296094219
CC_4119348F051A,0.1201580811085179
CC_41206EE45803,0.08037097823098631
CC_412DF740DA62,0.15687152031866675
CC_413AB4CA7451,0.07195619228987474
CC_414C06C60FF7,0.7307461617557551
CC_414F50748A51,0.057711697725863535
CC_415C65EA66AA,0.055308884215087825
CC_415CED95F7CA,0.14019346291448573
CC_416584250060,0.08092073493533403
CC_416B3A1F0F0B,0.07629761417421217
CC_41735021FC7A,0.19916723207095147
CC_417858CD20F4,0.10116989396219735
CC_41902EFB3974,0.0543069640438164
CC_41A27790EFBF,0.1156779566459329
CC_41A4A223F39D,0.11670956382445737
CC_41B464757ED6,0.11475251074352538
CC_41D1A87E1136,0.46821315280537085
CC_420FE297808E,0.043222685761682623
CC_4211096D5588,0.18382385228512277
CC_421F4D78128B,0.44642566465061134
CC_422F2780C85A,0.3451856676997885
CC_423B0296BE24,0.07432436881906528
CC_423E78000AA5,0.17521810238284705
CC_4246081DD359,0.1112269318246257
CC_4249EDF2FDCC,0.8054960748116301
CC_42568C67F412,0.37897513622925255
CC_426A25EA9E21,0.684788597182046
CC_427ECDDEECE6,0.3479741922580743
CC_4289EEC8F0A2,0.17076856672927992
CC_429A7158AD07,0.12740064499279213
CC_429C51AE729D,0.048939838520142415
CC_42A0DE1E5E80,0.09905724014056291
CC_42A7D0F5388F,0.09133503665158729
CC_42B23C8C9F66,0.14336261997035102
CC_42BD3999AC3E,0.27549168356304726
CC_42C95B199130,0.39556893033060714
CC_42CD6CE97523,0.4205745404723433
CC_42DA114F12A2,0.3059719952679871
CC_42E2736AA331,0.17907291546405582
CC_42EA825C351B,0.4724190482616661
CC_42F1B2B4D258,0.5840333087370946
CC_42F4588EB38D,0.27008649860701434
CC_431F29A12E99,0.190965573662251
CC_432EB78A198D,0.2265349502468937
CC_43383344BC72,0.1918484248092216
CC_4339187DD10A,0.06751275105479158
CC_4344A2E7EA1F,0.5166524491562033
CC_4347468ABE51,0.5288470793337946
CC_434894BC2577,0.059519294951714215
CC_4362DB93FC92,0.09559546923910789
CC_436850DDC704,0.15792589345925037
CC_43698E2EEA0A,0.10197580850989393
CC_4387F73F131E,0.09065293096618308
CC_43A33C994C70,0.338550142524745
CC_43ACD82B5514,0.28581180009756485
CC_43B37131B8FA,0.17365067730017508
CC_43BFCAF8BD20,0.1529059572657701
CC_43C060E01266,0.19730665928483967
CC_43C41AF27375,0.05731005087452152
CC_43C5AFA48B93,0.09743440852489953
CC_43C767A44C55,0.20663064065559444
CC_43DECAB53552,0.051310398725405576
CC_43E6D931158D,0.3790914899376314
CC_43E9F88019F8,0.06886677788935149
CC_43EBD6EBD675,0.08272191422417828
CC_43F81C577002,0.33120599600621764
CC_443C4E041687,0.0864833151686694
CC_443F63BF238A,0.1022985857004771
CC_4463776F9AA1,0.12935613415047195
CC_446F1EDF03C8,0.06548603154308465
CC_447BAD4F7820,0.7919293162635995
CC_447D02F917B5,0.06723915950560268
CC_447E705746E2,0.17354320259345588
CC_44A017104F93,0.6310185475915765
CC_44A1E58CDBC0,0.04860803007455661
CC_44ABCC04C418,0.08931639920746376
CC_44BF6BCCFC2E,0.059102599247663916
CC_44D0671A3B87,0.12379596793731701
CC_44DBEE3A7D81,0.1703375543020095
CC_44F7DD6A88A1,0.24306346323446046
CC_45080C42280D,0.1937624258728035
CC_4524AD74135F,0.3610051296156232
CC_45262103231F,0.221509415720172
CC_452D8C5D039C,0.7950274599999783
CC_452DECDBC90F,0.1097212717628882
CC_453C9B3A5992,0.43166055057742914
CC_4542AACA1FE4,0.11899242352177404
CC_455209549D3B,0.7717145278387204
CC_4555C804C4D0,0.07303577033057373
CC_4581E4190B2E,0.10673655933127277
CC_458912F91D6F,0.4410318638408418
CC_45913E1BE65C,0.31302118763401376
CC_4594791FB40D,0.1525655318442331
CC_459B49073E2C,0.34265458440311114
CC_459EA8E0E2EF,0.12184293924433065
CC_45A4A38557E9,0.16041338022817608
CC_45ACE2B1DB6F,0.09305123027400948
CC_45C1A92F0E8D,0.1123539096009493
CC_45D0673EDD20,0.11031800022745147
CC_45D70DC84DA0,0.09788017214994048
CC_45D96479EC1E,0.05197747984661746
CC_45E8597BF74E,0.06375738152994263
CC_45E97246F83A,0.27043074015716806
CC_45EC44761309,0.11448200698792103
CC_4603A6F83E2A,0.06644353013396648
CC_46045CEE8330,0.06586235373652442
CC_464E17187A4E,0.4036550757842408
CC_4659FB4B8536,0.14784838781222456
CC_465EF4F9B68F,0.2337557209127432
CC_4663FDE62E3A,0.2587429706403023
CC_466D54BE0809,0.07125093456323199
CC_466ED9BD34B5,0.08068080179280514
CC_466F7908E13D,0.18539570103874337
CC_4695A5525A11,0.13653969519936143
CC_46BBB8A4854A,0.05091429818389353
CC_46BC61EC8F2E,0.23665613262404217
CC_46C0DFA660B0,0.12287034133379857
CC_46C2DCF84CA0,0.12265807222888792
CC_46C38B9F0D8E,0.09260018089399191
CC_46CAB9AE7C87,0.5509653012419865
CC_46D0D1ADEA59,0.1544717484955119
CC_46DFC1AA0821,0.795120687854568
CC_46ECA5976180,0.09674553512988404
CC_46F5F6D27991,0.08437898481674527
CC_46FE9F226120,0.22738454610738082
CC_47130CC63FC5,0.17989971272604377
CC_472330768F5F,0.09394520957828116
CC_47292EBB8BD1,0.15483926185761882
CC_4734AB1281DA,0.06567872787186878
CC_473989E6BA47,0.23701919320301337
CC_473AE07014DC,0.13193848162205846
CC_4741EF45C3DB,0.30973561634737695
CC_474586BE49EB,0.13289689960470075
CC_47490BF44944,0.24854922338055935
CC_477213DAED38,0.07119332489804966
CC_4778086276B7,0.12753256286697354
CC_47910B073CF3,0.21079799949039976
CC_47939776FDF6,0.7353054344544279
CC_4796F6A64420,0.055097681002262165
CC_4798549B52ED,0.3013814634954185
CC_47A3714E7D2E,0.3302017955844801
CC_47CE219EBAAD,0.18396482543359657
CC_47CF9074E03E,0.13668690300686537
CC_47E4537A53FD,0.11400534403876443
CC_47E8BC938FA1,0.1429134110611702
CC_47F134D17818,0.11996460338185332
CC_4812FBE05C7C,0.3742927557817957
CC_48152725FAB1,0.5747150293177313
CC_482256495FAD,0.618459935577
CC_4829FF15D21E,0.13573489315714196
CC_482D26D81935,0.6577213053262618
CC_4838990A8D02,0.06472479210763185
CC_4862EA9CD1DD,0.04052956427534593
CC_4862F8C1B0AC,0.07540833362157252
CC_486CD67D26CF,0.15089916714338733
CC_486D8F9AE549,0.302386544987089
CC_4877D1BDB737,0.10115436570586932
CC_4885E34F0B26,0.11252164325512574
CC_48928CA8082E,0.11726786991022305
CC_48A74FF0E6C5,0.08377272575034399
CC_48E0791DDD62,0.06721378554636911
CC_48F620B6A472,0.09451569421223467
CC_48FDBB1D7493,0.12645748281787586
CC_4910EC928152,0.1494704933519968
CC_491C18C17767,0.07728498955039813
CC_492F65EF8D9D,0.7927509171126077
CC_493DDD53B97E,0.05431068372528358
CC_495F82AA5B9B,0.1374181908378056
CC_49618412FF86,0.07195061416130305
CC_496A7CFA344D,0.7656796655028149
CC_4983EBABAE3F,0.05767548674347472
CC_4992C1915957,0.5222585241660305
CC_4993B31028A7,0.0684843729747243
CC_49945441A644,0.19230260925282527
CC_49A80692BC68,0.13870810841551695
CC_49AB67613A58,0.17461668534443886
CC_49B05CADDD95,0.5795319524772042
CC_49C6F9AD111E,0.09253131345804685
CC_49CEB94F0B3B,0.04017977913056104
CC_49D3A79B55CD,0.08900091407177421
CC_49D6671DAE8E,0.1123619137824022
CC_49E6C539B1CF,0.04650874789096471
CC_49EEDF0DA684,0.029987157069040395
CC_49FC290E33A7,0.17430500048411363
CC_4A01CF2F67D2,0.7154909829653411
CC_4A16DC668832,0.49172306535872157
CC_4A212461781C,0.06344304322550291
CC_4A237A8E6706,0.16772663789545744
CC_4A3DFA0E27A4,0.129390419027742
CC_4A513D39DCE3,0.09136611339028299
CC_4A532B0E6165,0.1525699079847083
CC_4A5FA9F1C804,0.09453511931233098
CC_4A7BDEC665FF,0.05771659200801572
CC_4A7FC9B23222,0.3058150007154854
CC_4A8A7080FA25,0.21836688966302337
CC_4A8EFD589879,0.06540163625702972
CC_4A8F7D2B857C,0.1805797995425843
CC_4A91E8D4289D,0.32917159009735425
CC_4A93163A12F4,0.33354493533595064
CC_4A9FEF48EA65,0.09481743414537902
CC_4AA73D751AA5,0.3325371694185283
CC_4AAED0C85F70,0.14243363503018125
CC_4AB1DEF044AA,0.04409089524407953
CC_4AB5AE299217,0.19473111605661028
CC_4ABA0CDC2270,0.17830771344422183
CC_4ACFFC2F295F,0.6098211245610506
CC_4B0490BAB1B9,0.07484297112938888
CC_4B28B03CEFEA,0.08845738616906026
CC_4B420765EB9A,0.12249701736703979
CC_4B47C16D9867,0.16252854215760887
CC_4B494C4D7D03,0.42832808890989355
CC_4B4C84B015C2,0.050897126405252
CC_4B607295E983,0.0558887930349351
CC_4B6D24E81483,0.07646845076669856
CC_4B77AF6FAF2B,0.6724156391011877
CC_4B7EC3F2FFBA,0.04639660036561726
CC_4B85318DFA50,0.10589346507028327
CC_4B9B36B36DA5,0.7260667607679862
CC_4B9E0AD5D692,0.5105584993565653
CC_4BA041C9678C,0.11631469007720414
CC_4BB40F2129A6,0.09129226275444455
CC_4BB8FD274E2A,0.1003443776436492
CC_4BBB8118FBBB,0.14237147406998246
CC_4BC8CB91719F,0.12647406469525274
CC_4BE447D54BB8,0.14801300939852013
CC_4BE85B1BDB62,0.36421983739419395
CC_4BEF3C7F6395,0.22844118832976654
CC_4BF03FF61B97,0.4548006329732513
CC_4BF4C38EAE8D,0.2922775350536961
CC_4BF95B8140C8,0.1341581499770341
CC_4BFE0CB61B5A,0.3605115820096506
CC_4C2A3F254101,0.33637042516712407
CC_4C351DEB6230,0.22040850555202743
CC_4C38031A2A9E,0.1139524075532679
CC_4C3E35875F03,0.10938150879091155
CC_4C4D79F933B2,0.11984131654853158
CC_4C56497F4AB0,0.6857242318747779
CC_4C827B493CFD,0.13849355452400633
CC_4C849C6073AF,0.11067724938135337
CC_4C869E6F618A,0.15650143822431908
CC_4CA21C15763D,0.10987797262373686
CC_4CB2F1CAE684,0.12050786676393198
CC_4CC0265E0778,0.04421463019479335
CC_4CC5483903E9,0.5805337705043422
CC_4CD7C76FE235,0.434735215282712
CC_4CE2BFED4F4C,0.10470623147301349
CC_4CE751CB58FA,0.41401702090800696
CC_4CF3E184C500,0.049131191594834665
CC_4CF668E60D64,0.3303309785781287
CC_4D1A1AF53E18,0.04087194186818048
CC_4D29155FCF33,0.25771436310130336
CC_4D2CC7618AC2,0.5198757220268546
CC_4D350FF7402B,0.3346889669813075
CC_4D38AE84E3CB,0.19867814562325073
CC_4D4140E1056D,0.11190989769352827
CC_4D5545FAB130,0.5487651251344927
CC_4D55E218946E,0.0927799485321404
CC_4D5E14BD6AFA,0.08780491657934422
CC_4D78935D66E9,0.060418520356210884
CC_4D883AAAC6C9,0.044983560658708184
CC_4D8D8108C51E,0.5685622643853049
CC_4DB40331777A,0.7889748232364076
CC_4DBC8652D26F,0.09026926059671833
CC_4DC0E154EBB0,0.6811737025333875
CC_4DD5B8780C4C,0.09523708233053205
CC_4DE0070FF683,0.13383115502518259
CC_4DE688CDBC27,0.0764355774978295
CC_4DF37857FCEF,0.07387758036600581
CC_4E20F0249BC6,0.768287985839057
CC_4E2F01B7B9EE,0.19944747148411832
CC_4E41C247B4E5,0.16858637171957044
CC_4E479F6989A1,0.06808764592827682
CC_4E48AF17BC29,0.11235639304709524
CC_4E6BE67E3C4F,0.04230367292072494
CC_4E70939C5933,0.48458393038972375
CC_4E70FB172717,0.15087948082816444
CC_4E726EE8C026,0.3241860582455988
CC_4E76F48DFDEF,0.08314419582610003
CC_4EA180B2B913,0.03428234502000827
CC_4EA67A160C3E,0.5566835358524824
CC_4EE41FC91AD2,0.203189750307167
CC_4EFECC6C2E36,0.6758592125209828
CC_4F22CB97C34F,0.06872940329430638
CC_4F2444DC6C75,0.8212811267046557
CC_4F2B7F512DD5,0.06171733956730904
CC_4F504A9744FB,0.13235080376286096
CC_4F6FEE589187,0.154743423841317
CC_4F71AAF96C32,0.09268399088248193
CC_4F76E57C55EF,0.3748488539072847
CC_4F88D3E5AA2E,0.05419336445501237
CC_4F8A4384F6DE,0.18799107425560901
CC_4F8D83DCCF25,0.20970192316462927
CC_4F956AA47816,0.6434453508272935
CC_4F99FCEA10E8,0.0980008974274004
CC_4F9F10A183F6,0.09585949554405786
CC_4FA766935F14,0.08290916246007975
CC_4FB0B9E398F2,0.3449345898269464
CC_4FD0DF6CA3AA,0.05966431661328481
CC_4FD902F7ADEC,0.06109170742880841
CC_4FF1155E3A6B,0.3763018325485959
CC_50103368F241,0.09362853383391384
CC_5012B9991935,0.1074379301453123
CC_50172FF2C2C1,0.12798623882780977
CC_5017C9BA7773,0.058443536642614584
CC_502C3D0EC4CA,0.10056663202174787
CC_504157951119,0.06251974681813491
CC_5042938B5A9A,0.4743289107039888
CC_504A57293FE4,0.8070771890051307
CC_505812CFE43B,0.34195707928371466
CC_505A6EB06E39,0.3627758940135531
CC_5064CCE0EF29,0.2274168126549286
CC_507BDF639FB5,0.17862422979636688
CC_507E53684AB6,0.10656297301595871
CC_5087A0D1765D,0.2651930927931068
CC_509229AEC221,0.22208036549721746
CC_5092D3A72B03,0.21737950450117471
CC_5092DF691F74,0.6350152568545685
CC_5094BB59416F,0.22805965133382966
CC_509926B384D8,0.763026453221563
CC_50A6C96DA7D3,0.05777496803743965
CC_50AE75A10F3B,0.30606577706598526
CC_50D4BB93EB1A,0.07964449433980687
CC_50DF7B02E356,0.20643623991401092
CC_50EB53CFE7F8,0.05274315641977326
CC_50FC7D563CE4,0.16794014466870752
CC_5100E6EAA3FF,0.19418330971226305
CC_510F2944B2A0,0.11171430105899967
CC_5128881AAD54,0.13476700476701434
CC_5138941DB7A2,0.15976756101220205
CC_5139EF8BEAFB,0.1700495074309466
CC_513E5EEC6B04,0.10179937768073506
CC_51427EF15375,0.2941819616437478
CC_5147B281DA64,0.4207217360264466
CC_515D968ED36E,0.09235061682739705
CC_5176FF858154,0.10827927417324575
CC_517CB40FB016,0.08864635359984997
CC_51884D5F3E4D,0.10465972510667045
CC_51AE98263438,0.12228964884016419
CC_51C9CE782368,0.1638530133419764
CC_51CC80D1570F,0.07450802850509482
CC_51D2E3476902,0.061625264544844516
CC_51E05E706D64,0.12362224551926665
CC_51E5A5E9801C,0.06259758736644302
CC_51F5DA44F9A0,0.47924009160136244
CC_51F6BDD355F4,0.059871753817670945
CC_51FE657FE212,0.10163684857153901
CC_520950C9BAA3,0.05265705479216785
CC_520B1D31AB99,0.10264498436514094
CC_522550E1761D,0.7518606209312568
CC_524CD519E76B,0.10314202926715392
CC_524FE9E3DAD3,0.43538780846758385
CC_52629A025048,0.10758322231807252
CC_526765FC100C,0.2672230151928343
CC_526E56249FFA,0.26082843154799185
CC_528B42A34966,0.23510966770400413
CC_5292B36E4882,0.16491813985952697
CC_529A2F110236,0.15504817070769186
CC_529BC4ADAD6A,0.21355690859668797
CC_52C1C5A6F887,0.06632366976159997
CC_52C3B674FDFD,0.2926713960403829
CC_52CCBB8F9964,0.0783850504492966
CC_52D21FFA24DE,0.7176400092904638
CC_52D32EDBAA78,0.1647229315029521
CC_52D7821A8363,0.13539993039053355
CC_52D9087EBCD6,0.820554498723382
CC_52DD62E1AC2E,0.2086247731170497
CC_52E8B04F0FA0,0.12174215775975118
CC_52E965E9E2C3,0.1611272813444758
CC_530BA492842A,0.3302017955844801
CC_530F6E906D6B,0.03945909805094042
CC_531FCFBE3B13,0.138777791311488
CC_5320DFEAD897,0.15874846344192928
CC_53319AE7B829,0.6744070003276903
CC_53481151859F,0.037234935867164774
CC_534D4FC05F82,0.21018641667067706
CC_53687DA8C9E5,0.32315718834408663
CC_53795A7B7751,0.05112083553270944
CC_538328A6B3BA,0.4725738810651057
CC_5385266461B1,0.1747758818239037
CC_53891CB35BF8,0.11981526930639626
CC_53A6E1083B13,0.09085964372326202
CC_53A77DA726A4,0.08499897211054594
CC_53ADBC2F6E34,0.20946438335175654
CC_53B249809561,0.08560954508508961
CC_53B2DF5B019C,0.05568527448190355
CC_53C1F3E031A3,0.1313227432527157
CC_53CBF2E8AD05,0.5235899209836276
CC_53D04793ED9D,0.0698215204631861
CC_53E23A9B6F74,0.06405142669255916
CC_53EB59C99100,0.38168802685823183
CC_53EB9AC04311,0.13016685610506376
CC_53EC732C9B30,0.032701515324130626
CC_540122E71534,0.13332181024128995
CC_5405C89DF8BD,0.7208944537626004
CC_540D69F5BA23,0.15642343991239613
CC_5414446319CC,0.6729967654623981
CC_5418410F95A2,0.06632182061474233
CC_5431A01C30E4,0.06958472673297733
CC_5452437FC605,0.37648588830474106
CC_5452979BF98D,0.085801967150815
CC_546EE83F84A4,0.5136334753467239
CC_5473268241FC,0.17355705678969377
CC_5474EE64D859,0.2820016109492458
CC_5476E2B2FCA0,0.13754580245162124
CC_54892024F98D,0.22585541675693308
CC_54B33C66DCF7,0.08438167922694156
CC_54CF66B660B4,0.4363934408660694
CC_54D3A35EC69F,0.04320093622439928
CC_54D6AE2665AA,0.09251745798336801
CC_54D93974E62F,0.2592062545057462
CC_54F5F552A0F2,0.1336753151610198
CC_54FC3B361BDA,0.09078330954971539
CC_550135E8FAC6,0.11408214812840298
CC_55020AD0D117,0.18103050707385834
CC_55094AF7EFEF,0.09076516670362642
CC_55126E23462E,0.05625020346161085
CC_554C21CCAF3E,0.12770679018932043
CC_554C912C7DBE,0.07837860288478271
CC_556B02A2B401,0.29186188219160375
CC_557A0B0CD0F4,0.15267803470519725
CC_559A14E729EB,0.3302017955844801
CC_559F0DD4E4A7,0.3981479653886245
CC_55A82B4E57F6,0.17347070043465507
CC_55A98ABE4C75,0.12349625686696557
CC_55A9D45EA466,0.043923596387824386
CC_55CB872FF50B,0.20091162804301935
CC_55D9E3D58435,0.22786374880443797
CC_55DFF3C3BB46,0.0891839261448872
CC_55EDC3996984,0.1217907381423589
CC_56013299D8C5,0.0857715885090475
CC_560B519C1F50,0.1092540306968457
CC_560CABF0F5D0,0.12544670607111524
CC_56178AD87948,0.2624665571700121
CC_5619A7BB54EA,0.11309370167382142
CC_5624319D7B28,0.14126326189557178
CC_5625119D6C37,0.21090781308376955
CC_562BE7245E1B,0.707826731085113
CC_563684010DF5,0.6134896734320117
CC_563EA9A29338,0.10865387004967267
CC_564590AFB575,0.040741497106765355
CC_565E01191BF6,0.6612450606803273
CC_56612A039382,0.05639753378563453
CC_5665FB827721,0.5562783455387602
CC_566932C3CC97,0.13012951647252918
CC_5671D59B2A51,0.1493700998974319
CC_567E7DD24A97,0.06735368664373821
CC_567F47F37683,0.04526319155607105
CC_56847A91065C,0.08996756136930173
CC_5698480F8634,0.07384802896201217
CC_5698B024CECC,0.5454419769068212
CC_569DC051A2EA,0.09667762119844259
CC_56A322152604,0.3199120411575229
CC_56BFD9A8335D,0.36333102629573183
CC_56C9379BADB6,0.0482970879590822
CC_56D410FD8F56,0.30798432601579107
CC_56D4549919EA,0.155274102197391
CC_56D918CA6353,0.12416698158420822
CC_56DB30CE666D,0.12327567664950985
CC_56E760C3206D,0.25014312961037294
CC_56F73F905615,0.7726555173789877
CC_570683C088DB,0.1489663212010987
CC_571C6AFD00ED,0.3633574939745611
CC_5725663C3B89,0.11824354373831457
CC_57291D7667C8,0.1542946621569629
CC_57313F6E7927,0.19158316079469054
CC_5735F9B859AF,0.5483068578402369
CC_573B34826B2B,0.6738723794282792
CC_5744447CAF7A,0.06703269316827162
CC_574CC0FC7B05,0.10403802833538343
CC_5759E2982909,0.09074553000831702
CC_575CCCCDD7B6,0.6506518054907692
CC_57603A37D19F,0.0459930365629865
CC_57639D4995CF,0.25645607246123314
CC_576E6676FD55,0.05966137478136518
CC_5775C148E05C,0.11668976251224378
CC_5798E560E9F3,0.7734859492984069
CC_57A486F61065,0.3607695850008639
CC_57A726458B99,0.06648655107628049
CC_57B0D41BD7D3,0.35620311471406235
CC_57B501E60C35,0.06894837931411817
CC_57CA90509CB1,0.7351365941054389
CC_57CB7673547B,0.07570287605987289
CC_57DE479CB61A,0.7263342805176067
CC_57E7F1A6B895,0.028317525601044485
CC_57F13C4115FA,0.33096134333946964
CC_57F480CA9A42,0.09129307947125916
CC_57FDFC6DE726,0.20659273534969624
CC_5810468B76BE,0.17739299490589946
CC_5810F212B2EE,0.4093333910895135
CC_5817759E7007,0.13405283088694542
CC_5818B5089B3C,0.07737182805636748
CC_582C78363EB6,0.08501294130474908
CC_58391600720C,0.10997505056725769
CC_583D7B177F85,0.10722161588610482
CC_584C11014F63,0.13466424409137906
CC_584CDC12578D,0.05949889640162358
CC_5852F443C55D,0.07669847701923084
CC_58565AF0F70A,0.5082825924998503
CC_58568DF9AECF,0.2251430185790521
CC_5859EE6309D5,0.48621554188865346
CC_5872B45E1C19,0.8021374209258555
CC_58797A417EEA,0.19524613746836075
CC_587A4844B482,0.2388950802369751
CC_587C0CC3DD82,0.6435453132234388
CC_5881A04052CE,0.07570707033690625
CC_589A4E02EF81,0.1408388029693361
CC_58AB46E5655E,0.14581858434644937
CC_58B0CFC9F3D2,0.08538563384167089
CC_58BEFDA6B4C6,0.11671894870991018
CC_58D95C7247D5,0.05881044866431013
CC_58DBF3409D48,0.054460152018698464
CC_58E35A47B880,0.15346798937608552
CC_58E40EFF57CF,0.35347741648408365
CC_58F551219BD6,0.09837260549104578
CC_58FA76C6C45C,0.5733476338236001
CC_59018149723B,0.06139149319535371
CC_5904459ACECB,0.7579084167900393
CC_59088B2886E8,0.043438368900087364
CC_590D2E0AD18E,0.5910368560779724
CC_59146CA05E8C,0.08167943114602277
CC_592592397DC2,0.5577426992616816
CC_5926F5B4E054,0.1751928201342891
CC_592A5A163624,0.39877081033826145
CC_5941C323917F,0.10180665881136937
CC_594E4E86A1C6,0.20475451365468303
CC_595ADAA76A32,0.0942211492392092
CC_596A20270C3D,0.17782119144816555
CC_5970E93E11DF,0.3075270085802521
CC_597AD111527C,0.11150028775276002
CC_597FDFFA265C,0.1189600580995928
CC_599C287D2BAA,0.4437294607642236
CC_599E345094D2,0.14107277887310757
CC_59A4741B5A92,0.19976350044322339
CC_59BB3A5BA2A3,0.6350341252986227
CC_59BFD1200F6B,0.15084792245294226
CC_59C07CCAF4E0,0.2130163033077395
CC_59C49474B501,0.11564342666277032
CC_59CFBC2CA471,0.5234154005335323
CC_59D62BE0C0C6,0.12636810699115933
CC_59D86F572716,0.13904654925552865
CC_59DF71FBA4B0,0.043109015242338955
CC_59ECB7465DCD,0.060283030329523854
CC_59ED43A803B3,0.030257128509865363
CC_59F5E81F4EA0,0.14451898209542172
CC_5A10371BE7B1,0.758342009208147
CC_5A2F9A594A05,0.5729371939061408
CC_5A38E46246FC,0.45526780758285107
CC_5A3F52B0A07B,0.19612819864481415
CC_5A5507A49F6D,0.0744119062726905
CC_5A58A5E6DE82,0.09024958309916573
CC_5A5BB6DC1018,0.2620957621445799
CC_5A5C0DF50E01,0.11100837280282967
CC_5A633C535360,0.08412986985958928
CC_5A67E62D8D5E,0.6570370959359985
CC_5A6BA0007593,0.1158299559510953
CC_5A7513434C72,0.0363625545103459
CC_5A756D8AE60D,0.1839151476707347
CC_5A7C13841B7A,0.6167479328348239
CC_5A7CBB6E8716,0.2417732890429009
CC_5A83A1E25A2B,0.38416122871672453
CC_5A86EB53A14D,0.7440679156987448
CC_5A89E13CE597,0.18188223930395897
CC_5A9466D0CF9F,0.11255046074165458
CC_5A95331BD0C5,0.12366906735114584
CC_5A9F63C3E428,0.04992516022062812
CC_5ABC76FF707A,0.05059840751543713
CC_5AD0F1B43457,0.11431316060134425
CC_5AD82250C271,0.045175225658139764
CC_5ADD27165E38,0.7256537652111705
CC_5AF32E5C8018,0.03084555440469292
CC_5AF3690FA0B0,0.16394940070687886
CC_5AFDFAA63B45,0.13700307546600082
CC_5B025DA26FE6,0.04495318439978741
CC_5B07C7DE7E7E,0.21222955534736723
CC_5B08171A6880,0.20203823775378527
CC_5B09FB1A0BE2,0.06701545477398457
CC_5B0D6BA12702,0.4577256848882177
CC_5B0EF2D4C3CC,0.1454540455346772
CC_5B195D88C182,0.379414841324774
CC_5B1F6FE71A38,0.049175985280478104
CC_5B247961602E,0.04637985944733642
CC_5B276421F4CD,0.05314404252406957
CC_5B289AFA1662,0.2981188721280001
CC_5B3A16421A31,0.05017669336081616
CC_5B3E78897EB7,0.06502000471001174
CC_5B480B44A9B1,0.1289259352873947
CC_5B546C3A21F8,0.17183162220808068
CC_5B5BC4023EE7,0.160129539356451
CC_5B6D63DD34B7,0.10215989392425137
CC_5B6E868912E6,0.0764090770863265
CC_5B818D2581FB,0.1472287094093798
CC_5B82E8BB921F,0.2366800088895319
CC_5B8E8DA14EE6,0.1652001139493489
CC_5B900A135A69,0.0938277738127832
CC_5BB64BDF3C99,0.0884756653771263
CC_5BCB2C79D1CA,0.2645795142743581
CC_5C072DB8586F,0.060556522438610455
CC_5C0BEC2A0850,0.0911954182453216
CC_5C24010127D1,0.2590003530390069
CC_5C2DAF5E0EB7,0.41617896636980617
CC_5C3E8DB90978,0.11134504648680509
CC_5C4A7CE69975,0.3302017955844801
CC_5C5766F933B0,0.4493798211032461
CC_5C5808240054,0.08143209295212213
CC_5C5D6E15EA27,0.19333178268619142
CC_5C60C4545922,0.14437625152098282
CC_5C626D70F6D6,0.1797533383866303
CC_5C670F0622BF,0.08909721632784143
CC_5C799E57EF53,0.054945127525549746
CC_5C7B44735AF4,0.18063609718145762
CC_5C7D8DF047E9,0.1725543804821823
CC_5C80F394EFC3,0.13862972208423305
CC_5C99E6189441,0.08438494551547981
CC_5CA9AB4A6AB4,0.11143443545725144
CC_5CB78ADD2432,0.14638809979684755
CC_5CDE37CE08CF,0.047151024283594696
CC_5CE258D12432,0.34387156970497895
CC_5CEEF006ABF9,0.059748799552635325
CC_5CFD2850E277,0.2677601908059965
CC_5D01F71B9FAD,0.1464999445542592
CC_5D065A455A45,0.21073172555712627
CC_5D0AA7D4954A,0.2182233375493982
CC_5D242448B812,0.11746088062412685
CC_5D2C5115BDD2,0.2096544270013842
CC_5D3273E039AF,0.6755981995790641
CC_5D398BB3365B,0.08562244535460098
CC_5D3C1CE64952,0.09150206049096386
CC_5D4B0EBB5CD6,0.08546749294445564
CC_5D5E897588D3,0.11272718568726198
CC_5D65F25FFB8D,0.0544732964292892
CC_5D665A86C465,0.11745345167798843
CC_5D80C353E475,0.10052794005050038
CC_5D8895A0AB4C,0.18673385181046642
CC_5D88A673BF50,0.22958638792600938
CC_5D89688B69A9,0.3369197860989943
CC_5D8AC8E18A8E,0.06400063727182843
CC_5D8E7DC2FA6A,0.5264296393725618
CC_5DA29AD9E85E,0.059835995033892406
CC_5DB286EAC626,0.3129813180350464
CC_5DBC1BB95B84,0.7624206073481156
CC_5DC0A465470D,0.06819365206511732
CC_5DF82CB03C3F,0.09950582287230357
CC_5E001C93F359,0.06969889202939519
CC_5E029094A55C,0.6854218009984904
CC_5E0808121A65,0.1393705043511094
CC_5E1117E4E593,0.12975635696336002
CC_5E1541060A97,0.7299159311353076
CC_5E1C11540C0B,0.10211858487000168
CC_5E1DC0E143F2,0.17088428078171194
CC_5E206AC277E4,0.23912778580929653
CC_5E22B4BC8B12,0.08095869398920667
CC_5E22D889B6BF,0.1267029578666862
CC_5E38425EC99F,0.7375701353264084
CC_5E3A70C2077A,0.14817872170159016
CC_5E5607D275CA,0.13823559162749494
CC_5E73C3D2B3EE,0.13263223495665677
CC_5E7F23A07A71,0.12114505555570612
CC_5E80A96974B8,0.22935065329835752
CC_5E8C0453B9B8,0.3277630083515936
CC_5EA599FBA5E0,0.4687139972440415
CC_5EB379BA6C7A,0.09959908458260579
CC_5EBB96F65AFE,0.4254558065815257
CC_5EC41568C2E1,0.09945278660388404
CC_5EDB5C924107,0.3145955583538892
CC_5EEE5D0FF8D3,0.15194294493619037
CC_5EEF07FFC243,0.0703912653261612
CC_5EEFD690759A,0.07850425318628218
CC_5EF2176F01D5,0.11861380229992323
CC_5F17CA33D26B,0.0712085185158295
CC_5F20750D6658,0.18111479090302698
CC_5F2CE32A6EC3,0.14150216894640152
CC_5F328EE757B6,0.04622156928217195
CC_5F35B8D87D06,0.17160877536788724
CC_5F390BA40E83,0.6937860055075261
CC_5F59092CA9B2,0.1273455893866173
CC_5F5916E96E19,0.13207316032239635
CC_5F5E835B9E6E,0.10330684462172265
CC_5F648D39D67F,0.49401999446704337
CC_5F6D4104C808,0.17872499288079513
CC_5F72EBE104D4,0.05007056563919115
CC_5F765C41F051,0.05948737821312026
CC_5F8859A6F0DB,0.039394728432820596
CC_5F88ACC7C384,0.15078711785553403
CC_5F89DFA97B7C,0.5277904358935658
CC_5F93A3E31DD6,0.7149597701238142
CC_5F9A44423DD4,0.14801540241214642
CC_5FAA7965BD71,0.1489226859507153
CC_5FAFA265CA02,0.35034559678840954
CC_5FBE1A34704F,0.14708168225242435
CC_5FCAA919577A,0.23916119787530402
CC_5FCD208ADD77,0.19605022218686294
CC_5FECD2BB0094,0.10504922232645221
CC_5FFDE52E6B7A,0.1375751829377642
CC_6002BFD3F26A,0.18491633495657664
CC_600311592F72,0.05859632116138186
CC_600AE12112D6,0.27979623232783396
CC_601C3178E38D,0.17914440429626416
CC_6037EEA42F2C,0.4168774527489433
CC_604C08F76272,0.6211351756141887
CC_604C72AC662C,0.13834620848464574
CC_60510AFA8A87,0.15785842929840724
CC_605E2E26E52A,0.18619259660327242
CC_605E3904CD8E,0.13318498737847284
CC_60611B935106,0.14090537983127635
CC_6061787228F8,0.1319207591306111
CC_607270A72DFD,0.25834595313046865
CC_60738E418DB3,0.12947186899491936
CC_60961DF8A134,0.13972612068360438
CC_609B7A7FA165,0.06821569911744499
CC_60AC5C892D01,0.16646880403810338
CC_60C09FF84412,0.18372469606217157
CC_60C87349D73D,0.2966653754534258
CC_60DA2FBF1FBF,0.10857493323255804
CC_60DA539A39FD,0.1801058916179582
CC_60E974A0B278,0.07173249404618631
CC_60EF7D647EFC,0.04278064339861369
CC_60F525A39898,0.04142774621259078
CC_610009B69EBA,0.6382621625380003
CC_610FDDF5FE54,0.09958230875949144
CC_612C06CB5FF4,0.07833782861080583
CC_61307D82CC26,0.6196571338971097
CC_615030FD33CC,0.6754551845632648
CC_61649241FE59,0.19933130325372728
CC_6170051A606A,0.19259557102626756
CC_6179A630658E,0.09126810574198986
CC_617BD59427E7,0.11500529523244139
CC_617EC8BD5153,0.17673770403697778
CC_6191E14D21BE,0.05601626917338485
CC_61A798B8D222,0.048723745513174294
CC_61B4A983D1A1,0.09018686354926614
CC_61C9732AA682,0.7439733585114512
CC_61DC64E37471,0.07293353263620843
CC_61EAF14033DB,0.1180672937538295
CC_61F18E0C218F,0.053308090592891814
CC_61F1A1263F5B,0.146852464736348
CC_6209EA426553,0.03971901906896267
CC_622BD8CB3807,0.256392212264281
CC_6234A9617A7F,0.0748369658336031
CC_623AC074EB25,0.1396433635920471
CC_623FAACE8A80,0.057614070184170814
CC_6244E2935407,0.2835695293942248
CC_624535E11F69,0.06197270701415426
CC_624EA2917CDD,0.650591616589887
CC_62565D08DDDD,0.7788355715188732
CC_6268ACD3F95B,0.5317367432142297
CC_626B61F4789A,0.6749301493971895
CC_629193C2A090,0.21787958473952357
CC_62933641AC43,0.254276012302558
CC_629480877536,0.35388972617463993
CC_629CB045D9FE,0.08977420701795186
CC_62A84BC400F0,0.37218742534670274
CC_62C36DF81797,0.15945502116475302
CC_62CC835CAE4A,0.6995704005611274
CC_62D4192F126E,0.7524330672730835
CC_62D7A3C9483D,0.06015542036171603
CC_62DF1B99B4DA,0.09852229490608465
CC_62ED7BA3E620,0.06622848330152914
CC_62FC001AFC78,0.08901177283598923
CC_630412B4AFDA,0.1868777787246627
CC_630903AD39C1,0.03516602590970638
CC_630938DCC1B5,0.05018733046202703
CC_630ACED773E9,0.47053539635479424
CC_631E1690D913,0.04527457044492098
CC_633A7C7FC25F,0.27981657852947756
CC_6342051D8FEA,0.2890187352758257
CC_634CE4E8AE49,0.17286795026565765
CC_6359692F5EF6,0.15623921873181368
CC_637278423A6D,0.24399898588426272
CC_6377AB848081,0.1074387273429315
CC_6381A65E0A3D,0.09010368686350781
CC_63871B4814E2,0.12427147003217039
CC_638AD269F05C,0.036351954924555605
CC_6391AE0FB83F,0.13292034099280062
CC_639703EE2ABD,0.040989694400231154
CC_639750C87A7A,0.7401176020992298
CC_639B1DCECD2F,0.17736232903196877
CC_63A869443AC0,0.38624161638994287
CC_63CCEE26BCAE,0.05932481932978252
CC_63D51CECB6D2,0.24129433078765064
CC_63E53402FC02,0.03650132553256404
CC_63FC6895901C,0.14814975924827697
CC_63FC8A97D9C1,0.11920286526599652
CC_64117B93EF73,0.3316526937751996
CC_642D9C325F1D,0.29350497368843564
CC_6436B950E22B,0.21860305988185436
CC_6445BD3DDB6E,0.038748287288817816
CC_645C15569E42,0.0667756690337917
CC_646472AD66EF,0.10812154461291361
CC_646B8254357E,0.15104540332369615
CC_647F4BB4983D,0.6255099012333251
CC_6489ECEEFD0E,0.08459581153981645
CC_64946E57306A,0.04594223353532962
CC_64976830B0B7,0.28252747186139593
CC_64BA10F3FAA1,0.0972567706739294
CC_64BA39A0DFC6,0.09813873383995401
CC_64CF9A79EBFC,0.08132295505668066
CC_64F0E0473D1E,0.09577756056175703
CC_65006C2AB2D4,0.7701970823613867
CC_6500BD19FA06,0.30496485662182815
CC_6504DCAA90E1,0.07817882880720722
CC_6509C7361994,0.19366294429308434
CC_651486189673,0.10958426189242085
CC_65194BAE506A,0.2524477788526936
CC_652539353439,0.1763471447925896
CC_653CE5FA5A76,0.2625884601200437
CC_6560C2F4EDA4,0.1852149100376689
CC_656137F98187,0.6605278363526509
CC_6575B4B39113,0.03720369765786331
CC_657F629D31E2,0.22938696885410326
CC_6580B7583ADE,0.2415954113648933
CC_658477BA75D6,0.047420870276177585
CC_658B7867BE7C,0.12566180675325725
CC_6593FE5349F2,0.08288928193681268
CC_659EE0F05A75,0.3154193397582502
CC_65A0D8134410,0.2745499876209936
CC_65ADD5A19F64,0.09834750805545157
CC_65C3F0F73BB1,0.08642100890382011
CC_65C47521C285,0.03550874544144924
CC_65C4EE0B737C,0.2987601902378177
CC_65CB68404333,0.21675475433851046
CC_65D6DFF1B766,0.10950132939159066
CC_65F1545C35E1,0.20030312106202175
CC_6602547E2FCF,0.21588347419212506
CC_6615D7044816,0.2636446923817314
CC_66244D4B72EA,0.09737317237237766
CC_662E5AAE07A8,0.04900043807845919
CC_66322B339E84,0.06493230186384792
CC_6634FD4B1CD5,0.7579007422067624
CC_663DCEF4923E,0.1991878228779873
CC_663FE5BF918D,0.41784014322354923
CC_6645798E740D,0.11029149075401153
CC_6649736C8321,0.7804294619487837
CC_664E1026C4D9,0.32264407439337056
CC_665603C4A33B,0.07551025138553823
CC_665BDD9C8039,0.47072883879467664
CC_665F2AD58363,0.2162979578532088
CC_666767444BC3,0.22234997711445142
CC_666C0A2A8674,0.04949150093090159
CC_666F2BCDC7D7,0.18590464219514946
CC_66775178B226,0.06368509763942717
CC_667B6F8C846A,0.576241163261553
CC_667E909835A4,0.1774402952069033
CC_66809C278FCC,0.18250485342134462
CC_669CCC44CFCD,0.06876465441895835
CC_66B0BD3F6516,0.3264293136635431
CC_66BF02C05DD8,0.13953057380049644
CC_66C491256BE4,0.07616156333323315
CC_66CEFA65F912,0.31475902785277904
CC_66E025DB3282,0.6035159534983345
CC_66E7B423A32F,0.7301287637445439
CC_66ED26E7BAD9,0.07246139210089587
CC_66F7FF7735C3,0.20078303898425792
CC_66FD0CE6D57B,0.05565204080345506
CC_66FFFE05C2E8,0.07779634255739257
CC_6700012A39B8,0.13704975255850382
CC_670FC6A064F0,0.2119921085616022
CC_672932B65802,0.08423879451972627
CC_6742C6478F98,0.17681235822814698
CC_6745321663BF,0.05488957013821786
CC_67579CF57290,0.17764869306946487
CC_675F7483FB90,0.18448382521372506
CC_676ACFAA6131,0.6604768367055253
CC_676B423C495A,0.6016456159428969
CC_6771C0D1CB1F,0.04744660196178707
CC_677EE0369CA7,0.0605803094957529
CC_677FE35855A9,0.15856845490089408
CC_678091614A14,0.1406286705141872
CC_678A43ED0803,0.6388622552953721
CC_67955C210226,0.07653458398797244
CC_6797E0B01112,0.3050016104109156
CC_679D90941842,0.1198182488035302
CC_67C05273700B,0.1398792957072415
CC_67D5172B6450,0.20769965608579283
CC_67E8CF412D93,0.11583215935881348
CC_67F6576A6836,0.2190514098788839
CC_67F985A00A12,0.0793924189015763
CC_6801AD1D4478,0.07687637826175944
CC_6803BFA94B17,0.06446654331800629
CC_680B16E5E240,0.14866653947365546
CC_680F2D0F4F6C,0.08539238948793049
CC_68221E1393E1,0.09059424185041008
CC_6822590B968C,0.2116452397396822
CC_682D8EBCEE94,0.21670123729445323
CC_68429B4AE401,0.3800317547681864
CC_686B26BDD061,0.07093850168821103
CC_687518442359,0.38880882673875317
CC_6875DA61F422,0.21123451896571355
CC_68A3D749608C,0.1865426124904654
CC_68A9C3CE2557,0.08977794218882762
CC_68B9F8C6D9D6,0.6487272363213391
CC_68BC65E3C84A,0.3793553684755849
CC_68CC4D1D898F,0.07688299146422081
CC_68D0ACBD2D0F,0.030799262583286725
CC_68DA8D5488B3,0.08141449162838169
CC_68E675A69AF3,0.19369776866891816
CC_68FC9E6FA27E,0.19691092421636283
CC_69322F7C4CE3,0.12266155350673544
CC_693710EAD59A,0.21892237846059942
CC_69387752F41F,0.48258671417719196
CC_693B71DDFE67,0.14331144835609796
CC_693D4AEDA3A2,0.1329522704859027
CC_6952171BCD2D,0.11558599344711264
CC_69547DEB412A,0.2289812087844589
CC_695E80DBA42A,0.08504457995979564
CC_69717E76CFAF,0.419903333693951
CC_69741BF89A2D,0.13175059854165616
CC_69825C70EEE9,0.260143295566153
CC_6985C268DC74,0.42900310595540087
CC_698886C4AD90,0.1364577180831338
CC_6999901A6060,0.18588388912020934
CC_699ABD34646F,0.06324240189829258
CC_69A98DC7A907,0.07172687997983354
CC_69AA6E0DDE10,0.1994578832640168
CC_69AD5A48A78B,0.25066627286323073
CC_69BA7BFF98E2,0.10958623439130688
CC_69BBE365C097,0.05001001023292598
CC_69CD95A00D9C,0.049541564887212335
CC_69D328691680,0.06397051039586459
CC_69D39C9F36F2,0.24622544635674015
CC_69E09390CD64,0.0910676711176255
CC_69FD49E90AC9,0.33436471031974185
CC_6A099AFE73BC,0.1774543398253022
CC_6A099E6C91BA,0.29538006945316303
CC_6A19EB191A81,0.04010809992329116
CC_6A39017046FE,0.10203723671025731
CC_6A4A401F2920,0.3598584565902541
CC_6A5261180031,0.06540572412988756
CC_6A7432494840,0.1799601779592975
CC_6A7963180D20,0.3975313604447002
CC_6A7D7E5F814F,0.5437110740695192
CC_6A8B8BBA749E,0.15166680532056065
CC_6A8DFDB0621D,0.12418345692092896
CC_6A93C436E2FF,0.10287946030737298
CC_6A97F81D9A0A,0.13412524703920148
CC_6A9D1622B4DE,0.28295345830947766
CC_6AA6589445C1,0.6892302491836035
CC_6AA7A87F59FD,0.13135337976030878
CC_6AADD44C0B52,0.08505150921432235
CC_6AB4A5EBA3F6,0.26982024325715653
CC_6ABA7D0ABAC5,0.11405400562663442
CC_6ACF1E52BE8E,0.14374963115978204
CC_6AD3513459CB,0.1159953519395931
CC_6AD4238EE77D,0.21440035848561687
CC_6ADD0FE5DD74,0.6506240513800909
CC_6AE2737BD3A8,0.0904568295281297
CC_6AE48C1F2448,0.15118613006809456
CC_6B00A666A420,0.658746406258086
CC_6B07C3992304,0.0718399243414513
CC_6B0A72BBD800,0.6450047562280501
CC_6B12B975F2EC,0.41887456359673797
CC_6B12C9507F32,0.21660068767938465
CC_6B34719D93AC,0.5824550327724097
CC_6B34740DD355,0.15466343728626544
CC_6B41081727AD,0.22375188287648937
CC_6B4902892E70,0.08597793588176762
CC_6B5BC2D89077,0.7337223458406158
CC_6B65242C2CCC,0.15106156640736335
CC_6B823BACBE75,0.35455773395456497
CC_6B83E1A959C2,0.28151159113408364
CC_6B84FB3DE604,0.02717372010473622
CC_6B8AABAA752E,0.19262621404130784
CC_6B8AC0DEE990,0.3961921272700619
CC_6BA45C072D40,0.1743916374769329
CC_6BA72ECB5027,0.0792506987452292
CC_6BB560F020BD,0.05771277982518242
CC_6BDF0B68C126,0.025210713103416015
CC_6BF0A9437728,0.10042604638213855
CC_6BF3B9097199,0.1460435169505408
CC_6BF7A1EF31B9,0.23604081616537054
CC_6C29DF49246A,0.0585438214752007
CC_6C3C86C2125E,0.08640199990153125
CC_6C42FF6D7218,0.6944123391594823
CC_6C541A482CF2,0.2451875294206398
CC_6C585A6BFE01,0.7858113690352702
CC_6C5CE36700D0,0.2141658228341537
CC_6C62C2094733,0.08766074799506297
CC_6C66539A9D02,0.30826812842089735
CC_6C684505E498,0.07918161479152594
CC_6C6E40927C35,0.029799028914379622
CC_6C7736F51C12,0.7325498038608305
CC_6C781CEB6F52,0.09969788045026609
CC_6C7E39BF4744,0.15741264013827447
CC_6C9EE9BAECEE,0.0863479603648427
CC_6CA0F076091A,0.09250655025109707
CC_6CAD299645B0,0.1373735396986232
CC_6CC3C50BA394,0.09944149635401874
CC_6CC593C5385D,0.041830290067175896
CC_6CDA4B24C602,0.2535688667541262
CC_6CE31AFF7813,0.07754743943147713
CC_6CECB68DE9C1,0.33243276514941567
CC_6CECD3DBA212,0.1547560607121482
CC_6CF17D012682,0.19578307347690965
CC_6CFCDF903310,0.15858444903752766
CC_6D08B5E62654,0.09036662062209444
CC_6D0F60667273,0.32618598379908514
CC_6D127EE83945,0.05052384574407744
CC_6D134DB29068,0.3128193150743471
CC_6D141A49D94E,0.5434048388137851
CC_6D148C0A624D,0.1434699258427483
CC_6D1EFDDE2EED,0.06794969856986394
CC_6D22B938D7B9,0.07601690142836744
CC_6D27409F4956,0.08012639904919172
CC_6D2F0EBBCA4D,0.21796693830016664
CC_6D43BE30E8B8,0.26407373746290663
CC_6D4EDEAF67C7,0.1805590144684314
CC_6D72571304DC,0.5305820785611066
CC_6D7C62C7C161,0.06452867202354422
CC_6D8A18C28AF0,0.07839138561479256
CC_6D8B35007242,0.0812190087393679
CC_6D93A9E49E3B,0.21066277420545734
CC_6D9C644A082B,0.09918567921648308
CC_6D9F52BD4D0E,0.08710053926301756
CC_6DA058F9B631,0.24774193158416907
CC_6DA1F8DF9CDC,0.24983540859042475
CC_6DB000AEF16A,0.09152629226711592
CC_6DB5025899E3,0.1958124202121173
CC_6DD6FA2FA0C6,0.09240354675177778
CC_6DE4E4C1A31D,0.17598575373094205
CC_6E09CBC15C94,0.48303594870460964
CC_6E353816938F,0.05635569066002093
CC_6E3AB992A5C9,0.16314876218281382
CC_6E420A2FE490,0.1476289169541586
CC_6E46D01888D5,0.1575489598083307
CC_6E4702162475,0.07681595323736681
CC_6E548AF15091,0.23915333174902578
CC_6E5C9A2DA27E,0.05348875706461985
CC_6E610F3976CB,0.19613608334121493
CC_6E614FF9BE02,0.6543652392608366
CC_6E68D46447E2,0.1081261872311386
CC_6E712C21215D,0.04221642464733463
CC_6E84DED41B8B,0.14938606924567593
CC_6E8557E30DC9,0.5805381557689319
CC_6E8963475D35,0.20948741361547588
CC_6E9880CA0BF9,0.32446044410357666
CC_6E9FCD68ED52,0.6662089491126822
CC_6EB194A93F60,0.13538900655806874
CC_6EB370F511F7,0.06470673785135124
CC_6EC722B2BC2F,0.16240054244143104
CC_6ED1B0EE4B6C,0.21934167275415614
CC_6ED65E7CABA2,0.12249177397627535
CC_6EDA84B653B8,0.32429476100925986
CC_6EEE8E7C1D1C,0.19443914122184083
CC_6EF17801ADD6,0.1447996369048872
CC_6EF337CC4BA9,0.27331020584243365
CC_6EF464EC9FCF,0.12075145058686182
CC_6EF6B8AE7DCD,0.04975482710937095
CC_6EF8C59D8395,0.8199437331510011
CC_6F2146FE362E,0.06986190517057238
CC_6F2408B665A6,0.32901018514396857
CC_6F2B8E925D59,0.027695463498759103
CC_6F3034E96848,0.14581964580098916
CC_6F3559ACC2F5,0.04869548514112952
CC_6F46C5897DA8,0.43803670661291355
CC_6F49ECAE902C,0.07249954813207782
CC_6F4B818665D3,0.11475675456652643
CC_6F4E696A1F88,0.21412299721380454
CC_6F54BD66C0EA,0.1607329398837083
CC_6F786C433998,0.09266734749627972
CC_6F78BF56B0C0,0.09836883189774515
CC_6F8346F138C1,0.4683154366042255
CC_6F86CFDB23D6,0.062235428693641244
CC_6F8E30AE9457,0.1486959168279715
CC_6FC25B27AC26,0.07973145387272924
CC_6FC8BE007FE9,0.11988715852867933
CC_6FC8DA40122A,0.1748206006513956
CC_6FD8BAB1DA3E,0.0622344727064282
CC_6FE4FD09A9D8,0.07623519748141006
CC_6FE78CB02174,0.03270461794245947
CC_6FEB8EDBF2A4,0.14704079946572482
CC_6FFCF2DAD0A4,0.09949767550840372
CC_7002034B0979,0.09715941498753941
CC_7006523D45E4,0.09889829889807211
CC_70097151A773,0.05573705485108008
CC_7011BC95A91B,0.030476100959773544
CC_7020F3C11A3F,0.1531722559889697
CC_70306409A3E8,0.2855715105249023
CC_706B18DA7204,0.12894846598050053
CC_70703A59C070,0.18579402582136928
CC_70749DDFF595,0.13603884616606246
CC_7079CE5127A3,0.040249812793962884
CC_7087A46F0AB7,0.08607001593028624
CC_708B73EBD939,0.1914600155421832
CC_709315667BCA,0.08187065691244971
CC_709970475B6D,0.6217966315635359
CC_70A56ADAC199,0.05329341440494474
CC_70ABB244502D,0.05834209481309158
CC_70B0176647CE,0.11963908452264757
CC_70D3353DA1C3,0.07957213544333323
CC_70D652DF4E91,0.13567029542650164
CC_70E3121BFDC4,0.09666990750337617
CC_70E5FB8B072D,0.06212000269621276
CC_70EFECA3FAEB,0.17816653207175262
CC_70F59DA18BCA,0.5051528271575604
CC_7100129A0AFF,0.10237025966139443
CC_7113554E33B9,0.09341104164058188
CC_71260405461D,0.05443552484801141
CC_712677251322,0.20465207838648855
CC_712D31B2785D,0.05293167927095056
CC_713052DB1E2E,0.058337363561369045
CC_7139C2D6F1AC,0.08935708491680133
CC_71427FC8FA49,0.24208425093817545
CC_714912E93A71,0.12335659302046384
CC_717A5C2ED311,0.25079064037693644
CC_717C94F5C8F1,0.07459664778167847
CC_718F067F4DA0,0.046301749677064886
CC_719E714DD38C,0.07211642647425504
CC_71B169C874D0,0.1724680692798222
CC_71BB5070615C,0.12185636534766955
CC_71D37D6D19C6,0.21389993688821718
CC_71DC80205F42,0.13957586702226776
CC_71DEB636B8CD,0.6461157688731086
CC_71E4CBAA1211,0.15029441620311038
CC_71E787049755,0.08947220546705159
CC_71F1EF5575AC,0.1050830267479892
CC_7201DD8EB33B,0.2003226602703437
CC_7202C8CE2317,0.3120463975244984
CC_720B06583C57,0.04050211579292146
CC_721DEC038BAF,0.06395803362739563
CC_72219BCC83E3,0.17198396670509275
CC_7223DABA7E98,0.058508175428839036
CC_7233459FF7B8,0.2373966114112934
CC_7238A8A6767A,0.1321944392271725
CC_724559551664,0.7085228582476517
CC_7248EB4B76CF,0.0775914891665889
CC_7259B5314D92,0.085259084456791
CC_725CA03102FE,0.045185471744442054
CC_726E05E5A555,0.12254882795005455
CC_7276AEED6D4A,0.08518661945872902
CC_72A18E8D6670,0.054795910770788166
CC_72CDBC38202A,0.40218586305812787
CC_72D8B2ABA2D1,0.7753236231763461
CC_72E4590D362B,0.3825043536973873
CC_72E8542AE4BA,0.044490585036421684
CC_73010B6E55DD,0.5763195450953889
CC_7309A4693D52,0.1343932559296227
CC_730C2A3FF1BF,0.15437521836996854
CC_731C1BCED024,0.6521413104697914
CC_732C325832D8,0.14020268164475258
CC_732DFCAA0A75,0.18296970981123759
CC_73322A6A24B1,0.7622177745409398
CC_7336B19A18AB,0.17772939014936384
CC_733AF1D123B8,0.35412385667852614
CC_7344A0E90AFC,0.13303747633779794
CC_7348C2B475B7,0.11269729482967336
CC_735E1A78B058,0.09080007434322948
CC_735ED2A02DC4,0.1388430289234195
CC_736015DE4E3D,0.34868906975976804
CC_736A42761E55,0.0937359830491659
CC_736C0436B98D,0.19160827255536222
CC_7379212919FD,0.07477235054631673
CC_73859CD59E75,0.5335585236675823
CC_738B201B1CF9,0.10799349656386917
CC_738DCB11942F,0.06470426190448211
CC_739198ACE582,0.13683074320077135
CC_739D093D7B69,0.09564362570889676
CC_73A7FC903662,0.16115836168069386
CC_73A8927DCEB9,0.09601285111290163
CC_73B575BBBBE3,0.1128342985268658
CC_73B6B9AD2002,0.052145575834130674
CC_73C28D72A5A3,0.5442566382111457
CC_73C38DBDF9A7,0.11128504004866965
CC_73D44BEF6754,0.401456213276759
CC_73D4C1D7C022,0.08163656632253266
CC_73EF383F3C2E,0.1701853565754229
CC_73F34B1607C1,0.06122120885691693
CC_74137206902D,0.1149977791079596
CC_74198E5EC366,0.061873678749496216
CC_744FB5804A8C,0.6245357101155783
CC_7451E64B6D47,0.19893232327936747
CC_745A64878AF1,0.09806353750082772
CC_746B196CECA1,0.14570089963677407
CC_746C06898D5B,0.6374953796719793
CC_746DE1EED0DD,0.15692497835818436
CC_7476938CF6A0,0.5383870551816257
CC_747CFDB7E305,0.0679879609326335
CC_74845374E870,0.7437085630399327
CC_74AD8D3B192C,0.6735316114837547
CC_74B90A15B270,0.09187785856585143
CC_74BA5D46E909,0.6965697579629968
CC_74BE0AD5E21D,0.1811970566293289
CC_74C33B66F002,0.1770681751652707
CC_74C9C3F17421,0.06902799473777001
CC_74E4BD5C07D2,0.06552130303585155
CC_750D90249EFD,0.1069000142857078
CC_750DA21B7EDD,0.3242281743811131
CC_750E6537383A,0.3121485955413093
CC_75137D6F9DCB,0.0953588725787339
CC_75173A8A11D1,0.3153041706212527
CC_751DDC1FC2AD,0.1029358765072807
CC_75357E0206F5,0.09246832423118863
CC_753D160E3A58,0.11200153199299508
CC_754447632F75,0.04716184656897035
CC_7549363C5D36,0.06978261464330769
CC_754F3894627C,0.10405014712321421
CC_7562CD43897F,0.14865650892696144
CC_756A077EC614,0.3850696153631457
CC_756D3492443F,0.28158979029089065
CC_75783B3E6C6E,0.04052120239311891
CC_7598068A716C,0.05050392121272811
CC_75A37D8C1F6C,0.6122120357917074
CC_75ABDDA24C26,0.0873391657484833
CC_75B287424E59,0.3297577370260196
CC_75B2B88876B6,0.11799977120092904
CC_75B324FCDD4A,0.27350033217940134
CC_75C1466E61E2,0.25193501041046723
CC_75CCCD9D4568,0.10721537707721401
CC_75D2DAF4491C,0.3693693788307511
CC_75D54090AAD4,0.12286962821407761
CC_75F1927E5941,0.6830354254088655
CC_75F99AD6844A,0.3302017955844801
CC_75FBA505C727,0.27266551747299866
CC_7615CC930B76,0.11302726802060645
CC_76168488EBB0,0.6073843811897844
CC_76197A77D666,0.03692305892814019
CC_761F48F8E962,0.2284876462190306
CC_764C6ADC6D1A,0.09730511409883492
CC_7658A6B0910B,0.05599733341178325
CC_766347951B7B,0.5189385426235982
CC_76857712D8F5,0.2686089395571695
CC_76A0DF2549B7,0.09724335532702366
CC_76A636414AEB,0.24501964756651726
CC_76B01540CDD1,0.18566259566509913
CC_76B420FC66EB,0.12874807993493587
CC_76B6BCD2EBAF,0.06957552195721957
CC_76B7A0029620,0.11031342819594324
CC_76BA435EF2AC,0.13708315426324216
CC_76BCC1AFDA4D,0.06971957817653288
CC_76C35913E797,0.1841181822263468
CC_76DE3DF1DEE3,0.1884942844764401
CC_76DFA4CD068B,0.13264013424276413
CC_76DFE3568C72,0.2987970933862373
CC_76E201F1E036,0.3493274982616867
CC_76E83166FE0A,0.13522149561883975
CC_76FD9E9D9ED0,0.11230626114973474
CC_7720BBD06736,0.3410798079068884
CC_77340228F356,0.7073019190893732
CC_773CBBCBAFFE,0.11289826401741333
CC_773E9B092923,0.09169584061895067
CC_773F22C3E42F,0.045544496418240446
CC_774ED295BF96,0.17022901138009036
CC_7751ED6DF76C,0.06645709958316309
CC_77571749B970,0.14644376170005077
CC_776F8B3BAC08,0.14005045621371764
CC_777889F9694E,0.04754779723310281
CC_777D08513AE8,0.09019446270817247
CC_777E3D988EFD,0.2800978526658189
CC_7795BEDE05E8,0.2505698596116302
CC_77A9EA3A6784,0.11268453477789032
CC_77B1AB7960A9,0.19475145366899071
CC_77B6EA810549,0.36097773178800924
CC_77B9889C9BFD,0.19083031836214023
CC_77BC55DC92B6,0.13095914675932788
CC_77D1DFCB0A8B,0.052371015691669597
CC_77D9AC43DFE1,0.20382777667023047
CC_77E6EF1CF2F7,0.10810558674852881
CC_77FFA8E6B36D,0.1344080578721467
CC_7801661A9DC2,0.17062790106548711
CC_78069B1BD931,0.1305654979287331
CC_780828B48716,0.062319747479394116
CC_782130B98F34,0.08865283455882245
CC_78273789B3C5,0.7403479900799522
CC_78296783E4EA,0.16337305413822167
CC_782B06291D87,0.07437813123948789
CC_783A2D4C89F9,0.38951114328292535
CC_784407E16923,0.09244218689555063
CC_78491B6255F2,0.3579440541946521
CC_784F17AC712F,0.06742791966742571
CC_7852FC3BBADB,0.08261314663829081
CC_7866E4CE528E,0.7617846021716113
CC_7867E7C01013,0.18483085629274562
CC_7869F609EC2E,0.23074857135099305
CC_7874F14ABD7F,0.1488508523305846
CC_78774E05FF12,0.15348238211733833
CC_78815A352067,0.1072210684815001
CC_788FF4549766,0.2542198498342768
CC_789977501322,0.1055448049481774
CC_789B2BA880E7,0.04730654436911916
CC_789D87F51AA1,0.06024756575747527
CC_789DC3C358CB,0.21630106352704628
CC_78A036DF6320,0.7169771577839599
CC_78A3EA63B7EF,0.045879677722132486
CC_78BF1B8FC1CA,0.13852535821598336
CC_78C96E7015BA,0.6811877879098299
CC_78CC84FA2CE2,0.15757296159624762
CC_78F0087076CF,0.21469405698006197
CC_78FAA95F5B5F,0.10355423411116074
CC_79033EFDE096,0.1226040966777914
CC_79086C18A963,0.09190246582359658
CC_790DA2ED9F5B,0.11435786886495536
CC_7928811F7D86,0.10304134939543086
CC_79345478FCE5,0.22198976833337908
CC_7936C8D65B95,0.13597781288812263
CC_7948C5509411,0.513220551738749
CC_794ADB0677CD,0.12130883045243211
CC_794FF8E7F876,0.03924611822486549
CC_79500EA652BC,0.6301842820270114
CC_795083A66DB5,0.0474177187140495
CC_7950D4B773CF,0.1390880538998601
CC_7955AEB49759,0.15045823948229547
CC_7964F862DFA3,0.3628228598516255
CC_797A700CF967,0.4564539568495434
CC_798180DDF677,0.34961637128853806
CC_7981ABA9C370,0.10400585616662177
CC_798B2DC03C5A,0.07858797085862856
CC_79BD986C23CA,0.06606237848026492
CC_79C6BA680815,0.5327642121878785
CC_79D694E6F5AF,0.24526296650233878
CC_79ED9A0F6E49,0.4502420467781164
CC_79FA2512E5A2,0.18354506626982497
CC_7A0024F6FA60,0.2128002209472506
CC_7A193A453F27,0.04133522100224416
CC_7A1F071DC5D4,0.40658379083329105
CC_7A5D96BC99AA,0.720109625835698
CC_7A6B51562949,0.19059827219382786
CC_7A6D7F9654DD,0.4063430161330651
CC_7A778E010F33,0.24358645674876983
CC_7A7FB841B669,0.5460010206436366
CC_7A91013D31E1,0.15110974470916796
CC_7A9117596769,0.07074636154578647
CC_7AAF340DCE8F,0.21688044447390642
CC_7AB146267981,0.26503073016495365
CC_7AB2A9CC8424,0.30475809232001966
CC_7AC1DF18CBA4,0.2605406395620038
CC_7AC4240DD225,0.352645149857307
CC_7ACB325BD924,0.17521358322501313
CC_7ACB88002397,0.45010226253229324
CC_7ACD4F370AED,0.2202096923271135
CC_7AD4072A9F82,0.05486307899757665
CC_7ADEECDE4D73,0.1880076931269725
CC_7AEB48D8C5E0,0.08730311421637807
CC_7AFA5CD2B29E,0.09573447037303404
CC_7B092786DDB0,0.05406428193436581
CC_7B1B35D5628E,0.037762834876153624
CC_7B210557F04A,0.11974270442087753
CC_7B369A7C1D3F,0.14421212427384053
CC_7B4002591821,0.6899813412319965
CC_7B42BD80D79A,0.1995699905918311
CC_7B44FDF08B93,0.13459019303391
CC_7B501C32CAE5,0.10253820549490233
CC_7B88520D4FA2,0.4027771522939743
CC_7B8ABE6E552B,0.18583057628036767
CC_7B8D2E07908E,0.34684939884707544
CC_7BA150468D19,0.6478303315062618
CC_7BB159FCEB53,0.21404225328217447
CC_7BDD72710831,0.0716065647716873
CC_7BE02C65B967,0.15933998661193047
CC_7BE382988C1C,0.5898518537970021
CC_7BE6110DBAA1,0.3489663167880212
CC_7C0B14BB0573,0.13914387360832647
CC_7C0CF5558904,0.664447645084394
CC_7C13E7F561DA,0.7027153132493804
CC_7C46F7F667F3,0.10637568433782862
CC_7C510CE0521B,0.07822529333214043
CC_7C61B5D39E49,0.45304547817974944
CC_7C6770DDA182,0.1076011413782346
CC_7C6DBF78A610,0.11427322634384927
CC_7C7B0438E3AB,0.18643364589954434
CC_7C87DFBC3176,0.09702836129196424
CC_7C9528E94215,0.259592846975136
CC_7C9ADE65CF81,0.09766197996265302
CC_7CB6CD1B9DD0,0.06070074365120781
CC_7CB7C7E55BE6,0.14480488761617855
CC_7CCC3A690325,0.16781928946361516
CC_7CE5689488DB,0.053470719133121264
CC_7CEB758A9814,0.04943476505936558
CC_7CF7443D923A,0.06131506525848054
CC_7D0D597690BF,0.10776879598783054
CC_7D0EA0307817,0.04829355635399058
CC_7D12E6FF25C3,0.11837544015048274
CC_7D28D39AED1F,0.676558506338563
CC_7D2D19D832FF,0.06403791227319966
CC_7D34A67E1369,0.06022952961750233
CC_7D4388B41EB9,0.15760414276957407
CC_7D46FE573D79,0.058428245475667134
CC_7D7810799F2E,0.05348897412094329
CC_7D79241150C8,0.13326653744173172
CC_7D7B92EF2655,0.1443029015382483
CC_7D8C2495C1F7,0.07328154950222342
CC_7DA4F1BA24A1,0.6348376115404147
CC_7DAF18939084,0.08114958051141517
CC_7DB8BA427410,0.041009210550459384
CC_7DC9456F1161,0.04178213472372824
CC_7DD2CBE0F0BC,0.2521136617761586
CC_7DD495158BFD,0.6229938185935122
CC_7DD5411F7A14,0.3302017955844801
CC_7DF099A7A092,0.2385845402126186
CC_7DF27D2AC111,0.06247369960314267
CC_7E0CA072EF93,0.05485046255571131
CC_7E0DA100F5F2,0.18328750601356278
CC_7E1086EFDED5,0.04891062865099467
CC_7E12E0F3CF6D,0.10578365753560519
CC_7E178CE78FB8,0.0741993482854774
CC_7E1C1A6D0E9A,0.15490279875513496
CC_7E2A76850DF6,0.7884790460354553
CC_7E3ACB15C69D,0.09995427420580882
CC_7E3F3373A73D,0.7328464427016118
CC_7E42A3D0737F,0.11777464591471036
CC_7E4679C534D7,0.2412082113415091
CC_7E53FEEB19B1,0.27066735324928914
CC_7E71CE7FC603,0.2359580849375519
CC_7E8333DBAEB4,0.35674935436703364
CC_7E843438DE4A,0.051050479433263685
CC_7E8E4747C0D0,0.6652624610872788
CC_7E952828C1B5,0.09349475039543599
CC_7EA6431FE6F5,0.1236602871214732
CC_7EA7BA7621C3,0.25340854892387493
CC_7EA8F24B3010,0.10158114139578699
CC_7EAB28B0309C,0.06094275391572134
CC_7EB4A5BDA97E,0.0721268539306353
CC_7EB4B0A36534,0.08504165131684938
CC_7EB791F4AB2E,0.10962652638225603
CC_7EB883C9D5F9,0.04459224256460352
CC_7EC59C577F02,0.05659180470071866
CC_7ED2683D26DD,0.10140710338553986
CC_7EDB3440E0AB,0.6317853175094246
CC_7EE12013C7DF,0.17410065825246973
CC_7EF824CC0D3C,0.14276851508841681
CC_7F09C6F6321D,0.739238304822689
CC_7F1AD40DA179,0.14823128689348908
CC_7F1D38A39164,0.07300341326059716
CC_7F22B7D326CC,0.19984687909999208
CC_7F2614F1AAAE,0.22606111723716826
CC_7F2CDC7C1634,0.05922101944917079
CC_7F2D46DF9BC7,0.1581749875119978
CC_7F57A90B69E0,0.2902676380197256
CC_7F633226A676,0.32193652046660876
CC_7F753D809267,0.7262190356649635
CC_7F7EBF25AED7,0.037156192556962876
CC_7F8496CC5779,0.05917592208566195
CC_7F88D9C5D258,0.1028105401195993
CC_7F8AB4DCA794,0.13960402973120478
CC_7F8CC9509418,0.2622804160196581
CC_7F9069571F79,0.28227615994671834
CC_7F9AD27E079E,0.1501821769094935
CC_7FA281AC1C7A,0.10024345171076472
CC_7FA389E90548,0.04887419086664873
CC_7FBF4A48AF55,0.07445311871030201
CC_7FC40175A8E1,0.23662907306334785
CC_7FD58EE7029D,0.08970650459749788
CC_7FD7F635C341,0.05355196238914448
CC_7FDD458DA059,0.22024048870983695
CC_7FE85C259E03,0.08983998084125008
CC_7FE8CD30D7E0,0.11659453440133327
CC_7FFA32DE7B04,0.14391393037965264
CC_8014F1E2C5BF,0.044492828464594056
CC_8015895C1C29,0.22001519787469012
CC_802BA7E39A13,0.06986205248906317
CC_80300D23C3FE,0.40090000221440214
CC_80465303B6E2,0.2178396665846606
CC_805ADFD46B84,0.05625468425316425
CC_8060F40D9522,0.18098749345273224
CC_80621E822131,0.06395766202506023
CC_806654B580B5,0.3714770559593078
CC_806CFD6A52BA,0.040883404443936434
CC_807935BBEB7F,0.05823762276409029
CC_807C57E626E4,0.07452685281362481
CC_807C91C98684,0.03008611682991533
CC_8096B589BB07,0.15014055439905105
CC_809D60155E9D,0.045331253138390336
CC_80A2189E5125,0.5353472967856368
CC_80AF87F62770,0.17557243263934133
CC_80C03DF9CC57,0.18133879283360965
CC_80D9B6563750,0.5791083775556608
CC_80E9638ABD4B,0.05404893914194557
CC_80F7171B71CF,0.09010986803693559
CC_80F9983BC18B,0.054527145283682146
CC_811109A98EFF,0.11523281924253957
CC_8129480B056D,0.3624164454796367
CC_8134E5DA9FEB,0.6046325825732731
CC_8140399AD344,0.10087147820050787
CC_8140E278B6A0,0.22647855092927
CC_814E0F756757,0.4228983258608393
CC_815FAAABFC91,0.1772478603256981
CC_816B28807CED,0.08401875761195032
CC_81821F9F2307,0.5251159190653458
CC_8186D7991EB8,0.056483715188022324
CC_819E203180C8,0.7928297185706541
CC_81A5E3141BDA,0.5135611189998674
CC_81B5CED8EE79,0.14297863639451566
CC_81B91198E00D,0.7112247345443387
CC_81BADC379C8B,0.1893398555080074
CC_81BF8EA390F7,0.06382444061172131
CC_81C5FC962C72,0.08216700271643454
CC_81DDBFAF1CB6,0.05787050986899232
CC_81DE637E6138,0.04275752017375367
CC_81F389DEC9C5,0.08116161776145411
CC_81F647806849,0.17340242252277133
CC_820D491B2903,0.7872974278782852
CC_82172863AA45,0.31865148246694636
CC_82195FBE9366,0.06718852394814563
CC_821F503DA953,0.11564664721055742
CC_8221AF9B0B93,0.7485338431075719
CC_8222D1C47857,0.06752623629156486
CC_824BB6CD2B25,0.08868030965796846
CC_825192411933,0.08581676886388341
CC_8270E213EDF5,0.21772284779628542
CC_82839CC161E8,0.0662623734823948
CC_828A0B6D7291,0.12955555737266433
CC_828EDE22A438,0.04902668725166888
CC_82928B5ABD45,0.3120463975244984
CC_82A7FE954659,0.2187049966437045
CC_82ABE1FFFA1F,0.1384754357041422
CC_82BDFA01C41F,0.1365820296260968
CC_82C20057CB4A,0.08812489058313654
CC_82E52529A567,0.221790442869529
CC_82EFBFCF68AB,0.11220264127864271
CC_83092F58B321,0.1394089676717578
CC_83098B4BBD4A,0.13024488298884965
CC_831F9E623C5F,0.19566109129845724
CC_8326C8A3D569,0.10785996116506925
CC_832730F42A18,0.12523272504651128
CC_832A44C3F2A0,0.07347123790411593
CC_832EBAE498AE,0.6400193212601538
CC_833B196A70F3,0.7157260128197779
CC_833E14DFF4C6,0.14738170242778303
CC_834092035687,0.3515352408683611
CC_8351244DE3CB,0.07137005678827577
CC_835B90025058,0.06485546412481755
CC_836534CEDFD3,0.18486117209327213
CC_837ADC1EA55A,0.20543903614389228
CC_83884D799788,0.19879890684221213
CC_83947255841B,0.11422541142029088
CC_83A5A3022ADF,0.7620312052328427
CC_83ABA98906DE,0.09762906319359575
CC_83C75D07414A,0.41931179060328383
CC_83CBA767432F,0.7137271377351704
CC_83D342F53F36,0.14234856840618187
CC_83D5CA2A23C2,0.030813398255248987
CC_83E002D6D82D,0.17809438702853272
CC_83FE1BCC83E6,0.31162366712711187
CC_840E5B830DB4,0.05947119268065236
CC_842525788FC1,0.1739076208196393
CC_843076C8EB9E,0.2915867538997155
CC_8442C97EE91A,0.1285022426181102
CC_844C3C30ED67,0.07337376555274447
CC_844E345D2636,0.1739821237791745
CC_844F26E92B12,0.18699864595275445
CC_845032D8A261,0.31668823722945316
CC_845223F606E2,0.3572990427142197
CC_846F5B19B110,0.38157668411308443
CC_84797EA9ABF9,0.2016612558847955
CC_848D59D48081,0.188359860833715
CC_84AB057BFCCA,0.05350341864192406
CC_84B0BA112537,0.09436978339363836
CC_84B8FCEDADD5,0.08344740793615106
CC_84C61A6BE99D,0.12282588675834648
CC_84CDF830F68F,0.0688311905425828
CC_84D5B88572DC,0.24901789678545733
CC_84FABECED186,0.15464128782272626
CC_8503F43FB29C,0.19446627788184492
CC_850ACB004EE2,0.08876934596751422
CC_850B114489CE,0.09646046290179928
CC_850CC17BB13B,0.09876324906509944
CC_8518C159BDE6,0.15441104751892595
CC_85299261146C,0.0747100270463876
CC_853986C52A17,0.04302202630590025
CC_853ABBECF2E1,0.7934149762141136
CC_853BF4485D85,0.1740283424852294
CC_853EED03843B,0.06599381990937518
CC_853FD1B551B1,0.1598829526862165
CC_854AAA98CC0C,0.7853301313270822
CC_854F8AB5F1FE,0.03898425770554982
CC_855E2A785BAA,0.10659276308745277
CC_85614CA68432,0.05266945173953083
CC_856B92B23BB5,0.7894678747666459
CC_856DF4A30E13,0.6870564304259048
CC_858704DBD5A6,0.04689935663848165
CC_859EF0AAA74A,0.0576044023292417
CC_859FB710961E,0.1335528697125318
CC_85A0EB3C9884,0.5958014527064934
CC_85C887BB996A,0.08543819950909132
CC_85D9A6C9CA60,0.14364748948220424
CC_85DAF10E61A1,0.5330909497407297
CC_85DEF8ECB524,0.12138801832512951
CC_85E2E0B8B15F,0.7011779396249032
CC_85F018DC47FC,0.3017944426951608
CC_85F376B33951,0.15016437761407556
CC_85F745E1D307,0.13570137586930964
CC_85FAFB430486,0.25860174328065755
CC_860D4B868C17,0.03061196049437011
CC_8614E30C9FCE,0.4248545592051298
CC_861F5DC22035,0.0497348878188779
CC_8624ABB391B1,0.18635019865752628
CC_862BAB422756,0.3074206994655169
CC_8642F98E5504,0.22921610127151734
CC_8655B8862C81,0.15169311074898476
CC_865FCEE75A8E,0.026283118512847953
CC_867372811CCD,0.4222696619863916
CC_867695B5C296,0.5472350475386406
CC_8682B1F914ED,0.1627308608090178
CC_8691DF144B92,0.45274188134639864
CC_86AD259FA5B1,0.12261597041938961
CC_86AEC21936BB,0.7384556966189615
CC_86B1D15F8424,0.057091136859173636
CC_86C2A6EC5712,0.6904597576437459
CC_86CF816B494B,0.09014991202059423
CC_86D4D58B1D0C,0.14251674345156676
CC_86E2C4E17CB6,0.04899707072591013
CC_86E9E191E3CA,0.3884982315834376
CC_87000C16C856,0.0912477974220996
CC_8703DD5FA02C,0.19009425887901105
CC_87065B1F429D,0.11039853494121742
CC_87434BBA1CE7,0.04056613566386491
CC_87450EA8CD55,0.6506228025966208
CC_87480F785786,0.05226457471376533
CC_8777EA6EBFD4,0.04874170551986316
CC_877A35E76904,0.08900902596752554
CC_877B37D01563,0.13173646084206939
CC_879759A5EFB8,0.3869851264743746
CC_8798AF2651BC,0.10050994422368507
CC_879989FB3B92,0.5380070386790097
CC_87A3BECEE5A4,0.12406909687329902
CC_87B7CDF4BDDE,0.027666194621720767
CC_87C13E620006,0.25444930331223253
CC_87E3AFB080F8,0.12555275896180457
CC_880044F77ACC,0.12508167026286654
CC_8809BCAC74A9,0.039440395121383025
CC_880E0019DB5D,0.043200235030922504
CC_880F027D886E,0.11360381483182488
CC_8812BC579F7D,0.07105134395356467
CC_88225FE57D82,0.2664812580321321
CC_88315318E9DA,0.3357447748566653
CC_883864E584A8,0.07178330128011426
CC_88469BAD58C4,0.055162738883320156
CC_8854EE679596,0.09211371359651498
CC_886273CC4072,0.07946407877610194
CC_8866B6D4524F,0.2938368593882409
CC_88A943606806,0.348289219359465
CC_88E916A3F984,0.8316688049406817
CC_88FDC55C31A4,0.11910733517381629
CC_890D5EE59076,0.037965819524015475
CC_890F721517F2,0.11179248877804218
CC_89129D16418A,0.30341570138809054
CC_8917F02F9326,0.14092577857018498
CC_8920B6584A43,0.07999510672077415
CC_8929DF270419,0.6918715194744413
CC_892B119F0E5C,0.14923477014742048
CC_89302456B9D5,0.6948192435464989
CC_893FAA6D1F04,0.7415946223845991
CC_895AF697BFBB,0.27167089682931145
CC_8961FF892F79,0.02308565494360085
CC_897674493060,0.07744161939034783
CC_898AFCD28B03,0.1376497290336537
CC_898CC919D10F,0.18473417945511314
CC_89A711195EEB,0.13376209947367407
CC_89B4DF07DF12,0.0806822187320109
CC_89B941079E10,0.10314199416237535
CC_89B97E9FF67A,0.1042431436978007
CC_89C5162E8055,0.2243031129044917
CC_89CA0F1E2DBF,0.22230958609232332
CC_89DEE29A78AA,0.11301660292391506
CC_89E089707730,0.12346366462299746
CC_89F0B865A6D4,0.1430589406310344
CC_8A04C5D4D02D,0.07182511330982966
CC_8A081AA1FB92,0.34859168006473723
CC_8A0C640E7A89,0.5491502356970217
CC_8A12B68246A6,0.04577521271243482
CC_8A14A46B280C,0.16718445058626832
CC_8A165A18560F,0.2643442550867085
CC_8A19196788FA,0.05971735355367096
CC_8A25FA445037,0.12589321914226642
CC_8A29EA87B295,0.1232001168595837
CC_8A2AC87CB22A,0.06310283738657561
CC_8A34634E7423,0.5816034451641613
CC_8A38BC1AFE57,0.05758121074355089
CC_8A4CAF0CD0F3,0.09602770688263657
CC_8A5A0429CAB0,0.1280463524521129
CC_8A6E60FAE870,0.08370190174945233
CC_8A7DA054E397,0.6848782174721307
CC_8A7F5FF4B421,0.24635366105551343
CC_8A8249A44847,0.19371649151745862
CC_8A8BCE16DF45,0.09901520012376057
CC_8A8EC764734B,0.05387144708051235
CC_8AB553BFA00A,0.09321126665686766
CC_8AB57DC077EE,0.7039447392130259
CC_8ABA5808D313,0.05747517988293084
CC_8ABDD9A05C87,0.39996088736480345
CC_8AC7520DBCCF,0.16138155855981137
CC_8AC7F8BABF28,0.08177489547360793
CC_8AD67FB3A5CC,0.7888236396354776
CC_8ADDCF5EDCC1,0.0951918406386503
CC_8AF1C3A0799E,0.7013746489570646
CC_8B388FAED0B6,0.11409178391681514
CC_8B46CA903D09,0.028850537356211972
CC_8B5819403FC8,0.6846495752766157
CC_8B581B8207A9,0.12280074627246952
CC_8B6DBEF19F46,0.11675169473687147
CC_8B8326C4C229,0.11758300021606673
CC_8B850FDCFC83,0.08396560279690211
CC_8B8F41F19B72,0.07622264726064035
CC_8BAF98C60957,0.14957201004284912
CC_8BB0824B181E,0.05341091510903584
CC_8BB963DAD9E2,0.18034185720111298
CC_8BBF5F939D7C,0.14780617647909536
CC_8BCBDCF4DFF1,0.12977766280515254
CC_8BCE343561CB,0.753109831427636
CC_8BDA87361657,0.07475715290772014
CC_8BE68A4DB87C,0.09258003796927047
CC_8BE9BBD879A5,0.039129360721561826
CC_8BED85B91011,0.4222230280653995
CC_8BF68E552DA2,0.20366280471042966
CC_8BF832E6464E,0.8178561595276544
CC_8C1561920E84,0.19301911491944684
CC_8C2A7D9A667A,0.20983085065173415
CC_8C3A5DFE70B9,0.15798881631326958
CC_8C534CCBDA4C,0.2064402089118655
CC_8C6472A3EEAB,0.05423496775367456
CC_8C6B4854D16C,0.22167635029357655
CC_8C76DE4F58D4,0.047874719320754024
CC_8C7DA3F4F88F,0.07061732959332864
CC_8C8527DE7DD7,0.08419050222522245
CC_8C9416612FDE,0.36242156145103377
CC_8C9973F02AD6,0.41905611771952184
CC_8CA1DB61A2AC,0.055712254210709196
CC_8CA59CAE22F6,0.1798281699989704
CC_8CAFD04A6EDD,0.08855345597095093
CC_8CCCC389913B,0.6743266290799111
CC_8CCEF12DC7B9,0.18431152710379345
CC_8CDCD714BD1F,0.752909281940449
CC_8CEC7987D1B1,0.07672940602814005
CC_8CF621ADAC0A,0.20008891497782014
CC_8CF8FE2A4B82,0.37648588830474106
CC_8D048396D9D5,0.11209786543851767
CC_8D1089C58563,0.4893044113116589
CC_8D35A37FC4B1,0.13200025433361057
CC_8D41E12FE5B6,0.18603495826598135
CC_8D4A859839EF,0.1314452348879357
CC_8D4AD431C55F,0.07168113446157075
CC_8D4D882CA579,0.144229213433948
CC_8D6151025078,0.08379468549971858
CC_8D637233FE54,0.14857132423418426
CC_8D6AEBA2D7EC,0.08394469305720817
CC_8D6E16DED971,0.1784235469767969
CC_8D7329F79BBD,0.5590429615536265
CC_8D7B7307C43F,0.10305437161043307
CC_8D7B9D4936EC,0.7088891555931054
CC_8D80B1B44AE1,0.489256507541203
CC_8D9516D61143,0.45465687125545806
CC_8DBB8445786A,0.1024299316696981
CC_8DC5B86D9DCC,0.7377582179323627
CC_8DC6465998DD,0.18959536909464078
CC_8DDD0EDA9CB2,0.14201606884900217
CC_8DDEF0265CB4,0.06552548424443747
CC_8DE06BEB95A1,0.08483135477901049
CC_8DEBB5B14A14,0.1661937372818345
CC_8DF5BE7F759C,0.06404567005787658
CC_8E0ADCC71F85,0.046739733755993995
CC_8E0BD86F6F0E,0.12627640449883618
CC_8E143BFCF3E5,0.10912107546935786
CC_8E170A60D71C,0.3672505025200369
CC_8E1C3A21FAEE,0.10524171205389832
CC_8E408E18F060,0.11552705630966485
CC_8E42FB163DA5,0.8056509789465408
CC_8E47536D29BE,0.28620330413373707
CC_8E50AFFC5BBD,0.047996188775067464
CC_8E5FB1035354,0.1826431110861888
CC_8E7B9B8DD1A3,0.10529826037697369
CC_8E85B08196AF,0.0430719929915239
CC_8E96FC75AE5A,0.07829735329579454
CC_8ECAB5A6C7B9,0.07574029882656368
CC_8ECC4C7A6638,0.5320081530193382
CC_8ED6F13C35F5,0.1575601780768178
CC_8EE5E9467038,0.15730853080641602
CC_8F037E5AE692,0.04816776150641056
CC_8F1A418D96B3,0.2694728197213541
CC_8F1C4014F91A,0.11458587077847777
CC_8F30A5FC9D49,0.09931024306363731
CC_8F3456F298F7,0.22727817626526026
CC_8F393D485C29,0.11215500316482024
CC_8F4A41130110,0.051696810989572434
CC_8F7AA6E4D486,0.1261684182376856
CC_8F887BE25314,0.13759198265336786
CC_8F90CD1A5E00,0.16108221617476332
CC_8F9B26042C4A,0.11387555913052329
CC_8FA9423E65C6,0.08283806606220899
CC_8FBA6C32E0A5,0.30487571731938484
CC_8FC1C50C41E7,0.07862366639674842
CC_8FD005425792,0.05541195347108761
CC_8FD6A223135B,0.1447425892585574
CC_9002450E1B5A,0.04750934544632577
CC_901CE62199C7,0.4039555163135071
CC_901D2136E1F9,0.132380691899977
CC_902648F62345,0.15779175184087788
CC_902BF0612E70,0.10915404113913994
CC_9036F7423277,0.18358313237451918
CC_903AD2767BAE,0.7363646366413478
CC_903E4BA690FA,0.26244164109768553
CC_904386E31210,0.05556023884326178
CC_904EA6C846F8,0.4369946410637111
CC_90549DD3CC39,0.1457031321083413
CC_905739E5494F,0.08172365473478296
CC_906F852C69D6,0.6744729416983439
CC_907911F4930A,0.2797096792915384
CC_90798A7273BD,0.14816837912265046
CC_907F3A8AFCFB,0.09323532853727556
CC_907FA7722881,0.11520847627025627
CC_90812D9F30FE,0.10023525835510519
CC_90870A89F310,0.04442140511193577
CC_90894CA021C3,0.6854011780283664
CC_9092C5EBF5F6,0.052341426719532
CC_90A10D649D9C,0.6741530594983363
CC_90BF8E127519,0.6156265964940726
CC_90DBB385A7F3,0.7386088398310829
CC_90EAD308012B,0.3302017955844801
CC_90F4BF0B868D,0.1595982620675729
CC_90FA39516EAF,0.0814866703694094
CC_9117894F31C2,0.18620013723793968
CC_911ED63BB556,0.31401324176020706
CC_912730AE6E8F,0.25743171842982154
CC_912CA7EE4C26,0.11239496664401474
CC_912DA46AAED2,0.10461586699876926
CC_9132E67EA479,0.17030342396591328
CC_913D95FB31E0,0.18906163878562832
CC_91529F20D461,0.7667448104764559
CC_91586318C780,0.046391926775623954
CC_915F2708219D,0.1516257221780772
CC_916CCF9CBC08,0.030275525747970357
CC_916CF77A29CC,0.09932065226784441
CC_9189E4FF82C5,0.15499252518354792
CC_91A27CB6139A,0.17123592046768557
CC_91B7A4A15A37,0.6588382172970794
CC_91C2077BA6D7,0.09052688603728429
CC_91C4CC43EEE5,0.1692440519887942
CC_91C55BE33AC7,0.05478001302089251
CC_91C81BC58B49,0.06932679087940295
CC_91DE12EE18A7,0.388679844268578
CC_91DED13CDCD9,0.11437737319873287
CC_91EF639761F8,0.11910795685462998
CC_91F23A7E743A,0.4593085663551603
CC_91F4C5E889C7,0.7368612981641506
CC_920E91EB28A7,0.1784235026307569
CC_921481F5F77E,0.10640276746070049
CC_92221DB27176,0.1592998607167835
CC_9224D5677C66,0.1276926623620315
CC_9230B9656F93,0.21529857431852314
CC_9231D0F8A993,0.7006629753832281
CC_923727159A8F,0.05112221408259419
CC_9248706729D9,0.04870494421434802
CC_924AEB5DD991,0.15041068796445337
CC_9250BA851692,0.29937802087519166
CC_925BACE3417D,0.10636268666078406
CC_9260CD0D7C0A,0.11956754529766203
CC_9285EB21B38A,0.09714477238404445
CC_92A09F03DAB5,0.7852661567157377
CC_92BC35D7F9CD,0.10794479191410714
CC_92C5FE9E5B12,0.7008537409431986
CC_92DC8CF8C902,0.09838509011207626
CC_92E006664648,0.21772151360945904
CC_92E4EFB9F0DD,0.11359967856494972
CC_92E621E0298E,0.18452713940841023
CC_92F412AC7D22,0.06564316697901487
CC_92F42886B7E4,0.23297973499136046
CC_9301E23D376D,0.6296201007793285
CC_931133320380,0.2065350604683765
CC_9314B6D8B7F2,0.07024998676048005
CC_9337E3B43211,0.1984163762354581
CC_933E044F26DB,0.07724809223615388
CC_934BB89938A3,0.11809341676115756
CC_935296A995DA,0.13219662355806241
CC_935326AF26E2,0.20930646431422806
CC_935B72B8E7F0,0.04758873554194794
CC_936FF3C9BE68,0.041815221322294434
CC_937FFE1718BC,0.039650041760504705
CC_939F92AEE460,0.7998430673144451
CC_93A4365B25CF,0.772310729165339
CC_93AB9D6A7EFA,0.0698983561606343
CC_93C719738590,0.7829992191910843
CC_93CB48930B37,0.26206356062451913
CC_93D24FAFD21D,0.09629678161204774
CC_93DB5F477493,0.10447335488091504
CC_93E1CAFAD44D,0.06749171553611506
CC_93EC9F853123,0.20960640854702364
CC_93FEAF515A8E,0.04773652375721405
CC_94063A67F136,0.3119049265124461
CC_9406E32819F5,0.07107932854729396
CC_940971CBC1A4,0.10861881438005605
CC_940ADC8DEA3F,0.15946351194436786
CC_940C7E8E0C52,0.18583091826911433
CC_941DD2E1DE56,0.1988114763859091
CC_941FC1FD0D55,0.19419987642845488
CC_943B720DB5BB,0.11782029485085233
CC_9440309323A0,0.07873445096699593
CC_944B461BC558,0.08091979065906478
CC_9453654BACE9,0.19792218247712223
CC_945888CEAF10,0.2919590396144612
CC_9458D4A483A8,0.11387432872329944
CC_9464BA7E98B9,0.08234750428833865
CC_94794B478A5C,0.34953135499969096
CC_947E58EFF90A,0.08192814335087499
CC_948537FC17AA,0.7259146998814697
CC_949576D25153,0.0979687293519069
CC_949B8CEAD619,0.08236396129434852
CC_94B4E05906A9,0.1479868753334568
CC_94C3B6F3B0CC,0.16737722302806102
CC_94C3D9D8FBF3,0.6293438930070052
CC_94CD530B2099,0.07952871320100377
CC_94E9D1E527E6,0.042976496779132796
CC_950450C0845E,0.2953648823257258
CC_95169A4360C6,0.0509699858054138
CC_951A69571676,0.054878238904429555
CC_95232636844F,0.17950117915044916
CC_953A5913EDD3,0.1438266093957012
CC_953B678083F9,0.07505918379557386
CC_9541BD0604B6,0.18446962362419037
CC_954404C1BEE6,0.41732144775901964
CC_95444ED71872,0.09076531724714926
CC_9544B86C78A6,0.7420842280886779
CC_954AD7E7C8F1,0.14696854273102947
CC_95525CC6C854,0.15579191308293203
CC_95573B318A91,0.039678551152257206
CC_9569309DC18E,0.07409087689170887
CC_956A2DF28600,0.21613535913410595
CC_957C7A0D7B72,0.31836636669900553
CC_958BECCA0BAB,0.4517309717777873
CC_95A6C4DA2F12,0.599002997079919
CC_95AB75B5BBBB,0.108064033709021
CC_95C1274DD7DF,0.037213597014960215
CC_95CD8F6A8CBA,0.030656756039718895
CC_95DD4DC604BD,0.18070439031844646
CC_95E1AC08266F,0.14201254644914188
CC_95E3DDCB74EF,0.07423875458279983
CC_9601384AC971,0.505927942552851
CC_9608A73A8025,0.14370463088110721
CC_961F3BFBDDAC,0.8198237962653052
CC_96206C1277EB,0.2848025138087505
CC_96396AE6347C,0.14995013408640057
CC_96416D2A937F,0.1991520665330401
CC_964C2E0B00C1,0.21377119127738778
CC_9657A2A04BAF,0.20654985315554242
CC_9662D713B7BB,0.21246380314300803
CC_9664F83B7F1D,0.20659245547418142
CC_968AF836D0C4,0.047015062695263794
CC_96A6735A4317,0.07801191825630684
CC_96BC62A4A0AD,0.19505880776769527
CC_96CD75668A6C,0.06129232723736069
CC_96D928252719,0.38867126408425895
CC_96E40BDE9A6C,0.16539019671688732
CC_970116768415,0.24273116298721456
CC_970E94875C2B,0.7181877923696192
CC_9721C8A61D80,0.07578296478337601
CC_972313B0F814,0.1404044459844867
CC_972FD8FFFF63,0.4678800192751466
CC_97478A77EC17,0.19131114461536605
CC_974D14774BD8,0.07452843973529698
CC_974D86BD39FD,0.05303104223678132
CC_97508465AB76,0.1291043849712629
CC_975689C0CD6E,0.0585028311092939
CC_975967702106,0.04138396487204621
CC_975F3F07ED23,0.059037262248045
CC_976E0D9A64ED,0.37313264723292144
CC_977145B2B363,0.4369971172786439
CC_9772CABFE1D2,0.7774066925038393
CC_9773C1E6AC8B,0.6454243041008004
CC_97832657396B,0.46683898490603654
CC_97963C337FD3,0.5083518339041516
CC_97978B581F20,0.18594756216931183
CC_97A9ECF23955,0.21462677641882974
CC_97ACD6D965F3,0.10830316484532648
CC_97C69AF6E34B,0.7498079379127659
CC_97D0E7256861,0.6640320936904419
CC_97DEBFBE2BDE,0.31204545068309647
CC_97ED469F2950,0.10610661909743606
CC_97EE84ABA6BF,0.22902834471942787
CC_9801B22BF375,0.10061974650285134
CC_9803B6D4D780,0.27481966158460364
CC_980E90C8A301,0.10128626028171563
CC_9814B3D08A69,0.06194270823097055
CC_9821BD45BB0D,0.16871613336135605
CC_9829FA0350F7,0.04371266468340175
CC_982CAA309A38,0.18991352605491052
CC_98346EBF382E,0.16431532272093094
CC_986698CCC6AA,0.10743540009392036
CC_988FC580CD50,0.09436362892811942
CC_989795BA3DD2,0.08233289468676235
CC_9897A1DFE807,0.09167133544003865
CC_98A2C8F4E956,0.0654706658655395
CC_98A3E6CDC707,0.14566602828934083
CC_98CE15EE1565,0.077185501400212
CC_98D036D16215,0.1064165744568491
CC_98D09B14EE3D,0.37411742970032524
CC_98DB782DF852,0.057810774203602325
CC_98E2EA67BC97,0.06103200608214562
CC_98E6E7CF74AF,0.06754137672468806
CC_98EEEB2A83DF,0.6861693895379682
CC_98F3D3194788,0.11862493512776144
CC_98F8A8CF4F9C,0.36205813928625796
CC_98F91BAB57EE,0.14969189141794323
CC_98FA377070FB,0.19580491954059787
CC_9900D0479959,0.2598419385398054
CC_99061A735C6D,0.17437355094559295
CC_99093EC1A2C2,0.09717715786562856
CC_99376CA4DC26,0.04865971579159756
CC_993A588895DA,0.11459262835606054
CC_993EE6417CED,0.09672806839829229
CC_99559319913F,0.05134070649988379
CC_9970123DCC41,0.3311266135974391
CC_998BB6848FDE,0.11313318566588157
CC_99958287B2A9,0.47822808672819556
CC_999BAB2D16FA,0.32586414026320853
CC_999C7029261D,0.7034701468478973
CC_99AA61D1896E,0.06405561780792414
CC_99C03E7D99CE,0.049959201531111566
CC_99C62022794F,0.08165867277481537
CC_99D46BE6593A,0.1558361201685413
CC_99D5A5371B39,0.15393396628474568
CC_99D79709AD9F,0.7198927275364031
CC_99D7DDAA460A,0.13400540954125678
CC_99FC44B3C58A,0.1151065198815413
CC_9A02B2A17C07,0.09893099928413633
CC_9A05DE55D408,0.16476893703398757
CC_9A0C42AA09BD,0.4211785593267931
CC_9A2B390551F6,0.07480188428004947
CC_9A2D66206BD1,0.5480602341378495
CC_9A366E181FA0,0.14753572050394362
CC_9A39365FA850,0.6172646650925405
CC_9A42833BA860,0.04635642651715892
CC_9A4911A0140F,0.09011755365560513
CC_9A4FE1E8E0C5,0.4233060906245807
CC_9A51017C734F,0.3520735981184183
CC_9A5DCCD62D0A,0.32343600945967743
CC_9A602F492510,0.15637712626862296
CC_9A66BDD34B89,0.05189112293691706
CC_9A6AB0AB1E67,0.05637236136758751
CC_9A7049ED5656,0.580922975579972
CC_9A7AF31828E5,0.09017882424164968
CC_9AA750377C6F,0.1082573721048279
CC_9AB359C82202,0.045455637620813324
CC_9AB7BF77EE83,0.7748760193290364
CC_9ACAC8474B9F,0.024886245200355886
CC_9ACCA4FB9101,0.058479089293568744
CC_9AE1529AF9E0,0.14602263008641614
CC_9AEE181F1156,0.30829337283787595
CC_9AFD130D3725,0.09815943916053561
CC_9B09C3353732,0.09817033085454911
CC_9B0D37817EBB,0.09518723021813157
CC_9B290B59155F,0.33347066675794884
CC_9B2D487C64B0,0.1427238244626575
CC_9B3DEC76ABF7,0.05310030686479141
CC_9B4F778D0A6E,0.13018033352391414
CC_9B581A92C2A3,0.4108094139910522
CC_9B5CA8C38414,0.15322633238847502
CC_9B6E82167593,0.20485155303888483
CC_9B6F6B2BCC05,0.3021064086278402
CC_9B7FC3DA1594,0.36277734962299873
CC_9B957DC280F6,0.19471464025512153
CC_9B997DF20042,0.32756460289665396
CC_9B9BC4B83736,0.08454456511548429
CC_9BBE1A16C04A,0.159788569529236
CC_9BC63F1A568C,0.2901442788942755
CC_9BCB0166227D,0.21064325257224834
CC_9BD3DC96ACC5,0.17566028720596438
CC_9BDC5A0E43C7,0.3737690614795245
CC_9BF9485A3F9D,0.2716312425911391
CC_9BFE93FF2145,0.2582698049785583
CC_9C0470A0536E,0.22738604041927113
CC_9C205AF09E47,0.5658600388577034
CC_9C30DC5C1E46,0.05868520415396827
CC_9C325B6CAD11,0.06076230554666019
CC_9C4A200D0BFB,0.45991972574074824
CC_9C5EAF238007,0.28861052396233694
CC_9C601C6BBD37,0.05698032401633998
CC_9C606C2C92CC,0.07834474852274606
CC_9C6192D3A16B,0.06434868962914897
CC_9C84FB9B1469,0.06810093743881432
CC_9C989433D637,0.19997060683486528
CC_9C9B2FEB4937,0.2154552016759073
CC_9CA7FBE1DD54,0.13094361901453264
CC_9CACA50F80F2,0.14806768625805733
CC_9CB40D552388,0.0650272518094756
CC_9CB8127D17F0,0.043309756857788054
CC_9CB9CE2989CF,0.680857626279983
CC_9CCE51CD83ED,0.7947688609407603
CC_9CDD2F3D0BE7,0.052644847955951424
CC_9CDEC693AA99,0.3737933585981579
CC_9CE9091AA9A9,0.226258831200203
CC_9D007C60D29F,0.10221061107703987
CC_9D017774D4FC,0.639616389042402
CC_9D095EC1F232,0.25304481618987057
CC_9D1A1281C8FB,0.34393155093806077
CC_9D23F42B7996,0.47479365252589134
CC_9D2FBC479646,0.6863906642040786
CC_9D363365CAFD,0.07267734403700551
CC_9D44E4543573,0.16993414512108468
CC_9D45F67E3B01,0.08001678835763114
CC_9D535DD207D2,0.07436058677532184
CC_9D53ED53A15A,0.6108924377562917
CC_9D5D97AEE98B,0.5036998099460289
CC_9D5F2A5B6913,0.0765761097366602
CC_9D6BC1C470B0,0.43249869434433386
CC_9D71FBDE765A,0.057567041181576004
CC_9D73939E357F,0.16322173594543823
CC_9D82F401BD88,0.6408210545213558
CC_9D8B4454BE84,0.31282031731122123
CC_9D92537645DB,0.07617099441486902
CC_9D95ADE03ED1,0.1554577520415087
CC_9D98FE7A1809,0.04915368071360593
CC_9D9D59757786,0.06337625043457455
CC_9DAEB38616AC,0.14020543979739294
CC_9DD55CC0E928,0.022277489488889912
CC_9DD6B460CDFB,0.2716089415306454
CC_9DD80B5E3729,0.09573113467172684
CC_9DD82B4310AC,0.41833965617997126
CC_9DD9389E8AE0,0.07838810905216945
CC_9DDA8ACEB3D8,0.08446314079476291
CC_9DDCD898D01D,0.11539115322221354
CC_9DDD90B42A27,0.8073781057253481
CC_9DF1807A4316,0.023818711852375104
CC_9DF786FD2620,0.47070366507703454
CC_9DF7B9B3C8F8,0.1030144943102138
CC_9DFF6E2AC586,0.15749649365506382
CC_9E0546BD7BD6,0.12495847284194812
CC_9E0BE8227931,0.10812346731459381
CC_9E1A205BA261,0.3492573085842102
CC_9E2967559B00,0.04258658012571142
CC_9E323A031449,0.7187560549745441
CC_9E377CC03D51,0.047005018883234904
CC_9E3B83584C12,0.15694268754872243
CC_9E3D46FF5709,0.6080299012526076
CC_9E4FA91B86A9,0.0954930586079386
CC_9E53534DCD6B,0.13615501540629935
CC_9E73656FC8C0,0.7301988277658563
CC_9E7430675033,0.2039981217816574
CC_9E84CACDD7B6,0.37648588830474106
CC_9E84E0E4C5BE,0.27043074015716806
CC_9E9C65275B4C,0.0750621568004536
CC_9E9CB6473D59,0.1783698182547199
CC_9EA4F11BE6C2,0.15256392021950602
CC_9EBE3F26F2FB,0.059803445202458796
CC_9EC23AB6C573,0.3534423610288811
CC_9EC34DDD0E53,0.06341790756745987
CC_9ED8EDFE8C55,0.10158265564677289
CC_9EF352F179D2,0.12541819148405398
CC_9EF505400F8B,0.6361612772858566
CC_9EF66D83B743,0.33510603427373004
CC_9F051572BFE4,0.20255086662637697
CC_9F151A782BAC,0.31138544728821854
CC_9F1A5DF4619C,0.5501530200417307
CC_9F1BF78ECD7A,0.07803279727740917
CC_9F263092AD72,0.1370282245354159
CC_9F36EC36A9E6,0.08837628120488289
CC_9F3D52242888,0.15641817852937248
CC_9F41F312CDBB,0.3037775927895607
CC_9F425167F9ED,0.1915348579121753
CC_9F6981E0009A,0.28759475221413455
CC_9F706DFE0AE7,0.034727475268074896
CC_9F7B525DD52D,0.3567079759634553
CC_9F8D5A5A9DAC,0.18172703119735945
CC_9F8FAE57E6A8,0.11707700958219644
CC_9FD1AB8E65FE,0.05033015003683029
CC_9FD2689202D5,0.13135258301866484
CC_9FDBB5C2CD09,0.031370873971139177
CC_9FE52BD71CA2,0.0908935857806578
CC_9FE8E62EB24D,0.09464579150400158
CC_9FEA59AEA00C,0.23218197780037367
CC_9FEA77B36A29,0.33389219127866737
CC_9FEE9701D16D,0.2824737647177509
CC_9FF35BA60E6E,0.2954980072599539
CC_A0003F08B22E,0.1399266599053909
CC_A00AE2543224,0.06165598687117454
CC_A02A29DECDC6,0.0875025153945373
CC_A0336C21117C,0.6775844794339223
CC_A053B42BBE0B,0.07628508598696962
CC_A0591F16FA37,0.033866193923222036
CC_A05F962C80FF,0.1644235459375817
CC_A07B0549E53F,0.08022752569616481
CC_A09F230CCF5D,0.6417108363445366
CC_A0AED6346ECD,0.16340722765403437
CC_A0C4A796643F,0.11542013657168057
CC_A0D6DDFB430F,0.07190472559563826
CC_A0DF672F9C4E,0.11748006594719225
CC_A0E8C7C5558A,0.2979469161053919
CC_A0E9269DF22C,0.43204721939351226
CC_A0F1DB5CB28C,0.10193670029579022
CC_A0F42B26F8F0,0.05751694453821157
CC_A0F8F80EDFB0,0.06547534786826731
CC_A10AD9550E4D,0.0345307255764905
CC_A10EB26E5EE1,0.15464499075804458
CC_A111B065F623,0.06842034451403677
CC_A113D95B4AB2,0.11652012534505116
CC_A1320C0F0129,0.7845968970353744
CC_A1348D850EFD,0.7559380432770018
CC_A13D08B372E8,0.06590529100104008
CC_A143E64BD9D6,0.34171299921943
CC_A14B0A24DC3C,0.10644124518497346
CC_A15137F25F7C,0.07763410737076937
CC_A152DBEC5BE7,0.05669650898016281
CC_A1591CFF6D81,0.057137677272093415
CC_A168CCB582C6,0.35553751007633766
CC_A17DC38133CE,0.7826830917558274
CC_A185D5EA3DE8,0.6323132783551131
CC_A19C842508E0,0.1331577440027419
CC_A1B648DA406D,0.03806747023556191
CC_A1BF7028CAA8,0.025367561580090948
CC_A1D035FA36E1,0.085864058642746
CC_A1DD653D41A7,0.10689651087237453
CC_A1E3AD4B934C,0.3788728231156247
CC_A1E58421CE87,0.08233709749840903
CC_A219144EDEFE,0.08339566082806636
CC_A21FCEEBB3C3,0.47912704617845864
CC_A220E4278D79,0.0879494449575072
CC_A2231BDC961C,0.2426114870201036
CC_A234E219EFC7,0.38529372042739024
CC_A239B1BD81FF,0.08808826007980321
CC_A23D8CFFA31F,0.08946280474048825
CC_A23F463F4B4D,0.05130103577520431
CC_A23FFDC4A7A4,0.08080477239835904
CC_A2423E273F84,0.11887869562140589
CC_A2493E6036AD,0.31546818914763297
CC_A25C54470CED,0.1019586246782654
CC_A25FA690BBBC,0.09842523176140999
CC_A2636CF7C075,0.10163873497466726
CC_A26C22870E3D,0.5177382618443203
CC_A26F6A272B3F,0.1024212646207709
CC_A27CDC9BCBAA,0.16898956627629635
CC_A27E5269DA60,0.11162579404937709
CC_A28D4A46B6FA,0.094532865840967
CC_A28EB319030E,0.059980464237934204
CC_A294D3A59462,0.7938367387308181
CC_A29D8034C304,0.07214654710801593
CC_A2A109409963,0.05390650432603402
CC_A2A4FA5F9962,0.1223879273490022
CC_A2A7E30C59D0,0.14463380672048023
CC_A2B5D2D4E269,0.5358628886681215
CC_A2BB24180208,0.23751741203155097
CC_A2CF1DFEFE46,0.4395280894559071
CC_A2D6090EA5B8,0.1341973423694464
CC_A300BC40BC9D,0.03977082620112835
CC_A3212501F639,0.22232027225441317
CC_A3278A566572,0.06644032910683806
CC_A327EBE4F783,0.18017269082142764
CC_A32FB6659B01,0.08859214446114215
CC_A33915EE72B6,0.11964495639184737
CC_A33D350BE79E,0.16814635005029183
CC_A3553B8AA8F6,0.09527878577726476
CC_A36EB077BF3C,0.03941822991111756
CC_A3753EB66DEC,0.0945060185918901
CC_A378342AC9BB,0.17918117080624396
CC_A379E9455C60,0.16686873982557218
CC_A387ADBD7249,0.08780522626525447
CC_A39E961FC29F,0.17376618163466884
CC_A39FA1EF0B16,0.25630474552234156
CC_A3A4E39FB04D,0.18287004154950753
CC_A3A751BE68D2,0.04890156720166593
CC_A3ABB3C5E9D5,0.6845021271573297
CC_A3AF9C2C68F1,0.18205684235187403
CC_A3BEA14873AD,0.144717730168233
CC_A3C2FEE13C37,0.12357207185392459
CC_A3D6435D5F17,0.17350556519002042
CC_A3E3E51AD0E7,0.0478986987910277
CC_A40566694D53,0.26704654532002436
CC_A410C0DC7125,0.03359075487313556
CC_A42168D2B94B,0.07610769924352645
CC_A43CED9AFEF5,0.43528558634394454
CC_A4475A788D13,0.11055484685773204
CC_A44D677C0C07,0.05257524733182344
CC_A44E2673E71E,0.04331064105795633
CC_A44E79A96425,0.31204213461243735
CC_A462CA147DB9,0.12523458611340907
CC_A4660E424386,0.22351726806773523
CC_A476C9F116F6,0.1509579327551387
CC_A47C83B6EE2B,0.1387166698923658
CC_A47F8594678C,0.2757883836795026
CC_A48A7592F96A,0.0538305768444713
CC_A49195E659EE,0.06343997227307392
CC_A498A936AD21,0.09297589124908198
CC_A4BE6692361C,0.6319891098975775
CC_A4BF2115580C,0.06251584159575645
CC_A4CACCD14A0E,0.1279811576083709
CC_A4CE57A1AB74,0.07445941692205743
CC_A4DE4F1B5F93,0.1602020988576767
CC_A4E300558DAB,0.052748093707222374
CC_A4E972915D89,0.7414089088404795
CC_A4EEA04CF3D0,0.1998781387386236
CC_A4F400E9A0ED,0.061176460976536375
CC_A4F550D7F95B,0.19436222259569796
CC_A4FB91B1BF31,0.2506945667840253
CC_A500C1ED0A33,0.20056793096206096
CC_A50471962A96,0.6144181350483028
CC_A5161D8AA57D,0.11300837884222195
CC_A519C84307D2,0.05509044108989629
CC_A5277A9BE02B,0.7265569579552738
CC_A53578FCEA71,0.11977942005452057
CC_A54EAD1CCE27,0.18754791422167197
CC_A5512DA239BF,0.16144766168346522
CC_A5545DF298BE,0.06873135398987024
CC_A556EEF3010C,0.482862910340434
CC_A56756C65136,0.33684112838360586
CC_A5852E06D2D5,0.2704232286226857
CC_A5886994671C,0.18135817137257423
CC_A594D8B41A99,0.06248998399070659
CC_A59C6A6B71C3,0.06375886240790302
CC_A5A06987AF5C,0.1944008404289681
CC_A5A1512FEEFD,0.17511186050955196
CC_A5ACE4284283,0.18161151404620643
CC_A5B10F07BCD5,0.08035219910676607
CC_A5BC9ACDB4CD,0.08295881845755883
CC_A5BF8B260922,0.41807446098223616
CC_A5C52379AE06,0.2701485279820211
CC_A5DD4441568D,0.039086864857121054
CC_A5FE3BE2949D,0.05241472717699056
CC_A60EF94F09C4,0.3510647446299678
CC_A628BE74CB45,0.11856735302770678
CC_A6292E9B43AD,0.06335409119113945
CC_A638610BF8F8,0.12490042003852296
CC_A63BBA86CE9A,0.33377919469347395
CC_A63BDDAC43CB,0.06637133302357308
CC_A6409E37A735,0.15224518919313876
CC_A655EC341406,0.08884864137039483
CC_A6562E47BFC7,0.19839103700304966
CC_A6563A22D668,0.7140297286279095
CC_A6601278C1BD,0.1150234330837312
CC_A683678AC9FC,0.3576215698133744
CC_A6864FE80A94,0.10351559832933321
CC_A69117CC3C24,0.12389471658978748
CC_A69928C7D217,0.16968007996972975
CC_A6A8BAF7124A,0.24733418562999163
CC_A6B7DFC69AAE,0.5863517854969241
CC_A6BB595B55AA,0.05863104137618732
CC_A6C5284C4586,0.10862557655855806
CC_A6CB0D0191D3,0.09438520510691097
CC_A6FA3FA9F0FB,0.12017136389824883
CC_A6FDADD23BD7,0.047390384122553905
CC_A6FE3938F001,0.16695769153323753
CC_A71DB65F0BBA,0.7282942154033979
CC_A730F4964FD4,0.09703882330550166
CC_A73C02C58DDA,0.09701711546707537
CC_A746BC2289C7,0.3393284720461298
CC_A766C3608214,0.11138153628025609
CC_A76F48111A8D,0.10415831401104433
CC_A77AEC8AD2D1,0.025157407196561885
CC_A781174166B3,0.18711298271978555
CC_A79024286DFF,0.05615615113254385
CC_A792720B875E,0.08490235149406546
CC_A7952C2BC5B6,0.07336926135708173
CC_A7954EE1A1C4,0.05913067687661512
CC_A7991E6B3CAD,0.16846726698001116
CC_A7B141DF4AAF,0.05628619780574363
CC_A7BE2CED0B93,0.052811859428673114
CC_A7CF446093DD,0.24686895304373085
CC_A7D1C6692090,0.07068887486457832
CC_A7D6CAB54328,0.4493798211032461
CC_A7D8D1DA4EA6,0.1305251592249179
CC_A8102BA6933F,0.06075710833671593
CC_A81C1EDC5FE0,0.07301390254285105
CC_A82C0FDDC303,0.3412759605998873
CC_A83F92C0CABC,0.12997944414434076
CC_A849B0F60EEC,0.06561145719898995
CC_A852AAB180D7,0.03912103724339019
CC_A8536626873D,0.1893903366193999
CC_A85F953FFD40,0.31897844795393315
CC_A865A3F1E28A,0.6607100159742727
CC_A867253FC73C,0.735192965807091
CC_A877592FE1AF,0.0593843095879208
CC_A8AE26057851,0.12634417562075356
CC_A8D50530622B,0.12703188505886578
CC_A8D5C834B061,0.7455650820902757
CC_A8DF49EED27D,0.7775435125458539
CC_A8FB53A944AA,0.07661291023526824
CC_A8FF19BCFB18,0.15036870563459875
CC_A9042AA97760,0.061367516450548935
CC_A917D68B7F33,0.05398506480213219
CC_A925B3023F01,0.13905993866515132
CC_A93A49678A0E,0.7042344136419061
CC_A944C14551E0,0.13018021601288032
CC_A949A4D6CFDF,0.03161272080575986
CC_A96085AAACBB,0.48992909055458667
CC_A968E7B519AC,0.5638209645953228
CC_A96F61DA3920,0.27543827684017624
CC_A98AA461487F,0.05990183191534823
CC_A98DE37F48B1,0.028479018997157095
CC_A99526CAE7B8,0.09407682853205931
CC_A9997F50D935,0.1088789189441071
CC_A99C3B09B728,0.04448082167534752
CC_A9A0DADE60F5,0.2254188885163783
CC_A9E27E0F8BF7,0.10648579156716616
CC_AA06B8C44B08,0.537237722035
CC_AA078692F54D,0.05562714382224273
CC_AA3181148667,0.10190843181887718
CC_AA36C8AD0AD4,0.08927256600324066
CC_AA36F0397FF6,0.07298102188199926
CC_AA3A8989A632,0.7179463029777756
CC_AA4A1B7522D9,0.09867662323026472
CC_AA4AE0378324,0.1884814402260714
CC_AA5E4D5A692F,0.16360568095434735
CC_AA68EABEE4B1,0.08144628452469384
CC_AA6B5A7A5B67,0.09836317865306089
CC_AA6BD423C239,0.426157501690856
CC_AA7074B42A4C,0.5312323441747417
CC_AA7A7F3159DC,0.0970252512947807
CC_AA7BDEB972E4,0.11531282494737623
CC_AA83426311A1,0.07183309242053341
CC_AA8F7D307212,0.12122756234872577
CC_AA994120654B,0.06580613235508412
CC_AA99CC1D0A77,0.10649683482797058
CC_AA9DF917E958,0.18220083056140005
CC_AA9FC6678135,0.3479008125023219
CC_AAA47EC0D4CE,0.05923707344291725
CC_AAD9F600283C,0.11484129193146284
CC_AADF003A3927,0.08080748292992465
CC_AAECFE806C8D,0.20068208787775993
CC_AAF2022B9CD1,0.17211032273171778
CC_AAF445E4CCF4,0.0741066476096581
CC_AAFDCAA5CA06,0.6342113177194676
CC_AB0384E131D8,0.18443729858841473
CC_AB0A4F4A2968,0.19606115125194223
CC_AB108580856A,0.06639319344380806
CC_AB10FED15FC0,0.7934806359139751
CC_AB176233A184,0.05771975834970876
CC_AB250982887C,0.08510573408663569
CC_AB25C565EA6F,0.030323279012222516
CC_AB31BDAE74E0,0.17115715672180323
CC_AB38A76F5698,0.33215391968872837
CC_AB38F588BDD4,0.1899438683832512
CC_AB3DB55C9A2E,0.11316887539542397
CC_AB42A7DA8FAE,0.18382332895595085
CC_AB486E8855F7,0.10851708046797325
CC_AB4A79BF0F21,0.033440591498379295
CC_AB7472FE1C8B,0.05577017830337853
CC_AB78F64D1DA0,0.14189501424446035
CC_AB821E2FB031,0.055176291975273045
CC_AB873276D910,0.07542482197752907
CC_AB8CF3C05B61,0.12813188859122315
CC_AB8DD8448ABE,0.36114095640720123
CC_AB953366A38C,0.08076334439926329
CC_ABB193697B23,0.6018038513879345
CC_ABB3F0A040BD,0.1045670399693897
CC_ABB618AD3E52,0.24185581270291043
CC_ABC0DA7DAFA5,0.04273347301392934
CC_ABC49E43DF40,0.6445481627297245
CC_ABD89F61734F,0.11325830592010197
CC_ABE04CDC2866,0.5308725851862527
CC_ABE98746DB91,0.5231268516924106
CC_ABFDF22BBD97,0.05665379583292765
CC_AC0498A54CAD,0.17137643737605693
CC_AC1C23EA2767,0.33893124247968803
CC_AC1E028B2A1A,0.10193357813496044
CC_AC255B902EEB,0.12519042297840086
CC_AC44A88F7869,0.07922997591043986
CC_AC51CBCACA63,0.13740446654118707
CC_AC723E5F5EFA,0.04288381667773302
CC_AC7994A5FDC4,0.13099421170998818
CC_AC7EFDBCF2E8,0.7166471532184314
CC_AC8A45716CD8,0.14825415132122988
CC_AC8FB78319A0,0.04598443633144251
CC_AC95C517E726,0.0805180796690236
CC_ACA4C6C9316D,0.045985139212017086
CC_ACAD97A186F4,0.07525357926076837
CC_ACC12168D6A9,0.1588502426704952
CC_ACC53294D3A0,0.083042463297787
CC_ACC6A74A8BEC,0.07699277995383776
CC_ACD94D2B1200,0.06013633400111787
CC_ACD988315902,0.0495191794592903
CC_ACDA59536C9B,0.07751078144398639
CC_ACE5A4081F6E,0.21684059666265698
CC_ACF4F9A2CCFC,0.17892844347481485
CC_AD0D7D212968,0.309954096578007
CC_AD131D09EB0F,0.11480968848301808
CC_AD13C87CF26E,0.2257905004778463
CC_AD2050A0C79D,0.20186231740468918
CC_AD276D71D3A7,0.3302017955844801
CC_AD2C54521FE4,0.19361730400637872
CC_AD2E59624FEC,0.3961335171058971
CC_AD3A36AF2840,0.28537962837326747
CC_AD3D286D0B68,0.18491777838592685
CC_AD46818E459F,0.6378862877495675
CC_AD4BB2E22EA9,0.21325073555541044
CC_AD4F7F88242F,0.34403196819435433
CC_AD58ADCD54CE,0.694370878760095
CC_AD71619FA389,0.11619008294438334
CC_AD84592B950B,0.06578410459068781
CC_AD9898C0E8D2,0.13674785131254052
CC_ADC70A21D661,0.3810339673871631
CC_ADCF16189AF2,0.26163873825168465
CC_ADD894E6E4F4,0.36424375834547407
CC_ADE899835555,0.1534750527683825
CC_AE0D73A1EE19,0.4039555163135071
CC_AE0F08EA3935,0.17912273310040605
CC_AE23B59E6FC8,0.2988035557023185
CC_AE289E013D60,0.08668660795215001
CC_AE34D3F7F224,0.7492625448316129
CC_AE4069D8B4F6,0.1997169043675469
CC_AE4896E2BE76,0.6531817998726515
CC_AE51DCFE0671,0.07776287461714898
CC_AE69FEA8DA68,0.1800010659685366
CC_AE7C129CC90F,0.2143576022826004
CC_AE7CD49F20AB,0.154673316070925
CC_AE89526E0335,0.17974414311340886
CC_AE8D62CF30C0,0.10551920434787028
CC_AE8D9CE8D6FE,0.04640321696101535
CC_AEB019CB9065,0.1418465519937289
CC_AED1D50AF584,0.12641309720763658
CC_AEE546316FB0,0.21380169406033736
CC_AEE5FA00FA6C,0.3672273868426298
CC_AEEC765D157B,0.04107783556613505
CC_AEEE44D6C8A4,0.022726729907774586
CC_AF14FF3EF570,0.33469125885551415
CC_AF1C3ACBA6B2,0.09878189363624826
CC_AF1E911C98B6,0.3302017955844801
CC_AF337F410520,0.1055859873489614
CC_AF3C7BC3BA40,0.10665130344225623
CC_AF41E4075C87,0.2337455356660812
CC_AF6B4405276D,0.7625546455095465
CC_AF78FE0BDBEE,0.10562171763985795
CC_AF8238D9082F,0.09221973454963764
CC_AF8CA6EE53C3,0.0637542429645663
CC_AF9AFA7C49A8,0.09146616658325867
CC_AFA1E3D3C685,0.26089578810307607
CC_AFA680030CB4,0.6187562752584708
CC_AFB351270B8B,0.04484230446510828
CC_AFC405AE0029,0.06657110436513208
CC_AFF90422E4FC,0.3033353472419551
CC_AFFBE2744B87,0.7867319788686626
CC_B0043CA53FCE,0.10877781566549866
CC_B01B2BD4EFD7,0.23326612721784026
CC_B01E87EB9940,0.1280065053300079
CC_B0273E66E2A5,0.17853657828755604
CC_B03E98085A9F,0.09530003543648179
CC_B0420D8C42DC,0.4818542064316114
CC_B0497BEB9F6B,0.13630471310010372
CC_B04A5E60B69D,0.07879525322948448
CC_B04D5517A193,0.09768522515550566
CC_B05FF3A960A0,0.22626547649381196
CC_B06A532EC131,0.24948084295689799
CC_B06D33A6761F,0.14024745266516725
CC_B074D4472CE4,0.05002922453970386
CC_B07CE95BCD88,0.32152269846504683
CC_B07D79368225,0.10016884222884556
CC_B07DD1ABABCE,0.7442340768095649
CC_B086C2D77820,0.12614444341599795
CC_B088DE9C9E3B,0.26757093883632516
CC_B0CD7932067B,0.11698919959347023
CC_B0CF90073A5E,0.6120999573309258
CC_B0D397D86639,0.6393078570569041
CC_B0EF4FD19FEA,0.11345346579201417
CC_B0F2F9514AA3,0.08254928126022378
CC_B0F3B79F51C8,0.14696096511053458
CC_B0F4041B1C76,0.03584610327447351
CC_B10FE31C61D5,0.10830392472633185
CC_B114E8F19D65,0.19273495272883007
CC_B117F0E3CAAE,0.11906796995378471
CC_B11D58F331A9,0.047342545425927564
CC_B1262188BC41,0.08089086933862202
CC_B12FFB2FF21F,0.06310873604897
CC_B13253F34A9F,0.04782325625294314
CC_B137E2BBB53B,0.07899193458719947
CC_B13FEA7CDB99,0.052597400375485756
CC_B1481ED21111,0.051545410075640494
CC_B15BE5C9976A,0.23064811291541115
CC_B15EB6933578,0.06925657577071366
CC_B163CCB3BE4D,0.1267952054552033
CC_B16DC354FD71,0.4039515102707236
CC_B1777349EB15,0.14070711225841484
CC_B17C6CE0231F,0.24832102019862853
CC_B17CA8C22E5C,0.12659047983771526
CC_B18F3C9C30E4,0.10693392124039017
CC_B19CD93DDC96,0.08603181877047536
CC_B1A647674B84,0.13031894018625512
CC_B1AEC2E5E33B,0.24138058405834462
CC_B1B5C81AC0A6,0.05513528096431962
CC_B1B932EFD646,0.1826077022507686
CC_B1C3C0B52B88,0.28056360697493515
CC_B1C7216344F3,0.07526361541770273
CC_B1C982DBBD12,0.30625368985591067
CC_B1D81F8197B3,0.347708952724852
CC_B1DF1DCBDC7E,0.48804402300216676
CC_B1E2C36607CB,0.06456669370006059
CC_B21351C93D8C,0.11807797466246886
CC_B2174860AB11,0.7410372081734886
CC_B235818E6A04,0.1643685262655809
CC_B23CDE30F00B,0.07886911287928221
CC_B23DE4971DF0,0.44061424141689
CC_B23ECF574D8E,0.06752775401739397
CC_B24C41DDFBDA,0.19858121579393706
CC_B25EC73B9510,0.13477793459592535
CC_B25F69904D0F,0.0762068723545725
CC_B25FB6C11D05,0.6196862873626607
CC_B264F2B92259,0.5386176708359826
CC_B26B8FC23F1B,0.05794682548914196
CC_B272E29922B5,0.1446373186177625
CC_B27AA8E27BE7,0.10354747960943006
CC_B2A68FD3C236,0.053653097878708714
CC_B2AC50C00979,0.09428570583172931
CC_B2B16D7B821C,0.1476202537448342
CC_B2B32F1511E4,0.1403791655349176
CC_B2C241A93527,0.07991178605312932
CC_B2CB104FED6B,0.6310782963156789
CC_B2D352013F92,0.11990140213780494
CC_B2DF694BAB08,0.11389830628087282
CC_B2E993A9343F,0.30217335388041966
CC_B2EF61C93AB6,0.1605730334442466
CC_B2F94405EA89,0.10957849228420677
CC_B2FC07BF6251,0.051248683380202005
CC_B301A65B4164,0.12470993055222895
CC_B313E3A208A2,0.15533438755871987
CC_B318FF5D976D,0.13937231378589945
CC_B32AEF0A2299,0.06991931561887056
CC_B33BD3C618EA,0.10452005536062886
CC_B348627365A2,0.1178887708540595
CC_B35109450BDD,0.04722421064293841
CC_B3528B870544,0.10557401106695073
CC_B3530E7CF8F5,0.14852297589182986
CC_B35C5B1DB9C1,0.07275586042975975
CC_B35FF59389D4,0.20930649409104676
CC_B3812C6700F2,0.6514405998042095
CC_B38280B483B8,0.13658106459884642
CC_B38B694A18EF,0.45526474441548487
CC_B392BDECD913,0.3479008125023219
CC_B398DF1ABAD4,0.03488797946647966
CC_B39E75E151A1,0.11417475871521202
CC_B39FD0E249E8,0.04943181661487164
CC_B3AA0891CA5E,0.4015169637369237
CC_B3B1C8EBE5C1,0.11457965661527045
CC_B3BBA28E2D39,0.40480427539408126
CC_B3C4DB0303A7,0.07223756100086472
CC_B3D32FE823B2,0.04144101222614804
CC_B3DA429C6C8F,0.09610861811948922
CC_B3DC5786AB0F,0.20064062803065807
CC_B3EA537531A3,0.15432677931385122
CC_B4096D3A38CE,0.04084002436208576
CC_B41EADCCC95F,0.06522946417417774
CC_B421940B9A48,0.6649552099019808
CC_B42B3B83935C,0.8023111106161068
CC_B436B1CA6B2F,0.054127600239243234
CC_B439B06AF274,0.22708438154605398
CC_B4482E7879F4,0.05890094290980522
CC_B4660022C612,0.09844973483099513
CC_B46B899B4A63,0.13118400668552546
CC_B470280A580D,0.10809055431778866
CC_B471D3BF0C72,0.5093113345566007
CC_B4751DEE43CD,0.17524851584659293
CC_B482C254BAA5,0.06806649814180143
CC_B4889D036D3C,0.7224393884060024
CC_B4950F811C90,0.13253933253162425
CC_B49A6DE7A340,0.3347432292730215
CC_B49CD4C13DE8,0.3547223955344546
CC_B4A90370CA96,0.5048782432693316
CC_B4ADE6BC8A10,0.6927652056981088
CC_B4B6F805888C,0.03273167454425776
CC_B4B8F66BF4ED,0.6731917611976204
CC_B4C6F80DEE44,0.045638232685353705
CC_B4CCE78C09EE,0.14297278856800927
CC_B4D68D1C1C55,0.21071372496686536
CC_B4DAED63089A,0.1625033791491538
CC_B4DD9841E6FD,0.22527384872335968
CC_B4EF6743DDCF,0.07843377561103687
CC_B4F67F73D097,0.10817224705293901
CC_B50EB15EBA18,0.10101808205651412
CC_B51DCAAF4549,0.15560009830908886
CC_B51DFF8702D0,0.5106665345277418
CC_B520A001BF69,0.08738182423149371
CC_B529919BF24E,0.6494151057860837
CC_B542342650A1,0.061550828254152236
CC_B54A106E91E4,0.04048748677845978
CC_B54CFFC21F2B,0.12671372233992462
CC_B55C134C04A5,0.17586505921310402
CC_B55C2DBF6D3C,0.2062497490142306
CC_B569705352B4,0.08555431679496892
CC_B56E74A967C3,0.05193620055681809
CC_B57519F33EEF,0.04833736400215624
CC_B582E4405D85,0.08819465508275288
CC_B585A11F7BA7,0.138427337530884
CC_B59726D36AEF,0.17244719541769615
CC_B5995E4F1A21,0.10428793906360619
CC_B5AC2AAF871B,0.7590509514382731
CC_B5AD19125E1B,0.21730852133516396
CC_B5B1E42858AC,0.06638940749359609
CC_B5B7599E8BC6,0.0818946385576489
CC_B5CAE0595637,0.18445195804736783
CC_B5D49843A799,0.36642076264747486
CC_B5DDFC7AEE78,0.10926304119043496
CC_B5E29344F63C,0.19517266820726326
CC_B5EE5AE6378A,0.6458909947979599
CC_B5F2A93AD996,0.0818447955219257
CC_B5F611613A78,0.07358345955324427
CC_B6055039255A,0.7553618460706178
CC_B607B2B0AFB7,0.05443263397984082
CC_B60CFD0F39F9,0.08052402840446216
CC_B620087B1C52,0.4670591672468737
CC_B6203BBBD151,0.10493674567125406
CC_B622662E664A,0.17385226904163617
CC_B62C9A2BC846,0.15377679660874705
CC_B636210548E5,0.39785539027086236
CC_B642C6714501,0.06538554489086074
CC_B64F81B8A263,0.15973349309480583
CC_B65CA581B9BD,0.18078309511008553
CC_B65D1B9B6F67,0.11387622386576542
CC_B661A8FCA431,0.03994373373637057
CC_B66AC40957D6,0.15444415710573037
CC_B672B35D1162,0.7181800858457319
CC_B68379D197F6,0.08476223159293493
CC_B6923D10FDA2,0.16876577662564277
CC_B69CC776BBE6,0.254118617113776
CC_B69E50D76B29,0.10057009881954021
CC_B69EAA8C296F,0.2470392958768978
CC_B69F7CB8CDA0,0.06390531043314027
CC_B6B4AD157354,0.17212039646222102
CC_B6BD764CB8B9,0.21344226216768536
CC_B6BEC3F4BE91,0.15270922187445551
CC_B6C13F4A610D,0.2740143787597442
CC_B6C1C3B5766B,0.12544032851311965
CC_B6C72241926C,0.14364454761966564
CC_B6CB40E245D7,0.6289932004415637
CC_B6EE58A108C5,0.06755642364108362
CC_B706F631F5BA,0.04159768709157262
CC_B71DC1206985,0.15659231601689041
CC_B72284CED807,0.16765462552082822
CC_B727865A5B5F,0.6098433169928417
CC_B72FD7EFA6BD,0.16547602322164814
CC_B7365B5A3392,0.7428287128437429
CC_B73820D308C9,0.10931090350753042
CC_B743560D847F,0.09230820979131589
CC_B76EF26F7C9A,0.3037775927895607
CC_B7764FC130E8,0.4493357404517463
CC_B77B73B95532,0.12966584937366832
CC_B77D6653C7D4,0.054447482500071594
CC_B77DA6B77DEB,0.28503163059689496
CC_B783AE19622D,0.20529431052993355
CC_B78761738CAF,0.02448703206176066
CC_B787BA135B5D,0.30034856102002405
CC_B78B4449EA19,0.09728193040315683
CC_B78B4B7F80B5,0.21729632742744653
CC_B78BEE888CA6,0.09423306486993271
CC_B791FEE1CF37,0.033332110608586214
CC_B79A58AA4441,0.10698989777233704
CC_B79BEC538198,0.1374328847948579
CC_B79DD53178D3,0.0874223324204869
CC_B7A7EFD85149,0.22528728428954353
CC_B7B5F2A15C41,0.11734466514643847
CC_B7BC46A7D4DF,0.09251918572080578
CC_B7CBC65D9AF9,0.5219310482560717
CC_B7D40C5C891F,0.0678603191555231
CC_B7D4337C4797,0.26836138434744355
CC_B7DA04826165,0.2803402645656288
CC_B7DC19DA1440,0.1663665339410119
CC_B829EC622F0D,0.5809214037489958
CC_B82B9C0C7B85,0.6512603335803306
CC_B82C55DEE5E6,0.3015689449477551
CC_B8475B977AD2,0.6851464984318681
CC_B84BD2F4EB01,0.21323513737030125
CC_B86DA7D69F20,0.06083781060491694
CC_B87989F406EB,0.18275666198746193
CC_B88B702183E7,0.04109407014930262
CC_B89B80945ADE,0.17355014655879344
CC_B8A3A44BFE8A,0.41355935145354505
CC_B8A7A6548AE6,0.18850491150837106
CC_B8A8FB83065B,0.18096150530195745
CC_B8AAC20D626E,0.2091310159440822
CC_B8AC99873641,0.0674090092416124
CC_B8C9673B7834,0.08306893026947404
CC_B8D5FEB15CC8,0.07753090044546217
CC_B8DA64A33076,0.5776856601121683
CC_B8E912A01706,0.6322980443397034
CC_B90869280808,0.12079821129303117
CC_B908EC99951B,0.29546415755897854
CC_B90CBF2A6775,0.0641136338352313
CC_B91080C1ADA5,0.2912917167361088
CC_B918FB42AFD2,0.1784076300625238
CC_B92CA425080F,0.10955320615920303
CC_B937F632B71D,0.14199413512141457
CC_B94477C20476,0.33457172410571095
CC_B9483A5C922C,0.10373936775130274
CC_B954EC1C63B5,0.3350036207390683
CC_B95580F93537,0.05319905601711417
CC_B96086044329,0.07149994892645715
CC_B96EB0A91589,0.17787987618888718
CC_B98357C70A41,0.6138365922508384
CC_B9929A66C2FD,0.6970083264123651
CC_B9BB52E4C529,0.11576805491891119
CC_B9BD45744855,0.7974387303398388
CC_B9BFDE4662AE,0.08596502204181022
CC_B9CEAF324145,0.05376903980217671
CC_B9E89F42B509,0.2072113589096388
CC_B9E8A3887223,0.22837607186249045
CC_B9FC67268C45,0.2247710932913134
CC_B9FE9DFEB3DC,0.09744353327775752
CC_BA041E14DD98,0.08397512562827104
CC_BA0619F54427,0.10567190481268339
CC_BA15072C4EC2,0.20543045750327332
CC_BA183CDC5429,0.796610179769734
CC_BA43646012D2,0.43466240671256007
CC_BA4F7E494E71,0.48718750032189906
CC_BA557F75E2DD,0.1819053804134122
CC_BA740903CBDF,0.14036239454543062
CC_BA77722A827A,0.5241171952794019
CC_BA78E47BB021,0.2348061057285655
CC_BA8C427054F4,0.041780671075906654
CC_BAA19F8D2563,0.09029624835308799
CC_BAA1BBFF8C6C,0.2991591997749506
CC_BABA44B5FB12,0.09138860873639099
CC_BAC25BCCEAD2,0.05928046388145629
CC_BAC74D0014D3,0.42896692882265863
CC_BAD99E36CC71,0.2382039381362731
CC_BADE7EB1D16D,0.7868709653964808
CC_BAE7410803AC,0.1792384705682953
CC_BAEBBF8054FB,0.12491472409003071
CC_BB054686B6F2,0.05018410584590452
CC_BB05D9DF72BD,0.05620626097105051
CC_BB0D54068D07,0.7707855070251415
CC_BB15DE5E0DA0,0.7501009870712905
CC_BB1A57AA813F,0.16362313528441713
CC_BB1CABE261EB,0.18481883871936045
CC_BB2BC46FCF61,0.2693468884703467
CC_BB2E5437EE04,0.041838834385940826
CC_BB2EF1FF6131,0.0662267554340151
CC_BB2F56C6BF57,0.1033663461466842
CC_BB35CEC5314E,0.08601590378235703
CC_BB39E3597B61,0.041514283553592796
CC_BB3A9EECD51E,0.07140286253448216
CC_BB44CDEE5103,0.1828097700236896
CC_BB458116ABA4,0.35269102961324555
CC_BB5F6936F6FE,0.20652276971569788
CC_BB666F8A551E,0.07010503180468688
CC_BB7355E735D2,0.12422915496678734
CC_BB8A2F186D6A,0.0830826999785913
CC_BB9FDED12C65,0.6994305840857389
CC_BBA8C316C8F8,0.07738235411196821
CC_BBADC7DC73EA,0.21238459271231427
CC_BBAEA7980B09,0.4755823401962429
CC_BBBA078A6429,0.7937031522586412
CC_BBBFC3EC2C72,0.3498300725438684
CC_BBD34B3225EE,0.026804216524229835
CC_BBE6C58C59A4,0.39203098423997546
CC_BBEBBE1E226D,0.14083924714077453
CC_BBED56D34D38,0.11924890127968407
CC_BC0244FBDAF6,0.17008875326480086
CC_BC099E880236,0.13144481887995163
CC_BC0F05C89E25,0.12680233266496338
CC_BC1BD06C1085,0.10599107092445155
CC_BC21E8824A34,0.43204143845479753
CC_BC23655B2BF4,0.06573937205379009
CC_BC24F9024F49,0.07007351407637392
CC_BC2A58939715,0.1013719399600503
CC_BC2B90F226E0,0.17240885627476973
CC_BC31382964E4,0.04906422307090184
CC_BC31DA3EAFFF,0.11772384174255479
CC_BC3A6CF6FD16,0.1272473198285381
CC_BC410BDD9ED8,0.26704654532002436
CC_BC458960887E,0.1465170845298054
CC_BC484C329704,0.12169405897171609
CC_BC4D6D6D4553,0.31881612258846515
CC_BC5A59D88AFC,0.0963121301409018
CC_BC736DA19A00,0.18228834538473235
CC_BC7B9D13978F,0.2090514421252714
CC_BC84BF34D69E,0.26863010404439197
CC_BC95D473C9CE,0.1872574695640618
CC_BC96FC9DCFE7,0.09893700857662287
CC_BCA0D6159C23,0.21855690283485343
CC_BCAE73132BA2,0.06574957795656602
CC_BCBBF055366F,0.048849569025869864
CC_BCC94F494979,0.09138120496002482
CC_BCF75F8B9A5D,0.11439295036150719
CC_BD10F4F15094,0.08699808449509751
CC_BD1A2052ACD5,0.8086349873907527
CC_BD217C39702F,0.30938662091024904
CC_BD2A9D4B9FAA,0.22396452289411722
CC_BD3EDD1630E8,0.046780623718287645
CC_BD4AAFE9EFEE,0.07831751348703606
CC_BD59D1252975,0.10548365524694078
CC_BD607BE97C17,0.11973241190984105
CC_BD889F165227,0.09334806946759741
CC_BD900B6BCF65,0.2073914578702233
CC_BD9967660461,0.4403455370250483
CC_BDABB99ADE2A,0.14645447820993351
CC_BDB07C66EDBD,0.4234141969420424
CC_BDB71DAAE50B,0.09575522573235144
CC_BDCB91FACECF,0.14595979005716322
CC_BDE1E398B4E4,0.055858666328263105
CC_BDE8D325637B,0.6720733865226325
CC_BDE9E7F390AE,0.09334242606471714
CC_BDECF392D7F9,0.18030608129391537
CC_BDF401C3BBCA,0.12031432683570217
CC_BDF53C42C5BC,0.22103029974377805
CC_BDFE5778530F,0.33637042516712407
CC_BE05EB5976EC,0.7469949754271981
CC_BE08A6D5E76D,0.05305297178476165
CC_BE146CE5BEE6,0.10532995031577645
CC_BE24C1EE877A,0.09310524481885445
CC_BE27E98C4BED,0.06350179833855667
CC_BE32DACBF6C2,0.12021342690026028
CC_BE3F52F9C9EA,0.11164003058028434
CC_BE3FC1024389,0.14148464179723588
CC_BE4595898BF9,0.11143115436684971
CC_BE4F1F53F4B6,0.08661739168454434
CC_BE648663620C,0.1877378679119209
CC_BE6627F3B9EE,0.690344997131501
CC_BE673F70B591,0.317958324617756
CC_BE704640727F,0.028285621266553932
CC_BE7295B354DA,0.3266059460603825
CC_BE760A430ACD,0.16495549968945689
CC_BE8A340F3876,0.040076904326176
CC_BE9CB8845101,0.21936170780902664
CC_BEA12286E57C,0.14896713837179593
CC_BEB24EB997CA,0.12198600224565408
CC_BEB80CCF2ED0,0.06168610151897879
CC_BEB86014B5BF,0.1746596181917428
CC_BEC035C8801A,0.1274971685156786
CC_BEE1B858F0C3,0.2883983919250384
CC_BEE664893442,0.16983640528919786
CC_BEE75A33F038,0.07075352395956817
CC_BEF22728402F,0.6983676048388237
CC_BEF8AB2DF19D,0.37121665542425475
CC_BF03683CC755,0.07431058225282498
CC_BF066CB8F7A0,0.1643526094888518
CC_BF154A9FEE8D,0.13315273297971908
CC_BF17E635C67F,0.10130405490122897
CC_BF196AFA6AE6,0.14578985406177397
CC_BF2012FCFE14,0.17922441424868987
CC_BF3733356D4B,0.5006138367755941
CC_BF376C8D14ED,0.5213311813556974
CC_BF3BF8B9F646,0.10755802255713848
CC_BF588A5FF18D,0.6155880777346283
CC_BF7C643B8874,0.06860349049364217
CC_BF8919F14394,0.15167925000649643
CC_BF8B759EE1EF,0.07086042607301463
CC_BF971FA7A950,0.17754521277943955
CC_BFACE960372A,0.09996111493290159
CC_BFBF917EFEB7,0.522212129255685
CC_BFCAE2959708,0.052643542510952254
CC_BFD80ECB739A,0.2516788713489631
CC_BFDEC7E68821,0.0808530827065991
CC_BFE3AD881F4C,0.04686978081161321
CC_BFE511C0F9F3,0.5659836949548318
CC_BFEE9CF8A6E9,0.07820828944577421
CC_BFF8E82FE4BE,0.11665678111478753
CC_BFF9E8C0FE28,0.6264334820148756
CC_BFFCB2882E26,0.045376288909608285
CC_BFFDCACC1E4F,0.12847314093734294
CC_C003A15648F3,0.07203429182048957
CC_C004160ABB18,0.18729451981462034
CC_C012746F45D6,0.1080712897367202
CC_C033B4EC89DA,0.12819690887429425
CC_C03578357D0D,0.3160209216083619
CC_C040C14F27A0,0.06259295998606813
CC_C0474C48C443,0.15037853489299519
CC_C04A1EF46A13,0.22542353665722226
CC_C067DA2C5F99,0.395571017649303
CC_C0731DB0CD7F,0.6126336919992083
CC_C07C70AA1AF0,0.14196755320290524
CC_C0877F4DBC62,0.10786222351147225
CC_C0896CE6B4E2,0.07581616039707213
CC_C089B0517E81,0.08769902530140491
CC_C08B9066A5BB,0.16890300440120531
CC_C08DFB22BC71,0.08883123768614551
CC_C0A2108BEC82,0.19690314224218639
CC_C0A6B0787F91,0.09386737828359075
CC_C0B29B279C90,0.10685021052067036
CC_C0B7151247C2,0.0897358873003768
CC_C0BEDCC974E6,0.11734372236883814
CC_C0C6F913C2CB,0.694785417970492
CC_C0C7EAB055B1,0.16650260854568086
CC_C0CCCF588BEB,0.2430258247911677
CC_C0D65A1BC1DF,0.5854951505802847
CC_C0D6ADDF1E0F,0.07123365367904995
CC_C0E49708EB44,0.2385632218645
CC_C0F32BA57D17,0.050979766405600965
CC_C1094828B26C,0.31302118763401376
CC_C124E4C094F3,0.24594836995580985
CC_C12ECF48FA03,0.213748947004285
CC_C12F5F7E5C54,0.14454716969596984
CC_C131509731A1,0.23769454871150084
CC_C14173B64C58,0.16473585178574668
CC_C14A4D39F494,0.3681182244667033
CC_C14DC9106B7E,0.25205897274766026
CC_C1624A910E58,0.036591098461325446
CC_C1645FA6EE7C,0.10871406530953015
CC_C165A26E7C1D,0.7011208086862419
CC_C16824A69631,0.04718391603421829
CC_C177831DEDC2,0.10812172770121911
CC_C1815DD481ED,0.7808354120357978
CC_C18313F97FC1,0.2611915611332037
CC_C18A7BC23071,0.241330621836471
CC_C1941883C762,0.10915710483933322
CC_C1A0989CDF23,0.03560496425431434
CC_C1A8C99D910A,0.13887899105411877
CC_C1B057BAE0BB,0.2956894763652467
CC_C1B5D9A95708,0.10877522329863568
CC_C1C28181E30E,0.1430553928561958
CC_C1E8CA45E983,0.11111137911239524
CC_C1F4DD05F5FB,0.20975077688431196
CC_C205BAC0D181,0.06848828801544099
CC_C208790016F7,0.07678318712544178
CC_C219E603FD0B,0.06873795480212909
CC_C2323893E922,0.11620527651688993
CC_C236A614F73D,0.08917063767179309
CC_C241491551A8,0.14506422978785383
CC_C247E0377048,0.09127558616467439
CC_C24FBA584039,0.233530671595642
CC_C25078D044CC,0.19603221779989816
CC_C255BE787955,0.21393534833196526
CC_C25ECB5C5FD8,0.054267401245197994
CC_C276E722FB1B,0.31762313960645416
CC_C279090E1F74,0.7732518200959044
CC_C279CA96D14A,0.1327912873545565
CC_C283330B9999,0.03996267523277399
CC_C289AF57EB24,0.26210650821776077
CC_C29558864857,0.121472936709465
CC_C29846DE78AC,0.6072433309509792
CC_C2AEE09D92AD,0.09122735395258989
CC_C2BBFB603032,0.310824778498054
CC_C2C2B2EEBA69,0.03635550294345158
CC_C2D1CBB42952,0.16077316925593943
CC_C2D4587A871F,0.7236336348581575
CC_C2D583F20739,0.33354493533595064
CC_C2D9086A8C67,0.04624920912838736
CC_C2E8FA308586,0.1578389177006672
CC_C2EA104630E3,0.10698657655080696
CC_C30ED2C6265A,0.04120405016700971
CC_C31BA9FD4FFF,0.24369106458443154
CC_C31DC3117984,0.19108291121405513
CC_C33142B2E26E,0.42643684799274273
CC_C340668CE604,0.09183631533251368
CC_C36580241000,0.15938976510566988
CC_C3664AFC710F,0.1266589646784725
CC_C3676D2ADC91,0.1958648514502721
CC_C368AC6AE19C,0.04574520262364446
CC_C38B446B7432,0.20157315372154525
CC_C38BE6D69E61,0.054342280940182355
CC_C38FB634E7B9,0.08831079775359348
CC_C3913A125FC9,0.12061685092807095
CC_C392AC1AABDB,0.16189672576325845
CC_C3A37C3EDCC5,0.38129271482251237
CC_C3A42A96D260,0.20474990642886035
CC_C3CA355F78BC,0.1134314292836383
CC_C3CD972B25E9,0.14749612732099418
CC_C3CE9FCB05EA,0.04536589993438788
CC_C3DA12B31CD5,0.10524921001117236
CC_C3EF46D2CF29,0.19937430871014486
CC_C3F301EAE202,0.1945026386632001
CC_C404C200B723,0.08867383795384468
CC_C40BEE2EAD73,0.25137197295256386
CC_C40CA3E960D9,0.1565390316007074
CC_C40E0EEBA53A,0.15999874060757296
CC_C42183D7A586,0.09462717320213274
CC_C427199DAC5F,0.4750045643524756
CC_C445AEF194CA,0.07266060648216884
CC_C45051D20EC8,0.14257910060479143
CC_C47FCA703A69,0.2512415958754857
CC_C4965C6C6935,0.2871473375036551
CC_C498BD798847,0.05560566829441245
CC_C49A42D1C3CA,0.10264397552515837
CC_C4A2F5B06976,0.0976648232489742
CC_C4B632AEB96F,0.18255987828982034
CC_C4D194378554,0.03167103443799743
CC_C4D90E9CA5E9,0.13898820476289256
CC_C4D941D5A5F9,0.15224979411500958
CC_C4EB2486A9B1,0.24797844203947011
CC_C4EC2923D96F,0.31460053465832216
CC_C4EC9ACAE8C4,0.7219198079683339
CC_C4FB2ECB13DD,0.26604370942313116
CC_C50467EBCC58,0.08540705610396089
CC_C50C5E2A77CA,0.16013122238556093
CC_C50D7FAA75C1,0.05801341102135513
CC_C51FE3F4D2F3,0.16802991130517644
CC_C5234F4713B7,0.07529971106478926
CC_C55110310E14,0.10069840397142227
CC_C563D509181A,0.0722279133227146
CC_C5736F4887D6,0.7970500571748198
CC_C57C4F09442B,0.09791222537371765
CC_C59D2CA55CAD,0.7734992189849663
CC_C5AD04ABF022,0.10773286670898331
CC_C5AF7BF4B951,0.03529867021765464
CC_C5C5FD9FCFE4,0.6818292736418228
CC_C5D9A89022EF,0.22858411149621233
CC_C5E1FA10BD6B,0.15762992118861605
CC_C6039EF0459B,0.17826492985572184
CC_C6133F44EB0E,0.07997431643988114
CC_C637C1142503,0.7762120029822811
CC_C65496C86EAE,0.14964991994088103
CC_C67C2B86A807,0.156640588628188
CC_C690CF8AF3B4,0.08830157735909223
CC_C69204FFED48,0.3234802668159614
CC_C69DD80E5055,0.08280296400126551
CC_C6AE389CA79C,0.10972734530985713
CC_C6AFA8AF33BB,0.08087847734294831
CC_C6B56B2869A6,0.383159522244558
CC_C6B61E03B42D,0.1971013792726721
CC_C6C2B357FDF2,0.1298964886901983
CC_C6C4A4A318E4,0.13894702811027887
CC_C6DECDCC7956,0.20248684039951428
CC_C6F134ABD932,0.6024029263896868
CC_C6F24128D8D3,0.15611654369505773
CC_C6F8C5E3D746,0.08920714345783289
CC_C6FB2BDCC78F,0.3803489970870634
CC_C70DBEB08378,0.8105845725159749
CC_C71AAC6F9607,0.08942779049360475
CC_C73D1C53BEC0,0.3371319356897801
CC_C7423B380FD2,0.0615916534044053
CC_C747ABF2B4BC,0.08838344105287262
CC_C74F0C45C093,0.13044575996720995
CC_C75307665BCF,0.2443685807128776
CC_C76473DBFF83,0.3076268460542498
CC_C7652C2D1CC7,0.20707730174809266
CC_C77B38900325,0.24192826259051434
CC_C782A94E6754,0.04612063568673492
CC_C786E0FDA098,0.7820233904645051
CC_C794632B3AAC,0.4364832116774323
CC_C795250A7B3F,0.14455160307742157
CC_C79BF5794AD9,0.07154678417870636
CC_C7A2A7BF85C5,0.06874906007984223
CC_C7A2CEDA36CD,0.47636472998517515
CC_C7AAAC514CD0,0.04725778474733795
CC_C7B39AE8206F,0.13245678664743193
CC_C7BA884F8DCA,0.15893367018902363
CC_C7BC592C11DB,0.056290121066381205
CC_C7CB29EBCEE1,0.05081092440273599
CC_C7D2BE35C77A,0.09763028653491583
CC_C7E56C7FFA19,0.18238431156763069
CC_C7ED63E403A8,0.07666567430116947
CC_C7EFF4BBEE1E,0.0717227494515055
CC_C7F1C90A261F,0.13683567808917962
CC_C7F38C2DEDFF,0.2130210559869723
CC_C807F881A35F,0.2374960752961665
CC_C808346EF2A7,0.052441309689615134
CC_C822401D05A0,0.1329163661169965
CC_C82D0EB32984,0.11542675570115825
CC_C82DE4520088,0.20874481680343623
CC_C84080607284,0.06425472937922515
CC_C85DEB66D6EC,0.24792540825811654
CC_C8601860B3AB,0.3302017955844801
CC_C86B56E5B000,0.09215804248596741
CC_C874E7D8B96A,0.0680158860643047
CC_C88F02C38654,0.1347510738169023
CC_C895990DF270,0.14201255668021678
CC_C896D6E93110,0.40781791632269443
CC_C8A57920FB6B,0.0890675264158967
CC_C8C2CEAC6750,0.4975329787982672
CC_C8CBB38CF4B6,0.4282435540616763
CC_C8DF2AEC8023,0.15781197721253112
CC_C8E24B1925A2,0.18461451015446895
CC_C8E2F0CA5050,0.6979012908999829
CC_C8E875AAFD58,0.3352880481435773
CC_C8EF7366016A,0.08169635253793867
CC_C8F1FB9C56E5,0.08191979130064424
CC_C8F2FF7E6DAF,0.13325652146405056
CC_C916DC82A00B,0.3325371694185283
CC_C91FF308D57A,0.06944492843145274
CC_C9297D88CD26,0.331084272112714
CC_C932D885E1AA,0.2235769949537702
CC_C947A66A6A34,0.12454129472980456
CC_C953D19C82A6,0.30277551405071423
CC_C960365C1125,0.19812198751950402
CC_C96221203852,0.23859644496208954
CC_C967937FC81A,0.7048208220807561
CC_C97434767545,0.24706316994287653
CC_C974620D4D4F,0.3055805605665229
CC_C9749B07E3CC,0.1252213569287922
CC_C979F86EC4EB,0.07300872013166054
CC_C9882357496D,0.07079039173118871
CC_C98B5F2B994A,0.12185551365373345
CC_C98CA453DC7F,0.10859824010211977
CC_C996515164AF,0.6910745431410217
CC_C9A1B8F512F3,0.4222696619863916
CC_C9E008678B77,0.07999841914121132
CC_C9E89E3728DA,0.257571754512135
CC_C9EE0357CF4D,0.17939948192727181
CC_C9F15C15BA6A,0.12559281104865305
CC_C9F3BB887EB9,0.22339526583837563
CC_CA0906B9B58E,0.0625924496034054
CC_CA16B9133E4F,0.3849364425578556
CC_CA2524A5C7AF,0.31347665032155203
CC_CA2A17C9CD44,0.43421592590381913
CC_CA32C61E255B,0.0897299320459376
CC_CA37F92A8BC6,0.14719743822549647
CC_CA3C9D0F42A2,0.5038964782219548
CC_CA4669FF2379,0.1347614169550924
CC_CA486E08F176,0.06992755499547795
CC_CA5CF069C36C,0.06041529192589713
CC_CA6AB58D2C8D,0.23979543660684124
CC_CA6EDCBFA9E3,0.1829982468562053
CC_CA6FB58C11F4,0.08817417857058532
CC_CA7902338F91,0.14203795833590635
CC_CA7BE11DCB92,0.10487581058551428
CC_CA87A148C386,0.07569400262243679
CC_CA8E7E45347C,0.19517283968962063
CC_CA9214D0E170,0.1531521177727927
CC_CAA07EABEF71,0.051613170014262154
CC_CABC0190A9BF,0.4787265188504934
CC_CABF171B8582,0.6026681316448038
CC_CAC2F989A2D6,0.2933049814347413
CC_CAC50FF13A43,0.46659761829365737
CC_CAC9C52B6FB8,0.25113404924065574
CC_CAE19DE8446F,0.083197760527186
CC_CAE5F6D8328C,0.43306342769540435
CC_CAFA0C6DBCEB,0.053905397272049606
CC_CAFE5D6E3E1D,0.10090004072477408
CC_CB02A97FAC1F,0.2228917718408858
CC_CB1155AAC7EB,0.11458327209364644
CC_CB1B2FC5769C,0.1850057568146282
CC_CB1BD3C19303,0.19226756043148316
CC_CB2423DD4809,0.7930104575482533
CC_CB33381406F3,0.6826903840577413
CC_CB3CBA971E97,0.08048940473952264
CC_CB45CB5C940D,0.15744387097980128
CC_CB4A2667F8CE,0.18915392452247903
CC_CB4EA92BE238,0.056094856973413675
CC_CB4EE5CC0B09,0.1496435760822799
CC_CB50BDD92A4D,0.20744602226344297
CC_CB6A55831080,0.06881203382010447
CC_CB6CE149111A,0.15714308772593777
CC_CB6F9DA78019,0.04389178266402844
CC_CB722FAA608D,0.21299981586816455
CC_CBA786C05C1C,0.7120735340444329
CC_CBA9A6206DCB,0.17868160450994502
CC_CBB7AE2847B6,0.21606566608450276
CC_CBB9DDEAC819,0.022876366056658014
CC_CBC30D127BA4,0.07263939408991106
CC_CBE67EF0D3C5,0.514089527765958
CC_CBEC318365B3,0.3171400003245555
CC_CBED6669EDA7,0.06129832975320541
CC_CBF1B052FA7E,0.06286280193070333
CC_CBFC7EFF2F94,0.11641807523259137
CC_CC27394B5E35,0.06802051487796952
CC_CC2A7B3D7A55,0.13292197794937144
CC_CC34B2523794,0.178846740328729
CC_CC34E9023873,0.6802410403547338
CC_CC37D81F02A7,0.602265638447901
CC_CC4822AEDB83,0.6970608644814624
CC_CC5D6CAE5ADB,0.241123653546398
CC_CC6D27804EF0,0.07581136205922205
CC_CC71D4876B90,0.126550764873332
CC_CC75EA7F2C8F,0.11433446407902256
CC_CC9214A5C0CF,0.0775314653941576
CC_CCA2B8D2446C,0.41905965921655175
CC_CCAB3E56FD92,0.193561303062651
CC_CCAF321D46D7,0.049884299867035534
CC_CCB46EA56584,0.22637173665561616
CC_CCB60CB8754C,0.12802800829143418
CC_CCD759553325,0.06403066769405494
CC_CCDC28D49832,0.1594032414974526
CC_CCE55029E621,0.6591552793623099
CC_CCEA133D7268,0.5428337756474705
CC_CCED6CEBC3D6,0.3311911835448041
CC_CCEE76415B51,0.3325371694185283
CC_CD1326D52AE1,0.6889136218418919
CC_CD35EEA81CE8,0.31075913510277015
CC_CD373485942B,0.09576168780436162
CC_CD379DD39658,0.3180522099599414
CC_CD37D5CF0EB0,0.19159832667566004
CC_CD380545A7A4,0.07662126866710381
CC_CD3A378249BA,0.2527260661714407
CC_CD415B1C7741,0.04819268478649549
CC_CD4976814F28,0.040959018630816475
CC_CD4F5F1C357B,0.23198536108931922
CC_CD54829713AF,0.07530569495903268
CC_CD5E3556D5AB,0.17963055434484929
CC_CD6C797F3C4F,0.07523989902189042
CC_CD7BA8F6C4BD,0.09699082102974246
CC_CD8352F0478D,0.1556485905445921
CC_CD972E578564,0.8036996025406086
CC_CDA1B20179B6,0.10273044960370234
CC_CDA2A36B81B4,0.22755449803970457
CC_CDF6354EC332,0.05696976813769054
CC_CE01E17132E0,0.038334946733351465
CC_CE1280B30475,0.1412866528194955
CC_CE134F878294,0.035532297368809966
CC_CE229894AC00,0.12284847358253902
CC_CE26907B9D30,0.4314468038862457
CC_CE2755B42DAC,0.08285834467913228
CC_CE2BD7F74421,0.25858342522030875
CC_CE3784121355,0.12871174265579116
CC_CE41F9FF509E,0.19065617849859431
CC_CE5AF0E9A157,0.09713702047951263
CC_CE5EA019DCAA,0.09510690237044914
CC_CE6460FE39F6,0.1120914636182028
CC_CE72D1734761,0.6069055357429641
CC_CE7FC560768D,0.3195811794819566
CC_CE871DB3950F,0.3325371694185283
CC_CE8D1564C4F1,0.1572613040766129
CC_CE93240526A9,0.33511356443358786
CC_CE980FCAB154,0.25729371409258284
CC_CEA0FAD348F8,0.0685752385476392
CC_CEA369A3451F,0.09406131231451718
CC_CEBA67081418,0.21781054120463694
CC_CEC0C00FE770,0.5364968063958694
CC_CEC3B21D2982,0.3916172958599538
CC_CECEC680F701,0.14451122564539653
CC_CEDB263DB07B,0.04308525905770467
CC_CEDF9C14DC79,0.2655345689454565
CC_CEF23255BE06,0.05679983775145096
CC_CEF8C71C4E8B,0.43399731695788
CC_CEF91FDD41AE,0.33738393592453547
CC_CF0B68684C3D,0.1050950181090972
CC_CF149865368F,0.07544975696200996
CC_CF2A7A5582C2,0.1726931554720527
CC_CF2B3E37CF2E,0.3553996082699808
CC_CF2F163CE005,0.16215745650913482
CC_CF3C063DF626,0.18287098906428834
CC_CF3E91DB8220,0.38375629869644
CC_CF3FB5744443,0.7153861731287469
CC_CF4991B8EFE9,0.14027610602552743
CC_CF53FD3AC9AD,0.04180804621483786
CC_CF5A140B279D,0.16482037493769874
CC_CF613A7162B6,0.14703378484164004
CC_CF6A8A460B19,0.09406832209367896
CC_CF792E77A16D,0.044700075103479606
CC_CF7BAF373E0A,0.040724321471192405
CC_CF8B1D0015C4,0.15084591992562635
CC_CF8D0517B79F,0.0724025291080005
CC_CF92037ACA93,0.22463909279074776
CC_CF960A300F40,0.310951483744323
CC_CF96B6335E6C,0.16312412845331692
CC_CF9880D67A7D,0.20354708094592136
CC_CF9B249283A7,0.6895599080982069
CC_CFABF7407978,0.22622386119889368
CC_CFB2AE99EABF,0.14129924076014677
CC_CFC0BC440771,0.1456580765789518
CC_CFC235739F25,0.5487134367184976
CC_CFC6E8954325,0.04817889117612856
CC_CFD37EDB214D,0.21897440456596817
CC_CFD93C04478A,0.5686517559785486
CC_CFE0AA5381FD,0.5865624006032736
CC_CFEB021AA137,0.03840961758481881
CC_CFF6E2A6A3F9,0.3004889031666808
CC_CFFDC4947256,0.1680641945469746
CC_D009368CE434,0.0514330658658229
CC_D02E59E08B02,0.07303339787822305
CC_D03848B7353E,0.0576318559599549
CC_D03A69B1563D,0.15094006750776126
CC_D0576802096E,0.09982179139185905
CC_D0582E0F3440,0.05762797390426162
CC_D059D0BEC5D5,0.3081374389689929
CC_D05C4A8F2A25,0.14339484810917744
CC_D05FBA9B9040,0.7523438747962474
CC_D0653EA71CAD,0.2092527909238729
CC_D076A984B786,0.14976839251601295
CC_D08FC2D99CF5,0.15656798637381894
CC_D09942A02904,0.11706241311748594
CC_D0A8EA2D37F2,0.1651949741004097
CC_D0AAD35C800F,0.13814587092987712
CC_D0D666EC0244,0.09410870776121379
CC_D0F3F68F4452,0.5024557765054334
CC_D0FBDE8ABAA7,0.10980372450262799
CC_D103D50237D9,0.2170199766082632
CC_D11E5A30CF3B,0.267260081615122
CC_D122B30AE7CB,0.5633406672107429
CC_D1679B40D83A,0.0837065100259971
CC_D1760785D631,0.2536190433220712
CC_D18088587757,0.21506912546903875
CC_D184160042B7,0.33120599600621764
CC_D1886485E8B4,0.13680994597608698
CC_D1893DD5B4D4,0.07783821577795405
CC_D18B60E035CE,0.7304620729474594
CC_D191D099789D,0.08435133209394047
CC_D1BDB41E7FF6,0.09939865066611359
CC_D1BE2E6E9C9F,0.2018451498639057
CC_D1BFB29BF61C,0.06516054160320746
CC_D1C259F80E13,0.08751383036561783
CC_D1C63DA9CA93,0.11407426341825938
CC_D1C931E4F305,0.0727447384481294
CC_D1CE25F271BE,0.15192849546380024
CC_D1D2127A0C67,0.04426715880537373
CC_D1D31EA359F4,0.15703166732375376
CC_D1DB888BD9B0,0.10850966725946086
CC_D1E82B9DD102,0.14698548424783017
CC_D1EF68A649AA,0.12706726701414442
CC_D1F05E69F80F,0.058156964567631024
CC_D1F6FE158DCF,0.24049989821404835
CC_D205612FD566,0.6619660368444731
CC_D21474C31E3C,0.6644485277806104
CC_D2195A061A0E,0.6757342796291165
CC_D2199CC1CB08,0.03350309977501214
CC_D21FCD9DFE53,0.5192416743239711
CC_D233B2C8062B,0.38194536793061584
CC_D234CF2C21AE,0.6451443685156756
CC_D2373015DF41,0.06672080371162642
CC_D239CBE1012A,0.11966361046053912
CC_D2591377E980,0.7667280587443719
CC_D25E25C831B5,0.07116932106590992
CC_D262BB13DAAF,0.3184869255231269
CC_D272BC699F38,0.0568686979797249
CC_D2813C835750,0.776666094539634
CC_D285B0D67016,0.027825530739796135
CC_D28FB525E310,0.21171978950735498
CC_D2AFEE04E96F,0.045758527511607146
CC_D2BBAA423304,0.1303016339157525
CC_D2BE8B4011D7,0.0614764157436456
CC_D2C49D2FEBF8,0.19620889840231606
CC_D2D09498D333,0.14282324204069746
CC_D2D187DA334A,0.15575454039646316
CC_D2D47A5386CE,0.25762397487857736
CC_D2E98F50621A,0.05464503280302721
CC_D2F265035F0A,0.04676052081505699
CC_D2F91355C6D0,0.18796899485765883
CC_D2FC934F8324,0.13904626898492575
CC_D3044C67CFFB,0.07306158416353543
CC_D313F2C49E46,0.36578632554720264
CC_D31FFB053D60,0.10400143767378535
CC_D336DB6323BB,0.38440165497797174
CC_D343A7CBA377,0.07303166425387031
CC_D345AF4C4B61,0.13622013773422523
CC_D34FA9410740,0.072710588840795
CC_D354C5D1665A,0.17544644306723148
CC_D35E96480AF8,0.27841428089853987
CC_D3616386D6D2,0.13627844938558745
CC_D365173E852D,0.7848653822392764
CC_D3683C6CFC5C,0.625764107986569
CC_D373463038E0,0.054168085079965594
CC_D379CF8E3FAB,0.6908371117317782
CC_D37B4CA7F3D8,0.06430098528040101
CC_D37B5B3CA4BE,0.6658684016765476
CC_D39265D7B6C9,0.0532856977613219
CC_D39E3F732408,0.07570781622796495
CC_D3A7B21165B3,0.2567650827164947
CC_D3A9028A4660,0.04585604016487691
CC_D3A948322BD5,0.7116773291107553
CC_D3B95DB5E6C1,0.3025550519170368
CC_D3C8C5014D5C,0.1854336626337704
CC_D3D80929AF52,0.10010497118953608
CC_D3F25136073A,0.22280007999942922
CC_D4102AD032BE,0.20901055401957572
CC_D416EFCEAD89,0.051824588709150965
CC_D41C5030494A,0.7033070156296254
CC_D42E477596A3,0.055408213491640226
CC_D432C89BADA8,0.15714293615062802
CC_D434638E9569,0.16564698603505554
CC_D4518F98BB77,0.0892612523312316
CC_D452847F2A4C,0.08291274982415911
CC_D454056F92E6,0.2270719743806258
CC_D461FB973AB2,0.7718952985833831
CC_D462250B13D3,0.32637062466186634
CC_D48E686A834A,0.7014106120607185
CC_D48FFD985E51,0.07807888781518992
CC_D49263A1BDF7,0.12453819944477176
CC_D49668C65C33,0.024621385813287287
CC_D49D9C57A849,0.07892245584357363
CC_D4A029A150E4,0.18423000732460104
CC_D4AC998C0BC8,0.7121256292774458
CC_D4B02AAFC697,0.12560923555891512
CC_D4BDF0F4FE9E,0.11328271826487143
CC_D4BF2778371B,0.10029550360170289
CC_D4C0F4DB3501,0.16859842521934756
CC_D4C6DD8A364F,0.1588982949064021
CC_D4CDE2A1E174,0.15306000656128518
CC_D4E7EE35695B,0.13891698416844747
CC_D4ED652E86DF,0.30291565673594156
CC_D4F844B54B84,0.0410312331237986
CC_D4FA0055DB4A,0.06413707573634858
CC_D4FDCBAFEC74,0.738612568681578
CC_D517D90E105F,0.08321811591693166
CC_D52B87A01028,0.2076542415140502
CC_D530C3D1DBF8,0.656735808990861
CC_D5327E41EBA2,0.14622523685252445
CC_D53C8BCA531F,0.0892324126102761
CC_D540C7ABF683,0.6840640405954264
CC_D54105FC1349,0.4375643116527341
CC_D550CE8B9313,0.754585181787656
CC_D55C5B432387,0.17808352614233794
CC_D5646FCC5E14,0.5522160389196287
CC_D56F34613338,0.11078129353183833
CC_D573AF0F1674,0.10062771211450615
CC_D586E2C2B3EF,0.20979895869183662
CC_D589E388CA02,0.05760698214157338
CC_D58EBD954E68,0.27340741508799604
CC_D59AFE884BDD,0.391367819915549
CC_D5AC596A85E1,0.1722464003134861
CC_D5B99B578573,0.043707838790174154
CC_D5CBF4A4D3B3,0.1343613281727524
CC_D5CE05EAA837,0.23755713101749007
CC_D5D36A6C8DB3,0.08307442847639189
CC_D5D8D545736F,0.07201945142721851
CC_D5ECFAF8C1A3,0.07908078714783413
CC_D605715F737A,0.0953551405294736
CC_D617428B4B0E,0.3601619700309846
CC_D61E8E5C4414,0.10600589938392134
CC_D652B5F05769,0.18567882607936775
CC_D6564D0CB9A8,0.2182395032290089
CC_D66183657419,0.07118474752435436
CC_D66BDD3E1AA7,0.14281438611792766
CC_D66DA331534A,0.09692713780711737
CC_D687A780C0E6,0.04743694145832259
CC_D6AE871A4C9C,0.12649648035583122
CC_D6B7AF1FBDD4,0.44196398166556294
CC_D6B874308353,0.5673188045211065
CC_D6B8F47FE484,0.4060476334682389
CC_D6CB1BFDCEEA,0.11102597146642257
CC_D6D47D7E1C51,0.04963100018535027
CC_D6DE060699C6,0.144794078938703
CC_D6E06014457F,0.8161370077188975
CC_D6E8E17EA449,0.31302118763401376
CC_D6F216AB1C4A,0.16354791254123158
CC_D6F5E3A51C8A,0.11280049310588774
CC_D6FB3B76D7A0,0.6745876344181906
CC_D6FBCD4BA3DA,0.28503163059689496
CC_D70918916097,0.501337668857178
CC_D73B1B9B81A5,0.054801856468784126
CC_D73E9E24BB48,0.12430309636716776
CC_D74AA0F20466,0.11212508019707304
CC_D750070C44BB,0.7253427176935276
CC_D7529675CB7D,0.12422636524321477
CC_D75C8CDB510B,0.6364766187486595
CC_D76009C47709,0.304015508100776
CC_D771775A58F5,0.19059476566194108
CC_D77F9D613EF7,0.15087036194309988
CC_D7999C3EDE22,0.1706516168285596
CC_D79BF1D26499,0.1867531523500021
CC_D79C05885899,0.1115073197527295
CC_D79D4F15D10C,0.04676568686795098
CC_D7A11E3512D2,0.061694290645215956
CC_D7AD7A7279C4,0.13563229941351138
CC_D7B35055AF0D,0.18649043880254973
CC_D7D99409D57E,0.28722648618905916
CC_D7E403181D8F,0.11422944973004281
CC_D808C7BA9399,0.12961678806769716
CC_D80DE8B544F3,0.041050819258430134
CC_D81D19AEFB77,0.024721068037265606
CC_D81F317F6384,0.13579867360827513
CC_D844D9DF962C,0.07892928578619224
CC_D847D978387D,0.04682827469292593
CC_D85C7B85C440,0.2991578630173882
CC_D885591596E7,0.09789440725995373
CC_D887D07BDE23,0.344901775164842
CC_D88ACC0CFDA5,0.10078988601650914
CC_D88BDD0F510C,0.05309441887092612
CC_D8956424CB37,0.40440992575619383
CC_D8959BB99A7F,0.2600851980548735
CC_D89A9A14B5E8,0.05277086130826623
CC_D8AD01F3CCE7,0.05469963243499883
CC_D8B4122DC296,0.12428868617646187
CC_D8C38B187875,0.6762648870472784
CC_D8E55509595E,0.05535292929060825
CC_D8E6B90C37A3,0.13002183091780178
CC_D8F1AECFCC2F,0.05976325382604249
CC_D8F7672C70D7,0.03778038866602005
CC_D8F7E904E7DF,0.17696471267403224
CC_D8FEF1C99F88,0.7014827556815671
CC_D90761F9E9C9,0.38970766334763957
CC_D90D9D5C8FEB,0.08910115068401354
CC_D912917A4F4E,0.7426069734529108
CC_D91ECE64FD0C,0.13207175766856893
CC_D9325E5695D5,0.06372050836504443
CC_D9563654A397,0.17323356298209383
CC_D95766A6C24F,0.13743802739325087
CC_D95939B1BBFA,0.07232385730451753
CC_D96729C38BC9,0.08338865673679834
CC_D9791EFF766C,0.2088370530785914
CC_D97AA7C54F6D,0.13332535151108255
CC_D98BA5CE8EE6,0.496039147478414
CC_D991DAD5413D,0.15587115334119372
CC_D995C89AA359,0.18769023839180002
CC_D9A54F55AD6A,0.12007090817347542
CC_D9B87A96C353,0.23376353406343603
CC_D9C42B0B6A0C,0.197065696685549
CC_D9D487E78FAF,0.6148376563715806
CC_D9D744A66B09,0.08271136955983789
CC_D9DA3F6E2E7E,0.12360262444693529
CC_D9E5792258E4,0.0856600826199725
CC_D9E6B9CBEB77,0.04657286329579507
CC_D9F0CDB02AC6,0.13218921493945845
CC_DA0201D1BCF2,0.08195110176222349
CC_DA0500AFE692,0.06226572884931602
CC_DA0E0BD3880D,0.28994774660565936
CC_DA10F53AE655,0.6357097542759601
CC_DA1643A835A2,0.08502456723107184
CC_DA1C5BAB7E35,0.4726396020228225
CC_DA1DC6A6371D,0.18907473107889858
CC_DA1E6B31DD2A,0.6642096998122683
CC_DA1F282809D0,0.03354474343552829
CC_DA226442D919,0.7483934640998761
CC_DA31EC318B1F,0.05980573356504893
CC_DA33597C6459,0.14790171547625566
CC_DA43CFB5CC2F,0.18162338070153217
CC_DA481C72B8A4,0.22141370109760378
CC_DA55447636EB,0.043760979416839645
CC_DA5AE34842E3,0.09762121131050823
CC_DA6880B018AC,0.17841139435147477
CC_DA700A961616,0.1987242189311736
CC_DA7E65F1E6AA,0.0636665796040706
CC_DA80FAA7FE30,0.09075664480022055
CC_DA8DCCC1199D,0.3325371694185283
CC_DA8EA724C1D3,0.3828936887797656
CC_DA8FA65D1924,0.03957596624248326
CC_DA99D1E41C3E,0.054211605603322464
CC_DA9C3BEFD0B3,0.15999332804206587
CC_DAA3B7FE1C62,0.0733334359038135
CC_DAACE4211B34,0.16716888714193356
CC_DAD239E56638,0.7493265444310723
CC_DAD4BC090253,0.09278324530042022
CC_DAEDBA26BA12,0.32056862337289926
CC_DB1EB08EB40E,0.15204391307842582
CC_DB2314ED6960,0.09818550318339085
CC_DB25E05EC5CD,0.4169022241857379
CC_DB3BE0C87882,0.049345471493166586
CC_DB44628BC147,0.16932431254273575
CC_DB562E602BA8,0.12652389774806366
CC_DB61D7F5F8F2,0.7107030722695865
CC_DB6498598C32,0.16062686677722549
CC_DB6B59FB6E30,0.03999619657777804
CC_DB801B947698,0.346515981267983
CC_DBB8C467FF1D,0.09414453450692589
CC_DBCD21C2C322,0.062267590616064475
CC_DBDB148E45DD,0.10320878128822536
CC_DBDF9BFA7E87,0.11985220542720919
CC_DBF5CD2D854F,0.17692706417088921
CC_DC0077DE6E39,0.20050808613025367
CC_DC23159A1F99,0.08345106732083692
CC_DC2458827FD8,0.22495177718232623
CC_DC2BE35D58AC,0.2260162965032502
CC_DC49C8D3F7EC,0.5992549852626327
CC_DC5DE66826E9,0.11306090610911694
CC_DC6063FC6464,0.07883874162618794
CC_DC771AE1B4BA,0.6829185559545917
CC_DC7DEBC30E17,0.3968507605656411
CC_DC978F3A711F,0.6724625276641106
CC_DCA2140C7BC4,0.22884461667356384
CC_DCA5CE7C9DC3,0.17586097421329555
CC_DCB5798049B2,0.1257325702791821
CC_DCD10C95C942,0.5029922226579389
CC_DCD145E8E729,0.3070090102146766
CC_DCE0BFC03B86,0.043090434332218645
CC_DCE75AE2FB52,0.05497936600303628
CC_DCFCEEF21BA7,0.3282193864013804
CC_DD12A8C462FA,0.07846228824930435
CC_DD14867350AC,0.1619268072340731
CC_DD232BC8881D,0.22191516711219011
CC_DD2473D34D68,0.2054992337031799
CC_DD2B5C4CD318,0.057176494751483724
CC_DD4EC06C3A92,0.22472355931544638
CC_DD5299DA8C1C,0.08122438816300602
CC_DD59BFF18ABC,0.14609796692842866
CC_DD6777E1B05C,0.04566632351561766
CC_DD6EE1501B89,0.09093922088778039
CC_DD78B52AE022,0.1192747810956831
CC_DD7983A07B43,0.6847456688799388
CC_DD80B5CC495F,0.12769122167796712
CC_DD8956B71825,0.6312117556720843
CC_DD8D40E7E2A9,0.0670479487767131
CC_DD9972D0B63E,0.13076760193995346
CC_DDAE70634ED3,0.1062994551929582
CC_DDB4A9FF2B03,0.08898178853484906
CC_DDB68302DA2A,0.1656847339366001
CC_DDB9DEC9C037,0.07421790276915735
CC_DDC610D2B2F0,0.07318038974790898
CC_DDCAEC6BD9F0,0.2130422587553296
CC_DDDF665EBD93,0.2907087854059312
CC_DDE66EBF2157,0.06179373007214852
CC_DDE8B7E9C7F4,0.31302118763401376
CC_DE019FC36D28,0.3636842146216124
CC_DE07076B04D5,0.11881097290619021
CC_DE07AECD2361,0.04301688594844716
CC_DE08A4514010,0.6181946911735371
CC_DE093FAC5293,0.5000339965342115
CC_DE17BC1C2324,0.06721369031701598
CC_DE1B13B3E504,0.045460855754382065
CC_DE4264861B73,0.10150191094904057
CC_DE4810B88C51,0.30490046356418443
CC_DE4EE8A16896,0.1261774618572201
CC_DE523A2403BB,0.08401390119791413
CC_DE52860CFBBE,0.19384980776285285
CC_DE593193FB9C,0.15424595375154512
CC_DE5A9B499ED4,0.08938111263138186
CC_DE6AFFA63ABD,0.07903778663908467
CC_DE7CEC14CCD5,0.6909962273605919
CC_DE7D7B5BBB14,0.6033136233823354
CC_DE81AAB7BF48,0.052804533500721236
CC_DE8956D433E2,0.6448365556976474
CC_DE8FB8D1CB71,0.3084574291947805
CC_DE90D07B269D,0.19062845895063013
CC_DE9A62529780,0.1368334287907463
CC_DEA425EA8441,0.10060342757668808
CC_DEBE01582EFF,0.18427999612033852
CC_DEBFD4E79A38,0.03996094379796448
CC_DEC97F13CB8C,0.2278245612626197
CC_DECF1507C86D,0.1666276821157345
CC_DED24C8D047A,0.12379497928192118
CC_DEF4AEBD31C8,0.2120987736161877
CC_DF062F698349,0.12161354712056577
CC_DF13D5CB626A,0.13235640365034482
CC_DF15C526CDC5,0.04319105643939169
CC_DF1F6C68F7D2,0.1593663828895117
CC_DF3EB88F509B,0.13952784937728582
CC_DF4E332C886F,0.039361783460089166
CC_DF514171DC30,0.16160575040926553
CC_DF536CEAE5C0,0.054780055882199356
CC_DF5806CC2CFF,0.13442818322256211
CC_DF715690EF20,0.22446138288190773
CC_DF718A37AF15,0.09531142217986054
CC_DF7276DD74AA,0.10506214255994498
CC_DF750B2D6872,0.3562678532670601
CC_DF9FB6670627,0.06507839053970876
CC_DFA65A0125D9,0.04565821511460474
CC_DFAE355359B8,0.21787028327322056
CC_DFEA562F7BCF,0.3254563260966243
CC_DFEDAF0F0D6E,0.034454953971027664
CC_DFF6F74C64B5,0.6859733473488161
CC_DFF87DF16763,0.12024929454364952
CC_E00D8ECE9FA9,0.1489533644823295
CC_E027E36615C0,0.5694664488551049
CC_E02E23CE49A8,0.08201882627241008
CC_E030B3AEBF19,0.15540429588451551
CC_E031A4C862C1,0.14809854008973897
CC_E0339B331F4F,0.08142297387159762
CC_E038981B2FEE,0.13332864423388657
CC_E0463868968B,0.1728017274832091
CC_E05A8621B581,0.3325371694185283
CC_E07FB0312232,0.16851633611301253
CC_E088594E0624,0.19784022876409635
CC_E09AC3B1E534,0.09141589973961138
CC_E0AC29AFCF97,0.15116683781075882
CC_E0BAC6E0D0DA,0.04822614042582728
CC_E0DDDA07F0A1,0.14437525972192455
CC_E0DF45AB72B6,0.22226781214327906
CC_E0E1F8E7379E,0.10169975692459615
CC_E0EF095444A5,0.1548462850789929
CC_E102E4F7F8B4,0.2567565232592342
CC_E109B4CA6A8D,0.1411479970873071
CC_E11470A2D92C,0.39721874721981965
CC_E117B8A6ADC6,0.030384350325594455
CC_E128015073F3,0.10331201358164058
CC_E131D5EB9237,0.22030272880113452
CC_E14A24095E9F,0.14370567526402028
CC_E14CADF89123,0.4763229791847358
CC_E16876025011,0.05128108311303556
CC_E16C71C15D04,0.7157530811485926
CC_E16F1BB83653,0.06592991812205921
CC_E17448FB08EF,0.5106459672176413
CC_E17AAACEB07D,0.08269698591747777
CC_E1875522DC57,0.17084447534141303
CC_E18A0734641A,0.12049043220936824
CC_E18A22453843,0.07929185417131485
CC_E1B4E3360C0F,0.17727018255758167
CC_E1B5AE645169,0.055230385929542485
CC_E1B71F6B7DD2,0.25030798867985166
CC_E1D073F693A2,0.2588195233016207
CC_E1EA83C31C66,0.10577944500913823
CC_E1ECAE226485,0.2335279681472894
CC_E1F0C5076481,0.07885762240714511
CC_E1F78CE289D8,0.04579451127345878
CC_E1FBCECE0A54,0.24206816308469825
CC_E1FD46CA26D5,0.09709264272563577
CC_E20E7C7164A6,0.7495804717913417
CC_E211E2698C14,0.03992481190445749
CC_E21B4F587C45,0.1477928936390097
CC_E22A278A1386,0.0675923747969352
CC_E24078C03B7C,0.1431851607522792
CC_E2452737F950,0.176669580831343
CC_E246119AA09C,0.6773708397852982
CC_E246942C7310,0.06981496384718902
CC_E2474A334F3D,0.09211586148233622
CC_E2489637D0E8,0.15673373687823194
CC_E2521AF9C2A2,0.08773109528709284
CC_E253F4AC4762,0.648298037854592
CC_E257805D0F0A,0.24361262407846943
CC_E25A924EDB70,0.08053312172585665
CC_E25B5D5502AD,0.10938692649466304
CC_E2619E24BEDD,0.6650574293619643
CC_E274DAF3C064,0.08351984312114352
CC_E2787CBDFBF1,0.16343160440614937
CC_E28AE2E68BB7,0.7118293917229643
CC_E2C3E272D059,0.27969181867831605
CC_E2D653061523,0.490071160483432
CC_E2ECDC7D23EE,0.12973069484155875
CC_E2F0E725C3AB,0.05776819472153481
CC_E2F7712CD056,0.1999832717695197
CC_E2FD7FCF0AD5,0.8075623996375926
CC_E308C7DFB2F2,0.13593500587183951
CC_E30B791D5F11,0.22779798438081716
CC_E315F7A94400,0.3510647446299678
CC_E31DAB1E73F5,0.05120915948970412
CC_E32034C97E83,0.2217138982664488
CC_E32DBED5EAC1,0.27066735324928914
CC_E32DDDDEE3CB,0.18718388722282597
CC_E343EC3EB052,0.6421878492118827
CC_E34A04E78D60,0.17243414968127538
CC_E3503B565AD0,0.24833253628901752
CC_E356B05ADD56,0.18292581518583165
CC_E35D02BE6780,0.023313139434204665
CC_E369AAECB2B1,0.46634996465715706
CC_E36ACDB4F96F,0.49606597405014646
CC_E36C7F0E1657,0.8125153301017507
CC_E381FD4674D5,0.04054239673535875
CC_E38E3835121E,0.05110879148642037
CC_E3A70438A0C1,0.2545484044843909
CC_E3B5C76189F3,0.26979657106844807
CC_E3B7B7E57889,0.16707101216248013
CC_E3CCC0D886D9,0.20357033876740843
CC_E3DD8AD10171,0.33049805735597415
CC_E3E230CF20A1,0.21656128173683833
CC_E3E4B2543CCB,0.06242644913819519
CC_E3E5DF01E014,0.1809168261930266
CC_E3EB157288A2,0.09204420144209706
CC_E3FBDA203EDF,0.19735938815331558
CC_E404FCA6CB2B,0.6969497115826769
CC_E4054F9C8442,0.2933102096169005
CC_E405D808772F,0.036564661163487264
CC_E4137B250609,0.37555413760872935
CC_E41482A7E968,0.07262906769591963
CC_E421FA1874F4,0.09589807281475637
CC_E42C38BBBD04,0.2359840860984662
CC_E42D90BFB285,0.046721415435067346
CC_E42EFC05C891,0.07207905774338932
CC_E430F3C75969,0.1197276060569295
CC_E4576D6B6478,0.11124603560667441
CC_E46B27A13728,0.3879810419842836
CC_E4783FB590D4,0.17332582201869715
CC_E489009C6500,0.16351236048877477
CC_E493CB46177D,0.0923914296742368
CC_E496AFA9B40A,0.2884253694044362
CC_E4A2FFE0EE1F,0.09447501308811049
CC_E4C553538385,0.3961287451758089
CC_E4C7B5501ED1,0.16630347773731702
CC_E4C8A5A60F51,0.15360601746610417
CC_E4C94AB69214,0.388850992187644
CC_E4D75244E8B8,0.24198724165241806
CC_E4D9A8EEDBAE,0.20090438686534798
CC_E4DF787730AA,0.14829751728819662
CC_E4E0DC070132,0.18490906862535064
CC_E4E3C08B7F86,0.05688701223693365
CC_E4FEEB4389C9,0.31001383503658536
CC_E50598344DD9,0.37898537999468107
CC_E50C634A9A18,0.027807636488444032
CC_E5107337FDD7,0.06858637192009304
CC_E511BFCFEC9E,0.6679603771523142
CC_E51318749E09,0.14772330586620566
CC_E53FE6708AD9,0.6617094524656436
CC_E54290FEA34D,0.1096136757594091
CC_E54B723C018B,0.04997150400384543
CC_E554618F383B,0.10437736545321402
CC_E557336955A2,0.0899724839531753
CC_E55B48E73651,0.2601912772260549
CC_E55D8DC645B9,0.05199594365456141
CC_E575DA02C575,0.2279455050619699
CC_E576BD98A727,0.18038899909563377
CC_E578DC77656B,0.11531237173035909
CC_E57F3EAFD9A3,0.1406100621860106
CC_E59A01603B7D,0.2938317814911273
CC_E59B2D974CB3,0.21933994509375418
CC_E5A1C44F0F07,0.6337602028646492
CC_E5A8BDF6BFC1,0.1739860141647871
CC_E5B284DA0E5D,0.0984929034771892
CC_E5B8363BB378,0.5728649565459588
CC_E5D8BFFA5F88,0.05766693908346753
CC_E5DA04902EFD,0.31503583966027654
CC_E5F53CFC20EC,0.06436620335312274
CC_E5FAECE63C59,0.47377464538619957
CC_E5FB6E872C58,0.04681501628787
CC_E6045565E7ED,0.08619572854017045
CC_E60845ADC7F1,0.04817241291585784
CC_E61567D6B392,0.09849198667914634
CC_E62174AFA94C,0.1548905722216099
CC_E6247DD14641,0.11904685941966518
CC_E6289A61F0ED,0.100959089188099
CC_E62E32FB6FBB,0.026207563958885807
CC_E62F6BE942DC,0.2043477225782719
CC_E63E49B128AE,0.0752024392817638
CC_E63F89885A3E,0.782021821192556
CC_E6466E6A92CB,0.21708912100264133
CC_E64BC95F8B2A,0.8094048274133135
CC_E64C652BBAB2,0.06533532845008225
CC_E659DB355476,0.23310709088292228
CC_E65C8BA5A7CE,0.06609131289012438
CC_E65F39446752,0.3065443288785817
CC_E67395791589,0.1907508805388506
CC_E67622A69EEF,0.08087436372023092
CC_E680830CAEF3,0.056931734383579645
CC_E6823643AC4C,0.6604044568410957
CC_E683F33931BB,0.12100603594220051
CC_E68841DEB163,0.08053941045802017
CC_E68B2C33D180,0.11210135614748182
CC_E68EE6EC2618,0.0471920089620512
CC_E69508D3D3F1,0.1811086059841336
CC_E698F1348426,0.20855587579879872
CC_E6A178F3709D,0.11390631692379609
CC_E6A4B6E8619C,0.6777816281795812
CC_E6B3887C66BB,0.28827442911089096
CC_E6B6BBBDBEDB,0.30393963420614467
CC_E6DBD0F9DC3B,0.07805262109940388
CC_E6F090F70DDD,0.27693170874306644
CC_E6F2D8CB45C6,0.09473482491784403
CC_E6F8FBEDA2A7,0.08713746805469058
CC_E70854CDFE9C,0.06303243446752414
CC_E71C05F07F85,0.056744481635767195
CC_E72797CABC60,0.07598543436390326
CC_E727C1153226,0.10381204859752621
CC_E73489D828C7,0.129413010295651
CC_E7355465CE6A,0.06522753462292323
CC_E73CDBC743FF,0.21106066739212254
CC_E74F00E75A4F,0.05557634969441702
CC_E751F7E19192,0.1437987459454097
CC_E7522AD6431A,0.5082027582199358
CC_E7523630D2D9,0.24804804267737546
CC_E767372DD95A,0.6516334820520564
CC_E76C5DFD3BA6,0.27702951251493896
CC_E77326438575,0.19564783344405404
CC_E77E29E11EB1,0.16664401106433996
CC_E78F20B3223F,0.6802945377387134
CC_E79A23E64518,0.11120220953890853
CC_E7AC69AEA182,0.6928395669376635
CC_E7B754CA9668,0.06225639376130037
CC_E7BA60365AE8,0.1411251898976281
CC_E7C95D4A741C,0.07860575352675846
CC_E7D3D728EC5B,0.19359356178230724
CC_E7E4D5F851D3,0.058460991192694406
CC_E7EA49D37B64,0.3598584565902541
CC_E7EF11A24F73,0.7522844601045855
CC_E7F6F9A7EC65,0.05074458687422114
CC_E7FBC7F69DBB,0.19040879151522425
CC_E80B1A55A74D,0.1570564535203826
CC_E824AB0AFDBB,0.19436222259569796
CC_E826DAC92D9D,0.2294087582720042
CC_E83AB7100D06,0.1306234868513812
CC_E83E6D31EC76,0.23710840136802228
CC_E86650461FBE,0.18894608268286928
CC_E868A3754B11,0.8348241217438697
CC_E86A993F7D05,0.09402211300367208
CC_E87992FBEE80,0.6368626077829395
CC_E87B909C4DDD,0.2508477917825664
CC_E8828BA7EE08,0.14440462138726012
CC_E886157F6FBD,0.26366363694785666
CC_E88711C5C98E,0.12174682901011134
CC_E887680BB6CC,0.2116984210458575
CC_E8909BF77D8D,0.11780516680355299
CC_E8A82DA3A246,0.15558491543747832
CC_E8AC7545DBD3,0.0794485832863756
CC_E8BA6B224C3E,0.10919389186872547
CC_E8C6CA45BF72,0.24212330246712177
CC_E8D2E3126A8F,0.6894731534849476
CC_E8E55DAC4FF9,0.06477662357881535
CC_E8EB77AF3F78,0.8123260146429403
CC_E8F2C6905503,0.34176413415010387
CC_E90831F897A9,0.19759846747892826
CC_E90B14D51185,0.5101285341533808
CC_E9188329C9E7,0.08328910297883298
CC_E91E1C0C0C61,0.626348985833074
CC_E91E9D34C5F3,0.15099261326242955
CC_E91F555DBA96,0.14709395199234362
CC_E932CFF4B4A4,0.24305296371711752
CC_E93643CB34CA,0.18514936858369935
CC_E937CA493910,0.1512553033135251
CC_E9409A50B4BF,0.5506452420046078
CC_E96711AD5512,0.06863685533583937
CC_E96A3E6912B4,0.4682860849653237
CC_E98AEE74B9BC,0.24440744209014928
CC_E992FB78BC2D,0.22145706724590766
CC_E9A3AECEE3A9,0.0604012533625709
CC_E9BDA7766728,0.31877510813505616
CC_E9BF1AFE86C3,0.17148328537496088
CC_E9CA055AD1A3,0.12177514455532272
CC_E9CA0A56E917,0.17076434551999795
CC_E9D3453F53AC,0.6408669283521571
CC_E9D46EFFA839,0.2034683088529909
CC_E9ED872B6037,0.0507788889589822
CC_E9F40C1B559E,0.1286277039676597
CC_EA06928C0AA9,0.2774131035730594
CC_EA0A46F64C80,0.137972185038453
CC_EA114B15FC04,0.5727045858055638
CC_EA1F3F67BA2E,0.092623798102085
CC_EA21618614D1,0.6554120006019916
CC_EA26B5A89181,0.22290918181859726
CC_EA26C6C27662,0.16177899262811077
CC_EA3B5AC76649,0.21640299020494555
CC_EA4E669C8528,0.09236617822672294
CC_EA6917E7A5C2,0.6787066676124461
CC_EA8A25862433,0.08333318819639289
CC_EA901D7CA670,0.1485583572074309
CC_EAA2BCE323EE,0.7004389660912304
CC_EAA6D5189190,0.0977974679727513
CC_EAAA8DD7FAAF,0.14071944788757834
CC_EAB7408CCE0E,0.32471178798307737
CC_EABEDB3C4827,0.15534185325702762
CC_EAC6D83D1BFC,0.03423567105836587
CC_EAD7F3E9DAD1,0.05557284662831872
CC_EADC7D8196C2,0.23239525669351596
CC_EAE608E24E29,0.040870101373867776
CC_EB05AD2C7C27,0.05839797849273262
CC_EB1DA337E2D1,0.1369309009444316
CC_EB1F425EC937,0.13669497472562422
CC_EB2FE764BF6D,0.13094271636802846
CC_EB55483587DE,0.1054269072523106
CC_EB569B3E2E12,0.6352811098113275
CC_EB57E6E6C96C,0.20616921897890852
CC_EB5A0FE0605C,0.12183229281999054
CC_EB64EC97D01D,0.15794537151550014
CC_EB691249B91A,0.13929762017808442
CC_EB7C50A7D4C1,0.5659586191415722
CC_EB7C52FDBEC3,0.15837834980231225
CC_EB86FED24535,0.2530244568955978
CC_EB89DECC2021,0.09965248678720387
CC_EB999F9D6095,0.19370346244227635
CC_EBA2F85924CE,0.08320235733082895
CC_EBAC5A53FD11,0.09701532085040786
CC_EBB109EF7619,0.17700942906523123
CC_EBBD00C18763,0.04455475016365112
CC_EBCA68C7854D,0.061441067973760206
CC_EBCBDE122879,0.12634217081757232
CC_EBDF6C88BBA5,0.05199792741627342
CC_EBEDAC91ED43,0.09757786689662745
CC_EBEEC4183FDE,0.039482190210158925
CC_EBFD9D007253,0.4577130111178826
CC_EC1ABC58E09A,0.16950404495575008
CC_EC26EABA68DC,0.7919592028351654
CC_EC2A485A3E71,0.16136917934751074
CC_EC3B9E2FE47B,0.08339043125724391
CC_EC505F03EE5F,0.027896357593716215
CC_EC5317EC6706,0.19292735242121878
CC_EC5B7FBD1EA7,0.1283112963288366
CC_EC5C7471FFC5,0.05407708913797721
CC_EC5D92B3617B,0.21576570328765748
CC_EC5E214BFED0,0.6944900357294707
CC_EC6406527201,0.10998600958233183
CC_EC79022358C6,0.32641561561275195
CC_EC831A90189F,0.08400157387078629
CC_EC87C131FADC,0.028339195470148175
CC_EC88785D6F39,0.19578984731926866
CC_EC9173F5284E,0.025875637505938128
CC_ECB7B3B6272E,0.06448547835105178
CC_ECBF4CED56D1,0.10896253835311634
CC_ECBF80B94EAE,0.7850424015423229
CC_ECC78B7AE3F1,0.6013535062557369
CC_ECC7E9E691F5,0.15427636127346092
CC_ECC9235F612E,0.24489876905404379
CC_ECCB0BD557DC,0.15619421327639332
CC_ECCCB1B4EA8F,0.0736223880905837
CC_ECDDF4983DD9,0.05142264247908535
CC_ECEE93C4F564,0.5376683822308118
CC_ED07BD8B2CB3,0.05716462914073435
CC_ED0F4A02A01C,0.25586610048653813
CC_ED11D72A1D3B,0.07082792620614013
CC_ED165FC5A06F,0.05872644199845205
CC_ED2B6A40ABC7,0.24397643109623876
CC_ED390F22A931,0.09593673523664631
CC_ED40E7CE5177,0.190014414504285
CC_ED4E4B13DB1A,0.04464860133987045
CC_ED4F22572419,0.12107634882725277
CC_ED5AE5CB1DC5,0.04198969126124327
CC_ED6090A4E6E4,0.2106227604601967
CC_ED645D91E6A5,0.1303550395381436
CC_ED6B045B6075,0.14955692725905062
CC_ED9313C71C57,0.14916181491350528
CC_ED9BCE7C776F,0.7712672444646839
CC_ED9D4644716C,0.19400369343805288
CC_EDA794402358,0.27192687660937553
CC_EDAADACD4DED,0.07391364699065603
CC_EDBAD2E989FB,0.12299964376196142
CC_EDC98B474E76,0.3170050319180826
CC_EDD1FD49A66A,0.7448469227768193
CC_EDD448008C0C,0.7399357433590267
CC_EDDA3B790095,0.06027863674421838
CC_EDF95BF0E3D6,0.21078183353194976
CC_EE03D7C2BC69,0.0577089830742457
CC_EE0D95184E81,0.05970149548581756
CC_EE0FF690C214,0.4166085009396058
CC_EE2412C352D5,0.09118525817129713
CC_EE2A010019CF,0.06395866876767045
CC_EE2AC730827E,0.05338323716776302
CC_EE3236E6A9FD,0.09686002794964514
CC_EE3759EA49FF,0.1701893130878976
CC_EE38C78AD88B,0.323880239273114
CC_EE3CE0FD6B77,0.5379534758133017
CC_EE6B7E58FC63,0.0401630129089501
CC_EE6E02464067,0.2673146273691985
CC_EE6E1FA7A753,0.15610156505233067
CC_EE6FCE6C233A,0.2298397522815823
CC_EE88C07B9333,0.0971210284187838
CC_EE9004165810,0.07176326424489507
CC_EE9BD17AD343,0.04529519431218438
CC_EEA608D5A455,0.15422468592338706
CC_EEAFDB1BB486,0.5549765397856584
CC_EEB482736C41,0.2139170505163738
CC_EEBD9DA093E1,0.05340876463045363
CC_EEF23DDD2262,0.1413376736606638
CC_EEFBDC9AD94A,0.08397026873536896
CC_EF05000895F4,0.4422626615315944
CC_EF16B2CE0988,0.3598584565902541
CC_EF1DD3F0CBDF,0.0581904020736241
CC_EF2D82085BB9,0.09690958104403119
CC_EF2DBE79D656,0.2855925015563718
CC_EF3000C48A4C,0.0721917606291067
CC_EF359AF608EA,0.03381357120580221
CC_EF362432D758,0.3350784476302571
CC_EF548B30F1B6,0.22101709580759282
CC_EF5B403DFD7E,0.09837821794516753
CC_EF66DA0DDF9C,0.3032396265645215
CC_EF70BA4AEEC4,0.1474980583701435
CC_EF83DD56FCC5,0.06576098233939623
CC_EF8B642A6F8D,0.06704980101482975
CC_EFA1EB27DA19,0.04238463816040106
CC_EFAE84EA9BDE,0.11968195869319659
CC_EFB26BEA106E,0.3314911958480754
CC_EFBB51CD8502,0.2170733313966564
CC_EFC18E9B3B55,0.12827406161060367
CC_EFC4B0020E2D,0.10231860682219514
CC_EFC9FA5108D9,0.16421223858639178
CC_EFE45D9B9D9C,0.041772588617974137
CC_EFF27FA98DF1,0.05358433419688208
CC_F000DA497736,0.24446145511702724
CC_F00107DE219E,0.5532178279769767
CC_F009FC54A64B,0.7588955345512448
CC_F01DF28C6BFF,0.09456976565129424
CC_F037C91F63BF,0.13002011701674723
CC_F03FADA95A03,0.7183404820779382
CC_F05235F3C894,0.12579939873645082
CC_F0649FEBFEB8,0.4956668620073939
CC_F066C78B5C0D,0.14128948154819315
CC_F07313626618,0.6760337643208902
CC_F0783F6A56F5,0.7736371479203668
CC_F0791523691A,0.17976968116278366
CC_F080750455CE,0.057330348696141606
CC_F0809EBB0B51,0.026392713392104233
CC_F08259F86E23,0.17537444875019662
CC_F0929F859702,0.17440271368194454
CC_F0A7203CCA39,0.15269994915190965
CC_F0CD4DD9C63C,0.17147813163387482
CC_F0D29AD328E5,0.1565963341639785
CC_F0D339E5B80C,0.0720447976758752
CC_F0D3BC14FA77,0.06815901492830403
CC_F0E16D28D49D,0.17417726945840106
CC_F0EBE2C00A7B,0.09077301880771836
CC_F0F137758DC2,0.06114550108306623
CC_F0F6BD40CA43,0.4059986938957794
CC_F0F6FCF6010F,0.17490017174655625
CC_F0FBC9D4ECA1,0.030905463615522103
CC_F0FEE924096C,0.22173322990802294
CC_F1074E035DE6,0.06719991511463745
CC_F108D26930FF,0.3617623831721831
CC_F10DB853B9DF,0.40375761449084735
CC_F10E06D52D76,0.17099147353120553
CC_F11F5F477B91,0.6726669167755693
CC_F14913B5BE1B,0.7706987958923703
CC_F156C1647E3D,0.08796373503979762
CC_F1598097E314,0.6495565873066294
CC_F1641E3AAB3C,0.04992147816404468
CC_F166878FB959,0.05546559618392312
CC_F17540FE7C9F,0.10634325072131749
CC_F175BB08B29E,0.058402215347423826
CC_F1782AF286D0,0.3738670997908968
CC_F1796AD4B774,0.5267475527718575
CC_F17B3A3A5E56,0.6077150817197198
CC_F1858D6F0080,0.18190006123254554
CC_F18689FA8E29,0.06559555631797748
CC_F18A82B0F153,0.15641343624858886
CC_F1AE7142A128,0.0897163312046449
CC_F1B43DD57C9C,0.10686181211322868
CC_F1BCB7676492,0.09475095824713463
CC_F1C8B8BB90AE,0.171943435572599
CC_F1E044CD2D75,0.2641580295651578
CC_F1FCB96B5E14,0.2425519373629246
CC_F2067E92A939,0.12452377655751126
CC_F21512554CC9,0.0770117372246675
CC_F243956B7575,0.0923698262874526
CC_F24FBC9FD3F7,0.3631486223302622
CC_F252EB3F208B,0.05806634043581497
CC_F25D793346CA,0.3817082929170288
CC_F25EB1ED5AD9,0.07285257112399514
CC_F265A0AE845F,0.6865985127348815
CC_F274BB4AEBE0,0.06647890140465772
CC_F28BF2185131,0.1022510666090435
CC_F29077E45AF0,0.22612036942418318
CC_F2988560CAB8,0.3357884013147085
CC_F2993AB36C56,0.08378747734545615
CC_F29D6C65779E,0.06384076172941344
CC_F2D2BADD0000,0.06994618690991967
CC_F2E4AEB73D57,0.12625478983038993
CC_F2E630BAF431,0.05381269990444776
CC_F2EFCB40AE74,0.16345507435183362
CC_F2F085891915,0.7177170603705711
CC_F3030E2C80A0,0.19846255057283244
CC_F3044C7C16BB,0.05042926077192348
CC_F30B21CB4603,0.09876673138474755
CC_F3140FCE870A,0.08281942591698453
CC_F32A84B321FC,0.16664822790964967
CC_F339FF584607,0.26824494987125813
CC_F33CEE0F6DBE,0.45820960496704044
CC_F33DAF3E9CF0,0.1351243298404554
CC_F34EC3FF202F,0.07824968474215295
CC_F35A6C383B39,0.23071300786912172
CC_F360E0FF27CA,0.09224335048050247
CC_F36B7AEC0086,0.10690642271994032
CC_F370665BECB8,0.5783156526838921
CC_F373A60E53E8,0.04356688956968387
CC_F373BDAE18B2,0.073760283282057
CC_F3745BC63340,0.07260953508583369
CC_F37DC9169301,0.20145622412960126
CC_F394E57C5243,0.2258477604804092
CC_F39E98FD418D,0.08675128949147624
CC_F39F51452381,0.032435602363651964
CC_F3A52465664E,0.061269187455636524
CC_F3A8CF761A0F,0.217666374773095
CC_F3BF1709E29A,0.4011020138390238
CC_F3BF72C29211,0.0632712701420726
CC_F3CF35465CF1,0.05853418687620256
CC_F3E2186DBD4F,0.30291565673594156
CC_F3F0F9B9B56E,0.18499455887147445
CC_F3F185395BE1,0.12950053028660427
CC_F3F68E6599E7,0.08994786235324023
CC_F3F7763C9DFE,0.17801591846220757
CC_F3FFF13592CE,0.05485584693756383
CC_F410C3CE89E1,0.1564484143660507
CC_F410C8B811FE,0.06681893953939703
CC_F4132072D78E,0.11387223529811187
CC_F4157B8E5B32,0.5397209081261543
CC_F41CF067E828,0.14530055197632652
CC_F41DC456E539,0.04385588905185794
CC_F41EEF55A0EC,0.0511749326585052
CC_F426B5C1F07D,0.31953390084009914
CC_F437875F9000,0.18278528704678815
CC_F43C961F8A30,0.13417503622691426
CC_F43D9BF23472,0.06615584373017337
CC_F444BE033109,0.17318387837940122
CC_F4481124F17A,0.1715196246600301
CC_F44EAAF80F70,0.11056767390521588
CC_F4521F6D3492,0.5176575048189772
CC_F46BD9AB1B68,0.14422565736233192
CC_F4763AA0B824,0.4763639437852493
CC_F47976F33E20,0.2161234747440121
CC_F47E588D4470,0.1927307973625584
CC_F4A2777912C2,0.1149438292616703
CC_F4A6C2B23685,0.06833909687658173
CC_F4B3EAEEEA8B,0.03698855076336005
CC_F4C6CD1E720C,0.07491099673947621
CC_F4D05DA98C83,0.06556446206207626
CC_F4D15889CDE0,0.15959598239198497
CC_F4DEC1E6173D,0.041941991432862785
CC_F4EFAD6AF8BD,0.28804330955564844
CC_F4F7835A1FA2,0.16161607544415188
CC_F500597795FB,0.11699690006384682
CC_F5197FA9580F,0.6890060875837959
CC_F5240F59146F,0.10054717980417634
CC_F534A0B87C3B,0.20064413759347158
CC_F536972BFE98,0.1395398091399422
CC_F54FDFE5A5C8,0.08116590377624618
CC_F55727F65F86,0.22240200404742452
CC_F558EBDCDD6D,0.1267472281793305
CC_F56D569AC51F,0.10292876065317579
CC_F5714D180EE1,0.09498896561103169
CC_F576ED9554AD,0.43502267989738796
CC_F57C2559358E,0.2174329805324489
CC_F5AA72FC0972,0.1134770165633702
CC_F5AE7DEA2B48,0.07485724556637341
CC_F5C6A5E9D495,0.18719565968873583
CC_F5E0731F2181,0.26550025861551196
CC_F5F4F3B03FE8,0.7619286019661511
CC_F604D7B9CBD9,0.22786990069973212
CC_F60F13391D61,0.15855536327505376
CC_F618D72DF162,0.0716027201136899
CC_F620B15ACC5D,0.07671987149585048
CC_F62D426D6614,0.12183923790804638
CC_F634999D5C1D,0.02499731139514084
CC_F636E5BAEE47,0.1207216384159337
CC_F6461B692240,0.7491306904994293
CC_F65BAD63AED0,0.2519991183362421
CC_F65DD2AC57E8,0.28503163059689496
CC_F66C6577674C,0.0633765044416522
CC_F670896FE959,0.19249884880206417
CC_F67376F272EA,0.6748121470894133
CC_F67FFE9E884E,0.20639213518419988
CC_F683C99F06C1,0.130493056598689
CC_F68523E2CE7A,0.7694066853964383
CC_F68E62F9AA0F,0.031100580721403197
CC_F69604E05962,0.05891902170924782
CC_F6B8913740B3,0.09530072567264158
CC_F6BB4952DD35,0.3243651147227165
CC_F6C0B7AC57B5,0.6277701611337716
CC_F6D2B06E6E8B,0.6675591134573328
CC_F6EB30A84C9F,0.28503163059689496
CC_F70345A4792A,0.10556256359825752
CC_F7068C1F77B3,0.3197467267655331
CC_F70B0EA8C0E7,0.0632290813237723
CC_F71CC97FCE83,0.08949843339156027
CC_F722224A84F4,0.7123486309048574
CC_F72D1046063A,0.2728854237652561
CC_F72DAB32A281,0.06618130121409756
CC_F733AA5C0ED9,0.06446026133879432
CC_F74043C1BBEB,0.05403074781369134
CC_F74A31E36137,0.06690372337568952
CC_F756B167634F,0.15917767927986626
CC_F75CBE8E1B92,0.4336702650436202
CC_F761F7EEAD39,0.1475707549926146
CC_F79303D62FCD,0.050861894095729936
CC_F795134B52E6,0.652424038789151
CC_F79533E83ECA,0.0742394750103789
CC_F79F9A7ED432,0.7115920008093989
CC_F7B2FC73E020,0.040958652079554875
CC_F7CF24594B20,0.09624661213712997
CC_F7D31937AA89,0.04851326102218146
CC_F7EFD378035D,0.405142620844594
CC_F8014B1E00D6,0.05094554276735193
CC_F80ADE95A7C8,0.061637485546277265
CC_F82E58E476A9,0.11138409611836395
CC_F82EB123CC19,0.2752717449094652
CC_F83088660331,0.1130150870235015
CC_F83C6DF6A815,0.5200884074430255
CC_F8620C4F7581,0.1802404682715866
CC_F869F4DA5077,0.7860793634660614
CC_F86B1C53EAF4,0.21117675333631863
CC_F87B7F26FF51,0.2384490316152202
CC_F8803D1C899B,0.06633339468246736
CC_F892E51AC9DD,0.0629745706477897
CC_F89C185743F0,0.09800589386758843
CC_F8A4D45C3769,0.08120415289038764
CC_F8AD68EA5A16,0.22690232162941346
CC_F8B4DBD0CE8A,0.34728221532388065
CC_F8F3E551F166,0.28503163059689496
CC_F8F9FE2C9B65,0.2810785941404269
CC_F912A50D0DD1,0.17928987257779258
CC_F91B7C2B1AFD,0.10042476029378929
CC_F925251D4BF0,0.3495421302194446
CC_F925ADD60E7B,0.04782692676806602
CC_F9282C144479,0.05070243025378549
CC_F92EE3287CC8,0.10121085646139621
CC_F93332608FE1,0.16014940079792278
CC_F94070DE3B81,0.06238061742423352
CC_F94C81428D20,0.17057187653811512
CC_F95DFFDA9B12,0.44288835753878
CC_F96A53B02447,0.5718979108139979
CC_F96A965CDCB0,0.6602375962867755
CC_F9721FEDBE9E,0.20433546562698607
CC_F97C3E145882,0.22220663003766702
CC_F97C64C64052,0.08260210469423343
CC_F98660A07E6A,0.7729305278703251
CC_F98BA4B13724,0.054939800669211884
CC_F9A3F3A76B1A,0.10375875688356817
CC_F9A8E2B3A703,0.12717988204188166
CC_F9B3E7E7F2A9,0.3855348345613349
CC_F9D7D0B1E4A8,0.6652495724841051
CC_F9EDA4EDDD44,0.050002726124530265
CC_F9F2176B12FE,0.06251126107035211
CC_F9F90E76CA5B,0.11761463971611552
CC_FA0157249C01,0.10932268452592343
CC_FA169BCA835F,0.09762027324800268
CC_FA19B61BCABB,0.12889758559913883
CC_FA1DD203C293,0.2589344636554031
CC_FA2E30269BC1,0.20673331115235036
CC_FA304CE8E045,0.21976142114580163
CC_FA310759A257,0.6682661021990469
CC_FA32397E7B8C,0.07385472593888122
CC_FA33D97B84D4,0.10272675688246888
CC_FA38991B9434,0.04787667579970043
CC_FA4079FFF1E5,0.27994514808612886
CC_FA716665CD8F,0.08886011629261713
CC_FA770268B207,0.1765072111751456
CC_FA7A2F59245B,0.41355935145354505
CC_FA8205104EBF,0.10357536290317908
CC_FA8370AF8740,0.055461118317505886
CC_FA858F1025FF,0.10288645080438327
CC_FA86320CF6B0,0.045601905695407785
CC_FA8B341CD3EA,0.15364388516322616
CC_FA9057AAF95B,0.11124086012205217
CC_FA97314C666C,0.046889290166955755
CC_FA974C1D91AD,0.3429325353891655
CC_FAA0E5BC9F44,0.7289746543024226
CC_FAA2694D8578,0.3005123862822822
CC_FAAFFC74BC35,0.7027885781093318
CC_FABA6DCF8E45,0.03468336744681916
CC_FABC53294AC1,0.22198440730883787
CC_FAC52B8E66DA,0.08738131299668819
CC_FAD284D8DAC8,0.8330286349329046
CC_FAE70CA5999C,0.11283830275721089
CC_FAF1CCB40132,0.09008786492498404
CC_FAF93D8B3B59,0.07517384991476177
CC_FB09E5481B64,0.09898375160133117
CC_FB150A1F7C3B,0.1259601612151027
CC_FB1808471515,0.3788285997225307
CC_FB296D823CF6,0.06489225661324963
CC_FB301E1FA7FF,0.04095000199409987
CC_FB33C958A19E,0.39344610877853137
CC_FB40D63FC3D3,0.18535428411131352
CC_FB45A1837AD7,0.09046941901512096
CC_FB45B79CED15,0.1089053387444526
CC_FB52260232E3,0.05889753841201122
CC_FB6A0A7B8813,0.3152378880663178
CC_FB6ED10D82D2,0.09041749378710666
CC_FB78DE84AF05,0.030380272276557267
CC_FB8DF8F93E7F,0.20140539061092916
CC_FB8F89048B89,0.07572838368849089
CC_FB9C3E77A49E,0.14838305070400182
CC_FBA40CEAEA18,0.10456226475118117
CC_FBA998938FE5,0.16427157446707238
CC_FBADBAFCD1B3,0.25758605829902487
CC_FBCB85E21ADD,0.14439694807885076
CC_FBCD00EE4402,0.14734269126209243
CC_FBD40DFBA5D5,0.22615347960605708
CC_FBDECF3DACAE,0.23581040695870067
CC_FBE4E2F652EB,0.24847668616303645
CC_FBEA9510C687,0.21267121907228362
CC_FBED1E2E1CC0,0.11352631609887384
CC_FBF54E48EB13,0.05590387096809164
CC_FC1E279EF320,0.0570436537648619
CC_FC2E1D460089,0.09837081895545387
CC_FC31CBD20CDF,0.15946020120056176
CC_FC41D8134A1C,0.09706562090003079
CC_FC44D7EF257E,0.043744323184642206
CC_FC4A649BDD07,0.23918433387748797
CC_FC51BCDBB6B2,0.11216720307710384
CC_FC57B6E79AAC,0.23552146856714046
CC_FC6AA879D9CF,0.14448854508514916
CC_FC7A926F3A64,0.6922033762229876
CC_FC83CB9C71CD,0.041371676057033034
CC_FC9E6D511294,0.1399044254966904
CC_FCA657E69930,0.38738813895496366
CC_FCB451237214,0.7325217767868397
CC_FCC7E51DF812,0.518199583191479
CC_FCD42ECC012B,0.07287984288244485
CC_FCE8FAEAAEF1,0.13458452630645862
CC_FCFAE9BE2522,0.46685729173360097
CC_FCFDB5DFE5D4,0.10966649818850506
CC_FD24FC7961A5,0.09995699081641797
CC_FD2793DCB5EF,0.11580229706877183
CC_FD2EEF724088,0.10846855060587066
CC_FD3205367675,0.0925946925695198
CC_FD3A21CDCA7C,0.1076658362005331
CC_FD3C4C2FB68C,0.14200559748101824
CC_FD41687DC1A0,0.1097022863675384
CC_FD44B4E31EFE,0.0869600872924484
CC_FD5721556AB7,0.07617014519506607
CC_FD643C174587,0.24612179724737668
CC_FD6BFA30DD9E,0.36383489238103395
CC_FD7C9DD7F11B,0.1260528285384946
CC_FD7F2D90CF8C,0.07299187272904709
CC_FD8C4F601909,0.04395731423960872
CC_FD90B45AA24E,0.10034868987315916
CC_FD95457772AB,0.07563040211019822
CC_FD9D9B58DB1A,0.1789292122075497
CC_FDA918AEB5D6,0.6205837268699852
CC_FDD4C2065540,0.3275999136322367
CC_FDE57A2C5156,0.23083865435478906
CC_FDE9920975F6,0.26879798643978314
CC_FDEC856F9C6D,0.07056286880734186
CC_FDEED2AA92A3,0.45967500802714867
CC_FDF5607ECC1B,0.06422253651191953
CC_FDFED3D7E70E,0.17122176048245158
CC_FE0324F99784,0.08776247496824521
CC_FE0A18D6570D,0.046794625560729296
CC_FE0DACAC84BC,0.27066735324928914
CC_FE16586C9FAB,0.2715313500080469
CC_FE16FBC86237,0.2045295464866764
CC_FE1C808C4515,0.0626183672082192
CC_FE1E64201B9F,0.10349581893899254
CC_FE33D60E29EB,0.027763974228923828
CC_FE3ACE674BEA,0.13992382363383538
CC_FE468E9AA9D9,0.03577835443264897
CC_FE5AA923C220,0.16428974326807366
CC_FE6C777DDC19,0.05669428094184301
CC_FE6DD8C8EC90,0.24286297300479634
CC_FE7A84AAA8F7,0.11499523594297197
CC_FE7DB6B410A4,0.12307399669675236
CC_FE8691B1F3D9,0.08063488881763241
CC_FE874279A94B,0.09453043565894376
CC_FEA61499305D,0.1863746955518804
CC_FEC22B334AC5,0.14911466647083926
CC_FF045F9508F2,0.2131747951264084
CC_FF0EFF711598,0.21210752629155005
CC_FF12F53D5676,0.039447303893084956
CC_FF13D426EC1C,0.15622459682032636
CC_FF16A7C8600F,0.21562683053551965
CC_FF2236DC115C,0.4123317999578363
CC_FF2725428B6F,0.08450009165969781
CC_FF3176D91690,0.12673998375133685
CC_FF393D295D66,0.04799528825132701
CC_FF4598202C5F,0.6023107398972863
CC_FF463A4B3D04,0.28647426196720904
CC_FF4703F7664E,0.05902312909749106
CC_FF86EC3C0851,0.5016837028283536
CC_FF8A580DD831,0.18798826783285522
CC_FF8BD8697ADE,0.14603322794532095
CC_FFA681A2054A,0.05118446548266792
CC_FFB6B2D2BB2A,0.3598584565902541
CC_FFBFA27643F8,0.1651873895441558
CC_FFC81CC80F9D,0.14541867924502053
CC_FFCC9C0763D4,0.09397898344644315
CC_FFD4E33DC920,0.5281958147200047
CC_FFDE11143038,0.07571851084178821
CC_FFEF28047C4F,0.3546780767146339
