client_id,default_probability
CC_0012A082B7B7,0.13314068
CC_0012BC27DFB6,0.1369059
CC_001563B2143D,0.10955618
CC_001B46930B6F,0.10042071
CC_001D771E1C9F,0.04351113
CC_0028BD91E759,0.0874565
CC_0029971D7EF4,0.1882546
CC_002B8C00B239,0.053704787
CC_0035DFA86185,0.73544866
CC_0042D11A6D0F,0.049551383
CC_004D21A4ABB6,0.112741284
CC_004EE05FC2EF,0.53467864
CC_0050E546EDCE,0.707007
CC_005D7F31F785,0.06749501
CC_0079996ED779,0.20069784
CC_0082B4E1D9CE,0.053132117
CC_00B01C73CEB8,0.18746622
CC_00B74FFEEA53,0.189779
CC_00BF6791C18C,0.08544119
CC_00C5E30B288C,0.32126072
CC_00C68CE1CC12,0.39679417
CC_00CC4148959F,0.17544864
CC_00D428772D30,0.30773672
CC_00D5806C7783,0.09060532
CC_00D5C677C2AE,0.50891733
CC_00DA781C4D66,0.082532294
CC_00E7E2D6B548,0.18260887
CC_012BC0A68DC1,0.06733999
CC_014911033882,0.14319934
CC_014F7EF4E595,0.6246144
CC_016501B25F2B,0.053925212
CC_016767D9B049,0.039937068
CC_017598512EA2,0.14013025
CC_01941532C804,0.19226116
CC_01A66C6E22FF,0.761121
CC_01A684355200,0.1973352
CC_01AC62740827,0.118992776
CC_01B0EFE5DB79,0.18105961
CC_01B876B2988F,0.19532508
CC_01CBB64C1DB1,0.3620318
CC_01DBD993A1FC,0.071250774
CC_01DC49D55C2D,0.049643
CC_01EF18A3ADBC,0.54889137
CC_020252D37557,0.1673584
CC_020BCDBCA8CA,0.34427023
CC_021A6DD97ED4,0.14712128
CC_022054506F33,0.06485622
CC_0225D6231EAA,0.058424015
CC_024B524B0176,0.032105863
CC_0256303A6DC0,0.26608783
CC_02589E6E4714,0.060756408
CC_025927626E10,0.7382732
CC_0283023DB294,0.041031495
CC_02903C6FC0C0,0.19036052
CC_0296E572CF21,0.048479218
CC_02999E509460,0.6144012
CC_029E835D91BB,0.07259077
CC_02A32EC3526B,0.11449279
CC_02A393632CD3,0.2821339
CC_02A3E21B28BC,0.74643755
CC_02A4B4644529,0.10640224
CC_02B43865B30E,0.056806903
CC_02B5A1A178A2,0.1918859
CC_02BC4785773C,0.2386912
CC_02BEDD9627DD,0.6928131
CC_02CD2C1EFBB0,0.1226886
CC_02D4430492D3,0.3340154
CC_02F79A06858B,0.08975147
CC_02FA254C9D43,0.04422687
CC_03062402B4EE,0.05711301
CC_03072CF2EC63,0.35625902
CC_0315369B079D,0.087869234
CC_03199242A810,0.1829036
CC_03214BA76DB4,0.19903262
CC_032735A44CC6,0.065015234
CC_0330340F2FE5,0.16413936
CC_033236FAAFDB,0.16733083
CC_0337298F948C,0.06184502
CC_0341CAE5E2E8,0.18985258
CC_03434E2371CD,0.35710266
CC_03547AAB948A,0.26448673
CC_0354D0453D8E,0.091661595
CC_03592E51F427,0.76773816
CC_0365DEB525A3,0.08693575
CC_036782052BC9,0.343922
CC_036977A50F1A,0.1419507
CC_03720D08B8C2,0.2238993
CC_038AE599BCA8,0.30544034
CC_039E67CDFE1E,0.28478727
CC_03AC962FC717,0.16733375
CC_03B00DFA3A85,0.79697424
CC_03BC6380E968,0.50245804
CC_03BC730E0B02,0.021305837
CC_03BD4F22DA3D,0.1355111
CC_03C7E1EF6F69,0.80503374
CC_03C9FA383477,0.07900138
CC_03D1AAE90CA6,0.05816672
CC_03DBB9598F39,0.14211003
CC_03F18B43797C,0.1351195
CC_03F80118E46D,0.06249012
CC_0405E0151A6D,0.19566971
CC_041FEE6C805E,0.36717704
CC_042F88EE269B,0.1551943
CC_043D98ED7F98,0.15146524
CC_044C3537B769,0.14576451
CC_045932C46685,0.15690967
CC_04629624AA8D,0.21458034
CC_04690B4A6AF1,0.26118842
CC_046CF40369FB,0.11680311
CC_046D6EC816AB,0.43389964
CC_0475CD95EDC9,0.09928977
CC_04796F06B82B,0.12335471
CC_04AC7C1CE736,0.3318402
CC_04AEDD051B96,0.32055363
CC_04B42AD0E01A,0.39694557
CC_04BBD1DB360C,0.29918873
CC_04C767FFDA0F,0.4396335
CC_04C7B819B9B9,0.09103813
CC_04D127A775DE,0.09895532
CC_04D9ED00053F,0.061845597
CC_04E0EFC4F548,0.28084368
CC_04E6848903E8,0.031644847
CC_04F69D03ECE1,0.25076854
CC_04FA1CFA1DEB,0.2593521
CC_04FA6842AC62,0.034820743
CC_0502F3791166,0.32523
CC_050B514E15FD,0.16919477
CC_051ADBD6D835,0.12829436
CC_051B4644216C,0.07026459
CC_051C0A644DD3,0.024549393
CC_051CBF566856,0.03828608
CC_051EEA9AE819,0.1940815
CC_0520E27BE904,0.14766176
CC_05224448D290,0.13411202
CC_0525DE4744C0,0.050127834
CC_052F5CD81EFE,0.17191507
CC_05368FAD2E6D,0.07168198
CC_053788B82006,0.10058407
CC_05471A48C6F5,0.17995156
CC_056DBA1A87BA,0.07238564
CC_05901F3E7A0D,0.15695111
CC_05906BC8ED3F,0.15911578
CC_059D55E32C78,0.09483595
CC_05A12EF84A86,0.47672024
CC_05A42D035609,0.17993066
CC_05AD75A5CE38,0.05040825
CC_05BBD4B92613,0.540204
CC_05C8EF6500D7,0.78685665
CC_05DDB7B07497,0.0832145
CC_05ECAE6E0774,0.23026079
CC_05F11F14DF9E,0.32815242
CC_05FA9192590F,0.1459007
CC_05FD764FB154,0.7406685
CC_0608DBB4DF03,0.272428
CC_06198383F6D4,0.10536542
CC_06199EBE2B05,0.22064349
CC_062A8881A331,0.07627102
CC_062F74350907,0.047636155
CC_0635AD30F004,0.77879775
CC_0639F539946C,0.35546738
CC_063DDB42CF5C,0.06485501
CC_06405C00E240,0.24577075
CC_064920FC9DAC,0.073366664
CC_0650AB329174,0.8086342
CC_066941B109B9,0.17597742
CC_066AA16F5874,0.3014383
CC_06732311FB8B,0.18257755
CC_06780061F889,0.10875746
CC_068A81B06B74,0.4407351
CC_06A1C5FE269B,0.34313142
CC_06AA7138DAF8,0.036582693
CC_06C0DD0D066E,0.75251776
CC_06C97CFBD476,0.12788253
CC_06D15F523C05,0.20443948
CC_06D35787AD65,0.05055342
CC_06DA375201A2,0.09048203
CC_06DB455FF19B,0.69505477
CC_06F3674E7313,0.48288453
CC_070232DF9996,0.15000485
CC_07141FA77DBF,0.11297827
CC_0715F11CC8CA,0.20438538
CC_07168A9C843C,0.20001869
CC_072AB9F855DD,0.043835204
CC_07337AF6AC2A,0.1309372
CC_07434E4E5C28,0.062268462
CC_074381358A2C,0.032229695
CC_074E7CA75E8A,0.2538952
CC_075D0C618BAB,0.18431169
CC_075D804F7851,0.090116516
CC_0765961D818F,0.41971782
CC_07698F10563E,0.053124856
CC_0773B9BA9E18,0.28898272
CC_0784ABDA7F8C,0.17044063
CC_0790C9F9EC9C,0.08406251
CC_07A996E6CA6C,0.21819454
CC_07B588ED677A,0.14846589
CC_07B730FD7F82,0.17616372
CC_07BE6961D039,0.0812263
CC_07D23A6BAF5C,0.123104684
CC_07E08196A3DB,0.03989765
CC_07E4850039B3,0.11276382
CC_07FAAF8B2D23,0.061145965
CC_07FB3FD9BE0B,0.114852875
CC_080CB94A724F,0.34439427
CC_0837C56711FE,0.09298338
CC_084100A049EE,0.047650002
CC_084113D0951B,0.27814633
CC_0843DDCDD601,0.66110516
CC_0846C14EAAFE,0.052807987
CC_085091ADED2C,0.19274426
CC_087943B4A5D2,0.1703695
CC_08A97B98C405,0.1639856
CC_08AA321BC4AD,0.18521653
CC_08AA44ECBDD5,0.060504477
CC_08AE2EE9D798,0.18918312
CC_08B149462891,0.17099254
CC_08C71A8D2D58,0.048704147
CC_08D645F7B257,0.06377541
CC_08D80BF0B273,0.050830428
CC_08F52B1BE431,0.1997686
CC_0903571AC7E7,0.16446382
CC_090D528C09D0,0.43561888
CC_09106BA6CFC9,0.095299564
CC_0915905A5D48,0.08917254
CC_0918F67CDF01,0.1446805
CC_0925D0B6276C,0.14071488
CC_092A2830E36A,0.7938971
CC_0951489C8F79,0.049420733
CC_0951FA4D5513,0.10574866
CC_095C712064EA,0.10152186
CC_0969AA7BEC71,0.07713484
CC_0974840BED49,0.7655963
CC_097BD371F652,0.07456925
CC_097C8139DBD1,0.069071956
CC_0981CA4DBCE0,0.028986758
CC_09A5D2F129A4,0.29259977
CC_09A9BE38080D,0.09152107
CC_09CDC42E000B,0.22759452
CC_09D8DBAB2A42,0.11791776
CC_09EBB1960580,0.06099957
CC_09EBF206FEE6,0.20661044
CC_09F2AE996181,0.07976295
CC_09F45833F53F,0.14164244
CC_09F4F5C5B4EA,0.7903638
CC_0A04BF4005F8,0.18592846
CC_0A0E563D1060,0.08089634
CC_0A0F781A999D,0.22123733
CC_0A1138C37BC0,0.17836842
CC_0A334A16524B,0.061440263
CC_0A359CD5D73A,0.065514125
CC_0A3E2C273DB5,0.066223614
CC_0A4705B1E08B,0.052908335
CC_0A67EB7C5282,0.113272965
CC_0A6CD64871E5,0.37068713
CC_0A75643FDC7B,0.060578514
CC_0A8066F501AC,0.04360578
CC_0A83017D027D,0.16883531
CC_0A9AB7441D5B,0.31955177
CC_0AAA72FA148E,0.3291123
CC_0AAC488C8AE4,0.43264055
CC_0AC2DB82398C,0.34241804
CC_0ACA2C49A497,0.12019526
CC_0AD4BBEA75ED,0.042126425
CC_0ADCD6553B8C,0.06431358
CC_0ADE56B56C41,0.04094002
CC_0AF4B5B4162F,0.7027217
CC_0AF9BD814AC7,0.09556966
CC_0B083BE0FEA3,0.098435864
CC_0B1384331163,0.04979999
CC_0B216C6AF0F2,0.028008379
CC_0B3465DB0684,0.5748971
CC_0B442B91679E,0.11381305
CC_0B455175F494,0.09755727
CC_0B4C01B4002C,0.20322567
CC_0B544A526D6C,0.061828837
CC_0B5B19AFCD18,0.058163673
CC_0B5BD2D224BF,0.07728344
CC_0B6407C2C9BD,0.17999643
CC_0B73F59991EE,0.07336432
CC_0B7579216681,0.084027946
CC_0B7F3B4B32C1,0.2507012
CC_0B830A67900A,0.11456336
CC_0B84250F96B8,0.2654428
CC_0B92212B8E27,0.32791793
CC_0BB43BC4B3BC,0.11721586
CC_0BB992973640,0.058172166
CC_0BBC41297846,0.09795597
CC_0BDDB468A1E0,0.29015857
CC_0C00A631C2B4,0.066198334
CC_0C011AF6C857,0.34617373
CC_0C0459AB67DE,0.13817562
CC_0C18B07E451D,0.089503706
CC_0C19EB845CA2,0.23972794
CC_0C1A736F37CC,0.0740708
CC_0C335C9D86F7,0.7833526
CC_0C4C24D066E9,0.1886547
CC_0C5499989AF4,0.18845928
CC_0C95548CC1BD,0.14100684
CC_0CA2DE660B41,0.25668436
CC_0CA6D8CFCF2B,0.22628517
CC_0CA9DF9C5C15,0.06985283
CC_0CA9F52C92A8,0.17350782
CC_0CAFB6C41CE7,0.1160683
CC_0CB27D5313F1,0.52957916
CC_0CC9DDDB8B44,0.0551108
CC_0CCA18595BA5,0.20338477
CC_0CD90568D3E6,0.23575713
CC_0CE0D56B0584,0.09451075
CC_0CEA028BF961,0.2612355
CC_0CF67D68AF16,0.3329361
CC_0CFAA0FB0691,0.06944956
CC_0CFFD2785D2D,0.093621686
CC_0D28AF91CE97,0.1405753
CC_0D34E55A580B,0.09702067
CC_0D3663B6524E,0.72602725
CC_0D3C2864ACD2,0.32624042
CC_0D5F4BE8132C,0.16887414
CC_0D6D5ACB0889,0.22190996
CC_0D7BFE8CC0D5,0.1429698
CC_0D8852AAB481,0.23303813
CC_0D97EF394C79,0.41989994
CC_0DA8FDDE6DD0,0.063078254
CC_0DABB89E37CE,0.089247316
CC_0DAF0F2FAA86,0.083606884
CC_0DB9E5F8EDAD,0.08372537
CC_0DBC64F88C05,0.15446453
CC_0DBDF018E822,0.10479279
CC_0DC31A5A1096,0.05112963
CC_0DC3870F23D0,0.04430172
CC_0DD39F5D7C0D,0.06550539
CC_0DDC2C18BBDE,0.05601205
CC_0DE09CAA93E5,0.14822674
CC_0DEA4477FDC1,0.11590171
CC_0DED63EF6639,0.19666739
CC_0DED7DBF26F6,0.28013152
CC_0DF01CD21B9D,0.1957661
CC_0DF6A478C01B,0.20112611
CC_0DFE1A3FA5AE,0.12788332
CC_0E07D5FB24B2,0.13391149
CC_0E0CD9F23A5F,0.80939627
CC_0E121FCB1D47,0.06818236
CC_0E1423A4C263,0.17875007
CC_0E16883EE8E6,0.42100886
CC_0E1A2BA1C545,0.22095661
CC_0E2B52BBA69B,0.067975566
CC_0E40BAFC3530,0.17528291
CC_0E48EE235179,0.076233424
CC_0E4FA0FB9797,0.65625393
CC_0E5162F59924,0.77583045
CC_0E5E2FCAC8C2,0.27214265
CC_0E68C2BE2A75,0.12279913
CC_0E6C5A8D8CE4,0.10798078
CC_0E6E9B0E674E,0.08427443
CC_0E746EAD6CE9,0.07547227
CC_0E968E7C22C1,0.35040474
CC_0EA1483F50A9,0.16371052
CC_0EA81362C7D1,0.17935471
CC_0EAE97520873,0.31349224
CC_0EBCF4228FF2,0.46080452
CC_0EBDEFD0BDC2,0.065762304
CC_0EC6AEDA63EC,0.32846776
CC_0ED61DD76795,0.10350358
CC_0EE33B1B71D5,0.15620801
CC_0EE7EFF13EBA,0.057314057
CC_0F0F136B0991,0.11414943
CC_0F0FAF218BCB,0.048842702
CC_0F125B48F175,0.09904885
CC_0F292A238627,0.11654575
CC_0F2949A1746E,0.09628884
CC_0F2B71163121,0.09108528
CC_0F393F1DE2EB,0.06432892
CC_0F41B187053C,0.44746798
CC_0F52EDC9D383,0.113254465
CC_0F62C4F36236,0.09426432
CC_0F6A29CE5D45,0.19193201
CC_0F7C0515A6CF,0.17731933
CC_0F8D6C89202F,0.15203886
CC_0F933684CC08,0.17678428
CC_0F9BA54F2AF6,0.04819677
CC_0FA06CE7FAE8,0.04184095
CC_0FD25AA655DA,0.15643968
CC_0FF5570E06EC,0.7018236
CC_10197FE0E34B,0.64436096
CC_10355B5718CD,0.100374565
CC_103A9D18EC12,0.17254336
CC_1040DB6A21EA,0.13285333
CC_104D2B84FC4F,0.040522583
CC_104EA2802A11,0.08775192
CC_105777B1BF91,0.061448894
CC_1059F1B6C0C3,0.1643463
CC_1061947FDD14,0.061901458
CC_10689257E68C,0.41931275
CC_106BFCFA7D7B,0.032845445
CC_108FA04AC10D,0.100286864
CC_1092915D0093,0.14029899
CC_10A30F88E157,0.18008703
CC_10A657027AC9,0.7659931
CC_10A6EAF27BF3,0.047832727
CC_10B148BED568,0.3682084
CC_10BB7101F191,0.07315368
CC_10BC5BC3A9AD,0.35362607
CC_10F27C70AB99,0.14586967
CC_10FADDF63CDC,0.17333804
CC_1107D9301AA0,0.07839601
CC_111A6DE5D9C7,0.7392109
CC_111DC3B1756E,0.29905784
CC_1131156CC6F6,0.1482064
CC_113B66D5D5D9,0.14092353
CC_1143254EFF36,0.051055644
CC_1145E5277FA7,0.35709456
CC_11521077BBB0,0.13052973
CC_1154861ABCCB,0.5248691
CC_115BCAEAE2A0,0.098066896
CC_115BF13E8BFC,0.21905848
CC_115EBE5044BD,0.35412812
CC_1165AA07FC47,0.74299157
CC_116EE8219753,0.040497366
CC_1176FA3233B3,0.05203424
CC_117C2A1587ED,0.0856216
CC_118C0A1D14B2,0.22099161
CC_118ECB589F3C,0.08837786
CC_1190F13FB1FC,0.108585134
CC_1192EEC65A1E,0.23247594
CC_119B1FEC4D83,0.24463202
CC_119C413C2580,0.14951563
CC_11AB74142A2E,0.781069
CC_11C8A291FD11,0.171892
CC_11D1E9C39E41,0.08853107
CC_11D600EE1BD6,0.1973758
CC_11D7539AC69D,0.20472188
CC_11D78BB50016,0.14508106
CC_11E0C583685C,0.11586753
CC_11E0D2F15AA1,0.04095647
CC_11EDFE67C719,0.66576743
CC_11EE85F284B8,0.21301939
CC_11F700202C6D,0.16734228
CC_11FB668DF543,0.095283285
CC_1209FA26609D,0.037734915
CC_120CA1B916D0,0.10169863
CC_1210186F4D33,0.08349136
CC_121F621374FC,0.20911574
CC_122532C1FBCB,0.12695888
CC_122B19CBC88C,0.66256726
CC_123C7F0111C7,0.6422378
CC_1241EE42F174,0.15530412
CC_125B7100F1DD,0.13125575
CC_1263B255B3B5,0.20983665
CC_12878596E940,0.07331951
CC_1298ED71A9E0,0.08021128
CC_12B555C6F086,0.14510638
CC_12D22C629874,0.20022967
CC_12DD89EA0C14,0.14938946
CC_12E24CDE2684,0.20606855
CC_12F3B7309455,0.5774778
CC_12F8E7A4BBE5,0.3449043
CC_12FDEAE4873F,0.20525895
CC_130F7B067939,0.39982307
CC_13209EDC85EE,0.63913864
CC_1332B6F0E543,0.21231543
CC_1334E256AEBC,0.6169137
CC_1337726B2AE6,0.10834454
CC_1338237BF402,0.15281686
CC_1341DF38D9C1,0.17573288
CC_1342F868176B,0.7017261
CC_134651CCD2F8,0.16749008
CC_1363E3090578,0.050867528
CC_13736493B695,0.054610476
CC_1392DE633D4C,0.29262847
CC_139ED2E0AD76,0.07285987
CC_13A5383EA098,0.6157525
CC_13AA272C6861,0.0776634
CC_13B74E4EE3EF,0.17207326
CC_13C437E86B81,0.5046158
CC_13D61B077E7C,0.07268919
CC_13D7115A8FCC,0.18567044
CC_13DFE319B21E,0.77740186
CC_13E0F0B3FAE6,0.21640441
CC_13FD88C2920A,0.6795993
CC_1401CB818627,0.21997933
CC_140B86E74F74,0.79762155
CC_1452A0B69085,0.038577773
CC_1458CA7329A7,0.26828864
CC_1459E7125AFB,0.097565815
CC_14633EC7F622,0.45279682
CC_147B1B30DE7F,0.10526415
CC_1484511F54C5,0.3431797
CC_1489A941A69B,0.29300904
CC_14A8B16706E9,0.081181236
CC_14BE52BADB77,0.11027098
CC_14D53413FBCE,0.33651027
CC_14D59B58E51E,0.12889564
CC_14D964327B1D,0.059777744
CC_14F5D06CF093,0.12236114
CC_1501D63D5A80,0.32478592
CC_150E3A0E5084,0.20916243
CC_15152312AC56,0.05252329
CC_1522BA0411C3,0.0704703
CC_1534B0241A1B,0.04988712
CC_153BE2BEB74C,0.14293747
CC_154BBCD4DCEA,0.23438981
CC_1552EC27FC0C,0.7128246
CC_1566BFF4BCDC,0.35944945
CC_1579BD86A63D,0.32542092
CC_1583CFD90530,0.2809342
CC_1584385F38C8,0.06735944
CC_159656F13BE8,0.13184966
CC_159B6F6AAF1E,0.09403731
CC_15A4934FD96E,0.14417449
CC_15B2140CE869,0.07033368
CC_15C0972DE384,0.5955162
CC_15C0E30FF2DC,0.13623303
CC_15D617FAB434,0.07616462
CC_15DA0F4FFF0E,0.33230668
CC_15DAE76D15DF,0.04879708
CC_15DC7C139EBC,0.3170662
CC_15EB741857ED,0.08984678
CC_15EC51F4C521,0.2793058
CC_15F6259C7C53,0.06484002
CC_15F7C012E10D,0.4280658
CC_15F7C1BEC28F,0.1581167
CC_15FF58854AEA,0.24404353
CC_16035CDDC2F6,0.14693832
CC_16095572722B,0.052161135
CC_16109F1CE0A6,0.2577753
CC_16150E74E4DA,0.2156717
CC_1629E47AFBA5,0.07626182
CC_162F4582D06D,0.690066
CC_163194DFEDDA,0.048442453
CC_1640F01B7730,0.09481252
CC_16460554039F,0.037063163
CC_164D308CDE41,0.21833509
CC_1661041F819B,0.7784002
CC_166829780A76,0.11071115
CC_16798666E855,0.10500669
CC_1684B5493414,0.16184457
CC_168A8907C8F4,0.061872914
CC_1690EC56D088,0.07058793
CC_169853EEAB4A,0.109983675
CC_169B7FD839BA,0.15500273
CC_16AED1A3008A,0.119248345
CC_16BAC7837C73,0.20082888
CC_16D57E1EEA01,0.112695575
CC_16D833E56D7A,0.19117287
CC_1702487A047B,0.15880862
CC_17029F78E70E,0.05340837
CC_1702F3E986AE,0.06327012
CC_1707181BB559,0.03819944
CC_17117BF03935,0.27065894
CC_1723E40C3D40,0.23336378
CC_174FBBE9ADD9,0.15208982
CC_176E6E58FD1E,0.1001097
CC_1783F37259BE,0.08091353
CC_178B135605CA,0.099216826
CC_179AA5165026,0.3681964
CC_179DBA1C4CDB,0.3351588
CC_17A1090B69C9,0.09934534
CC_17AA1A4C904D,0.22234532
CC_17B06C06FDC1,0.15015131
CC_17B89AC1FD03,0.23193909
CC_17DC33AA73F3,0.06810985
CC_17DE4D267831,0.1072758
CC_17E929BE0344,0.36551598
CC_17EB83DECE5E,0.39582953
CC_17EC9982E5A6,0.15687075
CC_17ED5555B4FD,0.21173058
CC_17F4292DAF8D,0.1207511
CC_1807B0980C86,0.081414066
CC_181354A58B53,0.095812805
CC_181E7266E018,0.093930244
CC_182AAE7CC3CA,0.45830733
CC_183EDEDC5DA7,0.09396882
CC_184C47552665,0.24040623
CC_185A7392A475,0.2758402
CC_185FEFD3233A,0.40770164
CC_18676FE5FC07,0.07356526
CC_18776C4FDE28,0.08328366
CC_187A8AECEFBC,0.18658285
CC_187E7D0B4E82,0.7023983
CC_18839D393105,0.13178703
CC_1888476F6CF3,0.09169551
CC_188B1ED2AAA5,0.3363588
CC_18A4257C3172,0.3246538
CC_18A7929D9FC9,0.25404385
CC_18A8695F185E,0.09683043
CC_18ACE64E8F74,0.1884924
CC_18BF4A29BB38,0.14501005
CC_18DE36F7D294,0.15864544
CC_190EB07AC1FC,0.13709168
CC_19219F2C60B7,0.16325966
CC_192262DB0B0F,0.08809598
CC_1929746E06CD,0.6244099
CC_193356E72D61,0.7070313
CC_193938E8EA40,0.18338674
CC_193C60092202,0.49948734
CC_193F669537D1,0.1420987
CC_194E13150BE5,0.08062567
CC_19556DDCCDB3,0.034961518
CC_195A6E9B48A2,0.13743451
CC_196DEC616B33,0.11448914
CC_1978B23D64A8,0.10085789
CC_198562A4BD86,0.14908083
CC_19864C9572BC,0.18641739
CC_19868B6887C9,0.10752969
CC_19969E05AB2B,0.13670202
CC_199FC89885C7,0.1175946
CC_19A40411B404,0.25797555
CC_19A6D9B60B29,0.6649348
CC_19AAB010550E,0.0714754
CC_19B4743DFEEC,0.08148096
CC_19B95A61D757,0.20200254
CC_19E6A00F6A5B,0.07208667
CC_19E8DEC29F47,0.64368284
CC_19EA54976042,0.17561947
CC_19FBBEA75B7F,0.14642513
CC_1A039E58840A,0.05912096
CC_1A075331756B,0.106984735
CC_1A1E1302C432,0.15708037
CC_1A37690EAEDB,0.17021047
CC_1A3BF9F5BD42,0.15388022
CC_1A4268FEB02E,0.18092147
CC_1A5F8618A912,0.3852195
CC_1A659D4D521E,0.37081736
CC_1A879655902A,0.0770309
CC_1A9F6DA46BC2,0.114771836
CC_1AAB15E81743,0.039309535
CC_1AAC389EF8A2,0.2618104
CC_1AAD0CE365D9,0.1278897
CC_1AAD9152C90B,0.04868875
CC_1AB15BDA9296,0.08443851
CC_1AB8BDA3041B,0.16672313
CC_1ABB9CB074E2,0.7187061
CC_1AC1B1A3978D,0.0622232
CC_1AD20D1F9C08,0.71136135
CC_1AD881A90D1A,0.29981706
CC_1AE9811724DD,0.7066966
CC_1AF1AAAB9D12,0.7717708
CC_1AFCC4D0ABD4,0.20589483
CC_1B08ADAFD1C4,0.1307375
CC_1B10139C7917,0.12276645
CC_1B127133B948,0.11605717
CC_1B25964EA376,0.134566
CC_1B27A85C7244,0.18116747
CC_1B29F4378A34,0.10831006
CC_1B2EC0BD0677,0.3361554
CC_1B4AAF37FB97,0.08119623
CC_1B5E792F6E6C,0.31139085
CC_1B7166DAA790,0.1673458
CC_1B89FD901C95,0.10101964
CC_1B91E3A70338,0.09141943
CC_1B9D9B7184F7,0.15444568
CC_1BA3FDD92B1B,0.057427566
CC_1BA9B3D67170,0.14219116
CC_1BAF97E2BCF2,0.083400995
CC_1BB7D8A54021,0.11234119
CC_1BD548A5FEF3,0.13466321
CC_1BDF1893ECEB,0.27385113
CC_1BF117A8AF9A,0.067727126
CC_1BFA7E407428,0.7333085
CC_1C0066F472E4,0.70349145
CC_1C09CC2385AF,0.055290103
CC_1C11467AB472,0.6328014
CC_1C1627B7EE6E,0.043184258
CC_1C3259B85E28,0.18509805
CC_1C334ED885FA,0.054229576
CC_1C376760FE39,0.071437
CC_1C39A1ADF3F2,0.18077059
CC_1C450FC77478,0.10513493
CC_1C48409023DF,0.45923844
CC_1C4D03324C60,0.3243547
CC_1C5F1E1028DB,0.048010983
CC_1C6681C0AA7A,0.7713097
CC_1C84CFE19CDC,0.22102442
CC_1C8B3F689C6D,0.22764577
CC_1C95674B902D,0.04579517
CC_1C9A4C11F28F,0.14924051
CC_1CA3F50BABEA,0.09355913
CC_1CBF42D35AED,0.6320608
CC_1CC11BEADBD5,0.10006411
CC_1CC3CE396A8A,0.2161432
CC_1CD2B13C2E6B,0.1088036
CC_1CE0B37CA670,0.07625326
CC_1CF5A99FC068,0.14307961
CC_1CF71AEB6671,0.0766002
CC_1CFE066F5EE4,0.16494133
CC_1D00B360809D,0.059345648
CC_1D1173F82F2F,0.09980655
CC_1D1E06E0B393,0.19048384
CC_1D2789866B1B,0.06992113
CC_1D2DD7DF781A,0.2579476
CC_1D313498A2DF,0.17363675
CC_1D68396533F9,0.3403995
CC_1D7235BA1EAF,0.1671968
CC_1D7ABAF9D080,0.056635655
CC_1D7FA51D0D7D,0.47733942
CC_1D8CFB3589AE,0.057719864
CC_1D9421A6EB19,0.29408157
CC_1DA0AC68719F,0.32542613
CC_1DA366D588B6,0.10085709
CC_1DACBFE0296C,0.099408194
CC_1DBD6A716910,0.614232
CC_1DCB75B5CBDE,0.3351593
CC_1DCDADBC0E90,0.47784024
CC_1DD11FAF43E8,0.12490972
CC_1DD8064E71C7,0.14220104
CC_1DEC926EE25C,0.12014879
CC_1DECBAE4FC5B,0.049962465
CC_1DFF80E6D4DF,0.065692775
CC_1E025C3597E7,0.27624646
CC_1E082052CCBA,0.66914266
CC_1E0E30441DD1,0.23276433
CC_1E20E200611C,0.122170165
CC_1E354C75EB9B,0.04785573
CC_1E3B2C15EBCD,0.13664894
CC_1E4DF11FAF55,0.14606899
CC_1E4FE60DFD8D,0.7111364
CC_1E5A648D299F,0.15990612
CC_1E6C0A8B3841,0.65249366
CC_1E7FA6E807A3,0.20267701
CC_1E93F760EC93,0.21651123
CC_1E99F40FA03E,0.072651625
CC_1EAD09DBC23F,0.22867137
CC_1EB3D53252DB,0.27450892
CC_1EC889E04D69,0.097545534
CC_1ECCBF6853F6,0.5515019
CC_1EEC4520436C,0.15847316
CC_1F2827DC99C0,0.15870363
CC_1F2C184C5227,0.08052381
CC_1F3FA8091B02,0.11554201
CC_1F4E07BFDC8C,0.054052375
CC_1F4E0E9B54BF,0.07152933
CC_1F55738A6A27,0.30354142
CC_1F65276D0EF8,0.13650931
CC_1F65C797BD40,0.0511064
CC_1F668C0AE868,0.07632698
CC_1F6B19A04BD8,0.049850546
CC_1F945A60367E,0.5318425
CC_1FAB6F11DFCA,0.63997674
CC_1FACCCE95224,0.28837752
CC_1FD010E5EA82,0.06025263
CC_1FD2B7BCCD20,0.6996184
CC_1FDAEC3D5CBB,0.08563332
CC_1FDC65FE3DBE,0.14834557
CC_1FE696D8A81B,0.0645699
CC_20027685F59C,0.7775428
CC_2009F3D77774,0.12070209
CC_200C552C40F3,0.14303896
CC_201459527065,0.1284065
CC_20275029A688,0.07324628
CC_2028DA597C34,0.24245249
CC_204E557E5046,0.38720188
CC_20542CFCFB39,0.053652387
CC_2060F813C9B2,0.26562938
CC_20813A9A7F71,0.12133597
CC_208429A11E2F,0.16077182
CC_208B0FE7CBAD,0.107018724
CC_209A511030A7,0.034468964
CC_209DD60421B5,0.07125662
CC_20B26D646D62,0.16176365
CC_20C47966B174,0.19925617
CC_20CFE9681E4D,0.070383914
CC_20D4DB0F3E3D,0.050505437
CC_20DD84CE3CA0,0.11578334
CC_20E57CA675DA,0.6264524
CC_20F129FFBE00,0.25007337
CC_20F4E0F62D2C,0.10019073
CC_20FEE0B2130D,0.49252772
CC_2111B298C212,0.08397067
CC_211315AD7633,0.20897114
CC_211504721E27,0.1561754
CC_2119919BCB4F,0.7701047
CC_21375C9ED931,0.20831338
CC_213D2A5355FB,0.21998867
CC_214B50E48E94,0.14911145
CC_215F86D986BA,0.090099014
CC_21600308F496,0.04381522
CC_2166F3F6344B,0.13349295
CC_2168BBB42053,0.09306485
CC_217030CE0127,0.0452049
CC_2179067B405D,0.04807346
CC_219B59B67193,0.18814197
CC_21A9E8DB58FE,0.16068992
CC_21AE679C5E95,0.23653246
CC_21B98D13174C,0.098418094
CC_21C81BC15002,0.11723321
CC_21C9B26CFEA3,0.09009993
CC_21D22081A4CA,0.7700648
CC_21D29CD736D3,0.32421657
CC_21D3CEAF838E,0.15851152
CC_21EF792A3811,0.6085586
CC_21F04E996723,0.5165631
CC_21FB6C8AB8BF,0.4133207
CC_22067686F6C4,0.73150694
CC_2207A39B7BB8,0.12963498
CC_221053121AAB,0.1549049
CC_222423774191,0.06767624
CC_2230EFBC99AE,0.40396094
CC_223BDED2A465,0.2364502
CC_223E3CA7A07F,0.1726021
CC_2250B42E48B2,0.09719116
CC_225935E43583,0.12470337
CC_22781E93CF84,0.16198283
CC_22784AF3CB6B,0.4901301
CC_22831690395E,0.18631883
CC_228E6CBCC935,0.6048863
CC_229338EBBA6C,0.0729754
CC_229A63057E54,0.43918774
CC_22A2D8A4B437,0.096826635
CC_22ADE1EE9BC7,0.110093586
CC_22B69E7C415A,0.045355987
CC_22C590B43FEF,0.29248175
CC_22F06379D8FD,0.03542963
CC_22F282264A1D,0.12545876
CC_22FBF5F0E1C0,0.26789975
CC_2302088175A3,0.26489103
CC_230672EAA654,0.02646766
CC_230870B121F6,0.12993777
CC_230A051B2B3E,0.054140832
CC_2316F57AFB7A,0.07421897
CC_231D091FCD1D,0.0626259
CC_231FDED1781F,0.2519328
CC_2320053D1183,0.089517035
CC_2320AF507566,0.1668941
CC_23321FF41C3D,0.2648963
CC_233470D6BE72,0.62614316
CC_233C8EBC95FC,0.3030692
CC_235F99F13500,0.13641667
CC_235FC02CA52F,0.16043869
CC_236C80CAF53D,0.20750317
CC_236E7222D97C,0.06686743
CC_237B86FDC93C,0.06589867
CC_237E7EB2D7D8,0.12066036
CC_23830081EE1A,0.6438552
CC_23894AAA08DB,0.5065592
CC_238CBFD6E20C,0.45017502
CC_2392A4A79C9E,0.040073317
CC_23A474D43C73,0.19913293
CC_23A9CC59BA0D,0.030973636
CC_23B158D8306A,0.13643056
CC_23D147F1870B,0.19142395
CC_23D2E73DCFCF,0.12838764
CC_23D9103D1EAB,0.027535377
CC_23E142182F2F,0.6607143
CC_23E43713A108,0.041029025
CC_23EF2911610E,0.5053012
CC_24056B76BD7D,0.046871502
CC_2416ECE66177,0.12730034
CC_241E65816FC2,0.06900078
CC_241F7E97FBDD,0.06648206
CC_24217201D7A1,0.33849052
CC_242301FCCE50,0.054094974
CC_242C69CF0B12,0.09639414
CC_243B23702DC1,0.1888458
CC_2456B9C796E4,0.12118345
CC_2457D89CB88B,0.6492326
CC_24667210E2AF,0.21376516
CC_2468D206CAEA,0.058667462
CC_2469630A4F86,0.33294222
CC_2469D83D9594,0.046375643
CC_248C65EF54A5,0.659044
CC_24BCCA7941E8,0.088500276
CC_24BDC1CE2A3A,0.21664082
CC_24BFCCDF957C,0.039419793
CC_24CC8A1B1CB7,0.12716797
CC_24D4B1852554,0.2158416
CC_24E65FA5A32E,0.15650304
CC_24EF3EDB6857,0.057747908
CC_24F15A19D648,0.16551794
CC_24F2410B5A19,0.15782338
CC_24F27E7DE1C6,0.46416876
CC_24FFFD0C983B,0.038107652
CC_2504E9D5D5E4,0.1712499
CC_250F6A0DB62D,0.070808314
CC_2520E13DF0A2,0.75945026
CC_2539C315029D,0.2758268
CC_25519ED78507,0.20478696
CC_255D49296DB6,0.12673327
CC_255DC60FF5BD,0.049028117
CC_2563C9EF9D55,0.06692554
CC_25756EB9651F,0.116238244
CC_257CC46D379B,0.42115688
CC_258D5F80A933,0.70301
CC_259D87270257,0.21296272
CC_25A41AB21C94,0.27591714
CC_25ABCDCC8B71,0.13029687
CC_25AF0D0569B5,0.068092145
CC_25B61D393144,0.1687647
CC_25B95D7288CB,0.36374238
CC_25CE2F2F13BE,0.23261762
CC_25D1A5971976,0.3995308
CC_25D411B46F00,0.7474752
CC_25E7A2DC5E41,0.06051966
CC_25F4C8E51AC2,0.5032229
CC_260323EFB122,0.60464656
CC_260F10484312,0.05414826
CC_2610D0F1D0A7,0.18795682
CC_2615866F35A2,0.11014974
CC_261DA4E8DBEB,0.11203894
CC_2628F00B0745,0.3685108
CC_26338E9AD15F,0.12266136
CC_26346B99BDBE,0.6446245
CC_26351DBC1AF6,0.11944534
CC_2637397AA3F3,0.66631794
CC_26675C32611C,0.6862043
CC_266E49E49071,0.18490292
CC_2696368A4DC6,0.033906043
CC_2698641B68A5,0.11681585
CC_269C5AE6A1A3,0.66665083
CC_26A06AD1206C,0.75099844
CC_26A358B0C10F,0.20034727
CC_26B07CB02EA3,0.59816736
CC_26B638BEA8CE,0.11654063
CC_26C33B649FC9,0.07667558
CC_26D5B969A36F,0.3543119
CC_26E3A1226C2D,0.13872956
CC_26EEA3F0224A,0.22389494
CC_26FA5E5A718C,0.15280259
CC_26FE119D4919,0.074659
CC_270B462BAEF3,0.04117567
CC_270D929FEA9F,0.05872468
CC_2731AD82BA11,0.15492098
CC_274144AE3E86,0.12648588
CC_274AE6E82879,0.14516911
CC_2757A490C5E1,0.081740335
CC_2766F6011BD0,0.39088327
CC_2768E644C697,0.0625541
CC_2770DF70328D,0.07588143
CC_277503968C44,0.5729711
CC_277CE974AA8F,0.316036
CC_277D246E39B9,0.21143839
CC_27A1CC725B7A,0.06602015
CC_27A798829CA8,0.7393427
CC_27C938FC8DC6,0.45243898
CC_27CA2D819E7A,0.05488938
CC_27E3712F0E38,0.12817085
CC_27F3B3F43FF9,0.042155642
CC_27F9832EAB8A,0.4531417
CC_2809CC131F3A,0.6829169
CC_2812523510C0,0.15314828
CC_28151C75756D,0.046207506
CC_28203CC976F9,0.11849813
CC_282AFAE06F96,0.07507149
CC_282C2404F4C0,0.074179925
CC_2834BA2F19FC,0.20837343
CC_28432E22F47D,0.5695698
CC_2844882CC439,0.05591185
CC_284F79726032,0.3488591
CC_28544783AB15,0.4745748
CC_2856104729EA,0.7652912
CC_28625CD86761,0.19726661
CC_2866BDB46FB1,0.10447559
CC_2872415C6B36,0.07352869
CC_28752737647D,0.6446201
CC_2875C281EE88,0.045891855
CC_287E3E9EDAC9,0.083210334
CC_288A2C49D62A,0.054551214
CC_288FA8CD819C,0.16116768
CC_2891894CCED4,0.10107424
CC_2895608A9699,0.12615193
CC_28A2EF7926AE,0.6752636
CC_28A7DBD2B710,0.21915174
CC_28AD81DF2C51,0.14084536
CC_28AEC29CEC25,0.1265513
CC_28C1C3DF7928,0.08671949
CC_28CA76962EC8,0.18870404
CC_28CD47803B6A,0.07464724
CC_28DF569DBBE5,0.069022864
CC_28DFE611C657,0.09378514
CC_28E11E6A6C8D,0.17823571
CC_28F58ADC7CBC,0.13287477
CC_2916479EBC84,0.123622656
CC_2917C6CB0B2C,0.14294817
CC_291C7830D4B5,0.3564165
CC_291FE1744E5F,0.0916072
CC_293124F1ACD1,0.13614365
CC_293C2D704AA9,0.31198367
CC_29432A6B2555,0.12824588
CC_2944B427406C,0.19663014
CC_29468B7035D6,0.12486055
CC_294A9A24E473,0.085356064
CC_294B94EB0E07,0.25959507
CC_2967C29E4C3A,0.13002983
CC_29716D5835F4,0.19597182
CC_297179FF2BCC,0.45722738
CC_29803690C939,0.22470517
CC_29821539DC4D,0.13474967
CC_2983C1D2A273,0.1415368
CC_298CAC5A1868,0.60814965
CC_299EBE0FB429,0.15164968
CC_29A1C0073882,0.46177697
CC_29B6065F187B,0.3926081
CC_29BC66C10F87,0.6293873
CC_29BF3C3D9682,0.17687136
CC_29C4425FB2DA,0.17171769
CC_29C5D0D72D61,0.1250423
CC_29D65E313500,0.113502964
CC_29FD856F47A5,0.7519009
CC_2A097F88615A,0.10581519
CC_2A0CB4CE1A48,0.20539261
CC_2A14C1652D6D,0.21391784
CC_2A1F96F80938,0.15574573
CC_2A23F71805A2,0.14089304
CC_2A2BF2FD0498,0.19417666
CC_2A358A1D3DDF,0.6301903
CC_2A3E371F0DAD,0.21736555
CC_2A423FC8A330,0.32315135
CC_2A43368D54F9,0.37488785
CC_2A47A21C0E07,0.6568005
CC_2A4CB02E7A1E,0.13392347
CC_2A510080BA29,0.15635695
CC_2A5316E550F0,0.09073021
CC_2A59695EF90A,0.5845258
CC_2A606D00CC46,0.05915699
CC_2A6C69145AE0,0.08476292
CC_2A6CD71471A6,0.11503412
CC_2A70D6EF64E1,0.07035604
CC_2A844754AE67,0.66530704
CC_2A85A7B242FD,0.14323929
CC_2A9A51067D7F,0.16718353
CC_2AAAD4020436,0.20437858
CC_2AB62BCF3704,0.08292851
CC_2AC1C8DE5649,0.12353594
CC_2AD10D78793D,0.7335314
CC_2AD26446A7AE,0.035554625
CC_2AD2D35975D1,0.07394046
CC_2ADA07B0211F,0.31849325
CC_2AED2D284351,0.32249802
CC_2B01FDE2552D,0.26118842
CC_2B06DDFD7F8A,0.07987643
CC_2B08FBC0A948,0.16279759
CC_2B1914218468,0.76547706
CC_2B1D93E12DC9,0.23497188
CC_2B248C488918,0.08124907
CC_2B256891C60A,0.616953
CC_2B2801591A25,0.37765202
CC_2B2B7CF1E40F,0.10554728
CC_2B2F4204834B,0.18533558
CC_2B5443C7AB87,0.076253474
CC_2B5D780AC244,0.64180017
CC_2B64E67CFF13,0.05419328
CC_2B6B872C8D21,0.07051702
CC_2B85D931F011,0.10291749
CC_2B959EF030DD,0.14578258
CC_2B973D1AC16E,0.12714465
CC_2B98983C2687,0.05449501
CC_2BA581E7B8D2,0.114937454
CC_2BB2C432C369,0.1141128
CC_2BBE19587CD5,0.08510637
CC_2BCB838A9581,0.13792934
CC_2BD0E9336EB4,0.087803885
CC_2BD1633FD528,0.08384109
CC_2BD58FC8C2B9,0.04503616
CC_2BD6083CAB0B,0.7894982
CC_2BDD47B177E5,0.79251665
CC_2BDE889EB05C,0.2902408
CC_2BF8DB192A49,0.64490837
CC_2BFDF46F3AC2,0.14133132
CC_2C00CF2FAE22,0.1243904
CC_2C06DDBA1073,0.35284165
CC_2C16C7838FAB,0.79564095
CC_2C263A1A732C,0.17907669
CC_2C34105831A6,0.176376
CC_2C43FFA06F31,0.10086889
CC_2C4DEE4CA1CF,0.06287797
CC_2C56DB55E40E,0.094588496
CC_2C59F565C183,0.14329381
CC_2C7F54E56925,0.14817505
CC_2C8CFCC646BE,0.042232465
CC_2C91AB1DB754,0.06044361
CC_2C93356976AE,0.3926115
CC_2C9DADC294C8,0.067312464
CC_2CA94231028A,0.23666981
CC_2CC8CB17283A,0.18557097
CC_2CCD42AA2376,0.09965324
CC_2CCFE560A79E,0.060545973
CC_2CED227E5216,0.11077636
CC_2CF326E90715,0.046784464
CC_2CFEA03CC6A0,0.622636
CC_2D1D032137DA,0.13613325
CC_2D258781011B,0.16949636
CC_2D30260A1CEC,0.1740378
CC_2D35C002A9F1,0.14097571
CC_2D45DEA4EB25,0.1384769
CC_2D5494C13FFA,0.08961989
CC_2D5EA2953E81,0.19217302
CC_2D6E7894EA16,0.6151188
CC_2D7DA36360AD,0.21433224
CC_2D7DFEACA38C,0.32907853
CC_2D836654A121,0.15067317
CC_2D9CDFC6C57E,0.7095639
CC_2DAC67585B03,0.19266926
CC_2DAE338809DE,0.25996414
CC_2DB062A18C75,0.54965144
CC_2DB2C55CF89E,0.76392114
CC_2DBCBF870292,0.046120327
CC_2DCBC03B4FA3,0.74953973
CC_2DD78131B5A1,0.11424084
CC_2DD7BCA75AB9,0.11293718
CC_2DEB49017220,0.11158661
CC_2DF6C71ED372,0.16621025
CC_2DFBFA1A4FE8,0.17703395
CC_2E12A41F7733,0.06948703
CC_2E1A348EB1E6,0.09440628
CC_2E23CB0F6F7B,0.3531221
CC_2E3634587158,0.047799967
CC_2E3F4B14D8DF,0.35028547
CC_2E3FDDBF4F48,0.19816224
CC_2E61C46BC16A,0.17273681
CC_2E62AEB14351,0.2728304
CC_2E6F1C0ADEB8,0.13881423
CC_2E7415FAB62E,0.07987906
CC_2E77F7444FDF,0.03958664
CC_2E78431BE3DB,0.07258116
CC_2E7D44FB8075,0.12863623
CC_2E7D8539BDA6,0.3601017
CC_2E7F248874AA,0.7275445
CC_2E85BB8F3BB5,0.08765177
CC_2E8897E4D9BB,0.30411774
CC_2E8CCDE89E2D,0.2368074
CC_2E927D910813,0.13539778
CC_2E9891F5A2D5,0.09652398
CC_2EA56A7EAC04,0.25836828
CC_2EB45D13B248,0.12764083
CC_2EC924B0EAAE,0.11182032
CC_2ECC248C96B7,0.04427642
CC_2ECF0C98B06D,0.43407702
CC_2ED3F6481454,0.14593811
CC_2EDDF0B40ED8,0.12793307
CC_2EE2A139642B,0.13031663
CC_2EEE072DA301,0.23232068
CC_2EFEBB85DAEB,0.14770395
CC_2F133BEFAA69,0.10677201
CC_2F1AAE3B81F2,0.07442569
CC_2F1BC47CC90E,0.061285425
CC_2F2128FBBDDC,0.16134141
CC_2F3D3342834E,0.053669967
CC_2F42D39F710B,0.6248534
CC_2F4AFE398419,0.71469605
CC_2F4C24B38EE6,0.062878594
CC_2F508C0838A6,0.082285486
CC_2F50EC193942,0.22042203
CC_2F5BD03D4900,0.070109524
CC_2F73AF6728BC,0.054002397
CC_2F7EBEAB9CF2,0.19569758
CC_2F9AD2BC25F5,0.05688724
CC_2FA3172ED3FE,0.70320034
CC_2FBEF8808F48,0.14922579
CC_2FC014F0EA3C,0.080630526
CC_2FC3AD2EC986,0.20784064
CC_2FCC82AC097C,0.22975418
CC_2FE2ED7D464E,0.26676205
CC_2FFCC9802D2A,0.18630591
CC_2FFE32627DF8,0.20896648
CC_300BEA90EF3F,0.18842584
CC_3017B64D0364,0.2103129
CC_3017E5E87C94,0.12657975
CC_3028375CC87E,0.7958925
CC_302A48CFCEDA,0.07462537
CC_3031F96196BD,0.5255944
CC_30328ADA0AE8,0.08441542
CC_30451015D913,0.0305091
CC_305D33AC15A9,0.7811864
CC_306015CFB66A,0.15727282
CC_306413849CEA,0.3861795
CC_306EF0BC7CB3,0.031573072
CC_3075C5B861A8,0.121672705
CC_3083D9B76858,0.06244516
CC_3096994A495B,0.20243339
CC_30B106BC1657,0.18296653
CC_30B967417C42,0.18780752
CC_30CABAFF5453,0.110839546
CC_30D68208FB23,0.35810927
CC_30E2A90BACAD,0.18401894
CC_30FFD856443D,0.5960914
CC_311EF26786A8,0.07969571
CC_3129843EADE6,0.77510715
CC_312C34EF683B,0.04805868
CC_31302B64C078,0.10970068
CC_31344A25B569,0.03528973
CC_31397A399AD5,0.065610155
CC_3145B5EAD7AE,0.22817968
CC_3146EE0BF81A,0.11979454
CC_314D02632843,0.23997208
CC_315133406E42,0.29540384
CC_3180D1C6FB7E,0.18638848
CC_31827EE8A968,0.29630324
CC_319BE06CC27F,0.04256771
CC_31A0A97AFFCC,0.45091307
CC_31B22116E36C,0.14585416
CC_31C78D9B6494,0.35052174
CC_31D3FA367B41,0.1072745
CC_31DAAB3E6DA7,0.13098232
CC_31E36F666FB7,0.076113746
CC_31E72EA14FE4,0.1295572
CC_31FC6DC9482C,0.19682372
CC_32076DA6AE23,0.15789384
CC_3209FA12D938,0.31948805
CC_320E17F947CD,0.41756415
CC_3223C706DD92,0.17757317
CC_322EFB2E377D,0.09428547
CC_3248EB928073,0.09327078
CC_325D5DC52B1F,0.09420225
CC_32662A6DB78D,0.16022727
CC_328DD3BA068A,0.25245288
CC_328DF7798F91,0.16973895
CC_3295CFEB188B,0.07475952
CC_329DC79286ED,0.64871716
CC_32CB77D55C73,0.11920065
CC_32D129B9E651,0.101402305
CC_32DB12551D37,0.6578209
CC_32F00D77D5CD,0.11479399
CC_32FF5F6892D9,0.21711183
CC_3301EF60877F,0.13525276
CC_330F334BD816,0.112160124
CC_331285B3494C,0.24505182
CC_331364283D5C,0.16366677
CC_331718E0F54F,0.17356329
CC_33194D48FF66,0.11486378
CC_331E8B8BCAB8,0.08370156
CC_33254134ABA9,0.7823011
CC_332E42439579,0.07967282
CC_333102AB964C,0.14412984
CC_3338AC0E8112,0.2583886
CC_33656EEDE6F2,0.3955684
CC_336777D934E0,0.51302373
CC_336DBFE464D1,0.532426
CC_3382BB2F3152,0.15170538
CC_3387207793E4,0.05781056
CC_33992C973839,0.19664834
CC_339C36703675,0.103262685
CC_339CA5814519,0.11106565
CC_33B157F2A921,0.09947978
CC_33BBD10F239D,0.0640226
CC_33D3B12EE56E,0.091759264
CC_33DB68EA27CB,0.099916264
CC_33F0B95E70CE,0.23454833
CC_33F40275D630,0.04142077
CC_33FD5DE22692,0.07980251
CC_340961106343,0.13017714
CC_340BB1F4CEF0,0.13153727
CC_3410B11F1FA3,0.2290386
CC_3424972707B6,0.6102095
CC_34452758A645,0.036423963
CC_344D239879D6,0.1409267
CC_34503B6891CE,0.21411453
CC_3451722A3813,0.08702952
CC_34517B513D8E,0.45084313
CC_346ECB4CF2F8,0.105473585
CC_3478E8B6B56A,0.06509882
CC_347AFDE16722,0.098502345
CC_347B1A01467F,0.049888127
CC_348AA62FF484,0.3278085
CC_348D3F098A4D,0.07299503
CC_349290E4D0C9,0.15912466
CC_349347D553D1,0.245925
CC_3495CE27BB05,0.23206958
CC_34B10A654721,0.16214733
CC_34BD2C5130C8,0.1577068
CC_34C433439160,0.044620804
CC_34CA271F73E3,0.35345498
CC_34CEBEA3B15A,0.060856167
CC_34E58CF793A0,0.1705209
CC_34E6909B6027,0.5803871
CC_34F4292A8B5C,0.23116764
CC_34F6DD223594,0.046765894
CC_3508A7A5E9EB,0.19936404
CC_35094977DD75,0.12364026
CC_350DE157CE6D,0.17327684
CC_351BD5C2EE8B,0.02829167
CC_35486249EDEF,0.19577709
CC_354C9ABE6DDE,0.06674812
CC_35578162927A,0.14728966
CC_357C3E7518D3,0.7799057
CC_3584C15BF11F,0.046643373
CC_3588C5166872,0.07855964
CC_35A68306B19E,0.24320993
CC_35BFB3093D02,0.05407606
CC_35C085ED37BD,0.5373504
CC_35C695C13279,0.08158508
CC_35D1668A4C13,0.21792665
CC_35D27495E0CB,0.78960687
CC_35D562E1DBE1,0.656911
CC_35DCDC74A757,0.49540806
CC_35EC2AB1D1EE,0.13062719
CC_35EEB90317B9,0.591107
CC_361A9EAF7706,0.2315795
CC_361B968FEB98,0.29449797
CC_361C9FA031A7,0.7904881
CC_3620C5D1B3E2,0.05442931
CC_3622D7221940,0.05699445
CC_363175E92F74,0.32511124
CC_3638C9146BFC,0.14065324
CC_3643A4C7EC5C,0.058015533
CC_36690A9AE112,0.69721
CC_36719170F638,0.10343886
CC_3673466BA7A7,0.0819259
CC_36847054DF52,0.362359
CC_3691CE792752,0.7867259
CC_36A27FE53743,0.541036
CC_36A3FB06D1D8,0.7930897
CC_36B0F2AD5413,0.06018118
CC_36B1B7BF5F75,0.15246019
CC_36B68E66951E,0.39932513
CC_36D3F09AD810,0.46961886
CC_36DBD8424220,0.61320496
CC_36E5645D8018,0.06991534
CC_36E6592E4E23,0.16709463
CC_36F143AEC864,0.11227119
CC_36F2A735DF73,0.1504541
CC_36F81C003E8F,0.052736882
CC_36FCD55EE425,0.496121
CC_3701D5DB7FA1,0.069810405
CC_3706E1EB2587,0.5294803
CC_370E0F8EF86F,0.5606337
CC_371D47444D5B,0.72152305
CC_372CFE308EA4,0.6205526
CC_3731D90357A6,0.29846486
CC_37322F66C543,0.041469723
CC_373539DE38C5,0.13808388
CC_375225700242,0.40479833
CC_3762D0B6F3C2,0.0933877
CC_377A277E831A,0.13564008
CC_377B6066B91B,0.2713222
CC_378D71726B5E,0.08435386
CC_37A46BD0DCBF,0.04740946
CC_37B447368F02,0.7309795
CC_37BFDFE369A3,0.21994518
CC_37D09FE492BD,0.07068218
CC_37D3F4C07235,0.2511322
CC_37DDACE48E3C,0.13576987
CC_37DEF85C0A37,0.34302378
CC_38020CED9EEF,0.08636489
CC_382207621EC5,0.77712774
CC_38374AB27F95,0.09817953
CC_383A5544DD5C,0.1430258
CC_383C129A5B96,0.2612051
CC_3847AAA649C7,0.10835543
CC_3849D992C1E3,0.07666571
CC_384BB17F0F0B,0.6104434
CC_3851177E5E76,0.06864006
CC_3862F88850B8,0.27570915
CC_3867CFCFCC94,0.25054657
CC_3872ED018F85,0.1881682
CC_3881A587C072,0.12863983
CC_3882F8EB5EEB,0.58489245
CC_38911341EA6C,0.08290922
CC_389E5B71E254,0.61381286
CC_38A0DBCD3728,0.09313826
CC_38B3E9142747,0.12893605
CC_38C1B8860300,0.053676747
CC_38C8CF250B60,0.025064765
CC_38D32B790B4A,0.12118744
CC_38EB304A9915,0.17143701
CC_38F26461C872,0.7238413
CC_38F942257E28,0.51711637
CC_38FA5D78A8A7,0.04002447
CC_3903D7BCCA95,0.06529483
CC_39043D7ED04D,0.19751342
CC_39098B256732,0.0658029
CC_3909A2E4C679,0.12647358
CC_392344DF8D55,0.31680143
CC_392628C8AD47,0.07468669
CC_39285F4C42BF,0.36504215
CC_392A376EA1A2,0.09283658
CC_3932E086F150,0.16473337
CC_393D1D3640D0,0.059691995
CC_3943B3490B49,0.7137334
CC_394DE164DBCD,0.11442993
CC_395600E84A54,0.12253925
CC_395D181A7E1F,0.104213014
CC_395E8CACC437,0.13363518
CC_39635AC6A70E,0.05428437
CC_3969352E3ABC,0.10630068
CC_3985C0DF9CB5,0.5540703
CC_3989F2C6A9F8,0.18813631
CC_39A82672A1B2,0.079303876
CC_39AA15DAE17D,0.64893174
CC_39AA2A3D98CC,0.03261593
CC_39AC257B00C5,0.11426298
CC_39ACC63CDAEE,0.11029868
CC_39CE40784C2C,0.20961197
CC_39E1A306D418,0.14252326
CC_39F2B11C46D7,0.1077795
CC_3A10F5F50A27,0.045490235
CC_3A27CF9D162A,0.5469621
CC_3A297424A7F7,0.13735847
CC_3A39F7930BF3,0.08600756
CC_3A57566F9977,0.5287502
CC_3A61121254E6,0.06052588
CC_3A81C568A7F8,0.15128846
CC_3A82E7050A4D,0.04928334
CC_3A860AADE6CE,0.1570802
CC_3A8B3FC29C9E,0.1166149
CC_3A8E9056A5A2,0.09312661
CC_3A9617A5777D,0.43264055
CC_3A99D25777CD,0.14946273
CC_3AA9E8D01340,0.5397423
CC_3AAEFC09C290,0.77146316
CC_3AB5E579843E,0.2619298
CC_3AB77A30AD40,0.21301775
CC_3AB7BA36A414,0.28496113
CC_3ABA830A5BB2,0.12161888
CC_3ADDDA550A57,0.101855226
CC_3AE7B1151DC9,0.11025603
CC_3AE9A209EE00,0.059884455
CC_3B06FCD75C98,0.05441887
CC_3B0722FB5E8E,0.3264925
CC_3B1C51DD7429,0.18464155
CC_3B1F4696D710,0.6050101
CC_3B224413A072,0.27376395
CC_3B35C3783CCD,0.246475
CC_3B3626F3DF9F,0.19082986
CC_3B4405C7E486,0.5683628
CC_3B4C4A9C9D99,0.31403732
CC_3B72F0E9E3F8,0.21996117
CC_3BB02A95C6C1,0.71455616
CC_3BB8B675C2BC,0.3894955
CC_3BC51B069218,0.14432395
CC_3BCA5BD201AC,0.1456554
CC_3BCAC9793441,0.26869416
CC_3BCBC867AC4A,0.03819035
CC_3BE51412ABE7,0.3948352
CC_3BEA98B401CD,0.6182986
CC_3BED6DF1ABF1,0.1712574
CC_3BF0BF7CF827,0.8183385
CC_3BF110035599,0.64414006
CC_3BF213810DEE,0.6359513
CC_3BF21CA88D3C,0.48940608
CC_3C0E29764C71,0.079054676
CC_3C19509D4636,0.14119755
CC_3C1B038BB068,0.1650713
CC_3C594CADCA2E,0.19902216
CC_3C5D909498F7,0.6710329
CC_3C68D5179A01,0.09202123
CC_3C83955704BA,0.79572856
CC_3C93218F41B2,0.37284562
CC_3C9CFC8FB4D1,0.73518765
CC_3CA266EB55BE,0.12183666
CC_3CE49C937F7C,0.10500695
CC_3CEEB9C04F0B,0.35959095
CC_3CF504AD4DD9,0.07288623
CC_3D1092DBC5C2,0.19421308
CC_3D185833E7BB,0.06461479
CC_3D2309981121,0.35379463
CC_3D27A0086AA6,0.1718716
CC_3D3BE7D0F4D8,0.119152464
CC_3D412B5EA919,0.11096999
CC_3D47650C6F30,0.07719001
CC_3D55D1FD8457,0.04837952
CC_3D599501BA76,0.06433139
CC_3D6181EE3C87,0.6402287
CC_3D65CC165F44,0.14344043
CC_3D6CF6DB8014,0.37094086
CC_3D7C14801D40,0.17726703
CC_3D836BDBF866,0.6114905
CC_3D8DF3A3DB71,0.7644009
CC_3D9309851089,0.18377459
CC_3D9ECB4274C3,0.11825622
CC_3DC8A9A92802,0.35212713
CC_3DDD3813D1D4,0.09078623
CC_3DF3FFB3CFC7,0.16465306
CC_3DF88701601B,0.1540271
CC_3DF91A482CFD,0.32511124
CC_3DFD6349D046,0.6327893
CC_3E0D54125AE0,0.1767413
CC_3E10CFE1DD57,0.05457179
CC_3E13CB98572B,0.1518433
CC_3E142C8ACA6F,0.08357464
CC_3E1BAC4E5B90,0.059749704
CC_3E2DD0D1E2D8,0.13731512
CC_3E403BF08A45,0.111774735
CC_3E46368104AE,0.093479164
CC_3E48A086B5C7,0.27005598
CC_3E54451B0F6D,0.08406612
CC_3E6335ED3F4F,0.078110225
CC_3E87A65C50A5,0.17862
CC_3E91109E2090,0.05886063
CC_3E92A1EDA618,0.24569064
CC_3E94684FE270,0.53405213
CC_3E9DB402F352,0.18327358
CC_3EB5A15A6C04,0.7927837
CC_3EB8A9A6C49D,0.11719285
CC_3EC96BC884F2,0.1210053
CC_3ECA9E44B90F,0.25206828
CC_3ECE4EF16A44,0.20992966
CC_3EDDB8E70F57,0.19545369
CC_3EDF137D0E1C,0.16777998
CC_3EEEE844410D,0.36919433
CC_3EF4F348C967,0.15328309
CC_3EF91DD11A81,0.14721388
CC_3F08C55E7A40,0.2321313
CC_3F171CED0CFA,0.033948187
CC_3F2544EFA753,0.11774815
CC_3F28F3286CCA,0.08932997
CC_3F379CB37B0D,0.16515578
CC_3F42D798AB1D,0.6322638
CC_3F48724540D5,0.1761713
CC_3F68068E2D5E,0.11564658
CC_3F7FBE71B77F,0.06391007
CC_3F80017B8599,0.05511529
CC_3F8B17953200,0.07267014
CC_3F964BADC4BC,0.7380588
CC_3F9767602FCB,0.19207318
CC_3FA84F0B23CE,0.05736935
CC_3FB4B189143F,0.15744488
CC_3FB7C976EB26,0.43516433
CC_3FBCEB2F36D5,0.119045705
CC_3FC4FE843245,0.11080761
CC_3FD52E32FE8B,0.63761556
CC_3FDB44EC6254,0.0540859
CC_3FEFBD6DC62F,0.22056302
CC_4005466D00ED,0.32763028
CC_40095FFBC1A2,0.06200132
CC_400F1887A662,0.13154514
CC_40133FF3069C,0.13074642
CC_401C6F0EED5A,0.10388054
CC_4021AD03FA01,0.13638324
CC_402E91F3A56C,0.1309585
CC_403754B6988D,0.09825249
CC_4052DFCB1656,0.2078467
CC_40579C5C13D5,0.77834994
CC_406937FF97E7,0.07952381
CC_406C4233347A,0.19791318
CC_4073E42E11E4,0.19198067
CC_4077BB12A5F4,0.09957403
CC_4077DD5B5C4F,0.13148041
CC_40824D899215,0.07692558
CC_408D79189FBF,0.32261962
CC_40A3F1D5EA0F,0.33867744
CC_40A852A592FB,0.119858816
CC_40AADA91D560,0.21570289
CC_40B39CB2CC58,0.03923804
CC_40CE2030F058,0.060967136
CC_40EA2F8481E8,0.1722687
CC_40EFD7778F98,0.13634196
CC_40F278D49681,0.2508342
CC_40FFCF631F19,0.37238163
CC_4101D1B82788,0.23826668
CC_4109B79A4B06,0.036927182
CC_4119348F051A,0.13516073
CC_41206EE45803,0.07764996
CC_412DF740DA62,0.16069904
CC_413AB4CA7451,0.09761757
CC_414C06C60FF7,0.72786313
CC_414F50748A51,0.057709415
CC_415C65EA66AA,0.054432184
CC_415CED95F7CA,0.15650332
CC_416584250060,0.0931577
CC_416B3A1F0F0B,0.07558556
CC_41735021FC7A,0.20266353
CC_417858CD20F4,0.1231459
CC_41902EFB3974,0.053854927
CC_41A27790EFBF,0.11473029
CC_41A4A223F39D,0.12851289
CC_41B464757ED6,0.11537584
CC_41D1A87E1136,0.4679293
CC_420FE297808E,0.036215264
CC_4211096D5588,0.18570203
CC_421F4D78128B,0.44534758
CC_422F2780C85A,0.3379964
CC_423B0296BE24,0.06976646
CC_423E78000AA5,0.17385885
CC_4246081DD359,0.12151212
CC_4249EDF2FDCC,0.7979575
CC_42568C67F412,0.35495034
CC_426A25EA9E21,0.71950275
CC_427ECDDEECE6,0.2970585
CC_4289EEC8F0A2,0.14543268
CC_429A7158AD07,0.11429834
CC_429C51AE729D,0.04699787
CC_42A0DE1E5E80,0.087290235
CC_42A7D0F5388F,0.087419465
CC_42B23C8C9F66,0.16419548
CC_42BD3999AC3E,0.28534582
CC_42C95B199130,0.40183344
CC_42CD6CE97523,0.4201666
CC_42DA114F12A2,0.31315333
CC_42E2736AA331,0.1716261
CC_42EA825C351B,0.44300887
CC_42F1B2B4D258,0.56554425
CC_42F4588EB38D,0.25812718
CC_431F29A12E99,0.17679998
CC_432EB78A198D,0.21459682
CC_43383344BC72,0.17136104
CC_4339187DD10A,0.06603626
CC_4344A2E7EA1F,0.5095034
CC_4347468ABE51,0.5500837
CC_434894BC2577,0.063653566
CC_4362DB93FC92,0.09083253
CC_436850DDC704,0.13999708
CC_43698E2EEA0A,0.09820306
CC_4387F73F131E,0.105781145
CC_43A33C994C70,0.38428557
CC_43ACD82B5514,0.26502204
CC_43B37131B8FA,0.21267028
CC_43BFCAF8BD20,0.1697453
CC_43C060E01266,0.2432347
CC_43C41AF27375,0.057554353
CC_43C5AFA48B93,0.09310194
CC_43C767A44C55,0.18405597
CC_43DECAB53552,0.04806985
CC_43E6D931158D,0.39904237
CC_43E9F88019F8,0.061154246
CC_43EBD6EBD675,0.078880005
CC_43F81C577002,0.32956585
CC_443C4E041687,0.08943608
CC_443F63BF238A,0.0986318
CC_4463776F9AA1,0.13840267
CC_446F1EDF03C8,0.07308717
CC_447BAD4F7820,0.82093054
CC_447D02F917B5,0.069043
CC_447E705746E2,0.14181879
CC_44A017104F93,0.6232487
CC_44A1E58CDBC0,0.053590003
CC_44ABCC04C418,0.08862146
CC_44BF6BCCFC2E,0.05276234
CC_44D0671A3B87,0.13242044
CC_44DBEE3A7D81,0.16251843
CC_44F7DD6A88A1,0.2544546
CC_45080C42280D,0.18313102
CC_4524AD74135F,0.3509527
CC_45262103231F,0.23062074
CC_452D8C5D039C,0.8145894
CC_452DECDBC90F,0.0910402
CC_453C9B3A5992,0.44010994
CC_4542AACA1FE4,0.11804723
CC_455209549D3B,0.78822255
CC_4555C804C4D0,0.08372934
CC_4581E4190B2E,0.10627846
CC_458912F91D6F,0.43682185
CC_45913E1BE65C,0.33230668
CC_4594791FB40D,0.12363566
CC_459B49073E2C,0.34921107
CC_459EA8E0E2EF,0.12097876
CC_45A4A38557E9,0.13942802
CC_45ACE2B1DB6F,0.08731924
CC_45C1A92F0E8D,0.10871735
CC_45D0673EDD20,0.113858886
CC_45D70DC84DA0,0.08757832
CC_45D96479EC1E,0.056856714
CC_45E8597BF74E,0.06525702
CC_45E97246F83A,0.28581515
CC_45EC44761309,0.12833373
CC_4603A6F83E2A,0.06625902
CC_46045CEE8330,0.072485104
CC_464E17187A4E,0.44770724
CC_4659FB4B8536,0.13294186
CC_465EF4F9B68F,0.20286757
CC_4663FDE62E3A,0.27684984
CC_466D54BE0809,0.07343258
CC_466ED9BD34B5,0.08094971
CC_466F7908E13D,0.19708091
CC_4695A5525A11,0.1399042
CC_46BBB8A4854A,0.0703012
CC_46BC61EC8F2E,0.20082961
CC_46C0DFA660B0,0.1217882
CC_46C2DCF84CA0,0.1326438
CC_46C38B9F0D8E,0.08539426
CC_46CAB9AE7C87,0.55925333
CC_46D0D1ADEA59,0.14547676
CC_46DFC1AA0821,0.79460543
CC_46ECA5976180,0.10774899
CC_46F5F6D27991,0.08344963
CC_46FE9F226120,0.24334739
CC_47130CC63FC5,0.19111873
CC_472330768F5F,0.111404665
CC_47292EBB8BD1,0.14827724
CC_4734AB1281DA,0.064098805
CC_473989E6BA47,0.24519405
CC_473AE07014DC,0.15242492
CC_4741EF45C3DB,0.24139857
CC_474586BE49EB,0.1327062
CC_47490BF44944,0.2470816
CC_477213DAED38,0.06947718
CC_4778086276B7,0.1228035
CC_47910B073CF3,0.17504247
CC_47939776FDF6,0.7224094
CC_4796F6A64420,0.0515728
CC_4798549B52ED,0.3373013
CC_47A3714E7D2E,0.32143572
CC_47CE219EBAAD,0.15815276
CC_47CF9074E03E,0.13831988
CC_47E4537A53FD,0.09764681
CC_47E8BC938FA1,0.112993225
CC_47F134D17818,0.12918696
CC_4812FBE05C7C,0.35087344
CC_48152725FAB1,0.53000546
CC_482256495FAD,0.6323355
CC_4829FF15D21E,0.14867684
CC_482D26D81935,0.6587299
CC_4838990A8D02,0.07307634
CC_4862EA9CD1DD,0.046924513
CC_4862F8C1B0AC,0.07668655
CC_486CD67D26CF,0.15683918
CC_486D8F9AE549,0.33522642
CC_4877D1BDB737,0.098935254
CC_4885E34F0B26,0.109101996
CC_48928CA8082E,0.12701933
CC_48A74FF0E6C5,0.09256323
CC_48E0791DDD62,0.07013804
CC_48F620B6A472,0.098154746
CC_48FDBB1D7493,0.12721622
CC_4910EC928152,0.12203374
CC_491C18C17767,0.064950354
CC_492F65EF8D9D,0.7887332
CC_493DDD53B97E,0.054462217
CC_495F82AA5B9B,0.1538402
CC_49618412FF86,0.065324605
CC_496A7CFA344D,0.7750471
CC_4983EBABAE3F,0.054163847
CC_4992C1915957,0.5041997
CC_4993B31028A7,0.06175264
CC_49945441A644,0.19362131
CC_49A80692BC68,0.12335088
CC_49AB67613A58,0.17855
CC_49B05CADDD95,0.553952
CC_49C6F9AD111E,0.06884767
CC_49CEB94F0B3B,0.039925504
CC_49D3A79B55CD,0.08309659
CC_49D6671DAE8E,0.1193939
CC_49E6C539B1CF,0.055500414
CC_49EEDF0DA684,0.037465528
CC_49FC290E33A7,0.17452961
CC_4A01CF2F67D2,0.7160265
CC_4A16DC668832,0.5210199
CC_4A212461781C,0.065248266
CC_4A237A8E6706,0.15194027
CC_4A3DFA0E27A4,0.15787113
CC_4A513D39DCE3,0.07394941
CC_4A532B0E6165,0.15682659
CC_4A5FA9F1C804,0.0855264
CC_4A7BDEC665FF,0.058228713
CC_4A7FC9B23222,0.2864077
CC_4A8A7080FA25,0.22888398
CC_4A8EFD589879,0.06758583
CC_4A8F7D2B857C,0.1860294
CC_4A91E8D4289D,0.3400369
CC_4A93163A12F4,0.32268155
CC_4A9FEF48EA65,0.09193945
CC_4AA73D751AA5,0.32020056
CC_4AAED0C85F70,0.14224152
CC_4AB1DEF044AA,0.047630757
CC_4AB5AE299217,0.19032724
CC_4ABA0CDC2270,0.1838096
CC_4ACFFC2F295F,0.6320781
CC_4B0490BAB1B9,0.070780836
CC_4B28B03CEFEA,0.08938755
CC_4B420765EB9A,0.11447042
CC_4B47C16D9867,0.1375522
CC_4B494C4D7D03,0.4162276
CC_4B4C84B015C2,0.050941825
CC_4B607295E983,0.047423955
CC_4B6D24E81483,0.07976434
CC_4B77AF6FAF2B,0.62307674
CC_4B7EC3F2FFBA,0.061981224
CC_4B85318DFA50,0.11015183
CC_4B9B36B36DA5,0.7556269
CC_4B9E0AD5D692,0.50285316
CC_4BA041C9678C,0.1025251
CC_4BB40F2129A6,0.083143696
CC_4BB8FD274E2A,0.089632235
CC_4BBB8118FBBB,0.13802615
CC_4BC8CB91719F,0.13014469
CC_4BE447D54BB8,0.1473056
CC_4BE85B1BDB62,0.36136284
CC_4BEF3C7F6395,0.21758269
CC_4BF03FF61B97,0.4322883
CC_4BF4C38EAE8D,0.26645398
CC_4BF95B8140C8,0.12584905
CC_4BFE0CB61B5A,0.34835476
CC_4C2A3F254101,0.34626988
CC_4C351DEB6230,0.22813582
CC_4C38031A2A9E,0.12118129
CC_4C3E35875F03,0.111405395
CC_4C4D79F933B2,0.12335483
CC_4C56497F4AB0,0.6927714
CC_4C827B493CFD,0.15263633
CC_4C849C6073AF,0.12516484
CC_4C869E6F618A,0.15613484
CC_4CA21C15763D,0.109857626
CC_4CB2F1CAE684,0.100177824
CC_4CC0265E0778,0.043962713
CC_4CC5483903E9,0.5739531
CC_4CD7C76FE235,0.430114
CC_4CE2BFED4F4C,0.08342743
CC_4CE751CB58FA,0.4470852
CC_4CF3E184C500,0.04821227
CC_4CF668E60D64,0.3253514
CC_4D1A1AF53E18,0.039326776
CC_4D29155FCF33,0.24765746
CC_4D2CC7618AC2,0.4937274
CC_4D350FF7402B,0.32817164
CC_4D38AE84E3CB,0.2032552
CC_4D4140E1056D,0.09894125
CC_4D5545FAB130,0.5811507
CC_4D55E218946E,0.09644667
CC_4D5E14BD6AFA,0.088862695
CC_4D78935D66E9,0.05932892
CC_4D883AAAC6C9,0.044013876
CC_4D8D8108C51E,0.60744464
CC_4DB40331777A,0.7802828
CC_4DBC8652D26F,0.09420351
CC_4DC0E154EBB0,0.7156801
CC_4DD5B8780C4C,0.10058824
CC_4DE0070FF683,0.15633972
CC_4DE688CDBC27,0.083143495
CC_4DF37857FCEF,0.06650572
CC_4E20F0249BC6,0.7794203
CC_4E2F01B7B9EE,0.1936116
CC_4E41C247B4E5,0.15586266
CC_4E479F6989A1,0.06843563
CC_4E48AF17BC29,0.08639101
CC_4E6BE67E3C4F,0.03672775
CC_4E70939C5933,0.47100708
CC_4E70FB172717,0.1415097
CC_4E726EE8C026,0.2858045
CC_4E76F48DFDEF,0.09390441
CC_4EA180B2B913,0.03599017
CC_4EA67A160C3E,0.553652
CC_4EE41FC91AD2,0.18937892
CC_4EFECC6C2E36,0.6640452
CC_4F22CB97C34F,0.06045062
CC_4F2444DC6C75,0.8297914
CC_4F2B7F512DD5,0.07131605
CC_4F504A9744FB,0.117892236
CC_4F6FEE589187,0.1509315
CC_4F71AAF96C32,0.07704716
CC_4F76E57C55EF,0.3332868
CC_4F88D3E5AA2E,0.053168643
CC_4F8A4384F6DE,0.1689239
CC_4F8D83DCCF25,0.19210161
CC_4F956AA47816,0.65256876
CC_4F99FCEA10E8,0.09754418
CC_4F9F10A183F6,0.093026735
CC_4FA766935F14,0.081390195
CC_4FB0B9E398F2,0.35461962
CC_4FD0DF6CA3AA,0.058525532
CC_4FD902F7ADEC,0.057955123
CC_4FF1155E3A6B,0.35732326
CC_50103368F241,0.0924547
CC_5012B9991935,0.10293596
CC_50172FF2C2C1,0.13348167
CC_5017C9BA7773,0.056871444
CC_502C3D0EC4CA,0.09091242
CC_504157951119,0.058700852
CC_5042938B5A9A,0.44463658
CC_504A57293FE4,0.8196324
CC_505812CFE43B,0.3333594
CC_505A6EB06E39,0.3432605
CC_5064CCE0EF29,0.23192526
CC_507BDF639FB5,0.17310134
CC_507E53684AB6,0.09583115
CC_5087A0D1765D,0.24904543
CC_509229AEC221,0.20456953
CC_5092D3A72B03,0.20423643
CC_5092DF691F74,0.57880014
CC_5094BB59416F,0.22619885
CC_509926B384D8,0.78138655
CC_50A6C96DA7D3,0.06252015
CC_50AE75A10F3B,0.30231085
CC_50D4BB93EB1A,0.07591458
CC_50DF7B02E356,0.1899828
CC_50EB53CFE7F8,0.053299196
CC_50FC7D563CE4,0.15068229
CC_5100E6EAA3FF,0.20420672
CC_510F2944B2A0,0.109638706
CC_5128881AAD54,0.14622599
CC_5138941DB7A2,0.15290076
CC_5139EF8BEAFB,0.1689697
CC_513E5EEC6B04,0.11209858
CC_51427EF15375,0.31043237
CC_5147B281DA64,0.41458997
CC_515D968ED36E,0.09985512
CC_5176FF858154,0.111996554
CC_517CB40FB016,0.097451195
CC_51884D5F3E4D,0.11572009
CC_51AE98263438,0.11464695
CC_51C9CE782368,0.18486921
CC_51CC80D1570F,0.057536587
CC_51D2E3476902,0.058759306
CC_51E05E706D64,0.12356164
CC_51E5A5E9801C,0.064237654
CC_51F5DA44F9A0,0.49839222
CC_51F6BDD355F4,0.062093608
CC_51FE657FE212,0.10312935
CC_520950C9BAA3,0.057244882
CC_520B1D31AB99,0.12158828
CC_522550E1761D,0.7910667
CC_524CD519E76B,0.09418081
CC_524FE9E3DAD3,0.47293368
CC_52629A025048,0.11263143
CC_526765FC100C,0.26547232
CC_526E56249FFA,0.27888602
CC_528B42A34966,0.23296559
CC_5292B36E4882,0.18330191
CC_529A2F110236,0.15088579
CC_529BC4ADAD6A,0.18379217
CC_52C1C5A6F887,0.07094786
CC_52C3B674FDFD,0.27364618
CC_52CCBB8F9964,0.07804086
CC_52D21FFA24DE,0.72320104
CC_52D32EDBAA78,0.20569737
CC_52D7821A8363,0.15187141
CC_52D9087EBCD6,0.818083
CC_52DD62E1AC2E,0.19669482
CC_52E8B04F0FA0,0.1320641
CC_52E965E9E2C3,0.16778678
CC_530BA492842A,0.31944692
CC_530F6E906D6B,0.040722586
CC_531FCFBE3B13,0.12618779
CC_5320DFEAD897,0.16201782
CC_53319AE7B829,0.6766557
CC_53481151859F,0.03909477
CC_534D4FC05F82,0.208164
CC_53687DA8C9E5,0.33035743
CC_53795A7B7751,0.058636006
CC_538328A6B3BA,0.4458145
CC_5385266461B1,0.17392562
CC_53891CB35BF8,0.12605946
CC_53A6E1083B13,0.0893571
CC_53A77DA726A4,0.07891032
CC_53ADBC2F6E34,0.1740032
CC_53B249809561,0.08498119
CC_53B2DF5B019C,0.062227428
CC_53C1F3E031A3,0.14892049
CC_53CBF2E8AD05,0.5233459
CC_53D04793ED9D,0.07361006
CC_53E23A9B6F74,0.06127199
CC_53EB59C99100,0.42016518
CC_53EB9AC04311,0.13597646
CC_53EC732C9B30,0.030207071
CC_540122E71534,0.14092791
CC_5405C89DF8BD,0.72389114
CC_540D69F5BA23,0.15806034
CC_5414446319CC,0.67957497
CC_5418410F95A2,0.06774506
CC_5431A01C30E4,0.07187055
CC_5452437FC605,0.3926115
CC_5452979BF98D,0.07553744
CC_546EE83F84A4,0.50842744
CC_5473268241FC,0.17135723
CC_5474EE64D859,0.30372536
CC_5476E2B2FCA0,0.13033517
CC_54892024F98D,0.22395143
CC_54B33C66DCF7,0.09124198
CC_54CF66B660B4,0.40270817
CC_54D3A35EC69F,0.05869049
CC_54D6AE2665AA,0.088102505
CC_54D93974E62F,0.2617214
CC_54F5F552A0F2,0.13508834
CC_54FC3B361BDA,0.107086785
CC_550135E8FAC6,0.122187674
CC_55020AD0D117,0.16674642
CC_55094AF7EFEF,0.10232201
CC_55126E23462E,0.061509136
CC_554C21CCAF3E,0.10443971
CC_554C912C7DBE,0.079443984
CC_556B02A2B401,0.33432236
CC_557A0B0CD0F4,0.17589326
CC_559A14E729EB,0.32249802
CC_559F0DD4E4A7,0.461082
CC_55A82B4E57F6,0.1588385
CC_55A98ABE4C75,0.12380541
CC_55A9D45EA466,0.040455405
CC_55CB872FF50B,0.21779346
CC_55D9E3D58435,0.23287545
CC_55DFF3C3BB46,0.08946874
CC_55EDC3996984,0.12218709
CC_56013299D8C5,0.080490574
CC_560B519C1F50,0.09881477
CC_560CABF0F5D0,0.12954414
CC_56178AD87948,0.26872656
CC_5619A7BB54EA,0.10656932
CC_5624319D7B28,0.13233642
CC_5625119D6C37,0.19900231
CC_562BE7245E1B,0.7249621
CC_563684010DF5,0.61932033
CC_563EA9A29338,0.12185239
CC_564590AFB575,0.031635232
CC_565E01191BF6,0.6235403
CC_56612A039382,0.059973244
CC_5665FB827721,0.55091137
CC_566932C3CC97,0.11857445
CC_5671D59B2A51,0.13216273
CC_567E7DD24A97,0.091494866
CC_567F47F37683,0.041836455
CC_56847A91065C,0.1078565
CC_5698480F8634,0.06822914
CC_5698B024CECC,0.58279175
CC_569DC051A2EA,0.09638213
CC_56A322152604,0.34121734
CC_56BFD9A8335D,0.3850512
CC_56C9379BADB6,0.04356366
CC_56D410FD8F56,0.33854803
CC_56D4549919EA,0.15516017
CC_56D918CA6353,0.11572093
CC_56DB30CE666D,0.13566534
CC_56E760C3206D,0.24551703
CC_56F73F905615,0.7914471
CC_570683C088DB,0.16319463
CC_571C6AFD00ED,0.40042114
CC_5725663C3B89,0.11916625
CC_57291D7667C8,0.16764918
CC_57313F6E7927,0.1722856
CC_5735F9B859AF,0.5624452
CC_573B34826B2B,0.6457914
CC_5744447CAF7A,0.062084373
CC_574CC0FC7B05,0.13095373
CC_5759E2982909,0.09154369
CC_575CCCCDD7B6,0.64717674
CC_57603A37D19F,0.04724259
CC_57639D4995CF,0.25054717
CC_576E6676FD55,0.05091527
CC_5775C148E05C,0.12668584
CC_5798E560E9F3,0.76328844
CC_57A486F61065,0.39501056
CC_57A726458B99,0.06182874
CC_57B0D41BD7D3,0.3658894
CC_57B501E60C35,0.0722975
CC_57CA90509CB1,0.7601878
CC_57CB7673547B,0.072430156
CC_57DE479CB61A,0.7365305
CC_57E7F1A6B895,0.036482885
CC_57F13C4115FA,0.3580938
CC_57F480CA9A42,0.09247809
CC_57FDFC6DE726,0.20698437
CC_5810468B76BE,0.15607959
CC_5810F212B2EE,0.34928846
CC_5817759E7007,0.1344426
CC_5818B5089B3C,0.08178347
CC_582C78363EB6,0.09047663
CC_58391600720C,0.115908064
CC_583D7B177F85,0.10714616
CC_584C11014F63,0.12658328
CC_584CDC12578D,0.06193469
CC_5852F443C55D,0.07974272
CC_58565AF0F70A,0.5360915
CC_58568DF9AECF,0.23003805
CC_5859EE6309D5,0.47224826
CC_5872B45E1C19,0.80670863
CC_58797A417EEA,0.22233635
CC_587A4844B482,0.24747486
CC_587C0CC3DD82,0.64142394
CC_5881A04052CE,0.080056116
CC_589A4E02EF81,0.14162773
CC_58AB46E5655E,0.15027395
CC_58B0CFC9F3D2,0.08066102
CC_58BEFDA6B4C6,0.11211139
CC_58D95C7247D5,0.060805596
CC_58DBF3409D48,0.05558695
CC_58E35A47B880,0.17474504
CC_58E40EFF57CF,0.35768905
CC_58F551219BD6,0.09793657
CC_58FA76C6C45C,0.57780135
CC_59018149723B,0.07275009
CC_5904459ACECB,0.76119864
CC_59088B2886E8,0.04465461
CC_590D2E0AD18E,0.5640881
CC_59146CA05E8C,0.06268531
CC_592592397DC2,0.53157717
CC_5926F5B4E054,0.16958384
CC_592A5A163624,0.37245604
CC_5941C323917F,0.096799955
CC_594E4E86A1C6,0.20493184
CC_595ADAA76A32,0.09826349
CC_596A20270C3D,0.16821197
CC_5970E93E11DF,0.3081673
CC_597AD111527C,0.10651673
CC_597FDFFA265C,0.126661
CC_599C287D2BAA,0.42359895
CC_599E345094D2,0.13669272
CC_59A4741B5A92,0.16398725
CC_59BB3A5BA2A3,0.5832655
CC_59BFD1200F6B,0.13724045
CC_59C07CCAF4E0,0.22153531
CC_59C49474B501,0.123505816
CC_59CFBC2CA471,0.58590776
CC_59D62BE0C0C6,0.12085908
CC_59D86F572716,0.115574904
CC_59DF71FBA4B0,0.038311265
CC_59ECB7465DCD,0.06406189
CC_59ED43A803B3,0.03269405
CC_59F5E81F4EA0,0.14937356
CC_5A10371BE7B1,0.77199656
CC_5A2F9A594A05,0.5961161
CC_5A38E46246FC,0.49392366
CC_5A3F52B0A07B,0.20028165
CC_5A5507A49F6D,0.079471156
CC_5A58A5E6DE82,0.082288146
CC_5A5BB6DC1018,0.2348375
CC_5A5C0DF50E01,0.11410891
CC_5A633C535360,0.092893936
CC_5A67E62D8D5E,0.65040934
CC_5A6BA0007593,0.13236369
CC_5A7513434C72,0.040777396
CC_5A756D8AE60D,0.16722664
CC_5A7C13841B7A,0.65063375
CC_5A7CBB6E8716,0.18899305
CC_5A83A1E25A2B,0.40012917
CC_5A86EB53A14D,0.77145547
CC_5A89E13CE597,0.18839127
CC_5A9466D0CF9F,0.12983797
CC_5A95331BD0C5,0.13067017
CC_5A9F63C3E428,0.052422956
CC_5ABC76FF707A,0.04894699
CC_5AD0F1B43457,0.10302603
CC_5AD82250C271,0.04275906
CC_5ADD27165E38,0.71217
CC_5AF32E5C8018,0.034403753
CC_5AF3690FA0B0,0.16914715
CC_5AFDFAA63B45,0.14098413
CC_5B025DA26FE6,0.055933766
CC_5B07C7DE7E7E,0.18909529
CC_5B08171A6880,0.22786097
CC_5B09FB1A0BE2,0.067582674
CC_5B0D6BA12702,0.48546878
CC_5B0EF2D4C3CC,0.1282377
CC_5B195D88C182,0.3892724
CC_5B1F6FE71A38,0.05633944
CC_5B247961602E,0.07447335
CC_5B276421F4CD,0.055122048
CC_5B289AFA1662,0.2920985
CC_5B3A16421A31,0.04889014
CC_5B3E78897EB7,0.06278162
CC_5B480B44A9B1,0.13286737
CC_5B546C3A21F8,0.15894476
CC_5B5BC4023EE7,0.16631573
CC_5B6D63DD34B7,0.10588342
CC_5B6E868912E6,0.07465343
CC_5B818D2581FB,0.12378389
CC_5B82E8BB921F,0.26099756
CC_5B8E8DA14EE6,0.16328894
CC_5B900A135A69,0.08851717
CC_5BB64BDF3C99,0.09253043
CC_5BCB2C79D1CA,0.24564536
CC_5C072DB8586F,0.059185207
CC_5C0BEC2A0850,0.089263946
CC_5C24010127D1,0.28682175
CC_5C2DAF5E0EB7,0.4440874
CC_5C3E8DB90978,0.12872693
CC_5C4A7CE69975,0.31849325
CC_5C5766F933B0,0.43239167
CC_5C5808240054,0.08000891
CC_5C5D6E15EA27,0.18677922
CC_5C60C4545922,0.14426453
CC_5C626D70F6D6,0.16254014
CC_5C670F0622BF,0.0743671
CC_5C799E57EF53,0.044006374
CC_5C7B44735AF4,0.18131803
CC_5C7D8DF047E9,0.17287166
CC_5C80F394EFC3,0.12891264
CC_5C99E6189441,0.08198406
CC_5CA9AB4A6AB4,0.11538056
CC_5CB78ADD2432,0.13794659
CC_5CDE37CE08CF,0.042598642
CC_5CE258D12432,0.34954062
CC_5CEEF006ABF9,0.06740206
CC_5CFD2850E277,0.26843768
CC_5D01F71B9FAD,0.14646
CC_5D065A455A45,0.21250023
CC_5D0AA7D4954A,0.22689332
CC_5D242448B812,0.121652424
CC_5D2C5115BDD2,0.20241609
CC_5D3273E039AF,0.6329947
CC_5D398BB3365B,0.08502946
CC_5D3C1CE64952,0.09926457
CC_5D4B0EBB5CD6,0.09984998
CC_5D5E897588D3,0.11842228
CC_5D65F25FFB8D,0.05187194
CC_5D665A86C465,0.11190527
CC_5D80C353E475,0.11551663
CC_5D8895A0AB4C,0.18218029
CC_5D88A673BF50,0.23329261
CC_5D89688B69A9,0.36557463
CC_5D8AC8E18A8E,0.059343666
CC_5D8E7DC2FA6A,0.548404
CC_5DA29AD9E85E,0.051093914
CC_5DB286EAC626,0.28507033
CC_5DBC1BB95B84,0.7866666
CC_5DC0A465470D,0.061372835
CC_5DF82CB03C3F,0.09561963
CC_5E001C93F359,0.076525934
CC_5E029094A55C,0.6937637
CC_5E0808121A65,0.14825685
CC_5E1117E4E593,0.13586193
CC_5E1541060A97,0.72453237
CC_5E1C11540C0B,0.10247023
CC_5E1DC0E143F2,0.16610865
CC_5E206AC277E4,0.24367219
CC_5E22B4BC8B12,0.07997175
CC_5E22D889B6BF,0.10974031
CC_5E38425EC99F,0.751993
CC_5E3A70C2077A,0.14059445
CC_5E5607D275CA,0.13305819
CC_5E73C3D2B3EE,0.14179893
CC_5E7F23A07A71,0.122128844
CC_5E80A96974B8,0.21813037
CC_5E8C0453B9B8,0.3340695
CC_5EA599FBA5E0,0.50468063
CC_5EB379BA6C7A,0.11110984
CC_5EBB96F65AFE,0.365907
CC_5EC41568C2E1,0.090558626
CC_5EDB5C924107,0.31856146
CC_5EEE5D0FF8D3,0.14393352
CC_5EEF07FFC243,0.067304544
CC_5EEFD690759A,0.09086362
CC_5EF2176F01D5,0.11719344
CC_5F17CA33D26B,0.06867956
CC_5F20750D6658,0.15117311
CC_5F2CE32A6EC3,0.14446434
CC_5F328EE757B6,0.045740806
CC_5F35B8D87D06,0.21850671
CC_5F390BA40E83,0.70209384
CC_5F59092CA9B2,0.11103569
CC_5F5916E96E19,0.15636712
CC_5F5E835B9E6E,0.1152545
CC_5F648D39D67F,0.53678024
CC_5F6D4104C808,0.17721877
CC_5F72EBE104D4,0.048149534
CC_5F765C41F051,0.061806094
CC_5F8859A6F0DB,0.03621231
CC_5F88ACC7C384,0.16246392
CC_5F89DFA97B7C,0.48741528
CC_5F93A3E31DD6,0.66808134
CC_5F9A44423DD4,0.15094846
CC_5FAA7965BD71,0.1453654
CC_5FAFA265CA02,0.35756665
CC_5FBE1A34704F,0.1383727
CC_5FCAA919577A,0.23098645
CC_5FCD208ADD77,0.21937273
CC_5FECD2BB0094,0.093524374
CC_5FFDE52E6B7A,0.113555744
CC_6002BFD3F26A,0.17720419
CC_600311592F72,0.059685726
CC_600AE12112D6,0.24604003
CC_601C3178E38D,0.18505271
CC_6037EEA42F2C,0.42764163
CC_604C08F76272,0.6069499
CC_604C72AC662C,0.1394591
CC_60510AFA8A87,0.16909502
CC_605E2E26E52A,0.19593716
CC_605E3904CD8E,0.15542212
CC_60611B935106,0.15088783
CC_6061787228F8,0.1247398
CC_607270A72DFD,0.24218023
CC_60738E418DB3,0.13850217
CC_60961DF8A134,0.14485851
CC_609B7A7FA165,0.06536191
CC_60AC5C892D01,0.12751576
CC_60C09FF84412,0.1860044
CC_60C87349D73D,0.2905457
CC_60DA2FBF1FBF,0.113318235
CC_60DA539A39FD,0.17848936
CC_60E974A0B278,0.06425261
CC_60EF7D647EFC,0.04328759
CC_60F525A39898,0.040578343
CC_610009B69EBA,0.6605425
CC_610FDDF5FE54,0.11335378
CC_612C06CB5FF4,0.0902713
CC_61307D82CC26,0.6165185
CC_615030FD33CC,0.6840944
CC_61649241FE59,0.21090381
CC_6170051A606A,0.19937718
CC_6179A630658E,0.095485866
CC_617BD59427E7,0.1263148
CC_617EC8BD5153,0.1734594
CC_6191E14D21BE,0.061481956
CC_61A798B8D222,0.051069863
CC_61B4A983D1A1,0.088974796
CC_61C9732AA682,0.7442477
CC_61DC64E37471,0.05278846
CC_61EAF14033DB,0.11129969
CC_61F18E0C218F,0.047200195
CC_61F1A1263F5B,0.13077389
CC_6209EA426553,0.03778984
CC_622BD8CB3807,0.2536969
CC_6234A9617A7F,0.07975799
CC_623AC074EB25,0.16996266
CC_623FAACE8A80,0.060982853
CC_6244E2935407,0.2784679
CC_624535E11F69,0.06638244
CC_624EA2917CDD,0.6317972
CC_62565D08DDDD,0.7627237
CC_6268ACD3F95B,0.5240461
CC_626B61F4789A,0.62487525
CC_629193C2A090,0.24197257
CC_62933641AC43,0.29733232
CC_629480877536,0.37248388
CC_629CB045D9FE,0.09068878
CC_62A84BC400F0,0.3834012
CC_62C36DF81797,0.17384928
CC_62CC835CAE4A,0.6836767
CC_62D4192F126E,0.77380246
CC_62D7A3C9483D,0.061815742
CC_62DF1B99B4DA,0.09256375
CC_62ED7BA3E620,0.06224875
CC_62FC001AFC78,0.091481805
CC_630412B4AFDA,0.17676593
CC_630903AD39C1,0.038141012
CC_630938DCC1B5,0.053228803
CC_630ACED773E9,0.47026864
CC_631E1690D913,0.048320245
CC_633A7C7FC25F,0.26900876
CC_6342051D8FEA,0.26332217
CC_634CE4E8AE49,0.16520017
CC_6359692F5EF6,0.14700772
CC_637278423A6D,0.2417065
CC_6377AB848081,0.11588281
CC_6381A65E0A3D,0.0925746
CC_63871B4814E2,0.11502437
CC_638AD269F05C,0.03274194
CC_6391AE0FB83F,0.14592174
CC_639703EE2ABD,0.031705353
CC_639750C87A7A,0.73919547
CC_639B1DCECD2F,0.19306222
CC_63A869443AC0,0.4785183
CC_63CCEE26BCAE,0.06600375
CC_63D51CECB6D2,0.24294896
CC_63E53402FC02,0.03762595
CC_63FC6895901C,0.13100721
CC_63FC8A97D9C1,0.115483604
CC_64117B93EF73,0.35264874
CC_642D9C325F1D,0.3079133
CC_6436B950E22B,0.22109167
CC_6445BD3DDB6E,0.03926445
CC_645C15569E42,0.0783664
CC_646472AD66EF,0.09891893
CC_646B8254357E,0.1463301
CC_647F4BB4983D,0.6350805
CC_6489ECEEFD0E,0.09086488
CC_64946E57306A,0.051553328
CC_64976830B0B7,0.2868314
CC_64BA10F3FAA1,0.0900877
CC_64BA39A0DFC6,0.09366717
CC_64CF9A79EBFC,0.074718714
CC_64F0E0473D1E,0.094157994
CC_65006C2AB2D4,0.7621589
CC_6500BD19FA06,0.30110267
CC_6504DCAA90E1,0.08521006
CC_6509C7361994,0.1794205
CC_651486189673,0.10385487
CC_65194BAE506A,0.22217196
CC_652539353439,0.1699755
CC_653CE5FA5A76,0.25674972
CC_6560C2F4EDA4,0.17127389
CC_656137F98187,0.64942765
CC_6575B4B39113,0.036205396
CC_657F629D31E2,0.22892588
CC_6580B7583ADE,0.21444304
CC_658477BA75D6,0.0463791
CC_658B7867BE7C,0.099941395
CC_6593FE5349F2,0.073262386
CC_659EE0F05A75,0.3381991
CC_65A0D8134410,0.28205442
CC_65ADD5A19F64,0.09757965
CC_65C3F0F73BB1,0.08558215
CC_65C47521C285,0.042210888
CC_65C4EE0B737C,0.23645762
CC_65CB68404333,0.19517578
CC_65D6DFF1B766,0.10385553
CC_65F1545C35E1,0.1976711
CC_6602547E2FCF,0.21515
CC_6615D7044816,0.2372585
CC_66244D4B72EA,0.107170664
CC_662E5AAE07A8,0.051044073
CC_66322B339E84,0.06517967
CC_6634FD4B1CD5,0.7660682
CC_663DCEF4923E,0.18333885
CC_663FE5BF918D,0.45957795
CC_6645798E740D,0.09844767
CC_6649736C8321,0.77402365
CC_664E1026C4D9,0.29781684
CC_665603C4A33B,0.071988605
CC_665BDD9C8039,0.44899517
CC_665F2AD58363,0.1993431
CC_666767444BC3,0.22943284
CC_666C0A2A8674,0.06314042
CC_666F2BCDC7D7,0.19863252
CC_66775178B226,0.061126474
CC_667B6F8C846A,0.6080388
CC_667E909835A4,0.20903775
CC_66809C278FCC,0.1786115
CC_669CCC44CFCD,0.06062993
CC_66B0BD3F6516,0.3320784
CC_66BF02C05DD8,0.13847634
CC_66C491256BE4,0.07977545
CC_66CEFA65F912,0.33895838
CC_66E025DB3282,0.6002246
CC_66E7B423A32F,0.7164072
CC_66ED26E7BAD9,0.07514939
CC_66F7FF7735C3,0.22036542
CC_66FD0CE6D57B,0.04966826
CC_66FFFE05C2E8,0.07815969
CC_6700012A39B8,0.1239028
CC_670FC6A064F0,0.20806111
CC_672932B65802,0.08815782
CC_6742C6478F98,0.1840763
CC_6745321663BF,0.06014297
CC_67579CF57290,0.16836289
CC_675F7483FB90,0.18432362
CC_676ACFAA6131,0.64994
CC_676B423C495A,0.55243355
CC_6771C0D1CB1F,0.05087866
CC_677EE0369CA7,0.06995304
CC_677FE35855A9,0.1625789
CC_678091614A14,0.12819326
CC_678A43ED0803,0.6271609
CC_67955C210226,0.073096655
CC_6797E0B01112,0.28446564
CC_679D90941842,0.13436027
CC_67C05273700B,0.13728854
CC_67D5172B6450,0.16994204
CC_67E8CF412D93,0.109700516
CC_67F6576A6836,0.2236472
CC_67F985A00A12,0.06883761
CC_6801AD1D4478,0.0717313
CC_6803BFA94B17,0.06170757
CC_680B16E5E240,0.16171604
CC_680F2D0F4F6C,0.080300435
CC_68221E1393E1,0.1188666
CC_6822590B968C,0.21107265
CC_682D8EBCEE94,0.24106576
CC_68429B4AE401,0.40364432
CC_686B26BDD061,0.06520599
CC_687518442359,0.37995678
CC_6875DA61F422,0.23015441
CC_68A3D749608C,0.16443673
CC_68A9C3CE2557,0.102843
CC_68B9F8C6D9D6,0.6382686
CC_68BC65E3C84A,0.37200978
CC_68CC4D1D898F,0.079088114
CC_68D0ACBD2D0F,0.027816279
CC_68DA8D5488B3,0.083864756
CC_68E675A69AF3,0.19146442
CC_68FC9E6FA27E,0.19014838
CC_69322F7C4CE3,0.12185951
CC_693710EAD59A,0.23428853
CC_69387752F41F,0.49470618
CC_693B71DDFE67,0.14751689
CC_693D4AEDA3A2,0.12262604
CC_6952171BCD2D,0.12807274
CC_69547DEB412A,0.27151036
CC_695E80DBA42A,0.0791425
CC_69717E76CFAF,0.43855187
CC_69741BF89A2D,0.13395649
CC_69825C70EEE9,0.24333726
CC_6985C268DC74,0.44549516
CC_698886C4AD90,0.1440578
CC_6999901A6060,0.16143161
CC_699ABD34646F,0.07774358
CC_69A98DC7A907,0.06588382
CC_69AA6E0DDE10,0.19738923
CC_69AD5A48A78B,0.20491442
CC_69BA7BFF98E2,0.116823554
CC_69BBE365C097,0.052696094
CC_69CD95A00D9C,0.049347408
CC_69D328691680,0.06390989
CC_69D39C9F36F2,0.24643752
CC_69E09390CD64,0.092758276
CC_69FD49E90AC9,0.35670733
CC_6A099AFE73BC,0.16217595
CC_6A099E6C91BA,0.29963514
CC_6A19EB191A81,0.035706457
CC_6A39017046FE,0.09442028
CC_6A4A401F2920,0.3590265
CC_6A5261180031,0.064776696
CC_6A7432494840,0.17203397
CC_6A7963180D20,0.36435702
CC_6A7D7E5F814F,0.5555568
CC_6A8B8BBA749E,0.14133593
CC_6A8DFDB0621D,0.119308576
CC_6A93C436E2FF,0.11522654
CC_6A97F81D9A0A,0.14209113
CC_6A9D1622B4DE,0.27607694
CC_6AA6589445C1,0.6767324
CC_6AA7A87F59FD,0.13317549
CC_6AADD44C0B52,0.086162776
CC_6AB4A5EBA3F6,0.25784993
CC_6ABA7D0ABAC5,0.122493446
CC_6ACF1E52BE8E,0.12924512
CC_6AD3513459CB,0.11233282
CC_6AD4238EE77D,0.22266121
CC_6ADD0FE5DD74,0.6507351
CC_6AE2737BD3A8,0.087470226
CC_6AE48C1F2448,0.14406075
CC_6B00A666A420,0.679689
CC_6B07C3992304,0.079806946
CC_6B0A72BBD800,0.69339275
CC_6B12B975F2EC,0.42120755
CC_6B12C9507F32,0.19070081
CC_6B34719D93AC,0.5668289
CC_6B34740DD355,0.15708347
CC_6B41081727AD,0.21775809
CC_6B4902892E70,0.08565373
CC_6B5BC2D89077,0.75772756
CC_6B65242C2CCC,0.15424776
CC_6B823BACBE75,0.34704873
CC_6B83E1A959C2,0.30559766
CC_6B84FB3DE604,0.035091307
CC_6B8AABAA752E,0.1690724
CC_6B8AC0DEE990,0.41880044
CC_6BA45C072D40,0.15479232
CC_6BA72ECB5027,0.0966533
CC_6BB560F020BD,0.06140314
CC_6BDF0B68C126,0.030420087
CC_6BF0A9437728,0.121477045
CC_6BF3B9097199,0.14292294
CC_6BF7A1EF31B9,0.20788288
CC_6C29DF49246A,0.06472107
CC_6C3C86C2125E,0.08279439
CC_6C42FF6D7218,0.694743
CC_6C541A482CF2,0.23558116
CC_6C585A6BFE01,0.81388974
CC_6C5CE36700D0,0.24103062
CC_6C62C2094733,0.10854331
CC_6C66539A9D02,0.2780768
CC_6C684505E498,0.07421189
CC_6C6E40927C35,0.038934074
CC_6C7736F51C12,0.70228434
CC_6C781CEB6F52,0.10337743
CC_6C7E39BF4744,0.15178037
CC_6C9EE9BAECEE,0.08223251
CC_6CA0F076091A,0.09463073
CC_6CAD299645B0,0.15424152
CC_6CC3C50BA394,0.0989651
CC_6CC593C5385D,0.046726506
CC_6CDA4B24C602,0.2687319
CC_6CE31AFF7813,0.07455903
CC_6CECB68DE9C1,0.34280953
CC_6CECD3DBA212,0.15024547
CC_6CF17D012682,0.1665689
CC_6CFCDF903310,0.14225887
CC_6D08B5E62654,0.08531105
CC_6D0F60667273,0.31874707
CC_6D127EE83945,0.055350427
CC_6D134DB29068,0.32687598
CC_6D141A49D94E,0.566562
CC_6D148C0A624D,0.128563
CC_6D1EFDDE2EED,0.08006126
CC_6D22B938D7B9,0.07333759
CC_6D27409F4956,0.08493256
CC_6D2F0EBBCA4D,0.21459168
CC_6D43BE30E8B8,0.2615598
CC_6D4EDEAF67C7,0.1977741
CC_6D72571304DC,0.5168611
CC_6D7C62C7C161,0.060180582
CC_6D8A18C28AF0,0.08244965
CC_6D8B35007242,0.07931855
CC_6D93A9E49E3B,0.19674253
CC_6D9C644A082B,0.098837525
CC_6D9F52BD4D0E,0.08690474
CC_6DA058F9B631,0.26342157
CC_6DA1F8DF9CDC,0.30535537
CC_6DB000AEF16A,0.099195786
CC_6DB5025899E3,0.23057753
CC_6DD6FA2FA0C6,0.09547371
CC_6DE4E4C1A31D,0.18278614
CC_6E09CBC15C94,0.49203312
CC_6E353816938F,0.056123577
CC_6E3AB992A5C9,0.18675163
CC_6E420A2FE490,0.13425165
CC_6E46D01888D5,0.1552776
CC_6E4702162475,0.06321759
CC_6E548AF15091,0.23189528
CC_6E5C9A2DA27E,0.053609896
CC_6E610F3976CB,0.19901597
CC_6E614FF9BE02,0.6445143
CC_6E68D46447E2,0.10556631
CC_6E712C21215D,0.039248902
CC_6E84DED41B8B,0.15343969
CC_6E8557E30DC9,0.6164415
CC_6E8963475D35,0.17484206
CC_6E9880CA0BF9,0.31099814
CC_6E9FCD68ED52,0.70318496
CC_6EB194A93F60,0.13440381
CC_6EB370F511F7,0.06621297
CC_6EC722B2BC2F,0.14847945
CC_6ED1B0EE4B6C,0.21555613
CC_6ED65E7CABA2,0.10868769
CC_6EDA84B653B8,0.3302672
CC_6EEE8E7C1D1C,0.18003091
CC_6EF17801ADD6,0.14007875
CC_6EF337CC4BA9,0.26646775
CC_6EF464EC9FCF,0.12393112
CC_6EF6B8AE7DCD,0.052834738
CC_6EF8C59D8395,0.80665356
CC_6F2146FE362E,0.06207667
CC_6F2408B665A6,0.37801215
CC_6F2B8E925D59,0.026591137
CC_6F3034E96848,0.120657176
CC_6F3559ACC2F5,0.046021704
CC_6F46C5897DA8,0.43583924
CC_6F49ECAE902C,0.077312656
CC_6F4B818665D3,0.116762444
CC_6F4E696A1F88,0.19718409
CC_6F54BD66C0EA,0.15894966
CC_6F786C433998,0.0907088
CC_6F78BF56B0C0,0.102240525
CC_6F8346F138C1,0.4779091
CC_6F86CFDB23D6,0.062830344
CC_6F8E30AE9457,0.18199857
CC_6FC25B27AC26,0.09276717
CC_6FC8BE007FE9,0.13782826
CC_6FC8DA40122A,0.17325167
CC_6FD8BAB1DA3E,0.06721008
CC_6FE4FD09A9D8,0.072702676
CC_6FE78CB02174,0.035760466
CC_6FEB8EDBF2A4,0.17898354
CC_6FFCF2DAD0A4,0.08974636
CC_7002034B0979,0.10097775
CC_7006523D45E4,0.10328783
CC_70097151A773,0.056726206
CC_7011BC95A91B,0.038009237
CC_7020F3C11A3F,0.15327086
CC_70306409A3E8,0.31113458
CC_706B18DA7204,0.122044094
CC_70703A59C070,0.18405353
CC_70749DDFF595,0.14409557
CC_7079CE5127A3,0.039159253
CC_7087A46F0AB7,0.083189666
CC_708B73EBD939,0.17966926
CC_709315667BCA,0.085391715
CC_709970475B6D,0.62235904
CC_70A56ADAC199,0.053141244
CC_70ABB244502D,0.052103456
CC_70B0176647CE,0.14329521
CC_70D3353DA1C3,0.073910646
CC_70D652DF4E91,0.13621344
CC_70E3121BFDC4,0.09304002
CC_70E5FB8B072D,0.06744315
CC_70EFECA3FAEB,0.1850886
CC_70F59DA18BCA,0.46644685
CC_7100129A0AFF,0.10269332
CC_7113554E33B9,0.07416982
CC_71260405461D,0.05969543
CC_712677251322,0.19140494
CC_712D31B2785D,0.07227156
CC_713052DB1E2E,0.058863577
CC_7139C2D6F1AC,0.09484709
CC_71427FC8FA49,0.24551749
CC_714912E93A71,0.12281941
CC_717A5C2ED311,0.26334158
CC_717C94F5C8F1,0.08437155
CC_718F067F4DA0,0.049804647
CC_719E714DD38C,0.06771218
CC_71B169C874D0,0.16156448
CC_71BB5070615C,0.12272674
CC_71D37D6D19C6,0.20383933
CC_71DC80205F42,0.14233413
CC_71DEB636B8CD,0.6459532
CC_71E4CBAA1211,0.12390201
CC_71E787049755,0.103132084
CC_71F1EF5575AC,0.09108919
CC_7201DD8EB33B,0.19713722
CC_7202C8CE2317,0.32218537
CC_720B06583C57,0.0380089
CC_721DEC038BAF,0.07237491
CC_72219BCC83E3,0.1688714
CC_7223DABA7E98,0.08466962
CC_7233459FF7B8,0.26659036
CC_7238A8A6767A,0.14685105
CC_724559551664,0.70504814
CC_7248EB4B76CF,0.06267729
CC_7259B5314D92,0.086921364
CC_725CA03102FE,0.046586346
CC_726E05E5A555,0.11035119
CC_7276AEED6D4A,0.07039497
CC_72A18E8D6670,0.05087266
CC_72CDBC38202A,0.46577594
CC_72D8B2ABA2D1,0.7850806
CC_72E4590D362B,0.40085465
CC_72E8542AE4BA,0.053068712
CC_73010B6E55DD,0.59172416
CC_7309A4693D52,0.15753146
CC_730C2A3FF1BF,0.1606877
CC_731C1BCED024,0.58329904
CC_732C325832D8,0.1336732
CC_732DFCAA0A75,0.19215326
CC_73322A6A24B1,0.78278595
CC_7336B19A18AB,0.19674727
CC_733AF1D123B8,0.34707987
CC_7344A0E90AFC,0.15392387
CC_7348C2B475B7,0.11627473
CC_735E1A78B058,0.08211049
CC_735ED2A02DC4,0.14007139
CC_736015DE4E3D,0.36309332
CC_736A42761E55,0.09971075
CC_736C0436B98D,0.19105387
CC_7379212919FD,0.07976656
CC_73859CD59E75,0.54284835
CC_738B201B1CF9,0.132197
CC_738DCB11942F,0.06174898
CC_739198ACE582,0.13647863
CC_739D093D7B69,0.094474256
CC_73A7FC903662,0.17003721
CC_73A8927DCEB9,0.09841517
CC_73B575BBBBE3,0.119059004
CC_73B6B9AD2002,0.052444763
CC_73C28D72A5A3,0.52318865
CC_73C38DBDF9A7,0.09279169
CC_73D44BEF6754,0.37552997
CC_73D4C1D7C022,0.07586562
CC_73EF383F3C2E,0.1626018
CC_73F34B1607C1,0.06276825
CC_74137206902D,0.10493438
CC_74198E5EC366,0.06406268
CC_744FB5804A8C,0.62774414
CC_7451E64B6D47,0.20111938
CC_745A64878AF1,0.11694835
CC_746B196CECA1,0.17283921
CC_746C06898D5B,0.6052419
CC_746DE1EED0DD,0.17693444
CC_7476938CF6A0,0.5167447
CC_747CFDB7E305,0.08289629
CC_74845374E870,0.7467804
CC_74AD8D3B192C,0.68385404
CC_74B90A15B270,0.103917345
CC_74BA5D46E909,0.69314843
CC_74BE0AD5E21D,0.17533886
CC_74C33B66F002,0.18278317
CC_74C9C3F17421,0.0735507
CC_74E4BD5C07D2,0.06573983
CC_750D90249EFD,0.10853472
CC_750DA21B7EDD,0.32440013
CC_750E6537383A,0.3118828
CC_75137D6F9DCB,0.09142034
CC_75173A8A11D1,0.3340177
CC_751DDC1FC2AD,0.118840545
CC_75357E0206F5,0.09325148
CC_753D160E3A58,0.11578479
CC_754447632F75,0.044316188
CC_7549363C5D36,0.07644134
CC_754F3894627C,0.09306813
CC_7562CD43897F,0.14325415
CC_756A077EC614,0.3969986
CC_756D3492443F,0.28307202
CC_75783B3E6C6E,0.04314089
CC_7598068A716C,0.050101027
CC_75A37D8C1F6C,0.5882576
CC_75ABDDA24C26,0.10677174
CC_75B287424E59,0.3617941
CC_75B2B88876B6,0.114915624
CC_75B324FCDD4A,0.23298039
CC_75C1466E61E2,0.2509335
CC_75CCCD9D4568,0.101096965
CC_75D2DAF4491C,0.36416426
CC_75D54090AAD4,0.11512894
CC_75F1927E5941,0.66969264
CC_75F99AD6844A,0.32143572
CC_75FBA505C727,0.28633183
CC_7615CC930B76,0.12780069
CC_76168488EBB0,0.51850826
CC_76197A77D666,0.03663683
CC_761F48F8E962,0.19404697
CC_764C6ADC6D1A,0.10062982
CC_7658A6B0910B,0.05629709
CC_766347951B7B,0.54335773
CC_76857712D8F5,0.27932027
CC_76A0DF2549B7,0.103030905
CC_76A636414AEB,0.2702655
CC_76B01540CDD1,0.18125047
CC_76B420FC66EB,0.11496558
CC_76B6BCD2EBAF,0.060310572
CC_76B7A0029620,0.11111846
CC_76BA435EF2AC,0.13414225
CC_76BCC1AFDA4D,0.08348821
CC_76C35913E797,0.18396026
CC_76DE3DF1DEE3,0.18956397
CC_76DFA4CD068B,0.103862986
CC_76DFE3568C72,0.2922055
CC_76E201F1E036,0.34021163
CC_76E83166FE0A,0.14271496
CC_76FD9E9D9ED0,0.12888095
CC_7720BBD06736,0.32096943
CC_77340228F356,0.6840051
CC_773CBBCBAFFE,0.11130619
CC_773E9B092923,0.10040739
CC_773F22C3E42F,0.048896827
CC_774ED295BF96,0.15578474
CC_7751ED6DF76C,0.06957091
CC_77571749B970,0.14018218
CC_776F8B3BAC08,0.1457462
CC_777889F9694E,0.045620758
CC_777D08513AE8,0.08031061
CC_777E3D988EFD,0.26357123
CC_7795BEDE05E8,0.25671926
CC_77A9EA3A6784,0.10651825
CC_77B1AB7960A9,0.19824125
CC_77B6EA810549,0.31233612
CC_77B9889C9BFD,0.23794845
CC_77BC55DC92B6,0.13473463
CC_77D1DFCB0A8B,0.04987223
CC_77D9AC43DFE1,0.2054768
CC_77E6EF1CF2F7,0.117662795
CC_77FFA8E6B36D,0.12797178
CC_7801661A9DC2,0.16442175
CC_78069B1BD931,0.13220051
CC_780828B48716,0.0911563
CC_782130B98F34,0.09247947
CC_78273789B3C5,0.7315036
CC_78296783E4EA,0.16614857
CC_782B06291D87,0.06674527
CC_783A2D4C89F9,0.38145658
CC_784407E16923,0.083520256
CC_78491B6255F2,0.37981576
CC_784F17AC712F,0.05864524
CC_7852FC3BBADB,0.092008814
CC_7866E4CE528E,0.7541642
CC_7867E7C01013,0.19596869
CC_7869F609EC2E,0.22983281
CC_7874F14ABD7F,0.16565017
CC_78774E05FF12,0.15541093
CC_78815A352067,0.09809809
CC_788FF4549766,0.27701947
CC_789977501322,0.108248964
CC_789B2BA880E7,0.041443337
CC_789D87F51AA1,0.058792453
CC_789DC3C358CB,0.21241465
CC_78A036DF6320,0.70922846
CC_78A3EA63B7EF,0.045755826
CC_78BF1B8FC1CA,0.13986772
CC_78C96E7015BA,0.6768134
CC_78CC84FA2CE2,0.15773465
CC_78F0087076CF,0.19205518
CC_78FAA95F5B5F,0.09944299
CC_79033EFDE096,0.13324277
CC_79086C18A963,0.11455695
CC_790DA2ED9F5B,0.11624365
CC_7928811F7D86,0.10408595
CC_79345478FCE5,0.20862277
CC_7936C8D65B95,0.12931336
CC_7948C5509411,0.5467375
CC_794ADB0677CD,0.1365012
CC_794FF8E7F876,0.046164043
CC_79500EA652BC,0.60410476
CC_795083A66DB5,0.04667817
CC_7950D4B773CF,0.14299226
CC_7955AEB49759,0.1429536
CC_7964F862DFA3,0.39768684
CC_797A700CF967,0.50910693
CC_798180DDF677,0.3623185
CC_7981ABA9C370,0.115785606
CC_798B2DC03C5A,0.07573567
CC_79BD986C23CA,0.060287282
CC_79C6BA680815,0.53143907
CC_79D694E6F5AF,0.23387536
CC_79ED9A0F6E49,0.46182704
CC_79FA2512E5A2,0.18225808
CC_7A0024F6FA60,0.19806631
CC_7A193A453F27,0.039368745
CC_7A1F071DC5D4,0.38161188
CC_7A5D96BC99AA,0.7240431
CC_7A6B51562949,0.16372764
CC_7A6D7F9654DD,0.39258504
CC_7A778E010F33,0.25955254
CC_7A7FB841B669,0.55053186
CC_7A91013D31E1,0.13045676
CC_7A9117596769,0.07137134
CC_7AAF340DCE8F,0.220164
CC_7AB146267981,0.2342301
CC_7AB2A9CC8424,0.2851723
CC_7AC1DF18CBA4,0.28813833
CC_7AC4240DD225,0.3164078
CC_7ACB325BD924,0.16432698
CC_7ACB88002397,0.47020042
CC_7ACD4F370AED,0.20718542
CC_7AD4072A9F82,0.05024464
CC_7ADEECDE4D73,0.21895342
CC_7AEB48D8C5E0,0.08172
CC_7AFA5CD2B29E,0.09739775
CC_7B092786DDB0,0.053087812
CC_7B1B35D5628E,0.053138945
CC_7B210557F04A,0.097696126
CC_7B369A7C1D3F,0.14359379
CC_7B4002591821,0.70266014
CC_7B42BD80D79A,0.19889198
CC_7B44FDF08B93,0.12262816
CC_7B501C32CAE5,0.084841676
CC_7B88520D4FA2,0.37437758
CC_7B8ABE6E552B,0.1881949
CC_7B8D2E07908E,0.3728388
CC_7BA150468D19,0.61821824
CC_7BB159FCEB53,0.17074701
CC_7BDD72710831,0.06913752
CC_7BE02C65B967,0.15744281
CC_7BE382988C1C,0.6186905
CC_7BE6110DBAA1,0.33757007
CC_7C0B14BB0573,0.14994071
CC_7C0CF5558904,0.7063679
CC_7C13E7F561DA,0.6880544
CC_7C46F7F667F3,0.11256685
CC_7C510CE0521B,0.08715128
CC_7C61B5D39E49,0.46792713
CC_7C6770DDA182,0.12213106
CC_7C6DBF78A610,0.10328443
CC_7C7B0438E3AB,0.20328419
CC_7C87DFBC3176,0.10260046
CC_7C9528E94215,0.27096194
CC_7C9ADE65CF81,0.09866048
CC_7CB6CD1B9DD0,0.060492553
CC_7CB7C7E55BE6,0.15116972
CC_7CCC3A690325,0.15754753
CC_7CE5689488DB,0.059755623
CC_7CEB758A9814,0.04847959
CC_7CF7443D923A,0.061239813
CC_7D0D597690BF,0.11811604
CC_7D0EA0307817,0.04718047
CC_7D12E6FF25C3,0.12999396
CC_7D28D39AED1F,0.6627813
CC_7D2D19D832FF,0.06313751
CC_7D34A67E1369,0.059025474
CC_7D4388B41EB9,0.16141362
CC_7D46FE573D79,0.07387908
CC_7D7810799F2E,0.05557972
CC_7D79241150C8,0.12072685
CC_7D7B92EF2655,0.13524328
CC_7D8C2495C1F7,0.071681954
CC_7DA4F1BA24A1,0.64301026
CC_7DAF18939084,0.07067108
CC_7DB8BA427410,0.047804534
CC_7DC9456F1161,0.038043868
CC_7DD2CBE0F0BC,0.23918559
CC_7DD495158BFD,0.6423546
CC_7DD5411F7A14,0.32031715
CC_7DF099A7A092,0.2377455
CC_7DF27D2AC111,0.058475632
CC_7E0CA072EF93,0.06620604
CC_7E0DA100F5F2,0.17339566
CC_7E1086EFDED5,0.048517924
CC_7E12E0F3CF6D,0.118417576
CC_7E178CE78FB8,0.076440245
CC_7E1C1A6D0E9A,0.15377784
CC_7E2A76850DF6,0.78218544
CC_7E3ACB15C69D,0.10114148
CC_7E3F3373A73D,0.70105207
CC_7E42A3D0737F,0.10903614
CC_7E4679C534D7,0.23354408
CC_7E53FEEB19B1,0.2648218
CC_7E71CE7FC603,0.22627343
CC_7E8333DBAEB4,0.34328502
CC_7E843438DE4A,0.0537231
CC_7E8E4747C0D0,0.6467194
CC_7E952828C1B5,0.10154556
CC_7EA6431FE6F5,0.122574896
CC_7EA7BA7621C3,0.24810404
CC_7EA8F24B3010,0.10443568
CC_7EAB28B0309C,0.06601028
CC_7EB4A5BDA97E,0.075756006
CC_7EB4B0A36534,0.08100274
CC_7EB791F4AB2E,0.11856234
CC_7EB883C9D5F9,0.047221795
CC_7EC59C577F02,0.05898717
CC_7ED2683D26DD,0.119430445
CC_7EDB3440E0AB,0.6089427
CC_7EE12013C7DF,0.14833997
CC_7EF824CC0D3C,0.13552299
CC_7F09C6F6321D,0.72875035
CC_7F1AD40DA179,0.17212895
CC_7F1D38A39164,0.07879106
CC_7F22B7D326CC,0.19539209
CC_7F2614F1AAAE,0.21967337
CC_7F2CDC7C1634,0.05210076
CC_7F2D46DF9BC7,0.15731086
CC_7F57A90B69E0,0.26092628
CC_7F633226A676,0.29656634
CC_7F753D809267,0.6893174
CC_7F7EBF25AED7,0.03994772
CC_7F8496CC5779,0.044332266
CC_7F88D9C5D258,0.093230575
CC_7F8AB4DCA794,0.13090853
CC_7F8CC9509418,0.27234742
CC_7F9069571F79,0.28032973
CC_7F9AD27E079E,0.17198429
CC_7FA281AC1C7A,0.092084035
CC_7FA389E90548,0.0708516
CC_7FBF4A48AF55,0.06950507
CC_7FC40175A8E1,0.23706298
CC_7FD58EE7029D,0.090694465
CC_7FD7F635C341,0.056959007
CC_7FDD458DA059,0.2219208
CC_7FE85C259E03,0.080077805
CC_7FE8CD30D7E0,0.11238316
CC_7FFA32DE7B04,0.15044907
CC_8014F1E2C5BF,0.043927632
CC_8015895C1C29,0.19529328
CC_802BA7E39A13,0.06823724
CC_80300D23C3FE,0.40382928
CC_80465303B6E2,0.20230314
CC_805ADFD46B84,0.056282066
CC_8060F40D9522,0.17911837
CC_80621E822131,0.061993226
CC_806654B580B5,0.36963472
CC_806CFD6A52BA,0.045149148
CC_807935BBEB7F,0.06265604
CC_807C57E626E4,0.07735894
CC_807C91C98684,0.030225823
CC_8096B589BB07,0.14960212
CC_809D60155E9D,0.057371352
CC_80A2189E5125,0.50766766
CC_80AF87F62770,0.16686298
CC_80C03DF9CC57,0.18344381
CC_80D9B6563750,0.58262694
CC_80E9638ABD4B,0.05896048
CC_80F7171B71CF,0.09626013
CC_80F9983BC18B,0.054129574
CC_811109A98EFF,0.11870372
CC_8129480B056D,0.31301773
CC_8134E5DA9FEB,0.61056465
CC_8140399AD344,0.09430915
CC_8140E278B6A0,0.24030866
CC_814E0F756757,0.41915712
CC_815FAAABFC91,0.17497732
CC_816B28807CED,0.08013443
CC_81821F9F2307,0.5064595
CC_8186D7991EB8,0.053097352
CC_819E203180C8,0.78428155
CC_81A5E3141BDA,0.5328369
CC_81B5CED8EE79,0.14369573
CC_81B91198E00D,0.73055434
CC_81BADC379C8B,0.17533481
CC_81BF8EA390F7,0.06471316
CC_81C5FC962C72,0.085540235
CC_81DDBFAF1CB6,0.056469463
CC_81DE637E6138,0.04023966
CC_81F389DEC9C5,0.079347335
CC_81F647806849,0.16154924
CC_820D491B2903,0.7873741
CC_82172863AA45,0.35058764
CC_82195FBE9366,0.06247395
CC_821F503DA953,0.106399134
CC_8221AF9B0B93,0.74568194
CC_8222D1C47857,0.06830929
CC_824BB6CD2B25,0.08563689
CC_825192411933,0.09177743
CC_8270E213EDF5,0.20709911
CC_82839CC161E8,0.0679235
CC_828A0B6D7291,0.15842499
CC_828EDE22A438,0.04017259
CC_82928B5ABD45,0.32218537
CC_82A7FE954659,0.17542872
CC_82ABE1FFFA1F,0.13667816
CC_82BDFA01C41F,0.12658322
CC_82C20057CB4A,0.083564974
CC_82E52529A567,0.18226784
CC_82EFBFCF68AB,0.13791223
CC_83092F58B321,0.13682708
CC_83098B4BBD4A,0.1410896
CC_831F9E623C5F,0.19500001
CC_8326C8A3D569,0.1090956
CC_832730F42A18,0.119045004
CC_832A44C3F2A0,0.066496275
CC_832EBAE498AE,0.5592602
CC_833B196A70F3,0.7107887
CC_833E14DFF4C6,0.14010094
CC_834092035687,0.3239003
CC_8351244DE3CB,0.07112062
CC_835B90025058,0.06931402
CC_836534CEDFD3,0.16817847
CC_837ADC1EA55A,0.2126732
CC_83884D799788,0.18556936
CC_83947255841B,0.115322694
CC_83A5A3022ADF,0.7860463
CC_83ABA98906DE,0.09807959
CC_83C75D07414A,0.41372514
CC_83CBA767432F,0.7113968
CC_83D342F53F36,0.12943071
CC_83D5CA2A23C2,0.037267886
CC_83E002D6D82D,0.17818762
CC_83FE1BCC83E6,0.3050092
CC_840E5B830DB4,0.0576394
CC_842525788FC1,0.1692366
CC_843076C8EB9E,0.29293028
CC_8442C97EE91A,0.12804285
CC_844C3C30ED67,0.09371386
CC_844E345D2636,0.20332538
CC_844F26E92B12,0.18695055
CC_845032D8A261,0.29430047
CC_845223F606E2,0.35636342
CC_846F5B19B110,0.37819892
CC_84797EA9ABF9,0.21620984
CC_848D59D48081,0.19935516
CC_84AB057BFCCA,0.056342952
CC_84B0BA112537,0.07652618
CC_84B8FCEDADD5,0.08041888
CC_84C61A6BE99D,0.12280343
CC_84CDF830F68F,0.07718828
CC_84D5B88572DC,0.21125793
CC_84FABECED186,0.12833841
CC_8503F43FB29C,0.1699141
CC_850ACB004EE2,0.108978935
CC_850B114489CE,0.09151514
CC_850CC17BB13B,0.09160232
CC_8518C159BDE6,0.13396555
CC_85299261146C,0.074475996
CC_853986C52A17,0.047158588
CC_853ABBECF2E1,0.8022956
CC_853BF4485D85,0.17567304
CC_853EED03843B,0.06721867
CC_853FD1B551B1,0.16611949
CC_854AAA98CC0C,0.79204535
CC_854F8AB5F1FE,0.04021967
CC_855E2A785BAA,0.112426996
CC_85614CA68432,0.048783
CC_856B92B23BB5,0.7850085
CC_856DF4A30E13,0.7127476
CC_858704DBD5A6,0.049033422
CC_859EF0AAA74A,0.045014977
CC_859FB710961E,0.14898059
CC_85A0EB3C9884,0.58893156
CC_85C887BB996A,0.07552363
CC_85D9A6C9CA60,0.14008307
CC_85DAF10E61A1,0.5262099
CC_85DEF8ECB524,0.13564335
CC_85E2E0B8B15F,0.7179567
CC_85F018DC47FC,0.27716792
CC_85F376B33951,0.16051832
CC_85F745E1D307,0.1277607
CC_85FAFB430486,0.23869883
CC_860D4B868C17,0.030043814
CC_8614E30C9FCE,0.4072789
CC_861F5DC22035,0.056513
CC_8624ABB391B1,0.17582569
CC_862BAB422756,0.32298014
CC_8642F98E5504,0.22145572
CC_8655B8862C81,0.15597634
CC_865FCEE75A8E,0.025866235
CC_867372811CCD,0.4180749
CC_867695B5C296,0.5630773
CC_8682B1F914ED,0.15556465
CC_8691DF144B92,0.46954146
CC_86AD259FA5B1,0.1216842
CC_86AEC21936BB,0.74200773
CC_86B1D15F8424,0.060755182
CC_86C2A6EC5712,0.705584
CC_86CF816B494B,0.096764855
CC_86D4D58B1D0C,0.13504066
CC_86E2C4E17CB6,0.048790656
CC_86E9E191E3CA,0.38849437
CC_87000C16C856,0.08489314
CC_8703DD5FA02C,0.19201733
CC_87065B1F429D,0.102621384
CC_87434BBA1CE7,0.047900315
CC_87450EA8CD55,0.5841212
CC_87480F785786,0.058176763
CC_8777EA6EBFD4,0.048424102
CC_877A35E76904,0.08195666
CC_877B37D01563,0.1280758
CC_879759A5EFB8,0.37993702
CC_8798AF2651BC,0.100086436
CC_879989FB3B92,0.5768654
CC_87A3BECEE5A4,0.13262877
CC_87B7CDF4BDDE,0.033236697
CC_87C13E620006,0.26035064
CC_87E3AFB080F8,0.11178177
CC_880044F77ACC,0.12176581
CC_8809BCAC74A9,0.052961107
CC_880E0019DB5D,0.040639054
CC_880F027D886E,0.111405976
CC_8812BC579F7D,0.0732003
CC_88225FE57D82,0.27274096
CC_88315318E9DA,0.3356405
CC_883864E584A8,0.077879325
CC_88469BAD58C4,0.054533657
CC_8854EE679596,0.0849988
CC_886273CC4072,0.07841422
CC_8866B6D4524F,0.27633688
CC_88A943606806,0.31833842
CC_88E916A3F984,0.82433325
CC_88FDC55C31A4,0.11800942
CC_890D5EE59076,0.03258017
CC_890F721517F2,0.08815022
CC_89129D16418A,0.31954908
CC_8917F02F9326,0.14315988
CC_8920B6584A43,0.082052164
CC_8929DF270419,0.71653974
CC_892B119F0E5C,0.15960526
CC_89302456B9D5,0.6816513
CC_893FAA6D1F04,0.7355797
CC_895AF697BFBB,0.25722963
CC_8961FF892F79,0.03174257
CC_897674493060,0.07335101
CC_898AFCD28B03,0.12361181
CC_898CC919D10F,0.17557442
CC_89A711195EEB,0.13103284
CC_89B4DF07DF12,0.08015398
CC_89B941079E10,0.105859965
CC_89B97E9FF67A,0.107683785
CC_89C5162E8055,0.20680949
CC_89CA0F1E2DBF,0.2520523
CC_89DEE29A78AA,0.11065778
CC_89E089707730,0.11994827
CC_89F0B865A6D4,0.14001219
CC_8A04C5D4D02D,0.06859033
CC_8A081AA1FB92,0.36163992
CC_8A0C640E7A89,0.5568666
CC_8A12B68246A6,0.047573082
CC_8A14A46B280C,0.17003852
CC_8A165A18560F,0.28426442
CC_8A19196788FA,0.06612552
CC_8A25FA445037,0.118478395
CC_8A29EA87B295,0.1354755
CC_8A2AC87CB22A,0.059308436
CC_8A34634E7423,0.5810946
CC_8A38BC1AFE57,0.06042114
CC_8A4CAF0CD0F3,0.08839011
CC_8A5A0429CAB0,0.12315242
CC_8A6E60FAE870,0.08232422
CC_8A7DA054E397,0.6822454
CC_8A7F5FF4B421,0.24200098
CC_8A8249A44847,0.16171196
CC_8A8BCE16DF45,0.09272877
CC_8A8EC764734B,0.07998768
CC_8AB553BFA00A,0.103846654
CC_8AB57DC077EE,0.6550501
CC_8ABA5808D313,0.06236039
CC_8ABDD9A05C87,0.39837992
CC_8AC7520DBCCF,0.1638565
CC_8AC7F8BABF28,0.0746994
CC_8AD67FB3A5CC,0.77672684
CC_8ADDCF5EDCC1,0.104318805
CC_8AF1C3A0799E,0.71110976
CC_8B388FAED0B6,0.11291114
CC_8B46CA903D09,0.029701421
CC_8B5819403FC8,0.683617
CC_8B581B8207A9,0.13112003
CC_8B6DBEF19F46,0.152032
CC_8B8326C4C229,0.10950046
CC_8B850FDCFC83,0.07606899
CC_8B8F41F19B72,0.070504755
CC_8BAF98C60957,0.1440669
CC_8BB0824B181E,0.05420053
CC_8BB963DAD9E2,0.17738569
CC_8BBF5F939D7C,0.14129873
CC_8BCBDCF4DFF1,0.13310713
CC_8BCE343561CB,0.78008986
CC_8BDA87361657,0.07719642
CC_8BE68A4DB87C,0.071415894
CC_8BE9BBD879A5,0.04783129
CC_8BED85B91011,0.3952305
CC_8BF68E552DA2,0.20535667
CC_8BF832E6464E,0.8124881
CC_8C1561920E84,0.19355078
CC_8C2A7D9A667A,0.19233426
CC_8C3A5DFE70B9,0.16662765
CC_8C534CCBDA4C,0.20571476
CC_8C6472A3EEAB,0.058648154
CC_8C6B4854D16C,0.22964323
CC_8C76DE4F58D4,0.06037049
CC_8C7DA3F4F88F,0.079268895
CC_8C8527DE7DD7,0.08811266
CC_8C9416612FDE,0.36296633
CC_8C9973F02AD6,0.41303146
CC_8CA1DB61A2AC,0.062061533
CC_8CA59CAE22F6,0.16484448
CC_8CAFD04A6EDD,0.10175989
CC_8CCCC389913B,0.66535074
CC_8CCEF12DC7B9,0.1813767
CC_8CDCD714BD1F,0.7657277
CC_8CEC7987D1B1,0.08462146
CC_8CF621ADAC0A,0.19961958
CC_8CF8FE2A4B82,0.3937725
CC_8D048396D9D5,0.111041926
CC_8D1089C58563,0.49285895
CC_8D35A37FC4B1,0.13600744
CC_8D41E12FE5B6,0.17068803
CC_8D4A859839EF,0.14699769
CC_8D4AD431C55F,0.07527328
CC_8D4D882CA579,0.12624091
CC_8D6151025078,0.08926678
CC_8D637233FE54,0.15380938
CC_8D6AEBA2D7EC,0.07954184
CC_8D6E16DED971,0.18387914
CC_8D7329F79BBD,0.5559283
CC_8D7B7307C43F,0.10468556
CC_8D7B9D4936EC,0.7247939
CC_8D80B1B44AE1,0.44536337
CC_8D9516D61143,0.4374024
CC_8DBB8445786A,0.10402034
CC_8DC5B86D9DCC,0.73857987
CC_8DC6465998DD,0.20739077
CC_8DDD0EDA9CB2,0.1418456
CC_8DDEF0265CB4,0.06139868
CC_8DE06BEB95A1,0.083820395
CC_8DEBB5B14A14,0.14472158
CC_8DF5BE7F759C,0.066516325
CC_8E0ADCC71F85,0.04936626
CC_8E0BD86F6F0E,0.10888039
CC_8E143BFCF3E5,0.11175565
CC_8E170A60D71C,0.35608822
CC_8E1C3A21FAEE,0.097893864
CC_8E408E18F060,0.11915349
CC_8E42FB163DA5,0.827819
CC_8E47536D29BE,0.3030258
CC_8E50AFFC5BBD,0.04942631
CC_8E5FB1035354,0.15934528
CC_8E7B9B8DD1A3,0.10367598
CC_8E85B08196AF,0.04142578
CC_8E96FC75AE5A,0.0828763
CC_8ECAB5A6C7B9,0.07812113
CC_8ECC4C7A6638,0.54093003
CC_8ED6F13C35F5,0.1661879
CC_8EE5E9467038,0.15276462
CC_8F037E5AE692,0.05383582
CC_8F1A418D96B3,0.22898658
CC_8F1C4014F91A,0.11359918
CC_8F30A5FC9D49,0.08748305
CC_8F3456F298F7,0.21980555
CC_8F393D485C29,0.10747535
CC_8F4A41130110,0.049032774
CC_8F7AA6E4D486,0.11257209
CC_8F887BE25314,0.12915382
CC_8F90CD1A5E00,0.14253885
CC_8F9B26042C4A,0.10537007
CC_8FA9423E65C6,0.09997905
CC_8FBA6C32E0A5,0.30685467
CC_8FC1C50C41E7,0.08269498
CC_8FD005425792,0.059678305
CC_8FD6A223135B,0.15435615
CC_9002450E1B5A,0.05199327
CC_901CE62199C7,0.36811548
CC_901D2136E1F9,0.13392527
CC_902648F62345,0.162584
CC_902BF0612E70,0.113811575
CC_9036F7423277,0.1567467
CC_903AD2767BAE,0.7398476
CC_903E4BA690FA,0.27316502
CC_904386E31210,0.057154823
CC_904EA6C846F8,0.41879183
CC_90549DD3CC39,0.13664487
CC_905739E5494F,0.0870633
CC_906F852C69D6,0.65315855
CC_907911F4930A,0.28753117
CC_90798A7273BD,0.14911482
CC_907F3A8AFCFB,0.096521676
CC_907FA7722881,0.11064026
CC_90812D9F30FE,0.0975504
CC_90870A89F310,0.045971364
CC_90894CA021C3,0.6605793
CC_9092C5EBF5F6,0.050945416
CC_90A10D649D9C,0.6366046
CC_90BF8E127519,0.6244769
CC_90DBB385A7F3,0.7325427
CC_90EAD308012B,0.32249802
CC_90F4BF0B868D,0.17362896
CC_90FA39516EAF,0.07383056
CC_9117894F31C2,0.24167648
CC_911ED63BB556,0.325863
CC_912730AE6E8F,0.2778002
CC_912CA7EE4C26,0.10192727
CC_912DA46AAED2,0.104362585
CC_9132E67EA479,0.14969671
CC_913D95FB31E0,0.18221381
CC_91529F20D461,0.78874475
CC_91586318C780,0.046143387
CC_915F2708219D,0.18222664
CC_916CCF9CBC08,0.027294783
CC_916CF77A29CC,0.09202374
CC_9189E4FF82C5,0.15752372
CC_91A27CB6139A,0.16580783
CC_91B7A4A15A37,0.65515864
CC_91C2077BA6D7,0.07385139
CC_91C4CC43EEE5,0.1692676
CC_91C55BE33AC7,0.05807141
CC_91C81BC58B49,0.07097098
CC_91DE12EE18A7,0.36486176
CC_91DED13CDCD9,0.12781677
CC_91EF639761F8,0.11121444
CC_91F23A7E743A,0.41654277
CC_91F4C5E889C7,0.7402397
CC_920E91EB28A7,0.15417105
CC_921481F5F77E,0.09928529
CC_92221DB27176,0.1969434
CC_9224D5677C66,0.1196547
CC_9230B9656F93,0.19129059
CC_9231D0F8A993,0.7318902
CC_923727159A8F,0.0593029
CC_9248706729D9,0.047543265
CC_924AEB5DD991,0.17527065
CC_9250BA851692,0.31180495
CC_925BACE3417D,0.121888295
CC_9260CD0D7C0A,0.11638887
CC_9285EB21B38A,0.113043256
CC_92A09F03DAB5,0.78428996
CC_92BC35D7F9CD,0.11715208
CC_92C5FE9E5B12,0.716515
CC_92DC8CF8C902,0.11195097
CC_92E006664648,0.22430198
CC_92E4EFB9F0DD,0.110740945
CC_92E621E0298E,0.1908853
CC_92F412AC7D22,0.06954852
CC_92F42886B7E4,0.235788
CC_9301E23D376D,0.5938226
CC_931133320380,0.20501618
CC_9314B6D8B7F2,0.06693257
CC_9337E3B43211,0.19243722
CC_933E044F26DB,0.077585764
CC_934BB89938A3,0.11165776
CC_935296A995DA,0.12807395
CC_935326AF26E2,0.20275141
CC_935B72B8E7F0,0.0564969
CC_936FF3C9BE68,0.040618207
CC_937FFE1718BC,0.036451336
CC_939F92AEE460,0.81055635
CC_93A4365B25CF,0.78394264
CC_93AB9D6A7EFA,0.06690366
CC_93C719738590,0.78275603
CC_93CB48930B37,0.21009678
CC_93D24FAFD21D,0.09545994
CC_93DB5F477493,0.0893319
CC_93E1CAFAD44D,0.06535721
CC_93EC9F853123,0.19835788
CC_93FEAF515A8E,0.05055809
CC_94063A67F136,0.31851938
CC_9406E32819F5,0.06907457
CC_940971CBC1A4,0.10512713
CC_940ADC8DEA3F,0.15619788
CC_940C7E8E0C52,0.19962162
CC_941DD2E1DE56,0.17386584
CC_941FC1FD0D55,0.1738518
CC_943B720DB5BB,0.10847539
CC_9440309323A0,0.064009614
CC_944B461BC558,0.07534135
CC_9453654BACE9,0.19058038
CC_945888CEAF10,0.29740462
CC_9458D4A483A8,0.09846773
CC_9464BA7E98B9,0.087887965
CC_94794B478A5C,0.30627182
CC_947E58EFF90A,0.08589036
CC_948537FC17AA,0.72570455
CC_949576D25153,0.08303014
CC_949B8CEAD619,0.08182516
CC_94B4E05906A9,0.12671709
CC_94C3B6F3B0CC,0.17097579
CC_94C3D9D8FBF3,0.63723975
CC_94CD530B2099,0.07497624
CC_94E9D1E527E6,0.046268255
CC_950450C0845E,0.34202585
CC_95169A4360C6,0.052351065
CC_951A69571676,0.050981708
CC_95232636844F,0.17449096
CC_953A5913EDD3,0.14497283
CC_953B678083F9,0.079947636
CC_9541BD0604B6,0.16729015
CC_954404C1BEE6,0.40845233
CC_95444ED71872,0.095913686
CC_9544B86C78A6,0.7379292
CC_954AD7E7C8F1,0.14803423
CC_95525CC6C854,0.15038489
CC_95573B318A91,0.033754673
CC_9569309DC18E,0.08723981
CC_956A2DF28600,0.20451088
CC_957C7A0D7B72,0.3139364
CC_958BECCA0BAB,0.4370068
CC_95A6C4DA2F12,0.6431383
CC_95AB75B5BBBB,0.118581824
CC_95C1274DD7DF,0.036277052
CC_95CD8F6A8CBA,0.030177895
CC_95DD4DC604BD,0.18111238
CC_95E1AC08266F,0.12681082
CC_95E3DDCB74EF,0.07872662
CC_9601384AC971,0.4702221
CC_9608A73A8025,0.15426512
CC_961F3BFBDDAC,0.81354284
CC_96206C1277EB,0.2681299
CC_96396AE6347C,0.1457552
CC_96416D2A937F,0.19804333
CC_964C2E0B00C1,0.21016525
CC_9657A2A04BAF,0.24847984
CC_9662D713B7BB,0.2016898
CC_9664F83B7F1D,0.20310695
CC_968AF836D0C4,0.046316717
CC_96A6735A4317,0.067102134
CC_96BC62A4A0AD,0.20887622
CC_96CD75668A6C,0.06262415
CC_96D928252719,0.38681453
CC_96E40BDE9A6C,0.13035205
CC_970116768415,0.24778199
CC_970E94875C2B,0.7557669
CC_9721C8A61D80,0.07423525
CC_972313B0F814,0.15249795
CC_972FD8FFFF63,0.54519475
CC_97478A77EC17,0.15772419
CC_974D14774BD8,0.07110588
CC_974D86BD39FD,0.05689343
CC_97508465AB76,0.14141902
CC_975689C0CD6E,0.061695546
CC_975967702106,0.039991923
CC_975F3F07ED23,0.062181834
CC_976E0D9A64ED,0.34952357
CC_977145B2B363,0.44299406
CC_9772CABFE1D2,0.78089374
CC_9773C1E6AC8B,0.64901173
CC_97832657396B,0.4554905
CC_97963C337FD3,0.51190054
CC_97978B581F20,0.18453094
CC_97A9ECF23955,0.20199554
CC_97ACD6D965F3,0.118071996
CC_97C69AF6E34B,0.7726728
CC_97D0E7256861,0.6295239
CC_97DEBFBE2BDE,0.31952742
CC_97ED469F2950,0.1220516
CC_97EE84ABA6BF,0.21967895
CC_9801B22BF375,0.105768204
CC_9803B6D4D780,0.29793388
CC_980E90C8A301,0.10645999
CC_9814B3D08A69,0.063746005
CC_9821BD45BB0D,0.17805512
CC_9829FA0350F7,0.044057503
CC_982CAA309A38,0.17832872
CC_98346EBF382E,0.15228215
CC_986698CCC6AA,0.11609979
CC_988FC580CD50,0.118386514
CC_989795BA3DD2,0.083648145
CC_9897A1DFE807,0.08330059
CC_98A2C8F4E956,0.06838678
CC_98A3E6CDC707,0.13976711
CC_98CE15EE1565,0.07851966
CC_98D036D16215,0.085822456
CC_98D09B14EE3D,0.38213527
CC_98DB782DF852,0.054228827
CC_98E2EA67BC97,0.06621357
CC_98E6E7CF74AF,0.07120976
CC_98EEEB2A83DF,0.67464644
CC_98F3D3194788,0.120709635
CC_98F8A8CF4F9C,0.33824757
CC_98F91BAB57EE,0.14433894
CC_98FA377070FB,0.18177682
CC_9900D0479959,0.28400308
CC_99061A735C6D,0.15929197
CC_99093EC1A2C2,0.116319284
CC_99376CA4DC26,0.03425651
CC_993A588895DA,0.12529801
CC_993EE6417CED,0.096638694
CC_99559319913F,0.04208745
CC_9970123DCC41,0.36959082
CC_998BB6848FDE,0.115234554
CC_99958287B2A9,0.5094185
CC_999BAB2D16FA,0.3628724
CC_999C7029261D,0.712728
CC_99AA61D1896E,0.07211641
CC_99C03E7D99CE,0.050883226
CC_99C62022794F,0.08437732
CC_99D46BE6593A,0.16410536
CC_99D5A5371B39,0.1415588
CC_99D79709AD9F,0.7609084
CC_99D7DDAA460A,0.12112786
CC_99FC44B3C58A,0.106039494
CC_9A02B2A17C07,0.08306728
CC_9A05DE55D408,0.16453712
CC_9A0C42AA09BD,0.37307787
CC_9A2B390551F6,0.060413983
CC_9A2D66206BD1,0.54357636
CC_9A366E181FA0,0.16888437
CC_9A39365FA850,0.621746
CC_9A42833BA860,0.053385556
CC_9A4911A0140F,0.08362585
CC_9A4FE1E8E0C5,0.42444244
CC_9A51017C734F,0.35741305
CC_9A5DCCD62D0A,0.3337931
CC_9A602F492510,0.13825822
CC_9A66BDD34B89,0.046914138
CC_9A6AB0AB1E67,0.054772172
CC_9A7049ED5656,0.5841575
CC_9A7AF31828E5,0.08799075
CC_9AA750377C6F,0.09527558
CC_9AB359C82202,0.05344701
CC_9AB7BF77EE83,0.77778894
CC_9ACAC8474B9F,0.029695436
CC_9ACCA4FB9101,0.055480856
CC_9AE1529AF9E0,0.13563398
CC_9AEE181F1156,0.2703746
CC_9AFD130D3725,0.08561419
CC_9B09C3353732,0.08635092
CC_9B0D37817EBB,0.09601233
CC_9B290B59155F,0.38202086
CC_9B2D487C64B0,0.119143784
CC_9B3DEC76ABF7,0.052592345
CC_9B4F778D0A6E,0.13514297
CC_9B581A92C2A3,0.4071058
CC_9B5CA8C38414,0.17543879
CC_9B6E82167593,0.19175586
CC_9B6F6B2BCC05,0.31630507
CC_9B7FC3DA1594,0.35518438
CC_9B957DC280F6,0.19800147
CC_9B997DF20042,0.36376423
CC_9B9BC4B83736,0.07910937
CC_9BBE1A16C04A,0.16747692
CC_9BC63F1A568C,0.28474697
CC_9BCB0166227D,0.20682113
CC_9BD3DC96ACC5,0.16431198
CC_9BDC5A0E43C7,0.40962183
CC_9BF9485A3F9D,0.2588534
CC_9BFE93FF2145,0.25404736
CC_9C0470A0536E,0.21678644
CC_9C205AF09E47,0.52937466
CC_9C30DC5C1E46,0.061397076
CC_9C325B6CAD11,0.055323783
CC_9C4A200D0BFB,0.47740275
CC_9C5EAF238007,0.27528158
CC_9C601C6BBD37,0.05848839
CC_9C606C2C92CC,0.0685881
CC_9C6192D3A16B,0.08758512
CC_9C84FB9B1469,0.070352904
CC_9C989433D637,0.2352934
CC_9C9B2FEB4937,0.19137505
CC_9CA7FBE1DD54,0.1388815
CC_9CACA50F80F2,0.16930668
CC_9CB40D552388,0.06322003
CC_9CB8127D17F0,0.039104074
CC_9CB9CE2989CF,0.656261
CC_9CCE51CD83ED,0.7948656
CC_9CDD2F3D0BE7,0.045197077
CC_9CDEC693AA99,0.36805236
CC_9CE9091AA9A9,0.21243337
CC_9D007C60D29F,0.09287669
CC_9D017774D4FC,0.633879
CC_9D095EC1F232,0.26834968
CC_9D1A1281C8FB,0.3317638
CC_9D23F42B7996,0.4725
CC_9D2FBC479646,0.69921964
CC_9D363365CAFD,0.08144044
CC_9D44E4543573,0.1531965
CC_9D45F67E3B01,0.07812161
CC_9D535DD207D2,0.075767
CC_9D53ED53A15A,0.59918314
CC_9D5D97AEE98B,0.5555446
CC_9D5F2A5B6913,0.0796881
CC_9D6BC1C470B0,0.41323024
CC_9D71FBDE765A,0.059167724
CC_9D73939E357F,0.15980536
CC_9D82F401BD88,0.59205496
CC_9D8B4454BE84,0.2919118
CC_9D92537645DB,0.07543227
CC_9D95ADE03ED1,0.14106551
CC_9D98FE7A1809,0.050667346
CC_9D9D59757786,0.057738476
CC_9DAEB38616AC,0.14565401
CC_9DD55CC0E928,0.025116622
CC_9DD6B460CDFB,0.2813532
CC_9DD80B5E3729,0.09150942
CC_9DD82B4310AC,0.40972933
CC_9DD9389E8AE0,0.08035576
CC_9DDA8ACEB3D8,0.10308254
CC_9DDCD898D01D,0.12306057
CC_9DDD90B42A27,0.81779546
CC_9DF1807A4316,0.04126261
CC_9DF786FD2620,0.46634975
CC_9DF7B9B3C8F8,0.09194332
CC_9DFF6E2AC586,0.15239097
CC_9E0546BD7BD6,0.13671012
CC_9E0BE8227931,0.10305722
CC_9E1A205BA261,0.3935465
CC_9E2967559B00,0.047167353
CC_9E323A031449,0.74836236
CC_9E377CC03D51,0.041626595
CC_9E3B83584C12,0.13762759
CC_9E3D46FF5709,0.5897105
CC_9E4FA91B86A9,0.066490784
CC_9E53534DCD6B,0.14327036
CC_9E73656FC8C0,0.72758466
CC_9E7430675033,0.21643078
CC_9E84CACDD7B6,0.3926115
CC_9E84E0E4C5BE,0.2868095
CC_9E9C65275B4C,0.08548756
CC_9E9CB6473D59,0.22894146
CC_9EA4F11BE6C2,0.16297105
CC_9EBE3F26F2FB,0.06373202
CC_9EC23AB6C573,0.35944474
CC_9EC34DDD0E53,0.057378378
CC_9ED8EDFE8C55,0.092738494
CC_9EF352F179D2,0.12465649
CC_9EF505400F8B,0.63783073
CC_9EF66D83B743,0.34211522
CC_9F051572BFE4,0.18340933
CC_9F151A782BAC,0.27908733
CC_9F1A5DF4619C,0.5574659
CC_9F1BF78ECD7A,0.08084464
CC_9F263092AD72,0.13232826
CC_9F36EC36A9E6,0.087163426
CC_9F3D52242888,0.16175528
CC_9F41F312CDBB,0.32986093
CC_9F425167F9ED,0.16805765
CC_9F6981E0009A,0.32060874
CC_9F706DFE0AE7,0.03683966
CC_9F7B525DD52D,0.3366176
CC_9F8D5A5A9DAC,0.1848458
CC_9F8FAE57E6A8,0.11655952
CC_9FD1AB8E65FE,0.052376952
CC_9FD2689202D5,0.14265348
CC_9FDBB5C2CD09,0.03865253
CC_9FE52BD71CA2,0.09221915
CC_9FE8E62EB24D,0.09442652
CC_9FEA59AEA00C,0.2368759
CC_9FEA77B36A29,0.35015988
CC_9FEE9701D16D,0.26697642
CC_9FF35BA60E6E,0.28376284
CC_A0003F08B22E,0.14472263
CC_A00AE2543224,0.055981033
CC_A02A29DECDC6,0.09383131
CC_A0336C21117C,0.68412304
CC_A053B42BBE0B,0.07565976
CC_A0591F16FA37,0.03371924
CC_A05F962C80FF,0.15680619
CC_A07B0549E53F,0.06106538
CC_A09F230CCF5D,0.6524648
CC_A0AED6346ECD,0.1643286
CC_A0C4A796643F,0.11763787
CC_A0D6DDFB430F,0.06579083
CC_A0DF672F9C4E,0.11417536
CC_A0E8C7C5558A,0.3430629
CC_A0E9269DF22C,0.45069367
CC_A0F1DB5CB28C,0.1054137
CC_A0F42B26F8F0,0.0653161
CC_A0F8F80EDFB0,0.066869356
CC_A10AD9550E4D,0.035593715
CC_A10EB26E5EE1,0.16305071
CC_A111B065F623,0.07302433
CC_A113D95B4AB2,0.115585074
CC_A1320C0F0129,0.760923
CC_A1348D850EFD,0.7499487
CC_A13D08B372E8,0.06524729
CC_A143E64BD9D6,0.33218485
CC_A14B0A24DC3C,0.109785415
CC_A15137F25F7C,0.07193922
CC_A152DBEC5BE7,0.06170628
CC_A1591CFF6D81,0.049288534
CC_A168CCB582C6,0.3707548
CC_A17DC38133CE,0.7798016
CC_A185D5EA3DE8,0.64495134
CC_A19C842508E0,0.12813555
CC_A1B648DA406D,0.034141514
CC_A1BF7028CAA8,0.026888113
CC_A1D035FA36E1,0.090846725
CC_A1DD653D41A7,0.091032274
CC_A1E3AD4B934C,0.3558184
CC_A1E58421CE87,0.07515258
CC_A219144EDEFE,0.08033504
CC_A21FCEEBB3C3,0.4512784
CC_A220E4278D79,0.062138353
CC_A2231BDC961C,0.24847125
CC_A234E219EFC7,0.41317484
CC_A239B1BD81FF,0.075515956
CC_A23D8CFFA31F,0.07930104
CC_A23F463F4B4D,0.046276305
CC_A23FFDC4A7A4,0.07655894
CC_A2423E273F84,0.10560354
CC_A2493E6036AD,0.30330163
CC_A25C54470CED,0.12965083
CC_A25FA690BBBC,0.09910834
CC_A2636CF7C075,0.106464125
CC_A26C22870E3D,0.47154042
CC_A26F6A272B3F,0.08849899
CC_A27CDC9BCBAA,0.17435579
CC_A27E5269DA60,0.106456704
CC_A28D4A46B6FA,0.10187661
CC_A28EB319030E,0.054947518
CC_A294D3A59462,0.781177
CC_A29D8034C304,0.0774988
CC_A2A109409963,0.0583515
CC_A2A4FA5F9962,0.11735142
CC_A2A7E30C59D0,0.15921171
CC_A2B5D2D4E269,0.5411809
CC_A2BB24180208,0.23331107
CC_A2CF1DFEFE46,0.4701024
CC_A2D6090EA5B8,0.12154801
CC_A300BC40BC9D,0.038482316
CC_A3212501F639,0.21562959
CC_A3278A566572,0.058231253
CC_A327EBE4F783,0.19564089
CC_A32FB6659B01,0.07732089
CC_A33915EE72B6,0.13479762
CC_A33D350BE79E,0.17732994
CC_A3553B8AA8F6,0.11568943
CC_A36EB077BF3C,0.03393694
CC_A3753EB66DEC,0.09370102
CC_A378342AC9BB,0.19241142
CC_A379E9455C60,0.16500631
CC_A387ADBD7249,0.08755721
CC_A39E961FC29F,0.17982717
CC_A39FA1EF0B16,0.2630647
CC_A3A4E39FB04D,0.19887197
CC_A3A751BE68D2,0.041571017
CC_A3ABB3C5E9D5,0.68216825
CC_A3AF9C2C68F1,0.18753015
CC_A3BEA14873AD,0.14224268
CC_A3C2FEE13C37,0.1170473
CC_A3D6435D5F17,0.15173776
CC_A3E3E51AD0E7,0.04515476
CC_A40566694D53,0.26203647
CC_A410C0DC7125,0.035115372
CC_A42168D2B94B,0.072783805
CC_A43CED9AFEF5,0.44076982
CC_A4475A788D13,0.13618994
CC_A44D677C0C07,0.05296522
CC_A44E2673E71E,0.043460663
CC_A44E79A96425,0.35147315
CC_A462CA147DB9,0.10705035
CC_A4660E424386,0.23072979
CC_A476C9F116F6,0.15730375
CC_A47C83B6EE2B,0.12664469
CC_A47F8594678C,0.27112848
CC_A48A7592F96A,0.056076072
CC_A49195E659EE,0.06482214
CC_A498A936AD21,0.10446936
CC_A4BE6692361C,0.63142276
CC_A4BF2115580C,0.07602385
CC_A4CACCD14A0E,0.11471075
CC_A4CE57A1AB74,0.0733173
CC_A4DE4F1B5F93,0.15745927
CC_A4E300558DAB,0.057907734
CC_A4E972915D89,0.740969
CC_A4EEA04CF3D0,0.21085899
CC_A4F400E9A0ED,0.060722686
CC_A4F550D7F95B,0.18614115
CC_A4FB91B1BF31,0.23289718
CC_A500C1ED0A33,0.19050394
CC_A50471962A96,0.5900169
CC_A5161D8AA57D,0.11935184
CC_A519C84307D2,0.06606969
CC_A5277A9BE02B,0.72772413
CC_A53578FCEA71,0.11787353
CC_A54EAD1CCE27,0.16146015
CC_A5512DA239BF,0.12708075
CC_A5545DF298BE,0.07212505
CC_A556EEF3010C,0.4758732
CC_A56756C65136,0.34515464
CC_A5852E06D2D5,0.28182754
CC_A5886994671C,0.15788378
CC_A594D8B41A99,0.060776107
CC_A59C6A6B71C3,0.06050118
CC_A5A06987AF5C,0.19052489
CC_A5A1512FEEFD,0.18858977
CC_A5ACE4284283,0.16607705
CC_A5B10F07BCD5,0.090862796
CC_A5BC9ACDB4CD,0.07505102
CC_A5BF8B260922,0.45238316
CC_A5C52379AE06,0.25510094
CC_A5DD4441568D,0.03429548
CC_A5FE3BE2949D,0.054658722
CC_A60EF94F09C4,0.34458098
CC_A628BE74CB45,0.11561777
CC_A6292E9B43AD,0.061850004
CC_A638610BF8F8,0.11309933
CC_A63BBA86CE9A,0.30223078
CC_A63BDDAC43CB,0.06851876
CC_A6409E37A735,0.15382864
CC_A655EC341406,0.105077736
CC_A6562E47BFC7,0.20446798
CC_A6563A22D668,0.716129
CC_A6601278C1BD,0.098539256
CC_A683678AC9FC,0.33418983
CC_A6864FE80A94,0.08958824
CC_A69117CC3C24,0.12427737
CC_A69928C7D217,0.18497567
CC_A6A8BAF7124A,0.27054274
CC_A6B7DFC69AAE,0.55367553
CC_A6BB595B55AA,0.061951734
CC_A6C5284C4586,0.09697347
CC_A6CB0D0191D3,0.10526589
CC_A6FA3FA9F0FB,0.12188325
CC_A6FDADD23BD7,0.044776864
CC_A6FE3938F001,0.1763279
CC_A71DB65F0BBA,0.6940364
CC_A730F4964FD4,0.099150516
CC_A73C02C58DDA,0.096082665
CC_A746BC2289C7,0.3409298
CC_A766C3608214,0.09835048
CC_A76F48111A8D,0.09457539
CC_A77AEC8AD2D1,0.028085407
CC_A781174166B3,0.18133177
CC_A79024286DFF,0.0781569
CC_A792720B875E,0.09396448
CC_A7952C2BC5B6,0.07462007
CC_A7954EE1A1C4,0.06099036
CC_A7991E6B3CAD,0.1943737
CC_A7B141DF4AAF,0.06010477
CC_A7BE2CED0B93,0.04484716
CC_A7CF446093DD,0.23710483
CC_A7D1C6692090,0.07256099
CC_A7D6CAB54328,0.43548426
CC_A7D8D1DA4EA6,0.12900837
CC_A8102BA6933F,0.06280954
CC_A81C1EDC5FE0,0.07679101
CC_A82C0FDDC303,0.3487111
CC_A83F92C0CABC,0.14017734
CC_A849B0F60EEC,0.06479873
CC_A852AAB180D7,0.04425778
CC_A8536626873D,0.1991156
CC_A85F953FFD40,0.30398375
CC_A865A3F1E28A,0.6280775
CC_A867253FC73C,0.7173993
CC_A877592FE1AF,0.0609232
CC_A8AE26057851,0.1481455
CC_A8D50530622B,0.11703473
CC_A8D5C834B061,0.768832
CC_A8DF49EED27D,0.7880471
CC_A8FB53A944AA,0.10121704
CC_A8FF19BCFB18,0.15475309
CC_A9042AA97760,0.0632601
CC_A917D68B7F33,0.069135636
CC_A925B3023F01,0.14710306
CC_A93A49678A0E,0.6875389
CC_A944C14551E0,0.1256039
CC_A949A4D6CFDF,0.03438473
CC_A96085AAACBB,0.44464573
CC_A968E7B519AC,0.5833322
CC_A96F61DA3920,0.29985887
CC_A98AA461487F,0.059299394
CC_A98DE37F48B1,0.030029653
CC_A99526CAE7B8,0.09274835
CC_A9997F50D935,0.12091761
CC_A99C3B09B728,0.050730884
CC_A9A0DADE60F5,0.23217407
CC_A9E27E0F8BF7,0.10458661
CC_AA06B8C44B08,0.5507552
CC_AA078692F54D,0.06058279
CC_AA3181148667,0.1111744
CC_AA36C8AD0AD4,0.100676805
CC_AA36F0397FF6,0.08293636
CC_AA3A8989A632,0.7085628
CC_AA4A1B7522D9,0.09948068
CC_AA4AE0378324,0.15048942
CC_AA5E4D5A692F,0.1646299
CC_AA68EABEE4B1,0.07698131
CC_AA6B5A7A5B67,0.08849209
CC_AA6BD423C239,0.39420536
CC_AA7074B42A4C,0.5148939
CC_AA7A7F3159DC,0.09252392
CC_AA7BDEB972E4,0.112292774
CC_AA83426311A1,0.0708599
CC_AA8F7D307212,0.12875488
CC_AA994120654B,0.0657607
CC_AA99CC1D0A77,0.09905315
CC_AA9DF917E958,0.18067035
CC_AA9FC6678135,0.34355706
CC_AAA47EC0D4CE,0.07843469
CC_AAD9F600283C,0.11282051
CC_AADF003A3927,0.0963583
CC_AAECFE806C8D,0.19658244
CC_AAF2022B9CD1,0.17608628
CC_AAF445E4CCF4,0.07119768
CC_AAFDCAA5CA06,0.6366805
CC_AB0384E131D8,0.19008228
CC_AB0A4F4A2968,0.16419624
CC_AB108580856A,0.06587084
CC_AB10FED15FC0,0.7960246
CC_AB176233A184,0.056582097
CC_AB250982887C,0.10160575
CC_AB25C565EA6F,0.042937346
CC_AB31BDAE74E0,0.17984653
CC_AB38A76F5698,0.35057485
CC_AB38F588BDD4,0.1882128
CC_AB3DB55C9A2E,0.12270694
CC_AB42A7DA8FAE,0.18113701
CC_AB486E8855F7,0.09337527
CC_AB4A79BF0F21,0.03686508
CC_AB7472FE1C8B,0.059177097
CC_AB78F64D1DA0,0.118114084
CC_AB821E2FB031,0.05218179
CC_AB873276D910,0.070039764
CC_AB8CF3C05B61,0.12483498
CC_AB8DD8448ABE,0.3535794
CC_AB953366A38C,0.08714207
CC_ABB193697B23,0.6243907
CC_ABB3F0A040BD,0.11785228
CC_ABB618AD3E52,0.2438104
CC_ABC0DA7DAFA5,0.045194723
CC_ABC49E43DF40,0.60183096
CC_ABD89F61734F,0.11356231
CC_ABE04CDC2866,0.5293041
CC_ABE98746DB91,0.53638333
CC_ABFDF22BBD97,0.07286501
CC_AC0498A54CAD,0.16000968
CC_AC1C23EA2767,0.3762317
CC_AC1E028B2A1A,0.09814348
CC_AC255B902EEB,0.1471313
CC_AC44A88F7869,0.07586876
CC_AC51CBCACA63,0.13253242
CC_AC723E5F5EFA,0.039776333
CC_AC7994A5FDC4,0.12514581
CC_AC7EFDBCF2E8,0.71672744
CC_AC8A45716CD8,0.13033319
CC_AC8FB78319A0,0.042311594
CC_AC95C517E726,0.08748868
CC_ACA4C6C9316D,0.05401845
CC_ACAD97A186F4,0.08098496
CC_ACC12168D6A9,0.1522395
CC_ACC53294D3A0,0.093738236
CC_ACC6A74A8BEC,0.0790335
CC_ACD94D2B1200,0.061376803
CC_ACD988315902,0.037613615
CC_ACDA59536C9B,0.083962254
CC_ACE5A4081F6E,0.21013084
CC_ACF4F9A2CCFC,0.16854618
CC_AD0D7D212968,0.3263478
CC_AD131D09EB0F,0.11589592
CC_AD13C87CF26E,0.19706494
CC_AD2050A0C79D,0.18118612
CC_AD276D71D3A7,0.32143572
CC_AD2C54521FE4,0.1946829
CC_AD2E59624FEC,0.38083747
CC_AD3A36AF2840,0.27411342
CC_AD3D286D0B68,0.16751821
CC_AD46818E459F,0.5921776
CC_AD4BB2E22EA9,0.24017188
CC_AD4F7F88242F,0.32743287
CC_AD58ADCD54CE,0.70988315
CC_AD71619FA389,0.101656616
CC_AD84592B950B,0.07488437
CC_AD9898C0E8D2,0.16217555
CC_ADC70A21D661,0.37838003
CC_ADCF16189AF2,0.25003162
CC_ADD894E6E4F4,0.35384628
CC_ADE899835555,0.12538388
CC_AE0D73A1EE19,0.36811548
CC_AE0F08EA3935,0.18880166
CC_AE23B59E6FC8,0.29897517
CC_AE289E013D60,0.09042522
CC_AE34D3F7F224,0.7493744
CC_AE4069D8B4F6,0.20942365
CC_AE4896E2BE76,0.7148481
CC_AE51DCFE0671,0.07841318
CC_AE69FEA8DA68,0.18777262
CC_AE7C129CC90F,0.22565919
CC_AE7CD49F20AB,0.16908975
CC_AE89526E0335,0.17327437
CC_AE8D62CF30C0,0.10929182
CC_AE8D9CE8D6FE,0.045388762
CC_AEB019CB9065,0.15679127
CC_AED1D50AF584,0.11827966
CC_AEE546316FB0,0.20938818
CC_AEE5FA00FA6C,0.36337778
CC_AEEC765D157B,0.041723672
CC_AEEE44D6C8A4,0.029382557
CC_AF14FF3EF570,0.33382607
CC_AF1C3ACBA6B2,0.10350077
CC_AF1E911C98B6,0.3225156
CC_AF337F410520,0.10180689
CC_AF3C7BC3BA40,0.10896028
CC_AF41E4075C87,0.225308
CC_AF6B4405276D,0.7606533
CC_AF78FE0BDBEE,0.09417069
CC_AF8238D9082F,0.08773857
CC_AF8CA6EE53C3,0.06199676
CC_AF9AFA7C49A8,0.08461145
CC_AFA1E3D3C685,0.18680373
CC_AFA680030CB4,0.613491
CC_AFB351270B8B,0.040835183
CC_AFC405AE0029,0.069772765
CC_AFF90422E4FC,0.28246596
CC_AFFBE2744B87,0.784004
CC_B0043CA53FCE,0.08747165
CC_B01B2BD4EFD7,0.2260955
CC_B01E87EB9940,0.11708348
CC_B0273E66E2A5,0.16855207
CC_B03E98085A9F,0.09237343
CC_B0420D8C42DC,0.4853066
CC_B0497BEB9F6B,0.15131502
CC_B04A5E60B69D,0.086847104
CC_B04D5517A193,0.11032072
CC_B05FF3A960A0,0.22866194
CC_B06A532EC131,0.26360953
CC_B06D33A6761F,0.14723288
CC_B074D4472CE4,0.0469822
CC_B07CE95BCD88,0.3420175
CC_B07D79368225,0.0971724
CC_B07DD1ABABCE,0.7515617
CC_B086C2D77820,0.13315131
CC_B088DE9C9E3B,0.28676707
CC_B0CD7932067B,0.11363472
CC_B0CF90073A5E,0.6211895
CC_B0D397D86639,0.6248075
CC_B0EF4FD19FEA,0.121102735
CC_B0F2F9514AA3,0.07942543
CC_B0F3B79F51C8,0.14368987
CC_B0F4041B1C76,0.034046948
CC_B10FE31C61D5,0.1769571
CC_B114E8F19D65,0.16479877
CC_B117F0E3CAAE,0.13977955
CC_B11D58F331A9,0.044232048
CC_B1262188BC41,0.084831685
CC_B12FFB2FF21F,0.073413186
CC_B13253F34A9F,0.048464242
CC_B137E2BBB53B,0.07919595
CC_B13FEA7CDB99,0.055675257
CC_B1481ED21111,0.04447711
CC_B15BE5C9976A,0.23169065
CC_B15EB6933578,0.067829594
CC_B163CCB3BE4D,0.1649223
CC_B16DC354FD71,0.41645053
CC_B1777349EB15,0.14362174
CC_B17C6CE0231F,0.2499581
CC_B17CA8C22E5C,0.12501615
CC_B18F3C9C30E4,0.13463843
CC_B19CD93DDC96,0.072321005
CC_B1A647674B84,0.10525561
CC_B1AEC2E5E33B,0.22091503
CC_B1B5C81AC0A6,0.056367442
CC_B1B932EFD646,0.16857433
CC_B1C3C0B52B88,0.28074962
CC_B1C7216344F3,0.08523521
CC_B1C982DBBD12,0.33386862
CC_B1D81F8197B3,0.35579625
CC_B1DF1DCBDC7E,0.5301358
CC_B1E2C36607CB,0.06713991
CC_B21351C93D8C,0.12127583
CC_B2174860AB11,0.742154
CC_B235818E6A04,0.15980671
CC_B23CDE30F00B,0.074333645
CC_B23DE4971DF0,0.4466241
CC_B23ECF574D8E,0.0706291
CC_B24C41DDFBDA,0.19694114
CC_B25EC73B9510,0.13316968
CC_B25F69904D0F,0.07382621
CC_B25FB6C11D05,0.6594603
CC_B264F2B92259,0.5425075
CC_B26B8FC23F1B,0.058873426
CC_B272E29922B5,0.14801662
CC_B27AA8E27BE7,0.1083271
CC_B2A68FD3C236,0.07428119
CC_B2AC50C00979,0.09500026
CC_B2B16D7B821C,0.16721784
CC_B2B32F1511E4,0.1456704
CC_B2C241A93527,0.08763907
CC_B2CB104FED6B,0.64021474
CC_B2D352013F92,0.11805325
CC_B2DF694BAB08,0.11826081
CC_B2E993A9343F,0.2051032
CC_B2EF61C93AB6,0.13407439
CC_B2F94405EA89,0.10037991
CC_B2FC07BF6251,0.054019257
CC_B301A65B4164,0.12982279
CC_B313E3A208A2,0.15966645
CC_B318FF5D976D,0.14883792
CC_B32AEF0A2299,0.0755744
CC_B33BD3C618EA,0.09686171
CC_B348627365A2,0.11457235
CC_B35109450BDD,0.04766724
CC_B3528B870544,0.10033771
CC_B3530E7CF8F5,0.14098892
CC_B35C5B1DB9C1,0.07443852
CC_B35FF59389D4,0.22508466
CC_B3812C6700F2,0.6264586
CC_B38280B483B8,0.15432498
CC_B38B694A18EF,0.47444934
CC_B392BDECD913,0.34355706
CC_B398DF1ABAD4,0.033335872
CC_B39E75E151A1,0.1123854
CC_B39FD0E249E8,0.054025237
CC_B3AA0891CA5E,0.4181466
CC_B3B1C8EBE5C1,0.12895477
CC_B3BBA28E2D39,0.41975656
CC_B3C4DB0303A7,0.08842364
CC_B3D32FE823B2,0.04049194
CC_B3DA429C6C8F,0.09600258
CC_B3DC5786AB0F,0.17889881
CC_B3EA537531A3,0.1630963
CC_B4096D3A38CE,0.034540676
CC_B41EADCCC95F,0.063156135
CC_B421940B9A48,0.67468107
CC_B42B3B83935C,0.8013109
CC_B436B1CA6B2F,0.059434216
CC_B439B06AF274,0.22228813
CC_B4482E7879F4,0.059130803
CC_B4660022C612,0.10582892
CC_B46B899B4A63,0.13255452
CC_B470280A580D,0.10349458
CC_B471D3BF0C72,0.510723
CC_B4751DEE43CD,0.16342592
CC_B482C254BAA5,0.06886025
CC_B4889D036D3C,0.7163584
CC_B4950F811C90,0.13858576
CC_B49A6DE7A340,0.30058956
CC_B49CD4C13DE8,0.3428904
CC_B4A90370CA96,0.5037584
CC_B4ADE6BC8A10,0.67734873
CC_B4B6F805888C,0.04063714
CC_B4B8F66BF4ED,0.65005225
CC_B4C6F80DEE44,0.051482726
CC_B4CCE78C09EE,0.1460047
CC_B4D68D1C1C55,0.21441852
CC_B4DAED63089A,0.16244344
CC_B4DD9841E6FD,0.23715578
CC_B4EF6743DDCF,0.10254113
CC_B4F67F73D097,0.093595125
CC_B50EB15EBA18,0.105619244
CC_B51DCAAF4549,0.153191
CC_B51DFF8702D0,0.509336
CC_B520A001BF69,0.094383836
CC_B529919BF24E,0.6334389
CC_B542342650A1,0.07125432
CC_B54A106E91E4,0.04016475
CC_B54CFFC21F2B,0.11689899
CC_B55C134C04A5,0.1861268
CC_B55C2DBF6D3C,0.2073897
CC_B569705352B4,0.10307783
CC_B56E74A967C3,0.04847945
CC_B57519F33EEF,0.05187958
CC_B582E4405D85,0.085821636
CC_B585A11F7BA7,0.13978657
CC_B59726D36AEF,0.17984913
CC_B5995E4F1A21,0.11537873
CC_B5AC2AAF871B,0.74620855
CC_B5AD19125E1B,0.20841794
CC_B5B1E42858AC,0.065066405
CC_B5B7599E8BC6,0.07315612
CC_B5CAE0595637,0.2087211
CC_B5D49843A799,0.3732775
CC_B5DDFC7AEE78,0.11470262
CC_B5E29344F63C,0.20750175
CC_B5EE5AE6378A,0.6303801
CC_B5F2A93AD996,0.08932808
CC_B5F611613A78,0.07040747
CC_B6055039255A,0.7678844
CC_B607B2B0AFB7,0.04654795
CC_B60CFD0F39F9,0.0803131
CC_B620087B1C52,0.3841286
CC_B6203BBBD151,0.109042965
CC_B622662E664A,0.16769071
CC_B62C9A2BC846,0.14806956
CC_B636210548E5,0.3686716
CC_B642C6714501,0.06822798
CC_B64F81B8A263,0.15359415
CC_B65CA581B9BD,0.17183743
CC_B65D1B9B6F67,0.12616783
CC_B661A8FCA431,0.05375547
CC_B66AC40957D6,0.16115442
CC_B672B35D1162,0.73100644
CC_B68379D197F6,0.09287401
CC_B6923D10FDA2,0.15593678
CC_B69CC776BBE6,0.24179937
CC_B69E50D76B29,0.08674404
CC_B69EAA8C296F,0.2265967
CC_B69F7CB8CDA0,0.06802385
CC_B6B4AD157354,0.1637496
CC_B6BD764CB8B9,0.20402935
CC_B6BEC3F4BE91,0.16485752
CC_B6C13F4A610D,0.26784694
CC_B6C1C3B5766B,0.11961727
CC_B6C72241926C,0.14078224
CC_B6CB40E245D7,0.5988186
CC_B6EE58A108C5,0.06208479
CC_B706F631F5BA,0.04040173
CC_B71DC1206985,0.1520692
CC_B72284CED807,0.16364016
CC_B727865A5B5F,0.619025
CC_B72FD7EFA6BD,0.1694276
CC_B7365B5A3392,0.7600792
CC_B73820D308C9,0.12392273
CC_B743560D847F,0.08155882
CC_B76EF26F7C9A,0.33093747
CC_B7764FC130E8,0.4285467
CC_B77B73B95532,0.13505495
CC_B77D6653C7D4,0.044160973
CC_B77DA6B77DEB,0.2875103
CC_B783AE19622D,0.18939851
CC_B78761738CAF,0.025123144
CC_B787BA135B5D,0.3250298
CC_B78B4449EA19,0.10424454
CC_B78B4B7F80B5,0.21101798
CC_B78BEE888CA6,0.0785393
CC_B791FEE1CF37,0.041042592
CC_B79A58AA4441,0.10577942
CC_B79BEC538198,0.12273705
CC_B79DD53178D3,0.08416818
CC_B7A7EFD85149,0.22125398
CC_B7B5F2A15C41,0.11898986
CC_B7BC46A7D4DF,0.08197794
CC_B7CBC65D9AF9,0.5434966
CC_B7D40C5C891F,0.08410821
CC_B7D4337C4797,0.27426404
CC_B7DA04826165,0.25925085
CC_B7DC19DA1440,0.1802445
CC_B829EC622F0D,0.5482553
CC_B82B9C0C7B85,0.63573414
CC_B82C55DEE5E6,0.3220799
CC_B8475B977AD2,0.694119
CC_B84BD2F4EB01,0.2283098
CC_B86DA7D69F20,0.06272522
CC_B87989F406EB,0.20383686
CC_B88B702183E7,0.039340504
CC_B89B80945ADE,0.18018839
CC_B8A3A44BFE8A,0.4132648
CC_B8A7A6548AE6,0.18015188
CC_B8A8FB83065B,0.18317026
CC_B8AAC20D626E,0.19780342
CC_B8AC99873641,0.07546641
CC_B8C9673B7834,0.08816547
CC_B8D5FEB15CC8,0.07786975
CC_B8DA64A33076,0.6015698
CC_B8E912A01706,0.6378001
CC_B90869280808,0.13601825
CC_B908EC99951B,0.32996595
CC_B90CBF2A6775,0.059968483
CC_B91080C1ADA5,0.30535698
CC_B918FB42AFD2,0.20561641
CC_B92CA425080F,0.11094631
CC_B937F632B71D,0.15336478
CC_B94477C20476,0.34518975
CC_B9483A5C922C,0.12208061
CC_B954EC1C63B5,0.33082572
CC_B95580F93537,0.05553763
CC_B96086044329,0.07825696
CC_B96EB0A91589,0.19130228
CC_B98357C70A41,0.6220034
CC_B9929A66C2FD,0.6602849
CC_B9BB52E4C529,0.11749667
CC_B9BD45744855,0.7853172
CC_B9BFDE4662AE,0.08089624
CC_B9CEAF324145,0.045961127
CC_B9E89F42B509,0.19857958
CC_B9E8A3887223,0.21485804
CC_B9FC67268C45,0.22600086
CC_B9FE9DFEB3DC,0.09659334
CC_BA041E14DD98,0.07772953
CC_BA0619F54427,0.11826135
CC_BA15072C4EC2,0.22153886
CC_BA183CDC5429,0.81816125
CC_BA43646012D2,0.43958217
CC_BA4F7E494E71,0.4577003
CC_BA557F75E2DD,0.17437115
CC_BA740903CBDF,0.13265023
CC_BA77722A827A,0.54374653
CC_BA78E47BB021,0.22643176
CC_BA8C427054F4,0.036374804
CC_BAA19F8D2563,0.08217556
CC_BAA1BBFF8C6C,0.2781246
CC_BABA44B5FB12,0.09241507
CC_BAC25BCCEAD2,0.057898562
CC_BAC74D0014D3,0.43038434
CC_BAD99E36CC71,0.23908836
CC_BADE7EB1D16D,0.7722883
CC_BAE7410803AC,0.11531859
CC_BAEBBF8054FB,0.12408975
CC_BB054686B6F2,0.05247579
CC_BB05D9DF72BD,0.06318048
CC_BB0D54068D07,0.79174906
CC_BB15DE5E0DA0,0.7611222
CC_BB1A57AA813F,0.15356496
CC_BB1CABE261EB,0.17178252
CC_BB2BC46FCF61,0.2731762
CC_BB2E5437EE04,0.04967266
CC_BB2EF1FF6131,0.07576454
CC_BB2F56C6BF57,0.10133322
CC_BB35CEC5314E,0.088575795
CC_BB39E3597B61,0.042106293
CC_BB3A9EECD51E,0.07846208
CC_BB44CDEE5103,0.19462606
CC_BB458116ABA4,0.36348635
CC_BB5F6936F6FE,0.1924341
CC_BB666F8A551E,0.06561248
CC_BB7355E735D2,0.10867707
CC_BB8A2F186D6A,0.08457944
CC_BB9FDED12C65,0.6528308
CC_BBA8C316C8F8,0.08185137
CC_BBADC7DC73EA,0.20556054
CC_BBAEA7980B09,0.48917925
CC_BBBA078A6429,0.7742659
CC_BBBFC3EC2C72,0.35870084
CC_BBD34B3225EE,0.026277864
CC_BBE6C58C59A4,0.42645323
CC_BBEBBE1E226D,0.13222182
CC_BBED56D34D38,0.1222267
CC_BC0244FBDAF6,0.17420553
CC_BC099E880236,0.15267247
CC_BC0F05C89E25,0.14377634
CC_BC1BD06C1085,0.098635845
CC_BC21E8824A34,0.4371797
CC_BC23655B2BF4,0.06604713
CC_BC24F9024F49,0.06931926
CC_BC2A58939715,0.091666974
CC_BC2B90F226E0,0.20453733
CC_BC31382964E4,0.050657462
CC_BC31DA3EAFFF,0.110920094
CC_BC3A6CF6FD16,0.11806222
CC_BC410BDD9ED8,0.26118842
CC_BC458960887E,0.1611548
CC_BC484C329704,0.12567827
CC_BC4D6D6D4553,0.34061208
CC_BC5A59D88AFC,0.08878191
CC_BC736DA19A00,0.1719452
CC_BC7B9D13978F,0.20637506
CC_BC84BF34D69E,0.25720537
CC_BC95D473C9CE,0.17268406
CC_BC96FC9DCFE7,0.10321186
CC_BCA0D6159C23,0.21288832
CC_BCAE73132BA2,0.06615709
CC_BCBBF055366F,0.050895024
CC_BCC94F494979,0.10694144
CC_BCF75F8B9A5D,0.108573854
CC_BD10F4F15094,0.07974438
CC_BD1A2052ACD5,0.7932964
CC_BD217C39702F,0.30055124
CC_BD2A9D4B9FAA,0.20721707
CC_BD3EDD1630E8,0.053462803
CC_BD4AAFE9EFEE,0.06766294
CC_BD59D1252975,0.10461236
CC_BD607BE97C17,0.10992766
CC_BD889F165227,0.09185335
CC_BD900B6BCF65,0.18104361
CC_BD9967660461,0.44258732
CC_BDABB99ADE2A,0.14323357
CC_BDB07C66EDBD,0.44100168
CC_BDB71DAAE50B,0.10729465
CC_BDCB91FACECF,0.1399586
CC_BDE1E398B4E4,0.054337732
CC_BDE8D325637B,0.68527365
CC_BDE9E7F390AE,0.095028475
CC_BDECF392D7F9,0.16814476
CC_BDF401C3BBCA,0.13711014
CC_BDF53C42C5BC,0.26181993
CC_BDFE5778530F,0.33000803
CC_BE05EB5976EC,0.76975876
CC_BE08A6D5E76D,0.051386986
CC_BE146CE5BEE6,0.11405094
CC_BE24C1EE877A,0.09581381
CC_BE27E98C4BED,0.06827108
CC_BE32DACBF6C2,0.11005061
CC_BE3F52F9C9EA,0.12736274
CC_BE3FC1024389,0.14602184
CC_BE4595898BF9,0.10454138
CC_BE4F1F53F4B6,0.08415706
CC_BE648663620C,0.18850827
CC_BE6627F3B9EE,0.6673896
CC_BE673F70B591,0.31526875
CC_BE704640727F,0.025663631
CC_BE7295B354DA,0.32971978
CC_BE760A430ACD,0.1694785
CC_BE8A340F3876,0.036591373
CC_BE9CB8845101,0.21229987
CC_BEA12286E57C,0.14520551
CC_BEB24EB997CA,0.13096783
CC_BEB80CCF2ED0,0.057895973
CC_BEB86014B5BF,0.17065465
CC_BEC035C8801A,0.13006637
CC_BEE1B858F0C3,0.29167423
CC_BEE664893442,0.17349418
CC_BEE75A33F038,0.08057846
CC_BEF22728402F,0.6899278
CC_BEF8AB2DF19D,0.37357292
CC_BF03683CC755,0.07519968
CC_BF066CB8F7A0,0.16296057
CC_BF154A9FEE8D,0.15063637
CC_BF17E635C67F,0.10091758
CC_BF196AFA6AE6,0.13689998
CC_BF2012FCFE14,0.1879424
CC_BF3733356D4B,0.48764127
CC_BF376C8D14ED,0.5365409
CC_BF3BF8B9F646,0.10109693
CC_BF588A5FF18D,0.64322597
CC_BF7C643B8874,0.06463034
CC_BF8919F14394,0.16137616
CC_BF8B759EE1EF,0.06827797
CC_BF971FA7A950,0.17248422
CC_BFACE960372A,0.10110949
CC_BFBF917EFEB7,0.554778
CC_BFCAE2959708,0.047713466
CC_BFD80ECB739A,0.22696209
CC_BFDEC7E68821,0.076599404
CC_BFE3AD881F4C,0.04902369
CC_BFE511C0F9F3,0.58015555
CC_BFEE9CF8A6E9,0.08393848
CC_BFF8E82FE4BE,0.120418765
CC_BFF9E8C0FE28,0.59354126
CC_BFFCB2882E26,0.04286183
CC_BFFDCACC1E4F,0.11621204
CC_C003A15648F3,0.07941252
CC_C004160ABB18,0.16702124
CC_C012746F45D6,0.11137967
CC_C033B4EC89DA,0.14423697
CC_C03578357D0D,0.32665947
CC_C040C14F27A0,0.066117644
CC_C0474C48C443,0.13878535
CC_C04A1EF46A13,0.22670361
CC_C067DA2C5F99,0.40355366
CC_C0731DB0CD7F,0.6443765
CC_C07C70AA1AF0,0.1608577
CC_C0877F4DBC62,0.10506372
CC_C0896CE6B4E2,0.07266089
CC_C089B0517E81,0.082994476
CC_C08B9066A5BB,0.18639277
CC_C08DFB22BC71,0.083743
CC_C0A2108BEC82,0.19999231
CC_C0A6B0787F91,0.09910551
CC_C0B29B279C90,0.11590035
CC_C0B7151247C2,0.08045303
CC_C0BEDCC974E6,0.1119854
CC_C0C6F913C2CB,0.68632156
CC_C0C7EAB055B1,0.19044365
CC_C0CCCF588BEB,0.25869215
CC_C0D65A1BC1DF,0.6047158
CC_C0D6ADDF1E0F,0.07784354
CC_C0E49708EB44,0.2107922
CC_C0F32BA57D17,0.047962807
CC_C1094828B26C,0.32360834
CC_C124E4C094F3,0.24839938
CC_C12ECF48FA03,0.18247281
CC_C12F5F7E5C54,0.12989035
CC_C131509731A1,0.19621289
CC_C14173B64C58,0.17391165
CC_C14A4D39F494,0.3878991
CC_C14DC9106B7E,0.24069583
CC_C1624A910E58,0.036575034
CC_C1645FA6EE7C,0.10418927
CC_C165A26E7C1D,0.70393693
CC_C16824A69631,0.051339973
CC_C177831DEDC2,0.104308486
CC_C1815DD481ED,0.77032006
CC_C18313F97FC1,0.26422706
CC_C18A7BC23071,0.24940965
CC_C1941883C762,0.10837195
CC_C1A0989CDF23,0.033891693
CC_C1A8C99D910A,0.10524962
CC_C1B057BAE0BB,0.3297445
CC_C1B5D9A95708,0.12063394
CC_C1C28181E30E,0.1369952
CC_C1E8CA45E983,0.09960806
CC_C1F4DD05F5FB,0.19726624
CC_C205BAC0D181,0.077693015
CC_C208790016F7,0.07228483
CC_C219E603FD0B,0.0699352
CC_C2323893E922,0.1097888
CC_C236A614F73D,0.09928267
CC_C241491551A8,0.134837
CC_C247E0377048,0.1077428
CC_C24FBA584039,0.2437818
CC_C25078D044CC,0.1889625
CC_C255BE787955,0.19385938
CC_C25ECB5C5FD8,0.059160363
CC_C276E722FB1B,0.32295996
CC_C279090E1F74,0.75698787
CC_C279CA96D14A,0.13375878
CC_C283330B9999,0.04006276
CC_C289AF57EB24,0.23857675
CC_C29558864857,0.11713124
CC_C29846DE78AC,0.6153934
CC_C2AEE09D92AD,0.08959727
CC_C2BBFB603032,0.3445067
CC_C2C2B2EEBA69,0.035217594
CC_C2D1CBB42952,0.17715769
CC_C2D4587A871F,0.71854264
CC_C2D583F20739,0.33683574
CC_C2D9086A8C67,0.066895366
CC_C2E8FA308586,0.18491022
CC_C2EA104630E3,0.111379296
CC_C30ED2C6265A,0.03995694
CC_C31BA9FD4FFF,0.2727468
CC_C31DC3117984,0.17944302
CC_C33142B2E26E,0.42626148
CC_C340668CE604,0.11145059
CC_C36580241000,0.14254594
CC_C3664AFC710F,0.13197938
CC_C3676D2ADC91,0.2079566
CC_C368AC6AE19C,0.0459472
CC_C38B446B7432,0.2094083
CC_C38BE6D69E61,0.05903405
CC_C38FB634E7B9,0.08606982
CC_C3913A125FC9,0.12961994
CC_C392AC1AABDB,0.14158595
CC_C3A37C3EDCC5,0.37480786
CC_C3A42A96D260,0.22095412
CC_C3CA355F78BC,0.11634884
CC_C3CD972B25E9,0.14248176
CC_C3CE9FCB05EA,0.047978256
CC_C3DA12B31CD5,0.0880028
CC_C3EF46D2CF29,0.22369039
CC_C3F301EAE202,0.17945781
CC_C404C200B723,0.09561416
CC_C40BEE2EAD73,0.2677511
CC_C40CA3E960D9,0.16502824
CC_C40E0EEBA53A,0.17456421
CC_C42183D7A586,0.10524544
CC_C427199DAC5F,0.47662914
CC_C445AEF194CA,0.07317635
CC_C45051D20EC8,0.14958392
CC_C47FCA703A69,0.25923997
CC_C4965C6C6935,0.30138898
CC_C498BD798847,0.055279974
CC_C49A42D1C3CA,0.11309387
CC_C4A2F5B06976,0.07745163
CC_C4B632AEB96F,0.17170358
CC_C4D194378554,0.03467702
CC_C4D90E9CA5E9,0.1364495
CC_C4D941D5A5F9,0.12463951
CC_C4EB2486A9B1,0.21600439
CC_C4EC2923D96F,0.32211334
CC_C4EC9ACAE8C4,0.72961104
CC_C4FB2ECB13DD,0.2599642
CC_C50467EBCC58,0.08594648
CC_C50C5E2A77CA,0.15953022
CC_C50D7FAA75C1,0.0595239
CC_C51FE3F4D2F3,0.15968582
CC_C5234F4713B7,0.07288956
CC_C55110310E14,0.103155635
CC_C563D509181A,0.07423427
CC_C5736F4887D6,0.7776567
CC_C57C4F09442B,0.09707635
CC_C59D2CA55CAD,0.7986732
CC_C5AD04ABF022,0.0924766
CC_C5AF7BF4B951,0.041851263
CC_C5C5FD9FCFE4,0.66479087
CC_C5D9A89022EF,0.23681958
CC_C5E1FA10BD6B,0.15471889
CC_C6039EF0459B,0.16682714
CC_C6133F44EB0E,0.081296735
CC_C637C1142503,0.7737048
CC_C65496C86EAE,0.13679698
CC_C67C2B86A807,0.16267107
CC_C690CF8AF3B4,0.08459542
CC_C69204FFED48,0.32083422
CC_C69DD80E5055,0.08840941
CC_C6AE389CA79C,0.10752313
CC_C6AFA8AF33BB,0.084632546
CC_C6B56B2869A6,0.38406786
CC_C6B61E03B42D,0.19017608
CC_C6C2B357FDF2,0.12839715
CC_C6C4A4A318E4,0.1353581
CC_C6DECDCC7956,0.18732986
CC_C6F134ABD932,0.58327234
CC_C6F24128D8D3,0.17802593
CC_C6F8C5E3D746,0.08302998
CC_C6FB2BDCC78F,0.39686918
CC_C70DBEB08378,0.8093359
CC_C71AAC6F9607,0.09114787
CC_C73D1C53BEC0,0.33130243
CC_C7423B380FD2,0.0559924
CC_C747ABF2B4BC,0.08062272
CC_C74F0C45C093,0.13678485
CC_C75307665BCF,0.2299485
CC_C76473DBFF83,0.31337088
CC_C7652C2D1CC7,0.20793843
CC_C77B38900325,0.20815404
CC_C782A94E6754,0.04649726
CC_C786E0FDA098,0.7720803
CC_C794632B3AAC,0.4179572
CC_C795250A7B3F,0.14749874
CC_C79BF5794AD9,0.06637192
CC_C7A2A7BF85C5,0.06118404
CC_C7A2CEDA36CD,0.4826879
CC_C7AAAC514CD0,0.044503044
CC_C7B39AE8206F,0.120728694
CC_C7BA884F8DCA,0.15044008
CC_C7BC592C11DB,0.05951321
CC_C7CB29EBCEE1,0.050643083
CC_C7D2BE35C77A,0.084571004
CC_C7E56C7FFA19,0.18832865
CC_C7ED63E403A8,0.081796594
CC_C7EFF4BBEE1E,0.073163785
CC_C7F1C90A261F,0.1127653
CC_C7F38C2DEDFF,0.21574706
CC_C807F881A35F,0.26205412
CC_C808346EF2A7,0.05174485
CC_C822401D05A0,0.12798929
CC_C82D0EB32984,0.11562673
CC_C82DE4520088,0.21233816
CC_C84080607284,0.060394622
CC_C85DEB66D6EC,0.24687552
CC_C8601860B3AB,0.32239404
CC_C86B56E5B000,0.09985876
CC_C874E7D8B96A,0.06416552
CC_C88F02C38654,0.13205838
CC_C895990DF270,0.15020753
CC_C896D6E93110,0.36257473
CC_C8A57920FB6B,0.08399775
CC_C8C2CEAC6750,0.51690245
CC_C8CBB38CF4B6,0.45333877
CC_C8DF2AEC8023,0.17649518
CC_C8E24B1925A2,0.2132561
CC_C8E2F0CA5050,0.7136166
CC_C8E875AAFD58,0.3204507
CC_C8EF7366016A,0.08401875
CC_C8F1FB9C56E5,0.08295787
CC_C8F2FF7E6DAF,0.14189951
CC_C916DC82A00B,0.32315135
CC_C91FF308D57A,0.071716204
CC_C9297D88CD26,0.34113693
CC_C932D885E1AA,0.21060653
CC_C947A66A6A34,0.11648703
CC_C953D19C82A6,0.31544635
CC_C960365C1125,0.22047406
CC_C96221203852,0.19865526
CC_C967937FC81A,0.70479226
CC_C97434767545,0.23631181
CC_C974620D4D4F,0.28174797
CC_C9749B07E3CC,0.11878437
CC_C979F86EC4EB,0.068275265
CC_C9882357496D,0.07158858
CC_C98B5F2B994A,0.118525684
CC_C98CA453DC7F,0.1273802
CC_C996515164AF,0.6583313
CC_C9A1B8F512F3,0.4180749
CC_C9E008678B77,0.082140684
CC_C9E89E3728DA,0.21971343
CC_C9EE0357CF4D,0.16459799
CC_C9F15C15BA6A,0.12095134
CC_C9F3BB887EB9,0.21603853
CC_CA0906B9B58E,0.06350071
CC_CA16B9133E4F,0.377374
CC_CA2524A5C7AF,0.30531317
CC_CA2A17C9CD44,0.47554833
CC_CA32C61E255B,0.09011309
CC_CA37F92A8BC6,0.15829116
CC_CA3C9D0F42A2,0.51765114
CC_CA4669FF2379,0.13082242
CC_CA486E08F176,0.051435005
CC_CA5CF069C36C,0.06871152
CC_CA6AB58D2C8D,0.2439776
CC_CA6EDCBFA9E3,0.17676242
CC_CA6FB58C11F4,0.08838864
CC_CA7902338F91,0.18003698
CC_CA7BE11DCB92,0.117213786
CC_CA87A148C386,0.07823983
CC_CA8E7E45347C,0.16707303
CC_CA9214D0E170,0.1483075
CC_CAA07EABEF71,0.05777545
CC_CABC0190A9BF,0.48320934
CC_CABF171B8582,0.5470767
CC_CAC2F989A2D6,0.25483683
CC_CAC50FF13A43,0.4725758
CC_CAC9C52B6FB8,0.23505767
CC_CAE19DE8446F,0.07627479
CC_CAE5F6D8328C,0.45201245
CC_CAFA0C6DBCEB,0.05780034
CC_CAFE5D6E3E1D,0.11946989
CC_CB02A97FAC1F,0.20555831
CC_CB1155AAC7EB,0.12952264
CC_CB1B2FC5769C,0.17281981
CC_CB1BD3C19303,0.1862454
CC_CB2423DD4809,0.7822093
CC_CB33381406F3,0.6680245
CC_CB3CBA971E97,0.08520121
CC_CB45CB5C940D,0.16188729
CC_CB4A2667F8CE,0.18420571
CC_CB4EA92BE238,0.060667094
CC_CB4EE5CC0B09,0.15677321
CC_CB50BDD92A4D,0.23747675
CC_CB6A55831080,0.074885994
CC_CB6CE149111A,0.1423039
CC_CB6F9DA78019,0.04503457
CC_CB722FAA608D,0.23294315
CC_CBA786C05C1C,0.7241013
CC_CBA9A6206DCB,0.17716742
CC_CBB7AE2847B6,0.21679524
CC_CBB9DDEAC819,0.027886067
CC_CBC30D127BA4,0.07115323
CC_CBE67EF0D3C5,0.46349573
CC_CBEC318365B3,0.31681123
CC_CBED6669EDA7,0.06430143
CC_CBF1B052FA7E,0.065603726
CC_CBFC7EFF2F94,0.1248401
CC_CC27394B5E35,0.070659734
CC_CC2A7B3D7A55,0.13979346
CC_CC34B2523794,0.1728178
CC_CC34E9023873,0.65912646
CC_CC37D81F02A7,0.59054774
CC_CC4822AEDB83,0.67179644
CC_CC5D6CAE5ADB,0.244508
CC_CC6D27804EF0,0.07794119
CC_CC71D4876B90,0.12162302
CC_CC75EA7F2C8F,0.10763094
CC_CC9214A5C0CF,0.09052151
CC_CCA2B8D2446C,0.40101147
CC_CCAB3E56FD92,0.18753304
CC_CCAF321D46D7,0.048975877
CC_CCB46EA56584,0.21805456
CC_CCB60CB8754C,0.1355535
CC_CCD759553325,0.064203754
CC_CCDC28D49832,0.1709292
CC_CCE55029E621,0.63736993
CC_CCEA133D7268,0.53943175
CC_CCED6CEBC3D6,0.32013997
CC_CCEE76415B51,0.3242342
CC_CD1326D52AE1,0.6862879
CC_CD35EEA81CE8,0.33749047
CC_CD373485942B,0.09007975
CC_CD379DD39658,0.34028473
CC_CD37D5CF0EB0,0.17879894
CC_CD380545A7A4,0.05876996
CC_CD3A378249BA,0.2597478
CC_CD415B1C7741,0.044928893
CC_CD4976814F28,0.038501814
CC_CD4F5F1C357B,0.24334358
CC_CD54829713AF,0.08081947
CC_CD5E3556D5AB,0.17505127
CC_CD6C797F3C4F,0.07904061
CC_CD7BA8F6C4BD,0.09201334
CC_CD8352F0478D,0.16303113
CC_CD972E578564,0.8052662
CC_CDA1B20179B6,0.11328144
CC_CDA2A36B81B4,0.22788428
CC_CDF6354EC332,0.06595369
CC_CE01E17132E0,0.040701795
CC_CE1280B30475,0.14371596
CC_CE134F878294,0.048854876
CC_CE229894AC00,0.1391126
CC_CE26907B9D30,0.45024982
CC_CE2755B42DAC,0.08217254
CC_CE2BD7F74421,0.31198367
CC_CE3784121355,0.12826836
CC_CE41F9FF509E,0.1707129
CC_CE5AF0E9A157,0.08844471
CC_CE5EA019DCAA,0.09682253
CC_CE6460FE39F6,0.104029454
CC_CE72D1734761,0.5738964
CC_CE7FC560768D,0.33647257
CC_CE871DB3950F,0.32126072
CC_CE8D1564C4F1,0.1556657
CC_CE93240526A9,0.32609376
CC_CE980FCAB154,0.2690222
CC_CEA0FAD348F8,0.091254614
CC_CEA369A3451F,0.089366615
CC_CEBA67081418,0.20865062
CC_CEC0C00FE770,0.58569276
CC_CEC3B21D2982,0.39610875
CC_CECEC680F701,0.12571847
CC_CEDB263DB07B,0.04043885
CC_CEDF9C14DC79,0.26910695
CC_CEF23255BE06,0.057204556
CC_CEF8C71C4E8B,0.43583
CC_CEF91FDD41AE,0.3560068
CC_CF0B68684C3D,0.08878893
CC_CF149865368F,0.08131199
CC_CF2A7A5582C2,0.17844452
CC_CF2B3E37CF2E,0.32577676
CC_CF2F163CE005,0.1694882
CC_CF3C063DF626,0.15617305
CC_CF3E91DB8220,0.4063037
CC_CF3FB5744443,0.73944587
CC_CF4991B8EFE9,0.122668475
CC_CF53FD3AC9AD,0.03536678
CC_CF5A140B279D,0.17243059
CC_CF613A7162B6,0.13869675
CC_CF6A8A460B19,0.08706148
CC_CF792E77A16D,0.044307552
CC_CF7BAF373E0A,0.035600416
CC_CF8B1D0015C4,0.15984912
CC_CF8D0517B79F,0.07037633
CC_CF92037ACA93,0.23663057
CC_CF960A300F40,0.34942928
CC_CF96B6335E6C,0.17078747
CC_CF9880D67A7D,0.20445985
CC_CF9B249283A7,0.7145094
CC_CFABF7407978,0.20603883
CC_CFB2AE99EABF,0.14718695
CC_CFC0BC440771,0.14053464
CC_CFC235739F25,0.53291816
CC_CFC6E8954325,0.05405327
CC_CFD37EDB214D,0.23632734
CC_CFD93C04478A,0.5609312
CC_CFE0AA5381FD,0.65960443
CC_CFEB021AA137,0.05246824
CC_CFF6E2A6A3F9,0.2654612
CC_CFFDC4947256,0.15014207
CC_D009368CE434,0.05208489
CC_D02E59E08B02,0.06047839
CC_D03848B7353E,0.059087288
CC_D03A69B1563D,0.12520674
CC_D0576802096E,0.093825065
CC_D0582E0F3440,0.06012168
CC_D059D0BEC5D5,0.3114199
CC_D05C4A8F2A25,0.14151461
CC_D05FBA9B9040,0.6760648
CC_D0653EA71CAD,0.20705529
CC_D076A984B786,0.13471046
CC_D08FC2D99CF5,0.17991513
CC_D09942A02904,0.11718447
CC_D0A8EA2D37F2,0.15005286
CC_D0AAD35C800F,0.1339694
CC_D0D666EC0244,0.09257404
CC_D0F3F68F4452,0.50668
CC_D0FBDE8ABAA7,0.10990263
CC_D103D50237D9,0.22993292
CC_D11E5A30CF3B,0.32449603
CC_D122B30AE7CB,0.55520713
CC_D1679B40D83A,0.091856174
CC_D1760785D631,0.2271942
CC_D18088587757,0.23362957
CC_D184160042B7,0.32784078
CC_D1886485E8B4,0.12147057
CC_D1893DD5B4D4,0.08695771
CC_D18B60E035CE,0.7174202
CC_D191D099789D,0.084104836
CC_D1BDB41E7FF6,0.1329673
CC_D1BE2E6E9C9F,0.20779482
CC_D1BFB29BF61C,0.07306815
CC_D1C259F80E13,0.08598082
CC_D1C63DA9CA93,0.104481876
CC_D1C931E4F305,0.06974711
CC_D1CE25F271BE,0.15623078
CC_D1D2127A0C67,0.048696958
CC_D1D31EA359F4,0.12753506
CC_D1DB888BD9B0,0.11183916
CC_D1E82B9DD102,0.13617726
CC_D1EF68A649AA,0.13134295
CC_D1F05E69F80F,0.056243498
CC_D1F6FE158DCF,0.24529238
CC_D205612FD566,0.65992624
CC_D21474C31E3C,0.6769234
CC_D2195A061A0E,0.6813972
CC_D2199CC1CB08,0.031293068
CC_D21FCD9DFE53,0.52540463
CC_D233B2C8062B,0.39164534
CC_D234CF2C21AE,0.671627
CC_D2373015DF41,0.06475053
CC_D239CBE1012A,0.11805479
CC_D2591377E980,0.73659414
CC_D25E25C831B5,0.075175256
CC_D262BB13DAAF,0.2886252
CC_D272BC699F38,0.05199938
CC_D2813C835750,0.7631116
CC_D285B0D67016,0.023456845
CC_D28FB525E310,0.22695647
CC_D2AFEE04E96F,0.035028547
CC_D2BBAA423304,0.14220768
CC_D2BE8B4011D7,0.06653811
CC_D2C49D2FEBF8,0.18622938
CC_D2D09498D333,0.14126623
CC_D2D187DA334A,0.13297023
CC_D2D47A5386CE,0.22638486
CC_D2E98F50621A,0.058214333
CC_D2F265035F0A,0.0508758
CC_D2F91355C6D0,0.16700593
CC_D2FC934F8324,0.124979764
CC_D3044C67CFFB,0.076405965
CC_D313F2C49E46,0.34165663
CC_D31FFB053D60,0.101540565
CC_D336DB6323BB,0.38078332
CC_D343A7CBA377,0.07408062
CC_D345AF4C4B61,0.17113
CC_D34FA9410740,0.07115098
CC_D354C5D1665A,0.14219847
CC_D35E96480AF8,0.27807426
CC_D3616386D6D2,0.13712391
CC_D365173E852D,0.802309
CC_D3683C6CFC5C,0.60731715
CC_D373463038E0,0.06035158
CC_D379CF8E3FAB,0.71882147
CC_D37B4CA7F3D8,0.060589615
CC_D37B5B3CA4BE,0.6450056
CC_D39265D7B6C9,0.05396367
CC_D39E3F732408,0.07652206
CC_D3A7B21165B3,0.23666418
CC_D3A9028A4660,0.057983804
CC_D3A948322BD5,0.70933795
CC_D3B95DB5E6C1,0.3001093
CC_D3C8C5014D5C,0.22675498
CC_D3D80929AF52,0.11445122
CC_D3F25136073A,0.21264134
CC_D4102AD032BE,0.19824064
CC_D416EFCEAD89,0.048983015
CC_D41C5030494A,0.70660865
CC_D42E477596A3,0.06204314
CC_D432C89BADA8,0.15639508
CC_D434638E9569,0.14481294
CC_D4518F98BB77,0.07961143
CC_D452847F2A4C,0.071395166
CC_D454056F92E6,0.22007173
CC_D461FB973AB2,0.7905486
CC_D462250B13D3,0.31919172
CC_D48E686A834A,0.6954385
CC_D48FFD985E51,0.060026504
CC_D49263A1BDF7,0.11910085
CC_D49668C65C33,0.027042232
CC_D49D9C57A849,0.08599446
CC_D4A029A150E4,0.19525734
CC_D4AC998C0BC8,0.66069514
CC_D4B02AAFC697,0.12176015
CC_D4BDF0F4FE9E,0.111712694
CC_D4BF2778371B,0.12816489
CC_D4C0F4DB3501,0.16658795
CC_D4C6DD8A364F,0.15452132
CC_D4CDE2A1E174,0.15151137
CC_D4E7EE35695B,0.13291372
CC_D4ED652E86DF,0.2870415
CC_D4F844B54B84,0.045842003
CC_D4FA0055DB4A,0.06717375
CC_D4FDCBAFEC74,0.7510361
CC_D517D90E105F,0.08279113
CC_D52B87A01028,0.19957978
CC_D530C3D1DBF8,0.6611459
CC_D5327E41EBA2,0.15824383
CC_D53C8BCA531F,0.09808459
CC_D540C7ABF683,0.6857037
CC_D54105FC1349,0.4101075
CC_D550CE8B9313,0.7115134
CC_D55C5B432387,0.1717715
CC_D5646FCC5E14,0.53317684
CC_D56F34613338,0.115226485
CC_D573AF0F1674,0.0980626
CC_D586E2C2B3EF,0.22329736
CC_D589E388CA02,0.06307964
CC_D58EBD954E68,0.22677003
CC_D59AFE884BDD,0.41009584
CC_D5AC596A85E1,0.15936744
CC_D5B99B578573,0.044134032
CC_D5CBF4A4D3B3,0.14380263
CC_D5CE05EAA837,0.2349876
CC_D5D36A6C8DB3,0.07907417
CC_D5D8D545736F,0.07717064
CC_D5ECFAF8C1A3,0.071627244
CC_D605715F737A,0.105852164
CC_D617428B4B0E,0.39246875
CC_D61E8E5C4414,0.1174972
CC_D652B5F05769,0.17323406
CC_D6564D0CB9A8,0.22545256
CC_D66183657419,0.07631895
CC_D66BDD3E1AA7,0.14179784
CC_D66DA331534A,0.09880991
CC_D687A780C0E6,0.04817587
CC_D6AE871A4C9C,0.13202661
CC_D6B7AF1FBDD4,0.4576951
CC_D6B874308353,0.56148195
CC_D6B8F47FE484,0.39984763
CC_D6CB1BFDCEEA,0.10937392
CC_D6D47D7E1C51,0.04395641
CC_D6DE060699C6,0.13552943
CC_D6E06014457F,0.82143867
CC_D6E8E17EA449,0.33051088
CC_D6F216AB1C4A,0.15769511
CC_D6F5E3A51C8A,0.110371366
CC_D6FB3B76D7A0,0.65120757
CC_D6FBCD4BA3DA,0.2875103
CC_D70918916097,0.493435
CC_D73B1B9B81A5,0.053255014
CC_D73E9E24BB48,0.12007705
CC_D74AA0F20466,0.13082805
CC_D750070C44BB,0.74450076
CC_D7529675CB7D,0.14093493
CC_D75C8CDB510B,0.6092581
CC_D76009C47709,0.32527187
CC_D771775A58F5,0.20741214
CC_D77F9D613EF7,0.18504371
CC_D7999C3EDE22,0.18719123
CC_D79BF1D26499,0.19552067
CC_D79C05885899,0.112439014
CC_D79D4F15D10C,0.046286207
CC_D7A11E3512D2,0.04876328
CC_D7AD7A7279C4,0.13462315
CC_D7B35055AF0D,0.18981367
CC_D7D99409D57E,0.29136023
CC_D7E403181D8F,0.09932167
CC_D808C7BA9399,0.12929423
CC_D80DE8B544F3,0.040745106
CC_D81D19AEFB77,0.030822035
CC_D81F317F6384,0.14114271
CC_D844D9DF962C,0.08424685
CC_D847D978387D,0.048225902
CC_D85C7B85C440,0.29160118
CC_D885591596E7,0.09203426
CC_D887D07BDE23,0.35293075
CC_D88ACC0CFDA5,0.10808681
CC_D88BDD0F510C,0.05394334
CC_D8956424CB37,0.3520899
CC_D8959BB99A7F,0.23469596
CC_D89A9A14B5E8,0.054379366
CC_D8AD01F3CCE7,0.061053433
CC_D8B4122DC296,0.124459274
CC_D8C38B187875,0.68007684
CC_D8E55509595E,0.056476068
CC_D8E6B90C37A3,0.11008288
CC_D8F1AECFCC2F,0.06474497
CC_D8F7672C70D7,0.04289586
CC_D8F7E904E7DF,0.18983075
CC_D8FEF1C99F88,0.6913112
CC_D90761F9E9C9,0.4196355
CC_D90D9D5C8FEB,0.119006105
CC_D912917A4F4E,0.75562763
CC_D91ECE64FD0C,0.13944589
CC_D9325E5695D5,0.06809024
CC_D9563654A397,0.1617393
CC_D95766A6C24F,0.12887928
CC_D95939B1BBFA,0.06578054
CC_D96729C38BC9,0.10094256
CC_D9791EFF766C,0.20847954
CC_D97AA7C54F6D,0.10774184
CC_D98BA5CE8EE6,0.50074655
CC_D991DAD5413D,0.15716384
CC_D995C89AA359,0.19265608
CC_D9A54F55AD6A,0.109040536
CC_D9B87A96C353,0.2706644
CC_D9C42B0B6A0C,0.18178746
CC_D9D487E78FAF,0.63819283
CC_D9D744A66B09,0.078985564
CC_D9DA3F6E2E7E,0.12643108
CC_D9E5792258E4,0.08143068
CC_D9E6B9CBEB77,0.04997326
CC_D9F0CDB02AC6,0.13479748
CC_DA0201D1BCF2,0.09139646
CC_DA0500AFE692,0.063159525
CC_DA0E0BD3880D,0.31926715
CC_DA10F53AE655,0.65045375
CC_DA1643A835A2,0.0931466
CC_DA1C5BAB7E35,0.43913734
CC_DA1DC6A6371D,0.19482969
CC_DA1E6B31DD2A,0.68477654
CC_DA1F282809D0,0.027523518
CC_DA226442D919,0.76651555
CC_DA31EC318B1F,0.065037414
CC_DA33597C6459,0.13404498
CC_DA43CFB5CC2F,0.18777008
CC_DA481C72B8A4,0.21937081
CC_DA55447636EB,0.037986733
CC_DA5AE34842E3,0.113755904
CC_DA6880B018AC,0.18700418
CC_DA700A961616,0.17428616
CC_DA7E65F1E6AA,0.07151122
CC_DA80FAA7FE30,0.0992906
CC_DA8DCCC1199D,0.32020056
CC_DA8EA724C1D3,0.41201937
CC_DA8FA65D1924,0.041263394
CC_DA99D1E41C3E,0.05818932
CC_DA9C3BEFD0B3,0.15866327
CC_DAA3B7FE1C62,0.07397724
CC_DAACE4211B34,0.1695156
CC_DAD239E56638,0.7779074
CC_DAD4BC090253,0.08354478
CC_DAEDBA26BA12,0.30515358
CC_DB1EB08EB40E,0.14094114
CC_DB2314ED6960,0.08804056
CC_DB25E05EC5CD,0.4310092
CC_DB3BE0C87882,0.049013402
CC_DB44628BC147,0.15766291
CC_DB562E602BA8,0.1252377
CC_DB61D7F5F8F2,0.7016249
CC_DB6498598C32,0.15795878
CC_DB6B59FB6E30,0.037676305
CC_DB801B947698,0.3133037
CC_DBB8C467FF1D,0.09288184
CC_DBCD21C2C322,0.07275098
CC_DBDB148E45DD,0.11388201
CC_DBDF9BFA7E87,0.104773104
CC_DBF5CD2D854F,0.20522225
CC_DC0077DE6E39,0.18811977
CC_DC23159A1F99,0.08218459
CC_DC2458827FD8,0.20844577
CC_DC2BE35D58AC,0.2366946
CC_DC49C8D3F7EC,0.58203185
CC_DC5DE66826E9,0.10490178
CC_DC6063FC6464,0.07900991
CC_DC771AE1B4BA,0.6862449
CC_DC7DEBC30E17,0.41727817
CC_DC978F3A711F,0.6539591
CC_DCA2140C7BC4,0.20311247
CC_DCA5CE7C9DC3,0.2099828
CC_DCB5798049B2,0.11097065
CC_DCD10C95C942,0.5001779
CC_DCD145E8E729,0.30272043
CC_DCE0BFC03B86,0.06042323
CC_DCE75AE2FB52,0.050840233
CC_DCFCEEF21BA7,0.3384185
CC_DD12A8C462FA,0.07952342
CC_DD14867350AC,0.12889591
CC_DD232BC8881D,0.20516896
CC_DD2473D34D68,0.19143265
CC_DD2B5C4CD318,0.057248905
CC_DD4EC06C3A92,0.2466243
CC_DD5299DA8C1C,0.063309655
CC_DD59BFF18ABC,0.14419606
CC_DD6777E1B05C,0.04854626
CC_DD6EE1501B89,0.09416154
CC_DD78B52AE022,0.12993777
CC_DD7983A07B43,0.68565995
CC_DD80B5CC495F,0.11856002
CC_DD8956B71825,0.6290595
CC_DD8D40E7E2A9,0.08755216
CC_DD9972D0B63E,0.11920207
CC_DDAE70634ED3,0.09851674
CC_DDB4A9FF2B03,0.0900044
CC_DDB68302DA2A,0.18725786
CC_DDB9DEC9C037,0.071316145
CC_DDC610D2B2F0,0.074779324
CC_DDCAEC6BD9F0,0.1949329
CC_DDDF665EBD93,0.28255606
CC_DDE66EBF2157,0.06334074
CC_DDE8B7E9C7F4,0.32752544
CC_DE019FC36D28,0.371669
CC_DE07076B04D5,0.1126452
CC_DE07AECD2361,0.040181722
CC_DE08A4514010,0.56285256
CC_DE093FAC5293,0.5278874
CC_DE17BC1C2324,0.047757473
CC_DE1B13B3E504,0.042962607
CC_DE4264861B73,0.098203026
CC_DE4810B88C51,0.3251259
CC_DE4EE8A16896,0.12751979
CC_DE523A2403BB,0.07419479
CC_DE52860CFBBE,0.16694476
CC_DE593193FB9C,0.1563341
CC_DE5A9B499ED4,0.08237335
CC_DE6AFFA63ABD,0.081283465
CC_DE7CEC14CCD5,0.64609224
CC_DE7D7B5BBB14,0.6275569
CC_DE81AAB7BF48,0.055620328
CC_DE8956D433E2,0.64022124
CC_DE8FB8D1CB71,0.28085956
CC_DE90D07B269D,0.2002227
CC_DE9A62529780,0.13761343
CC_DEA425EA8441,0.10156512
CC_DEBE01582EFF,0.18400957
CC_DEBFD4E79A38,0.041792493
CC_DEC97F13CB8C,0.21424568
CC_DECF1507C86D,0.15654552
CC_DED24C8D047A,0.102657005
CC_DEF4AEBD31C8,0.26210535
CC_DF062F698349,0.10216269
CC_DF13D5CB626A,0.119332165
CC_DF15C526CDC5,0.044278994
CC_DF1F6C68F7D2,0.14552002
CC_DF3EB88F509B,0.13113247
CC_DF4E332C886F,0.03979626
CC_DF514171DC30,0.18499187
CC_DF536CEAE5C0,0.04981116
CC_DF5806CC2CFF,0.13370039
CC_DF715690EF20,0.21620396
CC_DF718A37AF15,0.084063426
CC_DF7276DD74AA,0.10596642
CC_DF750B2D6872,0.33803517
CC_DF9FB6670627,0.073082745
CC_DFA65A0125D9,0.047763344
CC_DFAE355359B8,0.20656174
CC_DFEA562F7BCF,0.2917065
CC_DFEDAF0F0D6E,0.035839323
CC_DFF6F74C64B5,0.6753297
CC_DFF87DF16763,0.12798162
CC_E00D8ECE9FA9,0.14524919
CC_E027E36615C0,0.5304579
CC_E02E23CE49A8,0.07742125
CC_E030B3AEBF19,0.15748167
CC_E031A4C862C1,0.13665867
CC_E0339B331F4F,0.08917901
CC_E038981B2FEE,0.115674965
CC_E0463868968B,0.15484129
CC_E05A8621B581,0.32020056
CC_E07FB0312232,0.15983473
CC_E088594E0624,0.18977585
CC_E09AC3B1E534,0.10801728
CC_E0AC29AFCF97,0.15342487
CC_E0BAC6E0D0DA,0.058436856
CC_E0DDDA07F0A1,0.15009885
CC_E0DF45AB72B6,0.20812103
CC_E0E1F8E7379E,0.09856658
CC_E0EF095444A5,0.1616465
CC_E102E4F7F8B4,0.28296673
CC_E109B4CA6A8D,0.14738578
CC_E11470A2D92C,0.40396935
CC_E117B8A6ADC6,0.029275466
CC_E128015073F3,0.10549244
CC_E131D5EB9237,0.22882327
CC_E14A24095E9F,0.14497146
CC_E14CADF89123,0.463932
CC_E16876025011,0.04747214
CC_E16C71C15D04,0.708764
CC_E16F1BB83653,0.06751129
CC_E17448FB08EF,0.47561935
CC_E17AAACEB07D,0.08024177
CC_E1875522DC57,0.14327945
CC_E18A0734641A,0.112926275
CC_E18A22453843,0.07877576
CC_E1B4E3360C0F,0.16125822
CC_E1B5AE645169,0.051628456
CC_E1B71F6B7DD2,0.25401896
CC_E1D073F693A2,0.25768065
CC_E1EA83C31C66,0.10500333
CC_E1ECAE226485,0.23272464
CC_E1F0C5076481,0.08633199
CC_E1F78CE289D8,0.047683097
CC_E1FBCECE0A54,0.21770574
CC_E1FD46CA26D5,0.10345012
CC_E20E7C7164A6,0.7779203
CC_E211E2698C14,0.038960867
CC_E21B4F587C45,0.15452327
CC_E22A278A1386,0.06334911
CC_E24078C03B7C,0.15010989
CC_E2452737F950,0.13882226
CC_E246119AA09C,0.6562298
CC_E246942C7310,0.08581159
CC_E2474A334F3D,0.097318806
CC_E2489637D0E8,0.150872
CC_E2521AF9C2A2,0.08762052
CC_E253F4AC4762,0.6063574
CC_E257805D0F0A,0.19945267
CC_E25A924EDB70,0.08582638
CC_E25B5D5502AD,0.09968619
CC_E2619E24BEDD,0.65742064
CC_E274DAF3C064,0.07506323
CC_E2787CBDFBF1,0.14741498
CC_E28AE2E68BB7,0.67907774
CC_E2C3E272D059,0.2748705
CC_E2D653061523,0.4496495
CC_E2ECDC7D23EE,0.1258253
CC_E2F0E725C3AB,0.060355622
CC_E2F7712CD056,0.18934736
CC_E2FD7FCF0AD5,0.8038078
CC_E308C7DFB2F2,0.1323168
CC_E30B791D5F11,0.2495969
CC_E315F7A94400,0.34458098
CC_E31DAB1E73F5,0.06015892
CC_E32034C97E83,0.22068866
CC_E32DBED5EAC1,0.26125708
CC_E32DDDDEE3CB,0.1873209
CC_E343EC3EB052,0.64950067
CC_E34A04E78D60,0.1634967
CC_E3503B565AD0,0.2500218
CC_E356B05ADD56,0.20948493
CC_E35D02BE6780,0.023621412
CC_E369AAECB2B1,0.46080452
CC_E36ACDB4F96F,0.54362166
CC_E36C7F0E1657,0.8108631
CC_E381FD4674D5,0.030306365
CC_E38E3835121E,0.052189138
CC_E3A70438A0C1,0.25027403
CC_E3B5C76189F3,0.2145468
CC_E3B7B7E57889,0.17775737
CC_E3CCC0D886D9,0.22006026
CC_E3DD8AD10171,0.3298117
CC_E3E230CF20A1,0.19330148
CC_E3E4B2543CCB,0.05916442
CC_E3E5DF01E014,0.16377015
CC_E3EB157288A2,0.090800986
CC_E3FBDA203EDF,0.18374796
CC_E404FCA6CB2B,0.6858413
CC_E4054F9C8442,0.32918417
CC_E405D808772F,0.044728044
CC_E4137B250609,0.38678202
CC_E41482A7E968,0.07450823
CC_E421FA1874F4,0.10455879
CC_E42C38BBBD04,0.19610979
CC_E42D90BFB285,0.046106156
CC_E42EFC05C891,0.071690306
CC_E430F3C75969,0.11463499
CC_E4576D6B6478,0.10213534
CC_E46B27A13728,0.37449175
CC_E4783FB590D4,0.16848938
CC_E489009C6500,0.1607664
CC_E493CB46177D,0.098476306
CC_E496AFA9B40A,0.29428124
CC_E4A2FFE0EE1F,0.09984023
CC_E4C553538385,0.3529972
CC_E4C7B5501ED1,0.15218733
CC_E4C8A5A60F51,0.15577047
CC_E4C94AB69214,0.38193485
CC_E4D75244E8B8,0.22068143
CC_E4D9A8EEDBAE,0.2059017
CC_E4DF787730AA,0.14484039
CC_E4E0DC070132,0.15859778
CC_E4E3C08B7F86,0.050456867
CC_E4FEEB4389C9,0.3382991
CC_E50598344DD9,0.36097512
CC_E50C634A9A18,0.033863187
CC_E5107337FDD7,0.06726211
CC_E511BFCFEC9E,0.66340786
CC_E51318749E09,0.14953654
CC_E53FE6708AD9,0.61349905
CC_E54290FEA34D,0.10594012
CC_E54B723C018B,0.054403733
CC_E554618F383B,0.09720493
CC_E557336955A2,0.10536838
CC_E55B48E73651,0.240353
CC_E55D8DC645B9,0.055928085
CC_E575DA02C575,0.22998008
CC_E576BD98A727,0.1785009
CC_E578DC77656B,0.12564895
CC_E57F3EAFD9A3,0.12355604
CC_E59A01603B7D,0.2563936
CC_E59B2D974CB3,0.225721
CC_E5A1C44F0F07,0.6490001
CC_E5A8BDF6BFC1,0.16972268
CC_E5B284DA0E5D,0.098635025
CC_E5B8363BB378,0.557956
CC_E5D8BFFA5F88,0.06246786
CC_E5DA04902EFD,0.3182085
CC_E5F53CFC20EC,0.06675225
CC_E5FAECE63C59,0.4914367
CC_E5FB6E872C58,0.07194238
CC_E6045565E7ED,0.083681665
CC_E60845ADC7F1,0.04446881
CC_E61567D6B392,0.0894701
CC_E62174AFA94C,0.14644578
CC_E6247DD14641,0.08853459
CC_E6289A61F0ED,0.08912751
CC_E62E32FB6FBB,0.021915779
CC_E62F6BE942DC,0.20701809
CC_E63E49B128AE,0.07922563
CC_E63F89885A3E,0.7667867
CC_E6466E6A92CB,0.22367674
CC_E64BC95F8B2A,0.7990716
CC_E64C652BBAB2,0.074541055
CC_E659DB355476,0.2363881
CC_E65C8BA5A7CE,0.056485128
CC_E65F39446752,0.33990213
CC_E67395791589,0.1838328
CC_E67622A69EEF,0.07879687
CC_E680830CAEF3,0.055286866
CC_E6823643AC4C,0.6439526
CC_E683F33931BB,0.1108013
CC_E68841DEB163,0.08487584
CC_E68B2C33D180,0.12805438
CC_E68EE6EC2618,0.049039237
CC_E69508D3D3F1,0.18837447
CC_E698F1348426,0.20558083
CC_E6A178F3709D,0.1204287
CC_E6A4B6E8619C,0.6437236
CC_E6B3887C66BB,0.3040156
CC_E6B6BBBDBEDB,0.3074144
CC_E6DBD0F9DC3B,0.07119442
CC_E6F090F70DDD,0.26768392
CC_E6F2D8CB45C6,0.088535845
CC_E6F8FBEDA2A7,0.08605413
CC_E70854CDFE9C,0.059719317
CC_E71C05F07F85,0.06088088
CC_E72797CABC60,0.080362625
CC_E727C1153226,0.10358435
CC_E73489D828C7,0.12293489
CC_E7355465CE6A,0.06710178
CC_E73CDBC743FF,0.19267677
CC_E74F00E75A4F,0.059249494
CC_E751F7E19192,0.155737
CC_E7522AD6431A,0.5628267
CC_E7523630D2D9,0.25124478
CC_E767372DD95A,0.63767976
CC_E76C5DFD3BA6,0.25882787
CC_E77326438575,0.18081325
CC_E77E29E11EB1,0.17770651
CC_E78F20B3223F,0.6932999
CC_E79A23E64518,0.09036606
CC_E7AC69AEA182,0.7317242
CC_E7B754CA9668,0.06466776
CC_E7BA60365AE8,0.14774495
CC_E7C95D4A741C,0.07970692
CC_E7D3D728EC5B,0.17631647
CC_E7E4D5F851D3,0.061842706
CC_E7EA49D37B64,0.35259816
CC_E7EF11A24F73,0.7709671
CC_E7F6F9A7EC65,0.06108538
CC_E7FBC7F69DBB,0.1912358
CC_E80B1A55A74D,0.15368739
CC_E824AB0AFDBB,0.18642356
CC_E826DAC92D9D,0.22341986
CC_E83AB7100D06,0.118812755
CC_E83E6D31EC76,0.19971058
CC_E86650461FBE,0.18878579
CC_E868A3754B11,0.81827146
CC_E86A993F7D05,0.087316655
CC_E87992FBEE80,0.6270099
CC_E87B909C4DDD,0.24448445
CC_E8828BA7EE08,0.12829226
CC_E886157F6FBD,0.25483757
CC_E88711C5C98E,0.1209587
CC_E887680BB6CC,0.18515538
CC_E8909BF77D8D,0.11859498
CC_E8A82DA3A246,0.13776974
CC_E8AC7545DBD3,0.07880706
CC_E8BA6B224C3E,0.10099169
CC_E8C6CA45BF72,0.20417404
CC_E8D2E3126A8F,0.6973823
CC_E8E55DAC4FF9,0.05559372
CC_E8EB77AF3F78,0.8214201
CC_E8F2C6905503,0.3518954
CC_E90831F897A9,0.18963552
CC_E90B14D51185,0.53506505
CC_E9188329C9E7,0.08920675
CC_E91E1C0C0C61,0.6230919
CC_E91E9D34C5F3,0.13590696
CC_E91F555DBA96,0.14436388
CC_E932CFF4B4A4,0.2255363
CC_E93643CB34CA,0.15887654
CC_E937CA493910,0.16194667
CC_E9409A50B4BF,0.5354671
CC_E96711AD5512,0.0592208
CC_E96A3E6912B4,0.46820197
CC_E98AEE74B9BC,0.24053246
CC_E992FB78BC2D,0.24342044
CC_E9A3AECEE3A9,0.069171496
CC_E9BDA7766728,0.32037723
CC_E9BF1AFE86C3,0.17610306
CC_E9CA055AD1A3,0.12634392
CC_E9CA0A56E917,0.16924863
CC_E9D3453F53AC,0.6417874
CC_E9D46EFFA839,0.19455943
CC_E9ED872B6037,0.04762816
CC_E9F40C1B559E,0.1392492
CC_EA06928C0AA9,0.2901788
CC_EA0A46F64C80,0.14695548
CC_EA114B15FC04,0.57955813
CC_EA1F3F67BA2E,0.09109965
CC_EA21618614D1,0.67083335
CC_EA26B5A89181,0.23047581
CC_EA26C6C27662,0.16222753
CC_EA3B5AC76649,0.1952547
CC_EA4E669C8528,0.081242636
CC_EA6917E7A5C2,0.6978454
CC_EA8A25862433,0.14722773
CC_EA901D7CA670,0.15116696
CC_EAA2BCE323EE,0.7204075
CC_EAA6D5189190,0.1100069
CC_EAAA8DD7FAAF,0.16313407
CC_EAB7408CCE0E,0.31402376
CC_EABEDB3C4827,0.15527764
CC_EAC6D83D1BFC,0.03590667
CC_EAD7F3E9DAD1,0.04824645
CC_EADC7D8196C2,0.23301001
CC_EAE608E24E29,0.041173056
CC_EB05AD2C7C27,0.057285074
CC_EB1DA337E2D1,0.14613384
CC_EB1F425EC937,0.13290566
CC_EB2FE764BF6D,0.12138095
CC_EB55483587DE,0.124496646
CC_EB569B3E2E12,0.6073462
CC_EB57E6E6C96C,0.20102483
CC_EB5A0FE0605C,0.11028883
CC_EB64EC97D01D,0.1459454
CC_EB691249B91A,0.14958362
CC_EB7C50A7D4C1,0.5638451
CC_EB7C52FDBEC3,0.13441096
CC_EB86FED24535,0.2690512
CC_EB89DECC2021,0.10572151
CC_EB999F9D6095,0.18958579
CC_EBA2F85924CE,0.071656466
CC_EBAC5A53FD11,0.08272394
CC_EBB109EF7619,0.1705613
CC_EBBD00C18763,0.040063348
CC_EBCA68C7854D,0.06768273
CC_EBCBDE122879,0.12885359
CC_EBDF6C88BBA5,0.061570767
CC_EBEDAC91ED43,0.09281423
CC_EBEEC4183FDE,0.041956842
CC_EBFD9D007253,0.47000858
CC_EC1ABC58E09A,0.17106618
CC_EC26EABA68DC,0.78784424
CC_EC2A485A3E71,0.14683472
CC_EC3B9E2FE47B,0.08558698
CC_EC505F03EE5F,0.029866714
CC_EC5317EC6706,0.18168446
CC_EC5B7FBD1EA7,0.14672068
CC_EC5C7471FFC5,0.05663092
CC_EC5D92B3617B,0.22066477
CC_EC5E214BFED0,0.66882664
CC_EC6406527201,0.12075316
CC_EC79022358C6,0.34438628
CC_EC831A90189F,0.08858492
CC_EC87C131FADC,0.045758925
CC_EC88785D6F39,0.19982778
CC_EC9173F5284E,0.037519984
CC_ECB7B3B6272E,0.062075075
CC_ECBF4CED56D1,0.1236975
CC_ECBF80B94EAE,0.78528666
CC_ECC78B7AE3F1,0.5761537
CC_ECC7E9E691F5,0.19538234
CC_ECC9235F612E,0.24820164
CC_ECCB0BD557DC,0.15843707
CC_ECCCB1B4EA8F,0.081729725
CC_ECDDF4983DD9,0.05528222
CC_ECEE93C4F564,0.52534485
CC_ED07BD8B2CB3,0.052418467
CC_ED0F4A02A01C,0.26602072
CC_ED11D72A1D3B,0.06961231
CC_ED165FC5A06F,0.052168142
CC_ED2B6A40ABC7,0.28231364
CC_ED390F22A931,0.09414937
CC_ED40E7CE5177,0.17504032
CC_ED4E4B13DB1A,0.042879995
CC_ED4F22572419,0.11903384
CC_ED5AE5CB1DC5,0.054441925
CC_ED6090A4E6E4,0.20922393
CC_ED645D91E6A5,0.118089296
CC_ED6B045B6075,0.15791556
CC_ED9313C71C57,0.13589148
CC_ED9BCE7C776F,0.76923025
CC_ED9D4644716C,0.180522
CC_EDA794402358,0.24923488
CC_EDAADACD4DED,0.08740195
CC_EDBAD2E989FB,0.12614258
CC_EDC98B474E76,0.33098665
CC_EDD1FD49A66A,0.76407415
CC_EDD448008C0C,0.7329484
CC_EDDA3B790095,0.063760996
CC_EDF95BF0E3D6,0.2021185
CC_EE03D7C2BC69,0.06394447
CC_EE0D95184E81,0.051258836
CC_EE0FF690C214,0.42943323
CC_EE2412C352D5,0.08579526
CC_EE2A010019CF,0.06714043
CC_EE2AC730827E,0.060951035
CC_EE3236E6A9FD,0.119126864
CC_EE3759EA49FF,0.1757202
CC_EE38C78AD88B,0.34093198
CC_EE3CE0FD6B77,0.5524089
CC_EE6B7E58FC63,0.039063353
CC_EE6E02464067,0.259139
CC_EE6E1FA7A753,0.15245858
CC_EE6FCE6C233A,0.22335315
CC_EE88C07B9333,0.0962777
CC_EE9004165810,0.068717636
CC_EE9BD17AD343,0.045868207
CC_EEA608D5A455,0.14780772
CC_EEAFDB1BB486,0.5390537
CC_EEB482736C41,0.2144635
CC_EEBD9DA093E1,0.051182345
CC_EEF23DDD2262,0.12966967
CC_EEFBDC9AD94A,0.084441096
CC_EF05000895F4,0.44294363
CC_EF16B2CE0988,0.3651732
CC_EF1DD3F0CBDF,0.058540296
CC_EF2D82085BB9,0.09219197
CC_EF2DBE79D656,0.27895862
CC_EF3000C48A4C,0.06765304
CC_EF359AF608EA,0.033928864
CC_EF362432D758,0.31689277
CC_EF548B30F1B6,0.2200147
CC_EF5B403DFD7E,0.100666955
CC_EF66DA0DDF9C,0.32653657
CC_EF70BA4AEEC4,0.14334732
CC_EF83DD56FCC5,0.06472951
CC_EF8B642A6F8D,0.06975435
CC_EFA1EB27DA19,0.04305385
CC_EFAE84EA9BDE,0.09878831
CC_EFB26BEA106E,0.35377523
CC_EFBB51CD8502,0.21349013
CC_EFC18E9B3B55,0.12366524
CC_EFC4B0020E2D,0.1014002
CC_EFC9FA5108D9,0.14641228
CC_EFE45D9B9D9C,0.0405499
CC_EFF27FA98DF1,0.052953046
CC_F000DA497736,0.24333957
CC_F00107DE219E,0.6205505
CC_F009FC54A64B,0.7864379
CC_F01DF28C6BFF,0.09282901
CC_F037C91F63BF,0.12640958
CC_F03FADA95A03,0.70456773
CC_F05235F3C894,0.11670531
CC_F0649FEBFEB8,0.50445384
CC_F066C78B5C0D,0.13773394
CC_F07313626618,0.66969466
CC_F0783F6A56F5,0.77706003
CC_F0791523691A,0.18172978
CC_F080750455CE,0.051906716
CC_F0809EBB0B51,0.030322127
CC_F08259F86E23,0.17743707
CC_F0929F859702,0.18040827
CC_F0A7203CCA39,0.11878679
CC_F0CD4DD9C63C,0.13697423
CC_F0D29AD328E5,0.1463342
CC_F0D339E5B80C,0.07135837
CC_F0D3BC14FA77,0.082550205
CC_F0E16D28D49D,0.17218767
CC_F0EBE2C00A7B,0.07938226
CC_F0F137758DC2,0.058486536
CC_F0F6BD40CA43,0.38303062
CC_F0F6FCF6010F,0.1809076
CC_F0FBC9D4ECA1,0.032325435
CC_F0FEE924096C,0.18517259
CC_F1074E035DE6,0.07092101
CC_F108D26930FF,0.3754447
CC_F10DB853B9DF,0.38943684
CC_F10E06D52D76,0.16637109
CC_F11F5F477B91,0.66756994
CC_F14913B5BE1B,0.76042813
CC_F156C1647E3D,0.08675887
CC_F1598097E314,0.65341353
CC_F1641E3AAB3C,0.052381203
CC_F166878FB959,0.06162435
CC_F17540FE7C9F,0.108364455
CC_F175BB08B29E,0.05651735
CC_F1782AF286D0,0.36343503
CC_F1796AD4B774,0.5414709
CC_F17B3A3A5E56,0.60144645
CC_F1858D6F0080,0.18719491
CC_F18689FA8E29,0.06868261
CC_F18A82B0F153,0.1477685
CC_F1AE7142A128,0.10826322
CC_F1B43DD57C9C,0.10387444
CC_F1BCB7676492,0.09802385
CC_F1C8B8BB90AE,0.14661783
CC_F1E044CD2D75,0.25886628
CC_F1FCB96B5E14,0.22244993
CC_F2067E92A939,0.13142559
CC_F21512554CC9,0.08087767
CC_F243956B7575,0.08353105
CC_F24FBC9FD3F7,0.35911754
CC_F252EB3F208B,0.06539481
CC_F25D793346CA,0.357109
CC_F25EB1ED5AD9,0.069072396
CC_F265A0AE845F,0.7122798
CC_F274BB4AEBE0,0.05933664
CC_F28BF2185131,0.11298585
CC_F29077E45AF0,0.20742568
CC_F2988560CAB8,0.34276217
CC_F2993AB36C56,0.0837465
CC_F29D6C65779E,0.061019752
CC_F2D2BADD0000,0.06419189
CC_F2E4AEB73D57,0.11895109
CC_F2E630BAF431,0.04888267
CC_F2EFCB40AE74,0.15175363
CC_F2F085891915,0.73287576
CC_F3030E2C80A0,0.19352943
CC_F3044C7C16BB,0.047451545
CC_F30B21CB4603,0.09367361
CC_F3140FCE870A,0.08686627
CC_F32A84B321FC,0.16882363
CC_F339FF584607,0.28570274
CC_F33CEE0F6DBE,0.46636698
CC_F33DAF3E9CF0,0.12126892
CC_F34EC3FF202F,0.08138391
CC_F35A6C383B39,0.20871834
CC_F360E0FF27CA,0.094383
CC_F36B7AEC0086,0.11567834
CC_F370665BECB8,0.6040646
CC_F373A60E53E8,0.04143702
CC_F373BDAE18B2,0.072296135
CC_F3745BC63340,0.06769888
CC_F37DC9169301,0.20631546
CC_F394E57C5243,0.21565321
CC_F39E98FD418D,0.09098131
CC_F39F51452381,0.035715
CC_F3A52465664E,0.05994118
CC_F3A8CF761A0F,0.22372264
CC_F3BF1709E29A,0.38736174
CC_F3BF72C29211,0.065156266
CC_F3CF35465CF1,0.06043111
CC_F3E2186DBD4F,0.2870415
CC_F3F0F9B9B56E,0.16950655
CC_F3F185395BE1,0.14682086
CC_F3F68E6599E7,0.086934805
CC_F3F7763C9DFE,0.15230712
CC_F3FFF13592CE,0.061955903
CC_F410C3CE89E1,0.151264
CC_F410C8B811FE,0.06562255
CC_F4132072D78E,0.11684949
CC_F4157B8E5B32,0.5509611
CC_F41CF067E828,0.122494735
CC_F41DC456E539,0.0465169
CC_F41EEF55A0EC,0.048145503
CC_F426B5C1F07D,0.33939078
CC_F437875F9000,0.20979913
CC_F43C961F8A30,0.1269846
CC_F43D9BF23472,0.06757343
CC_F444BE033109,0.15910777
CC_F4481124F17A,0.17101987
CC_F44EAAF80F70,0.099836886
CC_F4521F6D3492,0.53278536
CC_F46BD9AB1B68,0.13378835
CC_F4763AA0B824,0.5609072
CC_F47976F33E20,0.20023927
CC_F47E588D4470,0.20228034
CC_F4A2777912C2,0.120194726
CC_F4A6C2B23685,0.06574432
CC_F4B3EAEEEA8B,0.041976858
CC_F4C6CD1E720C,0.074611254
CC_F4D05DA98C83,0.06432812
CC_F4D15889CDE0,0.14026019
CC_F4DEC1E6173D,0.041129168
CC_F4EFAD6AF8BD,0.27384925
CC_F4F7835A1FA2,0.20275672
CC_F500597795FB,0.118868515
CC_F5197FA9580F,0.6674314
CC_F5240F59146F,0.09462852
CC_F534A0B87C3B,0.18799618
CC_F536972BFE98,0.1319507
CC_F54FDFE5A5C8,0.08042145
CC_F55727F65F86,0.21125817
CC_F558EBDCDD6D,0.121005744
CC_F56D569AC51F,0.10943192
CC_F5714D180EE1,0.09551551
CC_F576ED9554AD,0.4290591
CC_F57C2559358E,0.20830902
CC_F5AA72FC0972,0.12066345
CC_F5AE7DEA2B48,0.075882085
CC_F5C6A5E9D495,0.17286527
CC_F5E0731F2181,0.28366846
CC_F5F4F3B03FE8,0.7545487
CC_F604D7B9CBD9,0.22623219
CC_F60F13391D61,0.15069498
CC_F618D72DF162,0.07322193
CC_F620B15ACC5D,0.07542752
CC_F62D426D6614,0.12279621
CC_F634999D5C1D,0.025179094
CC_F636E5BAEE47,0.14900646
CC_F6461B692240,0.7552187
CC_F65BAD63AED0,0.2437741
CC_F65DD2AC57E8,0.28520346
CC_F66C6577674C,0.054191507
CC_F670896FE959,0.18797207
CC_F67376F272EA,0.67089593
CC_F67FFE9E884E,0.19930658
CC_F683C99F06C1,0.14729376
CC_F68523E2CE7A,0.76207364
CC_F68E62F9AA0F,0.03090938
CC_F69604E05962,0.07223196
CC_F6B8913740B3,0.10108345
CC_F6BB4952DD35,0.30264983
CC_F6C0B7AC57B5,0.5955422
CC_F6D2B06E6E8B,0.6167046
CC_F6EB30A84C9F,0.2875103
CC_F70345A4792A,0.10187067
CC_F7068C1F77B3,0.30166575
CC_F70B0EA8C0E7,0.063867606
CC_F71CC97FCE83,0.09555342
CC_F722224A84F4,0.7008298
CC_F72D1046063A,0.28106585
CC_F72DAB32A281,0.058766864
CC_F733AA5C0ED9,0.06687692
CC_F74043C1BBEB,0.050832015
CC_F74A31E36137,0.07728148
CC_F756B167634F,0.17863134
CC_F75CBE8E1B92,0.42428577
CC_F761F7EEAD39,0.1581684
CC_F79303D62FCD,0.060137033
CC_F795134B52E6,0.61835235
CC_F79533E83ECA,0.0791393
CC_F79F9A7ED432,0.7599043
CC_F7B2FC73E020,0.04157818
CC_F7CF24594B20,0.08390613
CC_F7D31937AA89,0.041313186
CC_F7EFD378035D,0.3936892
CC_F8014B1E00D6,0.053868197
CC_F80ADE95A7C8,0.06431828
CC_F82E58E476A9,0.11732285
CC_F82EB123CC19,0.28859252
CC_F83088660331,0.107048824
CC_F83C6DF6A815,0.5293415
CC_F8620C4F7581,0.17688876
CC_F869F4DA5077,0.782572
CC_F86B1C53EAF4,0.22653803
CC_F87B7F26FF51,0.22172214
CC_F8803D1C899B,0.064598076
CC_F892E51AC9DD,0.052357215
CC_F89C185743F0,0.10901849
CC_F8A4D45C3769,0.082910955
CC_F8AD68EA5A16,0.20109934
CC_F8B4DBD0CE8A,0.3590542
CC_F8F3E551F166,0.2875103
CC_F8F9FE2C9B65,0.28699845
CC_F912A50D0DD1,0.17406236
CC_F91B7C2B1AFD,0.09452598
CC_F925251D4BF0,0.38607663
CC_F925ADD60E7B,0.05028968
CC_F9282C144479,0.05275971
CC_F92EE3287CC8,0.09441269
CC_F93332608FE1,0.14480686
CC_F94070DE3B81,0.059835695
CC_F94C81428D20,0.17869489
CC_F95DFFDA9B12,0.42562002
CC_F96A53B02447,0.5657996
CC_F96A965CDCB0,0.61988944
CC_F9721FEDBE9E,0.1904419
CC_F97C3E145882,0.26426733
CC_F97C64C64052,0.076353
CC_F98660A07E6A,0.7731236
CC_F98BA4B13724,0.07266901
CC_F9A3F3A76B1A,0.11590546
CC_F9A8E2B3A703,0.12722668
CC_F9B3E7E7F2A9,0.40005937
CC_F9D7D0B1E4A8,0.69779724
CC_F9EDA4EDDD44,0.051838305
CC_F9F2176B12FE,0.050766133
CC_F9F90E76CA5B,0.11157521
CC_FA0157249C01,0.09232934
CC_FA169BCA835F,0.096212186
CC_FA19B61BCABB,0.1442684
CC_FA1DD203C293,0.25790876
CC_FA2E30269BC1,0.18189836
CC_FA304CE8E045,0.18644173
CC_FA310759A257,0.6196334
CC_FA32397E7B8C,0.086297154
CC_FA33D97B84D4,0.09040069
CC_FA38991B9434,0.045412097
CC_FA4079FFF1E5,0.26375675
CC_FA716665CD8F,0.08748425
CC_FA770268B207,0.15453063
CC_FA7A2F59245B,0.4163209
CC_FA8205104EBF,0.11368631
CC_FA8370AF8740,0.052970745
CC_FA858F1025FF,0.11424706
CC_FA86320CF6B0,0.045754127
CC_FA8B341CD3EA,0.18570262
CC_FA9057AAF95B,0.11590735
CC_FA97314C666C,0.05160669
CC_FA974C1D91AD,0.34244567
CC_FAA0E5BC9F44,0.7236295
CC_FAA2694D8578,0.2894129
CC_FAAFFC74BC35,0.7136634
CC_FABA6DCF8E45,0.03359724
CC_FABC53294AC1,0.17730924
CC_FAC52B8E66DA,0.08894734
CC_FAD284D8DAC8,0.83024377
CC_FAE70CA5999C,0.11528699
CC_FAF1CCB40132,0.08427226
CC_FAF93D8B3B59,0.0782226
CC_FB09E5481B64,0.101864785
CC_FB150A1F7C3B,0.12244204
CC_FB1808471515,0.36485505
CC_FB296D823CF6,0.064412884
CC_FB301E1FA7FF,0.037811074
CC_FB33C958A19E,0.40712416
CC_FB40D63FC3D3,0.18377839
CC_FB45A1837AD7,0.09329073
CC_FB45B79CED15,0.10677647
CC_FB52260232E3,0.055832956
CC_FB6A0A7B8813,0.2931218
CC_FB6ED10D82D2,0.09709357
CC_FB78DE84AF05,0.031539768
CC_FB8DF8F93E7F,0.17949772
CC_FB8F89048B89,0.080163874
CC_FB9C3E77A49E,0.15355855
CC_FBA40CEAEA18,0.1054773
CC_FBA998938FE5,0.17125887
CC_FBADBAFCD1B3,0.27920985
CC_FBCB85E21ADD,0.15766874
CC_FBCD00EE4402,0.15841173
CC_FBD40DFBA5D5,0.20878527
CC_FBDECF3DACAE,0.24292068
CC_FBE4E2F652EB,0.24898668
CC_FBEA9510C687,0.21152604
CC_FBED1E2E1CC0,0.13160843
CC_FBF54E48EB13,0.05321388
CC_FC1E279EF320,0.05549535
CC_FC2E1D460089,0.09716268
CC_FC31CBD20CDF,0.16787374
CC_FC41D8134A1C,0.11058019
CC_FC44D7EF257E,0.046751242
CC_FC4A649BDD07,0.20602508
CC_FC51BCDBB6B2,0.11251424
CC_FC57B6E79AAC,0.19944385
CC_FC6AA879D9CF,0.14394934
CC_FC7A926F3A64,0.6531361
CC_FC83CB9C71CD,0.042714044
CC_FC9E6D511294,0.1468083
CC_FCA657E69930,0.37546617
CC_FCB451237214,0.78445125
CC_FCC7E51DF812,0.45313436
CC_FCD42ECC012B,0.06331107
CC_FCE8FAEAAEF1,0.13295247
CC_FCFAE9BE2522,0.4604648
CC_FCFDB5DFE5D4,0.10210034
CC_FD24FC7961A5,0.0992151
CC_FD2793DCB5EF,0.11563319
CC_FD2EEF724088,0.12509874
CC_FD3205367675,0.085497275
CC_FD3A21CDCA7C,0.1061784
CC_FD3C4C2FB68C,0.12962502
CC_FD41687DC1A0,0.13596965
CC_FD44B4E31EFE,0.08293777
CC_FD5721556AB7,0.073285036
CC_FD643C174587,0.28302777
CC_FD6BFA30DD9E,0.32600313
CC_FD7C9DD7F11B,0.12726857
CC_FD7F2D90CF8C,0.06930182
CC_FD8C4F601909,0.043521162
CC_FD90B45AA24E,0.09811658
CC_FD95457772AB,0.069748506
CC_FD9D9B58DB1A,0.17769101
CC_FDA918AEB5D6,0.60135686
CC_FDD4C2065540,0.33334705
CC_FDE57A2C5156,0.22091413
CC_FDE9920975F6,0.25007337
CC_FDEC856F9C6D,0.061933763
CC_FDEED2AA92A3,0.41927534
CC_FDF5607ECC1B,0.06657719
CC_FDFED3D7E70E,0.16144429
CC_FE0324F99784,0.09119708
CC_FE0A18D6570D,0.052262746
CC_FE0DACAC84BC,0.2638755
CC_FE16586C9FAB,0.24828786
CC_FE16FBC86237,0.2014173
CC_FE1C808C4515,0.073315516
CC_FE1E64201B9F,0.08976737
CC_FE33D60E29EB,0.030778479
CC_FE3ACE674BEA,0.148792
CC_FE468E9AA9D9,0.03496344
CC_FE5AA923C220,0.13856286
CC_FE6C777DDC19,0.06312192
CC_FE6DD8C8EC90,0.2250134
CC_FE7A84AAA8F7,0.12605384
CC_FE7DB6B410A4,0.1382314
CC_FE8691B1F3D9,0.09249147
CC_FE874279A94B,0.09839798
CC_FEA61499305D,0.19089116
CC_FEC22B334AC5,0.15342002
CC_FF045F9508F2,0.19376783
CC_FF0EFF711598,0.27560055
CC_FF12F53D5676,0.04738117
CC_FF13D426EC1C,0.16152704
CC_FF16A7C8600F,0.21106173
CC_FF2236DC115C,0.44605356
CC_FF2725428B6F,0.08255459
CC_FF3176D91690,0.1274647
CC_FF393D295D66,0.046967853
CC_FF4598202C5F,0.6355747
CC_FF463A4B3D04,0.30652076
CC_FF4703F7664E,0.05463596
CC_FF86EC3C0851,0.48674092
CC_FF8A580DD831,0.15951386
CC_FF8BD8697ADE,0.14883393
CC_FFA681A2054A,0.049676787
CC_FFB6B2D2BB2A,0.35007823
CC_FFBFA27643F8,0.15951088
CC_FFC81CC80F9D,0.14658396
CC_FFCC9C0763D4,0.10590435
CC_FFD4E33DC920,0.53000706
CC_FFDE11143038,0.07848129
CC_FFEF28047C4F,0.36677077
