client_id,default_probability
CC_0012A082B7B7,0.15409948
CC_0012BC27DFB6,0.11615389
CC_001563B2143D,0.10813247
CC_001B46930B6F,0.0914488
CC_001D771E1C9F,0.041586466
CC_0028BD91E759,0.09319374
CC_0029971D7EF4,0.22376643
CC_002B8C00B239,0.04648047
CC_0035DFA86185,0.7315059
CC_0042D11A6D0F,0.05220669
CC_004D21A4ABB6,0.10114028
CC_004EE05FC2EF,0.4317415
CC_0050E546EDCE,0.6743668
CC_005D7F31F785,0.07327064
CC_0079996ED779,0.19585595
CC_0082B4E1D9CE,0.058318496
CC_00B01C73CEB8,0.19316368
CC_00B74FFEEA53,0.2112128
CC_00BF6791C18C,0.10751913
CC_00C5E30B288C,0.31759217
CC_00C68CE1CC12,0.39680326
CC_00CC4148959F,0.1667678
CC_00D428772D30,0.35996288
CC_00D5806C7783,0.084688485
CC_00D5C677C2AE,0.5275862
CC_00DA781C4D66,0.08267559
CC_00E7E2D6B548,0.16023777
CC_012BC0A68DC1,0.06609909
CC_014911033882,0.16665065
CC_014F7EF4E595,0.6612343
CC_016501B25F2B,0.04726676
CC_016767D9B049,0.05519323
CC_017598512EA2,0.1405681
CC_01941532C804,0.18724915
CC_01A66C6E22FF,0.80320823
CC_01A684355200,0.19315365
CC_01AC62740827,0.11108495
CC_01B0EFE5DB79,0.18001954
CC_01B876B2988F,0.19697626
CC_01CBB64C1DB1,0.40227923
CC_01DBD993A1FC,0.06027503
CC_01DC49D55C2D,0.051400002
CC_01EF18A3ADBC,0.5582969
CC_020252D37557,0.16529825
CC_020BCDBCA8CA,0.3440681
CC_021A6DD97ED4,0.1939293
CC_022054506F33,0.063494384
CC_0225D6231EAA,0.054237776
CC_024B524B0176,0.033011593
CC_0256303A6DC0,0.2600154
CC_02589E6E4714,0.04409035
CC_025927626E10,0.7445756
CC_0283023DB294,0.034837916
CC_02903C6FC0C0,0.17982917
CC_0296E572CF21,0.046727993
CC_02999E509460,0.61629426
CC_029E835D91BB,0.06720139
CC_02A32EC3526B,0.14602055
CC_02A393632CD3,0.30246922
CC_02A3E21B28BC,0.69885933
CC_02A4B4644529,0.08500022
CC_02B43865B30E,0.06395741
CC_02B5A1A178A2,0.16279435
CC_02BC4785773C,0.23589225
CC_02BEDD9627DD,0.6713988
CC_02CD2C1EFBB0,0.114798784
CC_02D4430492D3,0.33574098
CC_02F79A06858B,0.1206679
CC_02FA254C9D43,0.037608672
CC_03062402B4EE,0.063559294
CC_03072CF2EC63,0.33756712
CC_0315369B079D,0.07830733
CC_03199242A810,0.15641505
CC_03214BA76DB4,0.20441909
CC_032735A44CC6,0.06270531
CC_0330340F2FE5,0.14793852
CC_033236FAAFDB,0.17522766
CC_0337298F948C,0.0528119
CC_0341CAE5E2E8,0.19012474
CC_03434E2371CD,0.34102938
CC_03547AAB948A,0.25562197
CC_0354D0453D8E,0.09476662
CC_03592E51F427,0.779923
CC_0365DEB525A3,0.08310748
CC_036782052BC9,0.39146963
CC_036977A50F1A,0.11873244
CC_03720D08B8C2,0.22531691
CC_038AE599BCA8,0.3490753
CC_039E67CDFE1E,0.28806725
CC_03AC962FC717,0.13814814
CC_03B00DFA3A85,0.7963701
CC_03BC6380E968,0.5272708
CC_03BC730E0B02,0.03195407
CC_03BD4F22DA3D,0.111221775
CC_03C7E1EF6F69,0.7983865
CC_03C9FA383477,0.078460805
CC_03D1AAE90CA6,0.05735992
CC_03DBB9598F39,0.14707157
CC_03F18B43797C,0.1175566
CC_03F80118E46D,0.05654638
CC_0405E0151A6D,0.18743864
CC_041FEE6C805E,0.37808108
CC_042F88EE269B,0.14702556
CC_043D98ED7F98,0.13042338
CC_044C3537B769,0.1479563
CC_045932C46685,0.17056112
CC_04629624AA8D,0.17430241
CC_04690B4A6AF1,0.25745475
CC_046CF40369FB,0.11226719
CC_046D6EC816AB,0.43332255
CC_0475CD95EDC9,0.13027215
CC_04796F06B82B,0.13297568
CC_04AC7C1CE736,0.3337233
CC_04AEDD051B96,0.32033584
CC_04B42AD0E01A,0.3775997
CC_04BBD1DB360C,0.33422437
CC_04C767FFDA0F,0.45198596
CC_04C7B819B9B9,0.099902086
CC_04D127A775DE,0.10978558
CC_04D9ED00053F,0.059622437
CC_04E0EFC4F548,0.30376548
CC_04E6848903E8,0.047285415
CC_04F69D03ECE1,0.31802854
CC_04FA1CFA1DEB,0.23620848
CC_04FA6842AC62,0.038454395
CC_0502F3791166,0.30700386
CC_050B514E15FD,0.12669328
CC_051ADBD6D835,0.17302275
CC_051B4644216C,0.06360088
CC_051C0A644DD3,0.031989627
CC_051CBF566856,0.04867052
CC_051EEA9AE819,0.17911354
CC_0520E27BE904,0.14265467
CC_05224448D290,0.13277692
CC_0525DE4744C0,0.06603191
CC_052F5CD81EFE,0.21520887
CC_05368FAD2E6D,0.057211768
CC_053788B82006,0.08590015
CC_05471A48C6F5,0.20328304
CC_056DBA1A87BA,0.07044087
CC_05901F3E7A0D,0.20166816
CC_05906BC8ED3F,0.16927323
CC_059D55E32C78,0.084564544
CC_05A12EF84A86,0.55015135
CC_05A42D035609,0.18120292
CC_05AD75A5CE38,0.054571286
CC_05BBD4B92613,0.5706609
CC_05C8EF6500D7,0.78243256
CC_05DDB7B07497,0.06726922
CC_05ECAE6E0774,0.22816622
CC_05F11F14DF9E,0.33114368
CC_05FA9192590F,0.1323245
CC_05FD764FB154,0.7483825
CC_0608DBB4DF03,0.27653491
CC_06198383F6D4,0.12552375
CC_06199EBE2B05,0.16312052
CC_062A8881A331,0.0801608
CC_062F74350907,0.04865763
CC_0635AD30F004,0.780398
CC_0639F539946C,0.31911096
CC_063DDB42CF5C,0.07950938
CC_06405C00E240,0.26070797
CC_064920FC9DAC,0.076531775
CC_0650AB329174,0.7586733
CC_066941B109B9,0.14698523
CC_066AA16F5874,0.3383408
CC_06732311FB8B,0.15115853
CC_06780061F889,0.11032088
CC_068A81B06B74,0.4734967
CC_06A1C5FE269B,0.3545316
CC_06AA7138DAF8,0.03557187
CC_06C0DD0D066E,0.7528379
CC_06C97CFBD476,0.12524149
CC_06D15F523C05,0.17087555
CC_06D35787AD65,0.04437206
CC_06DA375201A2,0.09229622
CC_06DB455FF19B,0.6997085
CC_06F3674E7313,0.45439717
CC_070232DF9996,0.15095636
CC_07141FA77DBF,0.118771195
CC_0715F11CC8CA,0.20564884
CC_07168A9C843C,0.15171206
CC_072AB9F855DD,0.054429017
CC_07337AF6AC2A,0.13011022
CC_07434E4E5C28,0.06829632
CC_074381358A2C,0.035173398
CC_074E7CA75E8A,0.27094924
CC_075D0C618BAB,0.17323957
CC_075D804F7851,0.0786609
CC_0765961D818F,0.38048545
CC_07698F10563E,0.059478313
CC_0773B9BA9E18,0.28606254
CC_0784ABDA7F8C,0.18264258
CC_0790C9F9EC9C,0.08268312
CC_07A996E6CA6C,0.23281
CC_07B588ED677A,0.17662492
CC_07B730FD7F82,0.1482533
CC_07BE6961D039,0.06965888
CC_07D23A6BAF5C,0.14013883
CC_07E08196A3DB,0.04693896
CC_07E4850039B3,0.10982067
CC_07FAAF8B2D23,0.060097866
CC_07FB3FD9BE0B,0.09488214
CC_080CB94A724F,0.3390171
CC_0837C56711FE,0.0968401
CC_084100A049EE,0.048893433
CC_084113D0951B,0.24392721
CC_0843DDCDD601,0.6567725
CC_0846C14EAAFE,0.059788447
CC_085091ADED2C,0.18662107
CC_087943B4A5D2,0.18067569
CC_08A97B98C405,0.1745826
CC_08AA321BC4AD,0.1989723
CC_08AA44ECBDD5,0.0532796
CC_08AE2EE9D798,0.18996689
CC_08B149462891,0.20254655
CC_08C71A8D2D58,0.044394813
CC_08D645F7B257,0.05980626
CC_08D80BF0B273,0.050800532
CC_08F52B1BE431,0.25498945
CC_0903571AC7E7,0.15502201
CC_090D528C09D0,0.4111751
CC_09106BA6CFC9,0.083285205
CC_0915905A5D48,0.1319956
CC_0918F67CDF01,0.18619238
CC_0925D0B6276C,0.17239632
CC_092A2830E36A,0.7968793
CC_0951489C8F79,0.04359674
CC_0951FA4D5513,0.088403545
CC_095C712064EA,0.080947906
CC_0969AA7BEC71,0.074009925
CC_0974840BED49,0.73333853
CC_097BD371F652,0.074427456
CC_097C8139DBD1,0.063660726
CC_0981CA4DBCE0,0.032356273
CC_09A5D2F129A4,0.29711953
CC_09A9BE38080D,0.08232609
CC_09CDC42E000B,0.19895265
CC_09D8DBAB2A42,0.11652667
CC_09EBB1960580,0.06020974
CC_09EBF206FEE6,0.21539055
CC_09F2AE996181,0.08310555
CC_09F45833F53F,0.15298025
CC_09F4F5C5B4EA,0.76772755
CC_0A04BF4005F8,0.23728625
CC_0A0E563D1060,0.0932932
CC_0A0F781A999D,0.2746915
CC_0A1138C37BC0,0.19186191
CC_0A334A16524B,0.06848713
CC_0A359CD5D73A,0.06208305
CC_0A3E2C273DB5,0.053008743
CC_0A4705B1E08B,0.04914246
CC_0A67EB7C5282,0.10652719
CC_0A6CD64871E5,0.3694001
CC_0A75643FDC7B,0.061319273
CC_0A8066F501AC,0.043367293
CC_0A83017D027D,0.18960422
CC_0A9AB7441D5B,0.30455962
CC_0AAA72FA148E,0.29800856
CC_0AAC488C8AE4,0.48141918
CC_0AC2DB82398C,0.32550645
CC_0ACA2C49A497,0.1461747
CC_0AD4BBEA75ED,0.03641618
CC_0ADCD6553B8C,0.06453109
CC_0ADE56B56C41,0.042730357
CC_0AF4B5B4162F,0.7453945
CC_0AF9BD814AC7,0.10372633
CC_0B083BE0FEA3,0.09368739
CC_0B1384331163,0.052415207
CC_0B216C6AF0F2,0.033904176
CC_0B3465DB0684,0.48527583
CC_0B442B91679E,0.12975004
CC_0B455175F494,0.09230657
CC_0B4C01B4002C,0.17018804
CC_0B544A526D6C,0.06162884
CC_0B5B19AFCD18,0.06118504
CC_0B5BD2D224BF,0.08498134
CC_0B6407C2C9BD,0.19550364
CC_0B73F59991EE,0.0884692
CC_0B7579216681,0.06889464
CC_0B7F3B4B32C1,0.29846776
CC_0B830A67900A,0.112148285
CC_0B84250F96B8,0.22094597
CC_0B92212B8E27,0.29143763
CC_0BB43BC4B3BC,0.1099
CC_0BB992973640,0.06395658
CC_0BBC41297846,0.09505681
CC_0BDDB468A1E0,0.27802968
CC_0C00A631C2B4,0.06754211
CC_0C011AF6C857,0.38051262
CC_0C0459AB67DE,0.13657129
CC_0C18B07E451D,0.090738304
CC_0C19EB845CA2,0.21956278
CC_0C1A736F37CC,0.06987862
CC_0C335C9D86F7,0.79965675
CC_0C4C24D066E9,0.1703269
CC_0C5499989AF4,0.22704384
CC_0C95548CC1BD,0.17488827
CC_0CA2DE660B41,0.2617005
CC_0CA6D8CFCF2B,0.20925096
CC_0CA9DF9C5C15,0.0761141
CC_0CA9F52C92A8,0.19243643
CC_0CAFB6C41CE7,0.116102986
CC_0CB27D5313F1,0.5781298
CC_0CC9DDDB8B44,0.04170325
CC_0CCA18595BA5,0.21802868
CC_0CD90568D3E6,0.21926865
CC_0CE0D56B0584,0.07127458
CC_0CEA028BF961,0.29833785
CC_0CF67D68AF16,0.3732426
CC_0CFAA0FB0691,0.06334713
CC_0CFFD2785D2D,0.1246196
CC_0D28AF91CE97,0.1454571
CC_0D34E55A580B,0.10472394
CC_0D3663B6524E,0.7078404
CC_0D3C2864ACD2,0.30791238
CC_0D5F4BE8132C,0.1451157
CC_0D6D5ACB0889,0.19052523
CC_0D7BFE8CC0D5,0.12010652
CC_0D8852AAB481,0.18983634
CC_0D97EF394C79,0.4681138
CC_0DA8FDDE6DD0,0.061370175
CC_0DABB89E37CE,0.09718195
CC_0DAF0F2FAA86,0.10792716
CC_0DB9E5F8EDAD,0.07000698
CC_0DBC64F88C05,0.15655275
CC_0DBDF018E822,0.11870335
CC_0DC31A5A1096,0.04229837
CC_0DC3870F23D0,0.038975116
CC_0DD39F5D7C0D,0.09295742
CC_0DDC2C18BBDE,0.051895887
CC_0DE09CAA93E5,0.15866122
CC_0DEA4477FDC1,0.113265015
CC_0DED63EF6639,0.16669941
CC_0DED7DBF26F6,0.28066888
CC_0DF01CD21B9D,0.17964634
CC_0DF6A478C01B,0.217981
CC_0DFE1A3FA5AE,0.12972899
CC_0E07D5FB24B2,0.14542024
CC_0E0CD9F23A5F,0.7653172
CC_0E121FCB1D47,0.06454535
CC_0E1423A4C263,0.18162116
CC_0E16883EE8E6,0.48008424
CC_0E1A2BA1C545,0.21266797
CC_0E2B52BBA69B,0.053336274
CC_0E40BAFC3530,0.17668037
CC_0E48EE235179,0.066157416
CC_0E4FA0FB9797,0.6046645
CC_0E5162F59924,0.7473347
CC_0E5E2FCAC8C2,0.27907187
CC_0E68C2BE2A75,0.10280792
CC_0E6C5A8D8CE4,0.09668027
CC_0E6E9B0E674E,0.085776135
CC_0E746EAD6CE9,0.07223832
CC_0E968E7C22C1,0.38503754
CC_0EA1483F50A9,0.14393911
CC_0EA81362C7D1,0.15570074
CC_0EAE97520873,0.2689072
CC_0EBCF4228FF2,0.50256795
CC_0EBDEFD0BDC2,0.059919093
CC_0EC6AEDA63EC,0.2811677
CC_0ED61DD76795,0.09634976
CC_0EE33B1B71D5,0.13106243
CC_0EE7EFF13EBA,0.05434233
CC_0F0F136B0991,0.11729167
CC_0F0FAF218BCB,0.05196816
CC_0F125B48F175,0.08798616
CC_0F292A238627,0.10488903
CC_0F2949A1746E,0.07159112
CC_0F2B71163121,0.09580956
CC_0F393F1DE2EB,0.085278004
CC_0F41B187053C,0.45996338
CC_0F52EDC9D383,0.09523309
CC_0F62C4F36236,0.091309376
CC_0F6A29CE5D45,0.19962329
CC_0F7C0515A6CF,0.16017391
CC_0F8D6C89202F,0.18048728
CC_0F933684CC08,0.17933673
CC_0F9BA54F2AF6,0.053099595
CC_0FA06CE7FAE8,0.046652872
CC_0FD25AA655DA,0.120659865
CC_0FF5570E06EC,0.74610573
CC_10197FE0E34B,0.66278446
CC_10355B5718CD,0.11954535
CC_103A9D18EC12,0.166746
CC_1040DB6A21EA,0.10244788
CC_104D2B84FC4F,0.040837254
CC_104EA2802A11,0.0883691
CC_105777B1BF91,0.079069376
CC_1059F1B6C0C3,0.14789435
CC_1061947FDD14,0.050737564
CC_10689257E68C,0.3942215
CC_106BFCFA7D7B,0.045673065
CC_108FA04AC10D,0.11489126
CC_1092915D0093,0.11417578
CC_10A30F88E157,0.18206732
CC_10A657027AC9,0.75623214
CC_10A6EAF27BF3,0.054832406
CC_10B148BED568,0.35038158
CC_10BB7101F191,0.067724645
CC_10BC5BC3A9AD,0.31008855
CC_10F27C70AB99,0.1300569
CC_10FADDF63CDC,0.17792204
CC_1107D9301AA0,0.07292718
CC_111A6DE5D9C7,0.7299364
CC_111DC3B1756E,0.24887623
CC_1131156CC6F6,0.13973732
CC_113B66D5D5D9,0.11414876
CC_1143254EFF36,0.052125927
CC_1145E5277FA7,0.3325956
CC_11521077BBB0,0.13834663
CC_1154861ABCCB,0.5200708
CC_115BCAEAE2A0,0.08320626
CC_115BF13E8BFC,0.20423631
CC_115EBE5044BD,0.3567759
CC_1165AA07FC47,0.76497495
CC_116EE8219753,0.046393942
CC_1176FA3233B3,0.051584743
CC_117C2A1587ED,0.07820445
CC_118C0A1D14B2,0.20283163
CC_118ECB589F3C,0.10457018
CC_1190F13FB1FC,0.124338366
CC_1192EEC65A1E,0.21573873
CC_119B1FEC4D83,0.23566519
CC_119C413C2580,0.16506052
CC_11AB74142A2E,0.77454805
CC_11C8A291FD11,0.17675452
CC_11D1E9C39E41,0.081126034
CC_11D600EE1BD6,0.22954254
CC_11D7539AC69D,0.17470188
CC_11D78BB50016,0.14395326
CC_11E0C583685C,0.11787159
CC_11E0D2F15AA1,0.045211166
CC_11EDFE67C719,0.65967566
CC_11EE85F284B8,0.20421138
CC_11F700202C6D,0.15881552
CC_11FB668DF543,0.11197703
CC_1209FA26609D,0.037616853
CC_120CA1B916D0,0.123272926
CC_1210186F4D33,0.089029096
CC_121F621374FC,0.2130235
CC_122532C1FBCB,0.13244501
CC_122B19CBC88C,0.6308122
CC_123C7F0111C7,0.6042976
CC_1241EE42F174,0.14999783
CC_125B7100F1DD,0.11220074
CC_1263B255B3B5,0.18300784
CC_12878596E940,0.080961116
CC_1298ED71A9E0,0.09283554
CC_12B555C6F086,0.15370925
CC_12D22C629874,0.16285065
CC_12DD89EA0C14,0.18499456
CC_12E24CDE2684,0.18558392
CC_12F3B7309455,0.59989053
CC_12F8E7A4BBE5,0.35074374
CC_12FDEAE4873F,0.22051093
CC_130F7B067939,0.4024215
CC_13209EDC85EE,0.65323657
CC_1332B6F0E543,0.24318528
CC_1334E256AEBC,0.591739
CC_1337726B2AE6,0.10584379
CC_1338237BF402,0.19630574
CC_1341DF38D9C1,0.17312439
CC_1342F868176B,0.69823074
CC_134651CCD2F8,0.19381899
CC_1363E3090578,0.054043703
CC_13736493B695,0.047849603
CC_1392DE633D4C,0.30309638
CC_139ED2E0AD76,0.07483847
CC_13A5383EA098,0.6185924
CC_13AA272C6861,0.080377676
CC_13B74E4EE3EF,0.19828513
CC_13C437E86B81,0.5135503
CC_13D61B077E7C,0.07191236
CC_13D7115A8FCC,0.18846753
CC_13DFE319B21E,0.7830205
CC_13E0F0B3FAE6,0.22133489
CC_13FD88C2920A,0.68506706
CC_1401CB818627,0.27468213
CC_140B86E74F74,0.7922934
CC_1452A0B69085,0.055566203
CC_1458CA7329A7,0.25692007
CC_1459E7125AFB,0.08680722
CC_14633EC7F622,0.44180584
CC_147B1B30DE7F,0.10293066
CC_1484511F54C5,0.35773006
CC_1489A941A69B,0.28562254
CC_14A8B16706E9,0.08200319
CC_14BE52BADB77,0.096314125
CC_14D53413FBCE,0.32775122
CC_14D59B58E51E,0.12439019
CC_14D964327B1D,0.058632888
CC_14F5D06CF093,0.14062512
CC_1501D63D5A80,0.3430782
CC_150E3A0E5084,0.20355244
CC_15152312AC56,0.047451224
CC_1522BA0411C3,0.06674729
CC_1534B0241A1B,0.055246107
CC_153BE2BEB74C,0.12093937
CC_154BBCD4DCEA,0.2501496
CC_1552EC27FC0C,0.7222472
CC_1566BFF4BCDC,0.33920306
CC_1579BD86A63D,0.30002365
CC_1583CFD90530,0.23154302
CC_1584385F38C8,0.10115546
CC_159656F13BE8,0.13556235
CC_159B6F6AAF1E,0.08599456
CC_15A4934FD96E,0.099905774
CC_15B2140CE869,0.073908694
CC_15C0972DE384,0.6692971
CC_15C0E30FF2DC,0.13547635
CC_15D617FAB434,0.07285687
CC_15DA0F4FFF0E,0.32286027
CC_15DAE76D15DF,0.054528605
CC_15DC7C139EBC,0.43019563
CC_15EB741857ED,0.090646505
CC_15EC51F4C521,0.2739024
CC_15F6259C7C53,0.05869331
CC_15F7C012E10D,0.389422
CC_15F7C1BEC28F,0.17778455
CC_15FF58854AEA,0.26736966
CC_16035CDDC2F6,0.14665821
CC_16095572722B,0.05242773
CC_16109F1CE0A6,0.21108483
CC_16150E74E4DA,0.17231657
CC_1629E47AFBA5,0.07931337
CC_162F4582D06D,0.71404785
CC_163194DFEDDA,0.047008093
CC_1640F01B7730,0.09645435
CC_16460554039F,0.045823764
CC_164D308CDE41,0.1967785
CC_1661041F819B,0.768063
CC_166829780A76,0.10373889
CC_16798666E855,0.10902228
CC_1684B5493414,0.19280183
CC_168A8907C8F4,0.061715703
CC_1690EC56D088,0.072421335
CC_169853EEAB4A,0.09547973
CC_169B7FD839BA,0.15895495
CC_16AED1A3008A,0.1094382
CC_16BAC7837C73,0.16717018
CC_16D57E1EEA01,0.12086043
CC_16D833E56D7A,0.20205873
CC_1702487A047B,0.22225606
CC_17029F78E70E,0.06980734
CC_1702F3E986AE,0.05940497
CC_1707181BB559,0.044712573
CC_17117BF03935,0.2315501
CC_1723E40C3D40,0.24093167
CC_174FBBE9ADD9,0.17588454
CC_176E6E58FD1E,0.08731219
CC_1783F37259BE,0.074164055
CC_178B135605CA,0.10112435
CC_179AA5165026,0.38333124
CC_179DBA1C4CDB,0.32164928
CC_17A1090B69C9,0.111371435
CC_17AA1A4C904D,0.18480684
CC_17B06C06FDC1,0.13531281
CC_17B89AC1FD03,0.2800911
CC_17DC33AA73F3,0.06384077
CC_17DE4D267831,0.1073618
CC_17E929BE0344,0.32555935
CC_17EB83DECE5E,0.4099261
CC_17EC9982E5A6,0.1554521
CC_17ED5555B4FD,0.19925079
CC_17F4292DAF8D,0.096627705
CC_1807B0980C86,0.07701763
CC_181354A58B53,0.08001565
CC_181E7266E018,0.0815622
CC_182AAE7CC3CA,0.49429363
CC_183EDEDC5DA7,0.0774834
CC_184C47552665,0.2478464
CC_185A7392A475,0.29445755
CC_185FEFD3233A,0.42501664
CC_18676FE5FC07,0.09889816
CC_18776C4FDE28,0.08784971
CC_187A8AECEFBC,0.19546895
CC_187E7D0B4E82,0.77065676
CC_18839D393105,0.13911143
CC_1888476F6CF3,0.112924986
CC_188B1ED2AAA5,0.3231206
CC_18A4257C3172,0.3040713
CC_18A7929D9FC9,0.33586442
CC_18A8695F185E,0.088561
CC_18ACE64E8F74,0.19861987
CC_18BF4A29BB38,0.12959208
CC_18DE36F7D294,0.16027634
CC_190EB07AC1FC,0.14947891
CC_19219F2C60B7,0.18583153
CC_192262DB0B0F,0.084662415
CC_1929746E06CD,0.58911866
CC_193356E72D61,0.7211695
CC_193938E8EA40,0.16577056
CC_193C60092202,0.49653256
CC_193F669537D1,0.14787026
CC_194E13150BE5,0.08362583
CC_19556DDCCDB3,0.040133715
CC_195A6E9B48A2,0.17682715
CC_196DEC616B33,0.08918664
CC_1978B23D64A8,0.09864146
CC_198562A4BD86,0.12521987
CC_19864C9572BC,0.16854498
CC_19868B6887C9,0.12330998
CC_19969E05AB2B,0.14812377
CC_199FC89885C7,0.108118564
CC_19A40411B404,0.24868321
CC_19A6D9B60B29,0.6947423
CC_19AAB010550E,0.07901662
CC_19B4743DFEEC,0.081605144
CC_19B95A61D757,0.18270661
CC_19E6A00F6A5B,0.06532849
CC_19E8DEC29F47,0.6155378
CC_19EA54976042,0.15256183
CC_19FBBEA75B7F,0.13663416
CC_1A039E58840A,0.054696262
CC_1A075331756B,0.108767
CC_1A1E1302C432,0.17044786
CC_1A37690EAEDB,0.20050044
CC_1A3BF9F5BD42,0.15888393
CC_1A4268FEB02E,0.15474465
CC_1A5F8618A912,0.37618312
CC_1A659D4D521E,0.3214705
CC_1A879655902A,0.079971105
CC_1A9F6DA46BC2,0.101472564
CC_1AAB15E81743,0.040599298
CC_1AAC389EF8A2,0.25156343
CC_1AAD0CE365D9,0.12874371
CC_1AAD9152C90B,0.04818943
CC_1AB15BDA9296,0.09710013
CC_1AB8BDA3041B,0.21774322
CC_1ABB9CB074E2,0.73664045
CC_1AC1B1A3978D,0.046840467
CC_1AD20D1F9C08,0.76125264
CC_1AD881A90D1A,0.28426674
CC_1AE9811724DD,0.7264548
CC_1AF1AAAB9D12,0.7559126
CC_1AFCC4D0ABD4,0.18840933
CC_1B08ADAFD1C4,0.13720912
CC_1B10139C7917,0.10992455
CC_1B127133B948,0.096102834
CC_1B25964EA376,0.14448935
CC_1B27A85C7244,0.19802791
CC_1B29F4378A34,0.10771345
CC_1B2EC0BD0677,0.32001492
CC_1B4AAF37FB97,0.0773399
CC_1B5E792F6E6C,0.29543796
CC_1B7166DAA790,0.15547596
CC_1B89FD901C95,0.11332727
CC_1B91E3A70338,0.106336765
CC_1B9D9B7184F7,0.15127839
CC_1BA3FDD92B1B,0.05439819
CC_1BA9B3D67170,0.13680232
CC_1BAF97E2BCF2,0.08286818
CC_1BB7D8A54021,0.113575555
CC_1BD548A5FEF3,0.1341795
CC_1BDF1893ECEB,0.26939556
CC_1BF117A8AF9A,0.07701275
CC_1BFA7E407428,0.6812698
CC_1C0066F472E4,0.6907216
CC_1C09CC2385AF,0.06740164
CC_1C11467AB472,0.61628854
CC_1C1627B7EE6E,0.05496831
CC_1C3259B85E28,0.1735308
CC_1C334ED885FA,0.058084995
CC_1C376760FE39,0.07737465
CC_1C39A1ADF3F2,0.16920456
CC_1C450FC77478,0.12383604
CC_1C48409023DF,0.45327273
CC_1C4D03324C60,0.33914042
CC_1C5F1E1028DB,0.049049955
CC_1C6681C0AA7A,0.7691445
CC_1C84CFE19CDC,0.218384
CC_1C8B3F689C6D,0.23654798
CC_1C95674B902D,0.04240226
CC_1C9A4C11F28F,0.14785683
CC_1CA3F50BABEA,0.07901575
CC_1CBF42D35AED,0.5998598
CC_1CC11BEADBD5,0.11114232
CC_1CC3CE396A8A,0.22082779
CC_1CD2B13C2E6B,0.1030239
CC_1CE0B37CA670,0.077435106
CC_1CF5A99FC068,0.13628162
CC_1CF71AEB6671,0.079508625
CC_1CFE066F5EE4,0.16095352
CC_1D00B360809D,0.060753576
CC_1D1173F82F2F,0.100162484
CC_1D1E06E0B393,0.14400269
CC_1D2789866B1B,0.070970505
CC_1D2DD7DF781A,0.24568807
CC_1D313498A2DF,0.20209008
CC_1D68396533F9,0.28170213
CC_1D7235BA1EAF,0.16563366
CC_1D7ABAF9D080,0.054583613
CC_1D7FA51D0D7D,0.48021507
CC_1D8CFB3589AE,0.072169945
CC_1D9421A6EB19,0.32022703
CC_1DA0AC68719F,0.34672576
CC_1DA366D588B6,0.09872436
CC_1DACBFE0296C,0.09759185
CC_1DBD6A716910,0.63352937
CC_1DCB75B5CBDE,0.33564752
CC_1DCDADBC0E90,0.50942385
CC_1DD11FAF43E8,0.109652646
CC_1DD8064E71C7,0.11311059
CC_1DEC926EE25C,0.10251363
CC_1DECBAE4FC5B,0.057402655
CC_1DFF80E6D4DF,0.070162654
CC_1E025C3597E7,0.27567312
CC_1E082052CCBA,0.66480225
CC_1E0E30441DD1,0.1900162
CC_1E20E200611C,0.14499682
CC_1E354C75EB9B,0.04940172
CC_1E3B2C15EBCD,0.13889651
CC_1E4DF11FAF55,0.14639184
CC_1E4FE60DFD8D,0.6890694
CC_1E5A648D299F,0.1630727
CC_1E6C0A8B3841,0.687363
CC_1E7FA6E807A3,0.2070415
CC_1E93F760EC93,0.23113073
CC_1E99F40FA03E,0.06533571
CC_1EAD09DBC23F,0.23378037
CC_1EB3D53252DB,0.2626777
CC_1EC889E04D69,0.09264238
CC_1ECCBF6853F6,0.57745737
CC_1EEC4520436C,0.18889679
CC_1F2827DC99C0,0.15380812
CC_1F2C184C5227,0.08676777
CC_1F3FA8091B02,0.086707935
CC_1F4E07BFDC8C,0.055506326
CC_1F4E0E9B54BF,0.07308858
CC_1F55738A6A27,0.29422015
CC_1F65276D0EF8,0.1279986
CC_1F65C797BD40,0.058320064
CC_1F668C0AE868,0.06884843
CC_1F6B19A04BD8,0.047646962
CC_1F945A60367E,0.4792888
CC_1FAB6F11DFCA,0.61832607
CC_1FACCCE95224,0.2883035
CC_1FD010E5EA82,0.07108157
CC_1FD2B7BCCD20,0.6832868
CC_1FDAEC3D5CBB,0.115859374
CC_1FDC65FE3DBE,0.14742905
CC_1FE696D8A81B,0.06483693
CC_20027685F59C,0.7987626
CC_2009F3D77774,0.11786841
CC_200C552C40F3,0.12447011
CC_201459527065,0.12014491
CC_20275029A688,0.08778561
CC_2028DA597C34,0.21374741
CC_204E557E5046,0.4276303
CC_20542CFCFB39,0.056364946
CC_2060F813C9B2,0.24132323
CC_20813A9A7F71,0.120335184
CC_208429A11E2F,0.15165561
CC_208B0FE7CBAD,0.11674351
CC_209A511030A7,0.041428998
CC_209DD60421B5,0.07316716
CC_20B26D646D62,0.19773664
CC_20C47966B174,0.26152682
CC_20CFE9681E4D,0.0745348
CC_20D4DB0F3E3D,0.047506366
CC_20DD84CE3CA0,0.10768854
CC_20E57CA675DA,0.606113
CC_20F129FFBE00,0.25834876
CC_20F4E0F62D2C,0.07550072
CC_20FEE0B2130D,0.6455023
CC_2111B298C212,0.10572366
CC_211315AD7633,0.24222594
CC_211504721E27,0.15111487
CC_2119919BCB4F,0.7515299
CC_21375C9ED931,0.2604637
CC_213D2A5355FB,0.17966285
CC_214B50E48E94,0.18804167
CC_215F86D986BA,0.0951501
CC_21600308F496,0.037704166
CC_2166F3F6344B,0.14979362
CC_2168BBB42053,0.11758317
CC_217030CE0127,0.047786348
CC_2179067B405D,0.04982073
CC_219B59B67193,0.16618215
CC_21A9E8DB58FE,0.15494871
CC_21AE679C5E95,0.22292754
CC_21B98D13174C,0.09451659
CC_21C81BC15002,0.10733758
CC_21C9B26CFEA3,0.08061661
CC_21D22081A4CA,0.77179074
CC_21D29CD736D3,0.32191688
CC_21D3CEAF838E,0.13602586
CC_21EF792A3811,0.6227046
CC_21F04E996723,0.4055586
CC_21FB6C8AB8BF,0.4187548
CC_22067686F6C4,0.7480118
CC_2207A39B7BB8,0.13140771
CC_221053121AAB,0.15152977
CC_222423774191,0.08627155
CC_2230EFBC99AE,0.4698661
CC_223BDED2A465,0.25900096
CC_223E3CA7A07F,0.15822421
CC_2250B42E48B2,0.13531822
CC_225935E43583,0.13783719
CC_22781E93CF84,0.1445983
CC_22784AF3CB6B,0.49784136
CC_22831690395E,0.1803331
CC_228E6CBCC935,0.6095171
CC_229338EBBA6C,0.08140273
CC_229A63057E54,0.5048944
CC_22A2D8A4B437,0.113221206
CC_22ADE1EE9BC7,0.102585495
CC_22B69E7C415A,0.04263049
CC_22C590B43FEF,0.3089272
CC_22F06379D8FD,0.039966222
CC_22F282264A1D,0.112194374
CC_22FBF5F0E1C0,0.22093225
CC_2302088175A3,0.26099378
CC_230672EAA654,0.035162143
CC_230870B121F6,0.16148828
CC_230A051B2B3E,0.04896776
CC_2316F57AFB7A,0.07893237
CC_231D091FCD1D,0.06200949
CC_231FDED1781F,0.22530249
CC_2320053D1183,0.08788693
CC_2320AF507566,0.17592628
CC_23321FF41C3D,0.24138668
CC_233470D6BE72,0.61037403
CC_233C8EBC95FC,0.33288285
CC_235F99F13500,0.15635754
CC_235FC02CA52F,0.16865052
CC_236C80CAF53D,0.22754478
CC_236E7222D97C,0.070530474
CC_237B86FDC93C,0.059414126
CC_237E7EB2D7D8,0.10759959
CC_23830081EE1A,0.63861835
CC_23894AAA08DB,0.49014947
CC_238CBFD6E20C,0.4083024
CC_2392A4A79C9E,0.04264903
CC_23A474D43C73,0.18106578
CC_23A9CC59BA0D,0.034624346
CC_23B158D8306A,0.14202623
CC_23D147F1870B,0.17828187
CC_23D2E73DCFCF,0.1265823
CC_23D9103D1EAB,0.040738247
CC_23E142182F2F,0.65959233
CC_23E43713A108,0.05211503
CC_23EF2911610E,0.50619054
CC_24056B76BD7D,0.049468435
CC_2416ECE66177,0.12104965
CC_241E65816FC2,0.090397395
CC_241F7E97FBDD,0.06262169
CC_24217201D7A1,0.3202499
CC_242301FCCE50,0.047678206
CC_242C69CF0B12,0.12797403
CC_243B23702DC1,0.18332677
CC_2456B9C796E4,0.13047399
CC_2457D89CB88B,0.65033585
CC_24667210E2AF,0.23871507
CC_2468D206CAEA,0.056387495
CC_2469630A4F86,0.31643832
CC_2469D83D9594,0.04319437
CC_248C65EF54A5,0.62922454
CC_24BCCA7941E8,0.10380996
CC_24BDC1CE2A3A,0.20308693
CC_24BFCCDF957C,0.047886558
CC_24CC8A1B1CB7,0.11126802
CC_24D4B1852554,0.21803911
CC_24E65FA5A32E,0.18471238
CC_24EF3EDB6857,0.04919138
CC_24F15A19D648,0.14266133
CC_24F2410B5A19,0.16475005
CC_24F27E7DE1C6,0.4546882
CC_24FFFD0C983B,0.03942034
CC_2504E9D5D5E4,0.12975827
CC_250F6A0DB62D,0.080874674
CC_2520E13DF0A2,0.7370165
CC_2539C315029D,0.25378522
CC_25519ED78507,0.19999881
CC_255D49296DB6,0.13267526
CC_255DC60FF5BD,0.0499434
CC_2563C9EF9D55,0.07976761
CC_25756EB9651F,0.1160276
CC_257CC46D379B,0.45518836
CC_258D5F80A933,0.70243794
CC_259D87270257,0.19464616
CC_25A41AB21C94,0.2887104
CC_25ABCDCC8B71,0.088098384
CC_25AF0D0569B5,0.07842764
CC_25B61D393144,0.11602657
CC_25B95D7288CB,0.397613
CC_25CE2F2F13BE,0.24113984
CC_25D1A5971976,0.420647
CC_25D411B46F00,0.7730411
CC_25E7A2DC5E41,0.077691615
CC_25F4C8E51AC2,0.5642172
CC_260323EFB122,0.59557784
CC_260F10484312,0.055599306
CC_2610D0F1D0A7,0.1979563
CC_2615866F35A2,0.13492732
CC_261DA4E8DBEB,0.121069595
CC_2628F00B0745,0.36836037
CC_26338E9AD15F,0.14008446
CC_26346B99BDBE,0.6907452
CC_26351DBC1AF6,0.16725574
CC_2637397AA3F3,0.6154695
CC_26675C32611C,0.6622324
CC_266E49E49071,0.17663744
CC_2696368A4DC6,0.035363372
CC_2698641B68A5,0.122594796
CC_269C5AE6A1A3,0.6574239
CC_26A06AD1206C,0.74813545
CC_26A358B0C10F,0.16246833
CC_26B07CB02EA3,0.5906839
CC_26B638BEA8CE,0.10246435
CC_26C33B649FC9,0.055723224
CC_26D5B969A36F,0.34610963
CC_26E3A1226C2D,0.14438845
CC_26EEA3F0224A,0.24211967
CC_26FA5E5A718C,0.14007623
CC_26FE119D4919,0.06271374
CC_270B462BAEF3,0.040420257
CC_270D929FEA9F,0.060679473
CC_2731AD82BA11,0.15604854
CC_274144AE3E86,0.121884085
CC_274AE6E82879,0.17097701
CC_2757A490C5E1,0.100128494
CC_2766F6011BD0,0.41585654
CC_2768E644C697,0.059547164
CC_2770DF70328D,0.07477454
CC_277503968C44,0.60151714
CC_277CE974AA8F,0.2684415
CC_277D246E39B9,0.2084244
CC_27A1CC725B7A,0.06858277
CC_27A798829CA8,0.78383034
CC_27C938FC8DC6,0.4630381
CC_27CA2D819E7A,0.05289604
CC_27E3712F0E38,0.1102173
CC_27F3B3F43FF9,0.046531714
CC_27F9832EAB8A,0.45994568
CC_2809CC131F3A,0.7390753
CC_2812523510C0,0.14731358
CC_28151C75756D,0.04892094
CC_28203CC976F9,0.09766149
CC_282AFAE06F96,0.07342271
CC_282C2404F4C0,0.07500213
CC_2834BA2F19FC,0.18632048
CC_28432E22F47D,0.5707618
CC_2844882CC439,0.048059456
CC_284F79726032,0.3941969
CC_28544783AB15,0.43215635
CC_2856104729EA,0.76732993
CC_28625CD86761,0.18843593
CC_2866BDB46FB1,0.09586873
CC_2872415C6B36,0.07630955
CC_28752737647D,0.59684783
CC_2875C281EE88,0.058926217
CC_287E3E9EDAC9,0.08153379
CC_288A2C49D62A,0.049355578
CC_288FA8CD819C,0.15270203
CC_2891894CCED4,0.09562138
CC_2895608A9699,0.12830012
CC_28A2EF7926AE,0.65644294
CC_28A7DBD2B710,0.17305453
CC_28AD81DF2C51,0.11930192
CC_28AEC29CEC25,0.11623225
CC_28C1C3DF7928,0.08626287
CC_28CA76962EC8,0.19019525
CC_28CD47803B6A,0.07241135
CC_28DF569DBBE5,0.07038856
CC_28DFE611C657,0.09705831
CC_28E11E6A6C8D,0.15962964
CC_28F58ADC7CBC,0.12487272
CC_2916479EBC84,0.109827526
CC_2917C6CB0B2C,0.123286285
CC_291C7830D4B5,0.3645895
CC_291FE1744E5F,0.06554138
CC_293124F1ACD1,0.12784149
CC_293C2D704AA9,0.32434493
CC_29432A6B2555,0.10369759
CC_2944B427406C,0.18215904
CC_29468B7035D6,0.10197047
CC_294A9A24E473,0.07396514
CC_294B94EB0E07,0.28387702
CC_2967C29E4C3A,0.1186746
CC_29716D5835F4,0.22152257
CC_297179FF2BCC,0.45114562
CC_29803690C939,0.17954181
CC_29821539DC4D,0.13278861
CC_2983C1D2A273,0.13509159
CC_298CAC5A1868,0.5926299
CC_299EBE0FB429,0.14162162
CC_29A1C0073882,0.3963865
CC_29B6065F187B,0.4191636
CC_29BC66C10F87,0.67020833
CC_29BF3C3D9682,0.17991439
CC_29C4425FB2DA,0.20290282
CC_29C5D0D72D61,0.11980549
CC_29D65E313500,0.1472149
CC_29FD856F47A5,0.71610403
CC_2A097F88615A,0.09348931
CC_2A0CB4CE1A48,0.19380578
CC_2A14C1652D6D,0.21041572
CC_2A1F96F80938,0.16793662
CC_2A23F71805A2,0.14757578
CC_2A2BF2FD0498,0.16279256
CC_2A358A1D3DDF,0.6280835
CC_2A3E371F0DAD,0.2358307
CC_2A423FC8A330,0.32191688
CC_2A43368D54F9,0.42994145
CC_2A47A21C0E07,0.6991817
CC_2A4CB02E7A1E,0.13929634
CC_2A510080BA29,0.16824064
CC_2A5316E550F0,0.08840968
CC_2A59695EF90A,0.5910937
CC_2A606D00CC46,0.07833013
CC_2A6C69145AE0,0.086152785
CC_2A6CD71471A6,0.10517555
CC_2A70D6EF64E1,0.08232649
CC_2A844754AE67,0.6667341
CC_2A85A7B242FD,0.18428826
CC_2A9A51067D7F,0.13187332
CC_2AAAD4020436,0.18819247
CC_2AB62BCF3704,0.08250881
CC_2AC1C8DE5649,0.12131132
CC_2AD10D78793D,0.73891765
CC_2AD26446A7AE,0.044888202
CC_2AD2D35975D1,0.0810571
CC_2ADA07B0211F,0.32067966
CC_2AED2D284351,0.31633404
CC_2B01FDE2552D,0.26325244
CC_2B06DDFD7F8A,0.07984764
CC_2B08FBC0A948,0.17898868
CC_2B1914218468,0.7695368
CC_2B1D93E12DC9,0.21602094
CC_2B248C488918,0.07614836
CC_2B256891C60A,0.6203414
CC_2B2801591A25,0.350241
CC_2B2B7CF1E40F,0.10995979
CC_2B2F4204834B,0.189397
CC_2B5443C7AB87,0.07511402
CC_2B5D780AC244,0.67526394
CC_2B64E67CFF13,0.04995341
CC_2B6B872C8D21,0.075937726
CC_2B85D931F011,0.10939304
CC_2B959EF030DD,0.14252481
CC_2B973D1AC16E,0.12257982
CC_2B98983C2687,0.05343237
CC_2BA581E7B8D2,0.112433285
CC_2BB2C432C369,0.10782306
CC_2BBE19587CD5,0.07748866
CC_2BCB838A9581,0.13161445
CC_2BD0E9336EB4,0.073784895
CC_2BD1633FD528,0.06697868
CC_2BD58FC8C2B9,0.051199775
CC_2BD6083CAB0B,0.796558
CC_2BDD47B177E5,0.7981262
CC_2BDE889EB05C,0.2404005
CC_2BF8DB192A49,0.6137747
CC_2BFDF46F3AC2,0.19230618
CC_2C00CF2FAE22,0.12145698
CC_2C06DDBA1073,0.33486614
CC_2C16C7838FAB,0.80071324
CC_2C263A1A732C,0.19236438
CC_2C34105831A6,0.14273697
CC_2C43FFA06F31,0.07784443
CC_2C4DEE4CA1CF,0.059840336
CC_2C56DB55E40E,0.08181855
CC_2C59F565C183,0.14892058
CC_2C7F54E56925,0.14932117
CC_2C8CFCC646BE,0.043014105
CC_2C91AB1DB754,0.063189864
CC_2C93356976AE,0.40676308
CC_2C9DADC294C8,0.07032272
CC_2CA94231028A,0.30807495
CC_2CC8CB17283A,0.17157902
CC_2CCD42AA2376,0.0823311
CC_2CCFE560A79E,0.07599999
CC_2CED227E5216,0.09428746
CC_2CF326E90715,0.04535001
CC_2CFEA03CC6A0,0.6731902
CC_2D1D032137DA,0.122503206
CC_2D258781011B,0.19025098
CC_2D30260A1CEC,0.20911703
CC_2D35C002A9F1,0.12772843
CC_2D45DEA4EB25,0.1553591
CC_2D5494C13FFA,0.07278612
CC_2D5EA2953E81,0.1960986
CC_2D6E7894EA16,0.6141124
CC_2D7DA36360AD,0.2424285
CC_2D7DFEACA38C,0.30824658
CC_2D836654A121,0.15823969
CC_2D9CDFC6C57E,0.72955453
CC_2DAC67585B03,0.19161265
CC_2DAE338809DE,0.30370188
CC_2DB062A18C75,0.5543831
CC_2DB2C55CF89E,0.7878954
CC_2DBCBF870292,0.0385297
CC_2DCBC03B4FA3,0.70716
CC_2DD78131B5A1,0.11637952
CC_2DD7BCA75AB9,0.11180157
CC_2DEB49017220,0.089512594
CC_2DF6C71ED372,0.15309273
CC_2DFBFA1A4FE8,0.17825638
CC_2E12A41F7733,0.066651426
CC_2E1A348EB1E6,0.08968491
CC_2E23CB0F6F7B,0.3798657
CC_2E3634587158,0.047805138
CC_2E3F4B14D8DF,0.3441914
CC_2E3FDDBF4F48,0.20565449
CC_2E61C46BC16A,0.14553142
CC_2E62AEB14351,0.27394336
CC_2E6F1C0ADEB8,0.14064158
CC_2E7415FAB62E,0.08110022
CC_2E77F7444FDF,0.040527347
CC_2E78431BE3DB,0.06644204
CC_2E7D44FB8075,0.15184937
CC_2E7D8539BDA6,0.3239655
CC_2E7F248874AA,0.7176924
CC_2E85BB8F3BB5,0.08020676
CC_2E8897E4D9BB,0.29713622
CC_2E8CCDE89E2D,0.25178936
CC_2E927D910813,0.14122535
CC_2E9891F5A2D5,0.098890655
CC_2EA56A7EAC04,0.28987116
CC_2EB45D13B248,0.11052507
CC_2EC924B0EAAE,0.09614835
CC_2ECC248C96B7,0.056710694
CC_2ECF0C98B06D,0.39039245
CC_2ED3F6481454,0.14173464
CC_2EDDF0B40ED8,0.15490742
CC_2EE2A139642B,0.14638618
CC_2EEE072DA301,0.20565635
CC_2EFEBB85DAEB,0.16499576
CC_2F133BEFAA69,0.12261061
CC_2F1AAE3B81F2,0.07128928
CC_2F1BC47CC90E,0.061237153
CC_2F2128FBBDDC,0.16645317
CC_2F3D3342834E,0.06105484
CC_2F42D39F710B,0.5860894
CC_2F4AFE398419,0.7253795
CC_2F4C24B38EE6,0.06076302
CC_2F508C0838A6,0.0695617
CC_2F50EC193942,0.1760283
CC_2F5BD03D4900,0.073425494
CC_2F73AF6728BC,0.05172162
CC_2F7EBEAB9CF2,0.20659214
CC_2F9AD2BC25F5,0.053270213
CC_2FA3172ED3FE,0.6890514
CC_2FBEF8808F48,0.1735378
CC_2FC014F0EA3C,0.067681864
CC_2FC3AD2EC986,0.23590884
CC_2FCC82AC097C,0.22019526
CC_2FE2ED7D464E,0.26687008
CC_2FFCC9802D2A,0.18883121
CC_2FFE32627DF8,0.19729848
CC_300BEA90EF3F,0.12934498
CC_3017B64D0364,0.19061993
CC_3017E5E87C94,0.13917804
CC_3028375CC87E,0.7766976
CC_302A48CFCEDA,0.062011145
CC_3031F96196BD,0.4816109
CC_30328ADA0AE8,0.091648966
CC_30451015D913,0.03516994
CC_305D33AC15A9,0.77379245
CC_306015CFB66A,0.15370275
CC_306413849CEA,0.3549404
CC_306EF0BC7CB3,0.038328223
CC_3075C5B861A8,0.09914082
CC_3083D9B76858,0.053281408
CC_3096994A495B,0.21141578
CC_30B106BC1657,0.1776134
CC_30B967417C42,0.20768899
CC_30CABAFF5453,0.09856546
CC_30D68208FB23,0.35218683
CC_30E2A90BACAD,0.16486748
CC_30FFD856443D,0.603243
CC_311EF26786A8,0.0874171
CC_3129843EADE6,0.74939275
CC_312C34EF683B,0.051559076
CC_31302B64C078,0.09768505
CC_31344A25B569,0.03713444
CC_31397A399AD5,0.081233606
CC_3145B5EAD7AE,0.17185326
CC_3146EE0BF81A,0.10881689
CC_314D02632843,0.22360611
CC_315133406E42,0.27139613
CC_3180D1C6FB7E,0.16081879
CC_31827EE8A968,0.29703176
CC_319BE06CC27F,0.03928509
CC_31A0A97AFFCC,0.41784263
CC_31B22116E36C,0.16344768
CC_31C78D9B6494,0.37373814
CC_31D3FA367B41,0.09248959
CC_31DAAB3E6DA7,0.13966726
CC_31E36F666FB7,0.08813797
CC_31E72EA14FE4,0.13585182
CC_31FC6DC9482C,0.20350681
CC_32076DA6AE23,0.19265214
CC_3209FA12D938,0.3212829
CC_320E17F947CD,0.4177542
CC_3223C706DD92,0.28398004
CC_322EFB2E377D,0.09596857
CC_3248EB928073,0.07431186
CC_325D5DC52B1F,0.102753855
CC_32662A6DB78D,0.15307723
CC_328DD3BA068A,0.27341577
CC_328DF7798F91,0.19907916
CC_3295CFEB188B,0.08456299
CC_329DC79286ED,0.5779412
CC_32CB77D55C73,0.096011624
CC_32D129B9E651,0.09507217
CC_32DB12551D37,0.6837071
CC_32F00D77D5CD,0.0984699
CC_32FF5F6892D9,0.19249281
CC_3301EF60877F,0.1536272
CC_330F334BD816,0.12843342
CC_331285B3494C,0.21764867
CC_331364283D5C,0.15593724
CC_331718E0F54F,0.15301993
CC_33194D48FF66,0.09456244
CC_331E8B8BCAB8,0.079065524
CC_33254134ABA9,0.7966227
CC_332E42439579,0.099362075
CC_333102AB964C,0.14639428
CC_3338AC0E8112,0.25087932
CC_33656EEDE6F2,0.37056506
CC_336777D934E0,0.5080284
CC_336DBFE464D1,0.53930813
CC_3382BB2F3152,0.16057262
CC_3387207793E4,0.06607302
CC_33992C973839,0.19230689
CC_339C36703675,0.11391268
CC_339CA5814519,0.10878095
CC_33B157F2A921,0.08449865
CC_33BBD10F239D,0.06582902
CC_33D3B12EE56E,0.08750602
CC_33DB68EA27CB,0.08667715
CC_33F0B95E70CE,0.21655187
CC_33F40275D630,0.053696647
CC_33FD5DE22692,0.07408066
CC_340961106343,0.10422091
CC_340BB1F4CEF0,0.11605752
CC_3410B11F1FA3,0.22071879
CC_3424972707B6,0.6439231
CC_34452758A645,0.04612744
CC_344D239879D6,0.13782884
CC_34503B6891CE,0.16490962
CC_3451722A3813,0.092247576
CC_34517B513D8E,0.4794424
CC_346ECB4CF2F8,0.10471873
CC_3478E8B6B56A,0.05656567
CC_347AFDE16722,0.08996469
CC_347B1A01467F,0.048891302
CC_348AA62FF484,0.3412065
CC_348D3F098A4D,0.07684739
CC_349290E4D0C9,0.17998259
CC_349347D553D1,0.23624781
CC_3495CE27BB05,0.19359468
CC_34B10A654721,0.15293314
CC_34BD2C5130C8,0.11971226
CC_34C433439160,0.047295157
CC_34CA271F73E3,0.30510604
CC_34CEBEA3B15A,0.07445817
CC_34E58CF793A0,0.17435136
CC_34E6909B6027,0.5554259
CC_34F4292A8B5C,0.19038184
CC_34F6DD223594,0.0495114
CC_3508A7A5E9EB,0.17525333
CC_35094977DD75,0.12085955
CC_350DE157CE6D,0.15604219
CC_351BD5C2EE8B,0.032280777
CC_35486249EDEF,0.19504495
CC_354C9ABE6DDE,0.07195122
CC_35578162927A,0.14087538
CC_357C3E7518D3,0.76485217
CC_3584C15BF11F,0.04447288
CC_3588C5166872,0.066813
CC_35A68306B19E,0.25084397
CC_35BFB3093D02,0.051142205
CC_35C085ED37BD,0.4944691
CC_35C695C13279,0.07752184
CC_35D1668A4C13,0.25020838
CC_35D27495E0CB,0.7826366
CC_35D562E1DBE1,0.6346649
CC_35DCDC74A757,0.46717963
CC_35EC2AB1D1EE,0.13915166
CC_35EEB90317B9,0.59442496
CC_361A9EAF7706,0.22186215
CC_361B968FEB98,0.2938555
CC_361C9FA031A7,0.7803655
CC_3620C5D1B3E2,0.05775732
CC_3622D7221940,0.06965746
CC_363175E92F74,0.3289864
CC_3638C9146BFC,0.13475357
CC_3643A4C7EC5C,0.053759318
CC_36690A9AE112,0.71100837
CC_36719170F638,0.09699916
CC_3673466BA7A7,0.08989083
CC_36847054DF52,0.3707854
CC_3691CE792752,0.7839074
CC_36A27FE53743,0.50878644
CC_36A3FB06D1D8,0.7835818
CC_36B0F2AD5413,0.06472058
CC_36B1B7BF5F75,0.14539507
CC_36B68E66951E,0.3524023
CC_36D3F09AD810,0.5446994
CC_36DBD8424220,0.6322338
CC_36E5645D8018,0.075137936
CC_36E6592E4E23,0.14101185
CC_36F143AEC864,0.10859596
CC_36F2A735DF73,0.15700111
CC_36F81C003E8F,0.05245957
CC_36FCD55EE425,0.41868025
CC_3701D5DB7FA1,0.071524404
CC_3706E1EB2587,0.53971094
CC_370E0F8EF86F,0.5635537
CC_371D47444D5B,0.7137016
CC_372CFE308EA4,0.6389914
CC_3731D90357A6,0.29587126
CC_37322F66C543,0.04341361
CC_373539DE38C5,0.12462212
CC_375225700242,0.41847357
CC_3762D0B6F3C2,0.10814815
CC_377A277E831A,0.15889709
CC_377B6066B91B,0.24428591
CC_378D71726B5E,0.0777996
CC_37A46BD0DCBF,0.044369925
CC_37B447368F02,0.7093443
CC_37BFDFE369A3,0.21979658
CC_37D09FE492BD,0.07716156
CC_37D3F4C07235,0.24483237
CC_37DDACE48E3C,0.15348661
CC_37DEF85C0A37,0.33863157
CC_38020CED9EEF,0.09999618
CC_382207621EC5,0.7925251
CC_38374AB27F95,0.09847542
CC_383A5544DD5C,0.13648114
CC_383C129A5B96,0.2567579
CC_3847AAA649C7,0.1177427
CC_3849D992C1E3,0.07061176
CC_384BB17F0F0B,0.5981854
CC_3851177E5E76,0.0693822
CC_3862F88850B8,0.25475052
CC_3867CFCFCC94,0.24347444
CC_3872ED018F85,0.18127409
CC_3881A587C072,0.13509874
CC_3882F8EB5EEB,0.61406237
CC_38911341EA6C,0.1000528
CC_389E5B71E254,0.54849505
CC_38A0DBCD3728,0.10722453
CC_38B3E9142747,0.11559494
CC_38C1B8860300,0.05033043
CC_38C8CF250B60,0.030735867
CC_38D32B790B4A,0.11322888
CC_38EB304A9915,0.1690499
CC_38F26461C872,0.748114
CC_38F942257E28,0.5523219
CC_38FA5D78A8A7,0.049398
CC_3903D7BCCA95,0.065486774
CC_39043D7ED04D,0.22038862
CC_39098B256732,0.059788167
CC_3909A2E4C679,0.13642603
CC_392344DF8D55,0.31044298
CC_392628C8AD47,0.07443877
CC_39285F4C42BF,0.35788634
CC_392A376EA1A2,0.09057362
CC_3932E086F150,0.16200158
CC_393D1D3640D0,0.060771253
CC_3943B3490B49,0.70933676
CC_394DE164DBCD,0.13119452
CC_395600E84A54,0.10686016
CC_395D181A7E1F,0.090298526
CC_395E8CACC437,0.1346161
CC_39635AC6A70E,0.0492613
CC_3969352E3ABC,0.08020303
CC_3985C0DF9CB5,0.5349834
CC_3989F2C6A9F8,0.24785987
CC_39A82672A1B2,0.06868092
CC_39AA15DAE17D,0.6633609
CC_39AA2A3D98CC,0.03314916
CC_39AC257B00C5,0.11481944
CC_39ACC63CDAEE,0.10551793
CC_39CE40784C2C,0.19689569
CC_39E1A306D418,0.15619276
CC_39F2B11C46D7,0.11737241
CC_3A10F5F50A27,0.044973116
CC_3A27CF9D162A,0.5655322
CC_3A297424A7F7,0.11916698
CC_3A39F7930BF3,0.09081543
CC_3A57566F9977,0.55792266
CC_3A61121254E6,0.054260004
CC_3A81C568A7F8,0.16121092
CC_3A82E7050A4D,0.0551761
CC_3A860AADE6CE,0.15247113
CC_3A8B3FC29C9E,0.12281071
CC_3A8E9056A5A2,0.088067785
CC_3A9617A5777D,0.4242912
CC_3A99D25777CD,0.14599301
CC_3AA9E8D01340,0.57660466
CC_3AAEFC09C290,0.7577459
CC_3AB5E579843E,0.24562147
CC_3AB77A30AD40,0.2207709
CC_3AB7BA36A414,0.29638615
CC_3ABA830A5BB2,0.1224695
CC_3ADDDA550A57,0.12355372
CC_3AE7B1151DC9,0.13786775
CC_3AE9A209EE00,0.047675032
CC_3B06FCD75C98,0.0569029
CC_3B0722FB5E8E,0.28509963
CC_3B1C51DD7429,0.16277346
CC_3B1F4696D710,0.57135737
CC_3B224413A072,0.26710367
CC_3B35C3783CCD,0.20843102
CC_3B3626F3DF9F,0.18000011
CC_3B4405C7E486,0.5762634
CC_3B4C4A9C9D99,0.29822516
CC_3B72F0E9E3F8,0.19331315
CC_3BB02A95C6C1,0.7427025
CC_3BB8B675C2BC,0.42185777
CC_3BC51B069218,0.15027691
CC_3BCA5BD201AC,0.15535675
CC_3BCAC9793441,0.31418595
CC_3BCBC867AC4A,0.038983878
CC_3BE51412ABE7,0.3872083
CC_3BEA98B401CD,0.64304155
CC_3BED6DF1ABF1,0.15614705
CC_3BF0BF7CF827,0.82972324
CC_3BF110035599,0.6435136
CC_3BF213810DEE,0.6025898
CC_3BF21CA88D3C,0.5181889
CC_3C0E29764C71,0.07575726
CC_3C19509D4636,0.15748996
CC_3C1B038BB068,0.17598489
CC_3C594CADCA2E,0.20573276
CC_3C5D909498F7,0.6676379
CC_3C68D5179A01,0.08729878
CC_3C83955704BA,0.79685205
CC_3C93218F41B2,0.34762463
CC_3C9CFC8FB4D1,0.7474888
CC_3CA266EB55BE,0.11802136
CC_3CE49C937F7C,0.115090236
CC_3CEEB9C04F0B,0.42402095
CC_3CF504AD4DD9,0.06943882
CC_3D1092DBC5C2,0.20185128
CC_3D185833E7BB,0.06481303
CC_3D2309981121,0.3328017
CC_3D27A0086AA6,0.19105148
CC_3D3BE7D0F4D8,0.11136397
CC_3D412B5EA919,0.103036836
CC_3D47650C6F30,0.08040332
CC_3D55D1FD8457,0.049837675
CC_3D599501BA76,0.066734575
CC_3D6181EE3C87,0.642291
CC_3D65CC165F44,0.17506658
CC_3D6CF6DB8014,0.3856544
CC_3D7C14801D40,0.17787683
CC_3D836BDBF866,0.60339034
CC_3D8DF3A3DB71,0.7585375
CC_3D9309851089,0.16796772
CC_3D9ECB4274C3,0.11416397
CC_3DC8A9A92802,0.31765512
CC_3DDD3813D1D4,0.1095286
CC_3DF3FFB3CFC7,0.14452305
CC_3DF88701601B,0.14085884
CC_3DF91A482CFD,0.3289864
CC_3DFD6349D046,0.637005
CC_3E0D54125AE0,0.1966754
CC_3E10CFE1DD57,0.05450132
CC_3E13CB98572B,0.12840484
CC_3E142C8ACA6F,0.08981935
CC_3E1BAC4E5B90,0.05325701
CC_3E2DD0D1E2D8,0.14059567
CC_3E403BF08A45,0.14013119
CC_3E46368104AE,0.10184092
CC_3E48A086B5C7,0.27294865
CC_3E54451B0F6D,0.077483036
CC_3E6335ED3F4F,0.07833653
CC_3E87A65C50A5,0.14576858
CC_3E91109E2090,0.05985771
CC_3E92A1EDA618,0.22936338
CC_3E94684FE270,0.47174728
CC_3E9DB402F352,0.14613503
CC_3EB5A15A6C04,0.8202195
CC_3EB8A9A6C49D,0.109514624
CC_3EC96BC884F2,0.11187911
CC_3ECA9E44B90F,0.24561837
CC_3ECE4EF16A44,0.20560268
CC_3EDDB8E70F57,0.20556776
CC_3EDF137D0E1C,0.1498574
CC_3EEEE844410D,0.3585837
CC_3EF4F348C967,0.118449196
CC_3EF91DD11A81,0.15715054
CC_3F08C55E7A40,0.21412349
CC_3F171CED0CFA,0.03598672
CC_3F2544EFA753,0.099391244
CC_3F28F3286CCA,0.08588059
CC_3F379CB37B0D,0.16933662
CC_3F42D798AB1D,0.6314766
CC_3F48724540D5,0.16056412
CC_3F68068E2D5E,0.120165125
CC_3F7FBE71B77F,0.059377138
CC_3F80017B8599,0.056735966
CC_3F8B17953200,0.071014285
CC_3F964BADC4BC,0.74186915
CC_3F9767602FCB,0.17934264
CC_3FA84F0B23CE,0.064050265
CC_3FB4B189143F,0.1416029
CC_3FB7C976EB26,0.46549845
CC_3FBCEB2F36D5,0.1127328
CC_3FC4FE843245,0.114118226
CC_3FD52E32FE8B,0.66892177
CC_3FDB44EC6254,0.057463456
CC_3FEFBD6DC62F,0.24372795
CC_4005466D00ED,0.36330634
CC_40095FFBC1A2,0.05949788
CC_400F1887A662,0.10350221
CC_40133FF3069C,0.11919681
CC_401C6F0EED5A,0.10549926
CC_4021AD03FA01,0.1721217
CC_402E91F3A56C,0.10831657
CC_403754B6988D,0.106253825
CC_4052DFCB1656,0.22840872
CC_40579C5C13D5,0.80107564
CC_406937FF97E7,0.09628398
CC_406C4233347A,0.22497252
CC_4073E42E11E4,0.15884697
CC_4077BB12A5F4,0.08687288
CC_4077DD5B5C4F,0.13127537
CC_40824D899215,0.07877575
CC_408D79189FBF,0.321868
CC_40A3F1D5EA0F,0.34144637
CC_40A852A592FB,0.13754815
CC_40AADA91D560,0.15764059
CC_40B39CB2CC58,0.03996322
CC_40CE2030F058,0.059796955
CC_40EA2F8481E8,0.16650228
CC_40EFD7778F98,0.12976688
CC_40F278D49681,0.25369248
CC_40FFCF631F19,0.43626916
CC_4101D1B82788,0.24879588
CC_4109B79A4B06,0.03797303
CC_4119348F051A,0.09962599
CC_41206EE45803,0.06529792
CC_412DF740DA62,0.15479074
CC_413AB4CA7451,0.08542073
CC_414C06C60FF7,0.7293226
CC_414F50748A51,0.058318768
CC_415C65EA66AA,0.057807595
CC_415CED95F7CA,0.14190035
CC_416584250060,0.12164954
CC_416B3A1F0F0B,0.07349912
CC_41735021FC7A,0.2316863
CC_417858CD20F4,0.115055546
CC_41902EFB3974,0.05035237
CC_41A27790EFBF,0.14007948
CC_41A4A223F39D,0.123018
CC_41B464757ED6,0.114972815
CC_41D1A87E1136,0.5099804
CC_420FE297808E,0.043383982
CC_4211096D5588,0.1783951
CC_421F4D78128B,0.4373221
CC_422F2780C85A,0.31739053
CC_423B0296BE24,0.086953714
CC_423E78000AA5,0.18476626
CC_4246081DD359,0.10834038
CC_4249EDF2FDCC,0.80403525
CC_42568C67F412,0.37689918
CC_426A25EA9E21,0.7296994
CC_427ECDDEECE6,0.27915773
CC_4289EEC8F0A2,0.1919935
CC_429A7158AD07,0.13659823
CC_429C51AE729D,0.050016858
CC_42A0DE1E5E80,0.09158093
CC_42A7D0F5388F,0.07256797
CC_42B23C8C9F66,0.17179634
CC_42BD3999AC3E,0.32789454
CC_42C95B199130,0.4110685
CC_42CD6CE97523,0.4485194
CC_42DA114F12A2,0.24639887
CC_42E2736AA331,0.16046011
CC_42EA825C351B,0.49280646
CC_42F1B2B4D258,0.4667705
CC_42F4588EB38D,0.27230197
CC_431F29A12E99,0.18503562
CC_432EB78A198D,0.22825238
CC_43383344BC72,0.17830151
CC_4339187DD10A,0.070848666
CC_4344A2E7EA1F,0.44951558
CC_4347468ABE51,0.5609348
CC_434894BC2577,0.0672459
CC_4362DB93FC92,0.07574641
CC_436850DDC704,0.13754742
CC_43698E2EEA0A,0.096933626
CC_4387F73F131E,0.08584685
CC_43A33C994C70,0.3782503
CC_43ACD82B5514,0.30114448
CC_43B37131B8FA,0.19796392
CC_43BFCAF8BD20,0.14437506
CC_43C060E01266,0.18688452
CC_43C41AF27375,0.062288117
CC_43C5AFA48B93,0.07828409
CC_43C767A44C55,0.20288466
CC_43DECAB53552,0.049998358
CC_43E6D931158D,0.34513968
CC_43E9F88019F8,0.062366594
CC_43EBD6EBD675,0.08370699
CC_43F81C577002,0.33433414
CC_443C4E041687,0.080222875
CC_443F63BF238A,0.10122865
CC_4463776F9AA1,0.10570409
CC_446F1EDF03C8,0.06984017
CC_447BAD4F7820,0.83878666
CC_447D02F917B5,0.062084034
CC_447E705746E2,0.13714023
CC_44A017104F93,0.6035132
CC_44A1E58CDBC0,0.05425944
CC_44ABCC04C418,0.07717162
CC_44BF6BCCFC2E,0.05498018
CC_44D0671A3B87,0.13493015
CC_44DBEE3A7D81,0.16640817
CC_44F7DD6A88A1,0.23019147
CC_45080C42280D,0.20083207
CC_4524AD74135F,0.41649777
CC_45262103231F,0.19074808
CC_452D8C5D039C,0.8124239
CC_452DECDBC90F,0.09868486
CC_453C9B3A5992,0.4835868
CC_4542AACA1FE4,0.11817197
CC_455209549D3B,0.818982
CC_4555C804C4D0,0.106606685
CC_4581E4190B2E,0.0977653
CC_458912F91D6F,0.46767583
CC_45913E1BE65C,0.32286027
CC_4594791FB40D,0.122204036
CC_459B49073E2C,0.36934716
CC_459EA8E0E2EF,0.11828688
CC_45A4A38557E9,0.15249392
CC_45ACE2B1DB6F,0.071891025
CC_45C1A92F0E8D,0.10871347
CC_45D0673EDD20,0.11779696
CC_45D70DC84DA0,0.11724894
CC_45D96479EC1E,0.069526985
CC_45E8597BF74E,0.068243966
CC_45E97246F83A,0.280992
CC_45EC44761309,0.12002798
CC_4603A6F83E2A,0.0666004
CC_46045CEE8330,0.05492115
CC_464E17187A4E,0.47830147
CC_4659FB4B8536,0.13100077
CC_465EF4F9B68F,0.19938436
CC_4663FDE62E3A,0.28972748
CC_466D54BE0809,0.073928416
CC_466ED9BD34B5,0.076010235
CC_466F7908E13D,0.16192776
CC_4695A5525A11,0.15525955
CC_46BBB8A4854A,0.06874416
CC_46BC61EC8F2E,0.22722901
CC_46C0DFA660B0,0.116595075
CC_46C2DCF84CA0,0.10818031
CC_46C38B9F0D8E,0.0802785
CC_46CAB9AE7C87,0.49852836
CC_46D0D1ADEA59,0.17998768
CC_46DFC1AA0821,0.79503083
CC_46ECA5976180,0.10921439
CC_46F5F6D27991,0.078740716
CC_46FE9F226120,0.25366578
CC_47130CC63FC5,0.19149637
CC_472330768F5F,0.10096817
CC_47292EBB8BD1,0.16264209
CC_4734AB1281DA,0.056228746
CC_473989E6BA47,0.26155302
CC_473AE07014DC,0.16265231
CC_4741EF45C3DB,0.24199785
CC_474586BE49EB,0.13217868
CC_47490BF44944,0.23788859
CC_477213DAED38,0.07031406
CC_4778086276B7,0.11151188
CC_47910B073CF3,0.17590556
CC_47939776FDF6,0.7005808
CC_4796F6A64420,0.06658396
CC_4798549B52ED,0.34266278
CC_47A3714E7D2E,0.32023656
CC_47CE219EBAAD,0.17071937
CC_47CF9074E03E,0.11765207
CC_47E4537A53FD,0.10823736
CC_47E8BC938FA1,0.14372265
CC_47F134D17818,0.14676401
CC_4812FBE05C7C,0.3592052
CC_48152725FAB1,0.5569905
CC_482256495FAD,0.6287983
CC_4829FF15D21E,0.10400767
CC_482D26D81935,0.634645
CC_4838990A8D02,0.059785176
CC_4862EA9CD1DD,0.04603651
CC_4862F8C1B0AC,0.08788446
CC_486CD67D26CF,0.15945502
CC_486D8F9AE549,0.2902016
CC_4877D1BDB737,0.11824518
CC_4885E34F0B26,0.13482429
CC_48928CA8082E,0.13949712
CC_48A74FF0E6C5,0.09034885
CC_48E0791DDD62,0.07495226
CC_48F620B6A472,0.0913276
CC_48FDBB1D7493,0.13136913
CC_4910EC928152,0.1220356
CC_491C18C17767,0.054273784
CC_492F65EF8D9D,0.79614615
CC_493DDD53B97E,0.040291976
CC_495F82AA5B9B,0.17429951
CC_49618412FF86,0.08464595
CC_496A7CFA344D,0.7254379
CC_4983EBABAE3F,0.07450978
CC_4992C1915957,0.47401652
CC_4993B31028A7,0.076168135
CC_49945441A644,0.18293804
CC_49A80692BC68,0.11557474
CC_49AB67613A58,0.19598947
CC_49B05CADDD95,0.5539954
CC_49C6F9AD111E,0.095178455
CC_49CEB94F0B3B,0.050669204
CC_49D3A79B55CD,0.08630407
CC_49D6671DAE8E,0.10227653
CC_49E6C539B1CF,0.051877823
CC_49EEDF0DA684,0.04997542
CC_49FC290E33A7,0.196926
CC_4A01CF2F67D2,0.72563285
CC_4A16DC668832,0.56877685
CC_4A212461781C,0.07347539
CC_4A237A8E6706,0.153089
CC_4A3DFA0E27A4,0.1373385
CC_4A513D39DCE3,0.06475538
CC_4A532B0E6165,0.16627505
CC_4A5FA9F1C804,0.102070116
CC_4A7BDEC665FF,0.057814203
CC_4A7FC9B23222,0.29813376
CC_4A8A7080FA25,0.22003746
CC_4A8EFD589879,0.065169856
CC_4A8F7D2B857C,0.20227908
CC_4A91E8D4289D,0.3587887
CC_4A93163A12F4,0.32558724
CC_4A9FEF48EA65,0.0809043
CC_4AA73D751AA5,0.32150295
CC_4AAED0C85F70,0.15498883
CC_4AB1DEF044AA,0.04750534
CC_4AB5AE299217,0.19458474
CC_4ABA0CDC2270,0.16937445
CC_4ACFFC2F295F,0.6193883
CC_4B0490BAB1B9,0.08255512
CC_4B28B03CEFEA,0.087122746
CC_4B420765EB9A,0.10532701
CC_4B47C16D9867,0.12402224
CC_4B494C4D7D03,0.40831712
CC_4B4C84B015C2,0.047805216
CC_4B607295E983,0.05167053
CC_4B6D24E81483,0.06730227
CC_4B77AF6FAF2B,0.664154
CC_4B7EC3F2FFBA,0.05886907
CC_4B85318DFA50,0.12203722
CC_4B9B36B36DA5,0.74804294
CC_4B9E0AD5D692,0.5080899
CC_4BA041C9678C,0.10289224
CC_4BB40F2129A6,0.07440978
CC_4BB8FD274E2A,0.07331378
CC_4BBB8118FBBB,0.12957668
CC_4BC8CB91719F,0.13774529
CC_4BE447D54BB8,0.15078118
CC_4BE85B1BDB62,0.3029041
CC_4BEF3C7F6395,0.21828121
CC_4BF03FF61B97,0.47010624
CC_4BF4C38EAE8D,0.28556612
CC_4BF95B8140C8,0.11986946
CC_4BFE0CB61B5A,0.38144296
CC_4C2A3F254101,0.34148473
CC_4C351DEB6230,0.20973158
CC_4C38031A2A9E,0.11251565
CC_4C3E35875F03,0.11024262
CC_4C4D79F933B2,0.13056369
CC_4C56497F4AB0,0.6977847
CC_4C827B493CFD,0.12358535
CC_4C849C6073AF,0.09901086
CC_4C869E6F618A,0.14672646
CC_4CA21C15763D,0.12244015
CC_4CB2F1CAE684,0.10779288
CC_4CC0265E0778,0.05334925
CC_4CC5483903E9,0.6151283
CC_4CD7C76FE235,0.41208974
CC_4CE2BFED4F4C,0.0881381
CC_4CE751CB58FA,0.4720545
CC_4CF3E184C500,0.047506623
CC_4CF668E60D64,0.2918391
CC_4D1A1AF53E18,0.055633254
CC_4D29155FCF33,0.24011606
CC_4D2CC7618AC2,0.54392016
CC_4D350FF7402B,0.38264212
CC_4D38AE84E3CB,0.19482456
CC_4D4140E1056D,0.09500038
CC_4D5545FAB130,0.62622124
CC_4D55E218946E,0.09123076
CC_4D5E14BD6AFA,0.0934239
CC_4D78935D66E9,0.066211686
CC_4D883AAAC6C9,0.0390466
CC_4D8D8108C51E,0.595256
CC_4DB40331777A,0.77703106
CC_4DBC8652D26F,0.09795423
CC_4DC0E154EBB0,0.7313089
CC_4DD5B8780C4C,0.12054669
CC_4DE0070FF683,0.14332092
CC_4DE688CDBC27,0.081018545
CC_4DF37857FCEF,0.08254787
CC_4E20F0249BC6,0.7624807
CC_4E2F01B7B9EE,0.16615827
CC_4E41C247B4E5,0.15157267
CC_4E479F6989A1,0.054016124
CC_4E48AF17BC29,0.08955967
CC_4E6BE67E3C4F,0.043715414
CC_4E70939C5933,0.46571162
CC_4E70FB172717,0.15110034
CC_4E726EE8C026,0.29156318
CC_4E76F48DFDEF,0.078933135
CC_4EA180B2B913,0.03393224
CC_4EA67A160C3E,0.59695566
CC_4EE41FC91AD2,0.18369995
CC_4EFECC6C2E36,0.69362444
CC_4F22CB97C34F,0.05124941
CC_4F2444DC6C75,0.8355762
CC_4F2B7F512DD5,0.06933032
CC_4F504A9744FB,0.09451324
CC_4F6FEE589187,0.12392673
CC_4F71AAF96C32,0.07209472
CC_4F76E57C55EF,0.34856817
CC_4F88D3E5AA2E,0.04749338
CC_4F8A4384F6DE,0.14446692
CC_4F8D83DCCF25,0.18069628
CC_4F956AA47816,0.6375179
CC_4F99FCEA10E8,0.113359496
CC_4F9F10A183F6,0.09638359
CC_4FA766935F14,0.09636278
CC_4FB0B9E398F2,0.34222043
CC_4FD0DF6CA3AA,0.056636017
CC_4FD902F7ADEC,0.067391545
CC_4FF1155E3A6B,0.35442618
CC_50103368F241,0.06901242
CC_5012B9991935,0.11205497
CC_50172FF2C2C1,0.10756438
CC_5017C9BA7773,0.057526864
CC_502C3D0EC4CA,0.08487874
CC_504157951119,0.048870467
CC_5042938B5A9A,0.42335942
CC_504A57293FE4,0.79563975
CC_505812CFE43B,0.3504393
CC_505A6EB06E39,0.36065757
CC_5064CCE0EF29,0.25156605
CC_507BDF639FB5,0.18537341
CC_507E53684AB6,0.09748783
CC_5087A0D1765D,0.25347307
CC_509229AEC221,0.21787795
CC_5092D3A72B03,0.21891014
CC_5092DF691F74,0.62875086
CC_5094BB59416F,0.20154075
CC_509926B384D8,0.7695468
CC_50A6C96DA7D3,0.04740075
CC_50AE75A10F3B,0.28001183
CC_50D4BB93EB1A,0.068560466
CC_50DF7B02E356,0.19145201
CC_50EB53CFE7F8,0.056273714
CC_50FC7D563CE4,0.14820777
CC_5100E6EAA3FF,0.18136041
CC_510F2944B2A0,0.12830165
CC_5128881AAD54,0.15975043
CC_5138941DB7A2,0.15354386
CC_5139EF8BEAFB,0.15794222
CC_513E5EEC6B04,0.1089312
CC_51427EF15375,0.27347833
CC_5147B281DA64,0.37866998
CC_515D968ED36E,0.08779311
CC_5176FF858154,0.0866189
CC_517CB40FB016,0.08660351
CC_51884D5F3E4D,0.1002501
CC_51AE98263438,0.13909926
CC_51C9CE782368,0.18089262
CC_51CC80D1570F,0.066309705
CC_51D2E3476902,0.07433897
CC_51E05E706D64,0.11306369
CC_51E5A5E9801C,0.05949058
CC_51F5DA44F9A0,0.44143915
CC_51F6BDD355F4,0.050787274
CC_51FE657FE212,0.11562869
CC_520950C9BAA3,0.053497426
CC_520B1D31AB99,0.15271918
CC_522550E1761D,0.7713677
CC_524CD519E76B,0.09037582
CC_524FE9E3DAD3,0.45240933
CC_52629A025048,0.12113824
CC_526765FC100C,0.23686527
CC_526E56249FFA,0.28071126
CC_528B42A34966,0.23465344
CC_5292B36E4882,0.19494295
CC_529A2F110236,0.16648673
CC_529BC4ADAD6A,0.17965232
CC_52C1C5A6F887,0.085654795
CC_52C3B674FDFD,0.2399584
CC_52CCBB8F9964,0.101714656
CC_52D21FFA24DE,0.73519003
CC_52D32EDBAA78,0.22137858
CC_52D7821A8363,0.14440125
CC_52D9087EBCD6,0.81363034
CC_52DD62E1AC2E,0.18808225
CC_52E8B04F0FA0,0.12197451
CC_52E965E9E2C3,0.14271392
CC_530BA492842A,0.31594306
CC_530F6E906D6B,0.04808039
CC_531FCFBE3B13,0.12930901
CC_5320DFEAD897,0.16770437
CC_53319AE7B829,0.6742901
CC_53481151859F,0.04870944
CC_534D4FC05F82,0.18332455
CC_53687DA8C9E5,0.33371046
CC_53795A7B7751,0.0680158
CC_538328A6B3BA,0.43051866
CC_5385266461B1,0.2129692
CC_53891CB35BF8,0.12717204
CC_53A6E1083B13,0.08858444
CC_53A77DA726A4,0.08817409
CC_53ADBC2F6E34,0.20802917
CC_53B249809561,0.09463016
CC_53B2DF5B019C,0.05615773
CC_53C1F3E031A3,0.14635284
CC_53CBF2E8AD05,0.5389689
CC_53D04793ED9D,0.063967444
CC_53E23A9B6F74,0.06440808
CC_53EB59C99100,0.42708987
CC_53EB9AC04311,0.13393193
CC_53EC732C9B30,0.031307533
CC_540122E71534,0.16679272
CC_5405C89DF8BD,0.7391973
CC_540D69F5BA23,0.1373273
CC_5414446319CC,0.68808997
CC_5418410F95A2,0.06852998
CC_5431A01C30E4,0.07681973
CC_5452437FC605,0.40676308
CC_5452979BF98D,0.074584566
CC_546EE83F84A4,0.44307005
CC_5473268241FC,0.15753978
CC_5474EE64D859,0.31301188
CC_5476E2B2FCA0,0.12615563
CC_54892024F98D,0.20385027
CC_54B33C66DCF7,0.07978809
CC_54CF66B660B4,0.46868622
CC_54D3A35EC69F,0.063870445
CC_54D6AE2665AA,0.08242923
CC_54D93974E62F,0.25712633
CC_54F5F552A0F2,0.13828431
CC_54FC3B361BDA,0.10235539
CC_550135E8FAC6,0.12621047
CC_55020AD0D117,0.14468661
CC_55094AF7EFEF,0.08724473
CC_55126E23462E,0.055846155
CC_554C21CCAF3E,0.11679631
CC_554C912C7DBE,0.06875666
CC_556B02A2B401,0.27451152
CC_557A0B0CD0F4,0.15304357
CC_559A14E729EB,0.31144705
CC_559F0DD4E4A7,0.35137245
CC_55A82B4E57F6,0.14722401
CC_55A98ABE4C75,0.12414831
CC_55A9D45EA466,0.037712153
CC_55CB872FF50B,0.19531767
CC_55D9E3D58435,0.24515718
CC_55DFF3C3BB46,0.13609956
CC_55EDC3996984,0.13717625
CC_56013299D8C5,0.08431282
CC_560B519C1F50,0.079881355
CC_560CABF0F5D0,0.12840608
CC_56178AD87948,0.24058737
CC_5619A7BB54EA,0.1077225
CC_5624319D7B28,0.121034436
CC_5625119D6C37,0.18596184
CC_562BE7245E1B,0.6839744
CC_563684010DF5,0.5718878
CC_563EA9A29338,0.13081567
CC_564590AFB575,0.036714863
CC_565E01191BF6,0.64190096
CC_56612A039382,0.07142863
CC_5665FB827721,0.5617864
CC_566932C3CC97,0.11231642
CC_5671D59B2A51,0.13991936
CC_567E7DD24A97,0.09011015
CC_567F47F37683,0.043964464
CC_56847A91065C,0.11864777
CC_5698480F8634,0.08006969
CC_5698B024CECC,0.6476525
CC_569DC051A2EA,0.10483374
CC_56A322152604,0.38127458
CC_56BFD9A8335D,0.34742913
CC_56C9379BADB6,0.042499613
CC_56D410FD8F56,0.37469316
CC_56D4549919EA,0.15982518
CC_56D918CA6353,0.11651308
CC_56DB30CE666D,0.14975771
CC_56E760C3206D,0.25493434
CC_56F73F905615,0.82959265
CC_570683C088DB,0.18960027
CC_571C6AFD00ED,0.40571755
CC_5725663C3B89,0.12145819
CC_57291D7667C8,0.1444025
CC_57313F6E7927,0.18053493
CC_5735F9B859AF,0.5833725
CC_573B34826B2B,0.6399174
CC_5744447CAF7A,0.06445622
CC_574CC0FC7B05,0.102908
CC_5759E2982909,0.08614857
CC_575CCCCDD7B6,0.65787727
CC_57603A37D19F,0.041620072
CC_57639D4995CF,0.22411773
CC_576E6676FD55,0.056490123
CC_5775C148E05C,0.14765075
CC_5798E560E9F3,0.7791017
CC_57A486F61065,0.3733149
CC_57A726458B99,0.06153316
CC_57B0D41BD7D3,0.38332123
CC_57B501E60C35,0.07385417
CC_57CA90509CB1,0.7507193
CC_57CB7673547B,0.07924539
CC_57DE479CB61A,0.7270434
CC_57E7F1A6B895,0.04055458
CC_57F13C4115FA,0.42309797
CC_57F480CA9A42,0.08726638
CC_57FDFC6DE726,0.25521395
CC_5810468B76BE,0.13478181
CC_5810F212B2EE,0.3477722
CC_5817759E7007,0.14445734
CC_5818B5089B3C,0.074514955
CC_582C78363EB6,0.09157447
CC_58391600720C,0.110501565
CC_583D7B177F85,0.10361429
CC_584C11014F63,0.13274445
CC_584CDC12578D,0.07042934
CC_5852F443C55D,0.073496476
CC_58565AF0F70A,0.5530754
CC_58568DF9AECF,0.25113127
CC_5859EE6309D5,0.3598439
CC_5872B45E1C19,0.7218933
CC_58797A417EEA,0.20561028
CC_587A4844B482,0.23579763
CC_587C0CC3DD82,0.66720253
CC_5881A04052CE,0.07770802
CC_589A4E02EF81,0.15436527
CC_58AB46E5655E,0.15278141
CC_58B0CFC9F3D2,0.06110698
CC_58BEFDA6B4C6,0.10898991
CC_58D95C7247D5,0.06131442
CC_58DBF3409D48,0.08137524
CC_58E35A47B880,0.17257418
CC_58E40EFF57CF,0.33333075
CC_58F551219BD6,0.09171475
CC_58FA76C6C45C,0.6129817
CC_59018149723B,0.06345771
CC_5904459ACECB,0.76609725
CC_59088B2886E8,0.04228386
CC_590D2E0AD18E,0.6290389
CC_59146CA05E8C,0.080875546
CC_592592397DC2,0.51692545
CC_5926F5B4E054,0.15419164
CC_592A5A163624,0.38986194
CC_5941C323917F,0.076104276
CC_594E4E86A1C6,0.18250522
CC_595ADAA76A32,0.10018845
CC_596A20270C3D,0.17611618
CC_5970E93E11DF,0.30431384
CC_597AD111527C,0.09676279
CC_597FDFFA265C,0.09337747
CC_599C287D2BAA,0.43392622
CC_599E345094D2,0.13182287
CC_59A4741B5A92,0.1463373
CC_59BB3A5BA2A3,0.5900319
CC_59BFD1200F6B,0.13919953
CC_59C07CCAF4E0,0.20208964
CC_59C49474B501,0.13891064
CC_59CFBC2CA471,0.5876797
CC_59D62BE0C0C6,0.12604952
CC_59D86F572716,0.12041478
CC_59DF71FBA4B0,0.043210186
CC_59ECB7465DCD,0.07233067
CC_59ED43A803B3,0.039023582
CC_59F5E81F4EA0,0.11642953
CC_5A10371BE7B1,0.8228893
CC_5A2F9A594A05,0.5544225
CC_5A38E46246FC,0.48317856
CC_5A3F52B0A07B,0.23112446
CC_5A5507A49F6D,0.10048588
CC_5A58A5E6DE82,0.07158692
CC_5A5BB6DC1018,0.20827986
CC_5A5C0DF50E01,0.11807354
CC_5A633C535360,0.07659947
CC_5A67E62D8D5E,0.67038584
CC_5A6BA0007593,0.13973148
CC_5A7513434C72,0.040502984
CC_5A756D8AE60D,0.16109665
CC_5A7C13841B7A,0.6581556
CC_5A7CBB6E8716,0.2385892
CC_5A83A1E25A2B,0.37508783
CC_5A86EB53A14D,0.782705
CC_5A89E13CE597,0.19656608
CC_5A9466D0CF9F,0.12331579
CC_5A95331BD0C5,0.15692821
CC_5A9F63C3E428,0.0594544
CC_5ABC76FF707A,0.06472238
CC_5AD0F1B43457,0.11716189
CC_5AD82250C271,0.04735828
CC_5ADD27165E38,0.75027716
CC_5AF32E5C8018,0.036861345
CC_5AF3690FA0B0,0.18176101
CC_5AFDFAA63B45,0.14483637
CC_5B025DA26FE6,0.047275543
CC_5B07C7DE7E7E,0.18678088
CC_5B08171A6880,0.22412263
CC_5B09FB1A0BE2,0.0654888
CC_5B0D6BA12702,0.4821392
CC_5B0EF2D4C3CC,0.13705237
CC_5B195D88C182,0.38372326
CC_5B1F6FE71A38,0.054972246
CC_5B247961602E,0.05968404
CC_5B276421F4CD,0.043932337
CC_5B289AFA1662,0.25064462
CC_5B3A16421A31,0.04437043
CC_5B3E78897EB7,0.06330414
CC_5B480B44A9B1,0.12447324
CC_5B546C3A21F8,0.15908055
CC_5B5BC4023EE7,0.15692784
CC_5B6D63DD34B7,0.10654991
CC_5B6E868912E6,0.07282749
CC_5B818D2581FB,0.123518445
CC_5B82E8BB921F,0.2620124
CC_5B8E8DA14EE6,0.14626232
CC_5B900A135A69,0.09369294
CC_5BB64BDF3C99,0.09282827
CC_5BCB2C79D1CA,0.25735456
CC_5C072DB8586F,0.0614158
CC_5C0BEC2A0850,0.10285123
CC_5C24010127D1,0.28117228
CC_5C2DAF5E0EB7,0.3743657
CC_5C3E8DB90978,0.16389766
CC_5C4A7CE69975,0.32067966
CC_5C5766F933B0,0.45791635
CC_5C5808240054,0.08963955
CC_5C5D6E15EA27,0.19012155
CC_5C60C4545922,0.16705191
CC_5C626D70F6D6,0.1770265
CC_5C670F0622BF,0.088012
CC_5C799E57EF53,0.065177575
CC_5C7B44735AF4,0.16947731
CC_5C7D8DF047E9,0.16693264
CC_5C80F394EFC3,0.1263282
CC_5C99E6189441,0.08071882
CC_5CA9AB4A6AB4,0.09758181
CC_5CB78ADD2432,0.15620096
CC_5CDE37CE08CF,0.046120137
CC_5CE258D12432,0.34235224
CC_5CEEF006ABF9,0.06777358
CC_5CFD2850E277,0.22754516
CC_5D01F71B9FAD,0.11879961
CC_5D065A455A45,0.2252045
CC_5D0AA7D4954A,0.25307062
CC_5D242448B812,0.11019965
CC_5D2C5115BDD2,0.20172262
CC_5D3273E039AF,0.6597396
CC_5D398BB3365B,0.07292187
CC_5D3C1CE64952,0.077613816
CC_5D4B0EBB5CD6,0.111531824
CC_5D5E897588D3,0.1208671
CC_5D65F25FFB8D,0.05445964
CC_5D665A86C465,0.12443752
CC_5D80C353E475,0.10771487
CC_5D8895A0AB4C,0.17504853
CC_5D88A673BF50,0.20780197
CC_5D89688B69A9,0.35550618
CC_5D8AC8E18A8E,0.07071707
CC_5D8E7DC2FA6A,0.5072114
CC_5DA29AD9E85E,0.050595228
CC_5DB286EAC626,0.2726066
CC_5DBC1BB95B84,0.79792017
CC_5DC0A465470D,0.06248001
CC_5DF82CB03C3F,0.09712148
CC_5E001C93F359,0.07279686
CC_5E029094A55C,0.71956575
CC_5E0808121A65,0.1596964
CC_5E1117E4E593,0.11663384
CC_5E1541060A97,0.7291782
CC_5E1C11540C0B,0.10393413
CC_5E1DC0E143F2,0.17542669
CC_5E206AC277E4,0.21322918
CC_5E22B4BC8B12,0.076244436
CC_5E22D889B6BF,0.14476421
CC_5E38425EC99F,0.7534961
CC_5E3A70C2077A,0.14102587
CC_5E5607D275CA,0.12542896
CC_5E73C3D2B3EE,0.17709197
CC_5E7F23A07A71,0.14399417
CC_5E80A96974B8,0.24362369
CC_5E8C0453B9B8,0.2819612
CC_5EA599FBA5E0,0.5032468
CC_5EB379BA6C7A,0.09909104
CC_5EBB96F65AFE,0.4074639
CC_5EC41568C2E1,0.07666132
CC_5EDB5C924107,0.37444022
CC_5EEE5D0FF8D3,0.14794615
CC_5EEF07FFC243,0.05950129
CC_5EEFD690759A,0.10306896
CC_5EF2176F01D5,0.1388818
CC_5F17CA33D26B,0.062987454
CC_5F20750D6658,0.15997632
CC_5F2CE32A6EC3,0.12570713
CC_5F328EE757B6,0.045769744
CC_5F35B8D87D06,0.20986459
CC_5F390BA40E83,0.69195914
CC_5F59092CA9B2,0.084034294
CC_5F5916E96E19,0.13683996
CC_5F5E835B9E6E,0.116503656
CC_5F648D39D67F,0.5651308
CC_5F6D4104C808,0.15227738
CC_5F72EBE104D4,0.044096097
CC_5F765C41F051,0.05998775
CC_5F8859A6F0DB,0.03874442
CC_5F88ACC7C384,0.15478441
CC_5F89DFA97B7C,0.4960473
CC_5F93A3E31DD6,0.6850687
CC_5F9A44423DD4,0.14135733
CC_5FAA7965BD71,0.104080506
CC_5FAFA265CA02,0.37673354
CC_5FBE1A34704F,0.14234574
CC_5FCAA919577A,0.23013887
CC_5FCD208ADD77,0.1970517
CC_5FECD2BB0094,0.105056286
CC_5FFDE52E6B7A,0.109611966
CC_6002BFD3F26A,0.18860409
CC_600311592F72,0.051201336
CC_600AE12112D6,0.32113495
CC_601C3178E38D,0.16692209
CC_6037EEA42F2C,0.41626462
CC_604C08F76272,0.6488987
CC_604C72AC662C,0.13450626
CC_60510AFA8A87,0.1837929
CC_605E2E26E52A,0.2494633
CC_605E3904CD8E,0.14608282
CC_60611B935106,0.15921785
CC_6061787228F8,0.15331997
CC_607270A72DFD,0.24431022
CC_60738E418DB3,0.11987315
CC_60961DF8A134,0.12501524
CC_609B7A7FA165,0.069706395
CC_60AC5C892D01,0.11307168
CC_60C09FF84412,0.17358972
CC_60C87349D73D,0.26822984
CC_60DA2FBF1FBF,0.13239218
CC_60DA539A39FD,0.18089987
CC_60E974A0B278,0.062014066
CC_60EF7D647EFC,0.059301265
CC_60F525A39898,0.0358244
CC_610009B69EBA,0.67140454
CC_610FDDF5FE54,0.1162221
CC_612C06CB5FF4,0.0920138
CC_61307D82CC26,0.64661247
CC_615030FD33CC,0.73336554
CC_61649241FE59,0.21753578
CC_6170051A606A,0.21615498
CC_6179A630658E,0.0939492
CC_617BD59427E7,0.12140883
CC_617EC8BD5153,0.18172666
CC_6191E14D21BE,0.05335256
CC_61A798B8D222,0.045958616
CC_61B4A983D1A1,0.08186979
CC_61C9732AA682,0.7394968
CC_61DC64E37471,0.061495874
CC_61EAF14033DB,0.100235485
CC_61F18E0C218F,0.084775835
CC_61F1A1263F5B,0.13460456
CC_6209EA426553,0.04272296
CC_622BD8CB3807,0.2824285
CC_6234A9617A7F,0.08118512
CC_623AC074EB25,0.17524856
CC_623FAACE8A80,0.06192455
CC_6244E2935407,0.26107755
CC_624535E11F69,0.065909036
CC_624EA2917CDD,0.6245968
CC_62565D08DDDD,0.7085385
CC_6268ACD3F95B,0.53483
CC_626B61F4789A,0.62074935
CC_629193C2A090,0.24843186
CC_62933641AC43,0.24036556
CC_629480877536,0.33344448
CC_629CB045D9FE,0.07898503
CC_62A84BC400F0,0.34951457
CC_62C36DF81797,0.19381784
CC_62CC835CAE4A,0.6960656
CC_62D4192F126E,0.78080964
CC_62D7A3C9483D,0.06296988
CC_62DF1B99B4DA,0.12227817
CC_62ED7BA3E620,0.058957055
CC_62FC001AFC78,0.0869973
CC_630412B4AFDA,0.16753677
CC_630903AD39C1,0.04724259
CC_630938DCC1B5,0.046114493
CC_630ACED773E9,0.46989012
CC_631E1690D913,0.05607201
CC_633A7C7FC25F,0.2503531
CC_6342051D8FEA,0.27764338
CC_634CE4E8AE49,0.1479987
CC_6359692F5EF6,0.13289364
CC_637278423A6D,0.21233936
CC_6377AB848081,0.15768187
CC_6381A65E0A3D,0.0837383
CC_63871B4814E2,0.11426248
CC_638AD269F05C,0.036299706
CC_6391AE0FB83F,0.13130358
CC_639703EE2ABD,0.04767268
CC_639750C87A7A,0.7464194
CC_639B1DCECD2F,0.15672651
CC_63A869443AC0,0.4772695
CC_63CCEE26BCAE,0.061350767
CC_63D51CECB6D2,0.23607618
CC_63E53402FC02,0.049602486
CC_63FC6895901C,0.14112248
CC_63FC8A97D9C1,0.11784353
CC_64117B93EF73,0.34755102
CC_642D9C325F1D,0.30217752
CC_6436B950E22B,0.15138623
CC_6445BD3DDB6E,0.038196735
CC_645C15569E42,0.08741317
CC_646472AD66EF,0.10144611
CC_646B8254357E,0.13889463
CC_647F4BB4983D,0.6576204
CC_6489ECEEFD0E,0.07952653
CC_64946E57306A,0.039264243
CC_64976830B0B7,0.3009557
CC_64BA10F3FAA1,0.073233314
CC_64BA39A0DFC6,0.09250901
CC_64CF9A79EBFC,0.09159329
CC_64F0E0473D1E,0.07796984
CC_65006C2AB2D4,0.7728809
CC_6500BD19FA06,0.29775676
CC_6504DCAA90E1,0.109290205
CC_6509C7361994,0.16057631
CC_651486189673,0.07662767
CC_65194BAE506A,0.16156882
CC_652539353439,0.19021975
CC_653CE5FA5A76,0.27191275
CC_6560C2F4EDA4,0.17266655
CC_656137F98187,0.62539846
CC_6575B4B39113,0.037040867
CC_657F629D31E2,0.22288802
CC_6580B7583ADE,0.19414619
CC_658477BA75D6,0.052163072
CC_658B7867BE7C,0.12015719
CC_6593FE5349F2,0.072109014
CC_659EE0F05A75,0.33516085
CC_65A0D8134410,0.24757671
CC_65ADD5A19F64,0.10187196
CC_65C3F0F73BB1,0.09280437
CC_65C47521C285,0.044274878
CC_65C4EE0B737C,0.23180583
CC_65CB68404333,0.170571
CC_65D6DFF1B766,0.102150984
CC_65F1545C35E1,0.20563991
CC_6602547E2FCF,0.205204
CC_6615D7044816,0.25807166
CC_66244D4B72EA,0.092326805
CC_662E5AAE07A8,0.04628104
CC_66322B339E84,0.065591745
CC_6634FD4B1CD5,0.7729216
CC_663DCEF4923E,0.19032109
CC_663FE5BF918D,0.46895745
CC_6645798E740D,0.08548933
CC_6649736C8321,0.77742666
CC_664E1026C4D9,0.28467545
CC_665603C4A33B,0.066015065
CC_665BDD9C8039,0.38506117
CC_665F2AD58363,0.21644571
CC_666767444BC3,0.21837811
CC_666C0A2A8674,0.065272085
CC_666F2BCDC7D7,0.18259114
CC_66775178B226,0.055027217
CC_667B6F8C846A,0.6156273
CC_667E909835A4,0.24263988
CC_66809C278FCC,0.1833129
CC_669CCC44CFCD,0.053333923
CC_66B0BD3F6516,0.35755366
CC_66BF02C05DD8,0.15694016
CC_66C491256BE4,0.07843141
CC_66CEFA65F912,0.4057061
CC_66E025DB3282,0.6725048
CC_66E7B423A32F,0.69355744
CC_66ED26E7BAD9,0.102359705
CC_66F7FF7735C3,0.2707905
CC_66FD0CE6D57B,0.054064997
CC_66FFFE05C2E8,0.08092504
CC_6700012A39B8,0.11520767
CC_670FC6A064F0,0.20634902
CC_672932B65802,0.11551565
CC_6742C6478F98,0.1936807
CC_6745321663BF,0.06059428
CC_67579CF57290,0.16359112
CC_675F7483FB90,0.1728447
CC_676ACFAA6131,0.68481374
CC_676B423C495A,0.5905367
CC_6771C0D1CB1F,0.053881433
CC_677EE0369CA7,0.07703628
CC_677FE35855A9,0.15879501
CC_678091614A14,0.14076303
CC_678A43ED0803,0.6423937
CC_67955C210226,0.089728504
CC_6797E0B01112,0.29847923
CC_679D90941842,0.13562383
CC_67C05273700B,0.14032917
CC_67D5172B6450,0.19628708
CC_67E8CF412D93,0.09956777
CC_67F6576A6836,0.22398363
CC_67F985A00A12,0.062297363
CC_6801AD1D4478,0.06518681
CC_6803BFA94B17,0.06502785
CC_680B16E5E240,0.14245518
CC_680F2D0F4F6C,0.11235433
CC_68221E1393E1,0.10445807
CC_6822590B968C,0.1770785
CC_682D8EBCEE94,0.23286852
CC_68429B4AE401,0.422942
CC_686B26BDD061,0.06274343
CC_687518442359,0.38375163
CC_6875DA61F422,0.21048917
CC_68A3D749608C,0.15361886
CC_68A9C3CE2557,0.102963634
CC_68B9F8C6D9D6,0.66535854
CC_68BC65E3C84A,0.35440513
CC_68CC4D1D898F,0.077797726
CC_68D0ACBD2D0F,0.03955973
CC_68DA8D5488B3,0.075859666
CC_68E675A69AF3,0.19199763
CC_68FC9E6FA27E,0.2017068
CC_69322F7C4CE3,0.15218587
CC_693710EAD59A,0.23696078
CC_69387752F41F,0.47860307
CC_693B71DDFE67,0.13906191
CC_693D4AEDA3A2,0.115116455
CC_6952171BCD2D,0.13292655
CC_69547DEB412A,0.3091779
CC_695E80DBA42A,0.07647646
CC_69717E76CFAF,0.47570038
CC_69741BF89A2D,0.12654194
CC_69825C70EEE9,0.24321407
CC_6985C268DC74,0.49106
CC_698886C4AD90,0.13746554
CC_6999901A6060,0.15423995
CC_699ABD34646F,0.09648318
CC_69A98DC7A907,0.065433666
CC_69AA6E0DDE10,0.29022658
CC_69AD5A48A78B,0.25824162
CC_69BA7BFF98E2,0.10522627
CC_69BBE365C097,0.053758115
CC_69CD95A00D9C,0.043613434
CC_69D328691680,0.07807441
CC_69D39C9F36F2,0.2802656
CC_69E09390CD64,0.11132121
CC_69FD49E90AC9,0.36372977
CC_6A099AFE73BC,0.18491717
CC_6A099E6C91BA,0.34339017
CC_6A19EB191A81,0.032637894
CC_6A39017046FE,0.07812312
CC_6A4A401F2920,0.36711112
CC_6A5261180031,0.0840123
CC_6A7432494840,0.18210803
CC_6A7963180D20,0.3607833
CC_6A7D7E5F814F,0.6063778
CC_6A8B8BBA749E,0.16543998
CC_6A8DFDB0621D,0.12311496
CC_6A93C436E2FF,0.0948492
CC_6A97F81D9A0A,0.14686416
CC_6A9D1622B4DE,0.27632242
CC_6AA6589445C1,0.6796893
CC_6AA7A87F59FD,0.20743608
CC_6AADD44C0B52,0.082647696
CC_6AB4A5EBA3F6,0.24351004
CC_6ABA7D0ABAC5,0.10669004
CC_6ACF1E52BE8E,0.14630377
CC_6AD3513459CB,0.09751087
CC_6AD4238EE77D,0.19068044
CC_6ADD0FE5DD74,0.70703983
CC_6AE2737BD3A8,0.07796814
CC_6AE48C1F2448,0.12220516
CC_6B00A666A420,0.7231707
CC_6B07C3992304,0.0629939
CC_6B0A72BBD800,0.65915895
CC_6B12B975F2EC,0.41366526
CC_6B12C9507F32,0.17511658
CC_6B34719D93AC,0.57789963
CC_6B34740DD355,0.16329199
CC_6B41081727AD,0.23296258
CC_6B4902892E70,0.110004894
CC_6B5BC2D89077,0.74961036
CC_6B65242C2CCC,0.16741136
CC_6B823BACBE75,0.33028919
CC_6B83E1A959C2,0.24620408
CC_6B84FB3DE604,0.04866796
CC_6B8AABAA752E,0.18583924
CC_6B8AC0DEE990,0.36834034
CC_6BA45C072D40,0.17367943
CC_6BA72ECB5027,0.10103168
CC_6BB560F020BD,0.0636583
CC_6BDF0B68C126,0.03296745
CC_6BF0A9437728,0.11452465
CC_6BF3B9097199,0.13895255
CC_6BF7A1EF31B9,0.19050097
CC_6C29DF49246A,0.062356792
CC_6C3C86C2125E,0.071319446
CC_6C42FF6D7218,0.6969815
CC_6C541A482CF2,0.22691296
CC_6C585A6BFE01,0.7845681
CC_6C5CE36700D0,0.24001668
CC_6C62C2094733,0.10204356
CC_6C66539A9D02,0.29711518
CC_6C684505E498,0.069909796
CC_6C6E40927C35,0.04425421
CC_6C7736F51C12,0.6920797
CC_6C781CEB6F52,0.095742784
CC_6C7E39BF4744,0.14474674
CC_6C9EE9BAECEE,0.08396787
CC_6CA0F076091A,0.09269331
CC_6CAD299645B0,0.12924598
CC_6CC3C50BA394,0.082453415
CC_6CC593C5385D,0.041927535
CC_6CDA4B24C602,0.28403395
CC_6CE31AFF7813,0.06063225
CC_6CECB68DE9C1,0.30916953
CC_6CECD3DBA212,0.16127628
CC_6CF17D012682,0.15433797
CC_6CFCDF903310,0.15275566
CC_6D08B5E62654,0.10093847
CC_6D0F60667273,0.3090411
CC_6D127EE83945,0.051422488
CC_6D134DB29068,0.37109804
CC_6D141A49D94E,0.6374365
CC_6D148C0A624D,0.13101484
CC_6D1EFDDE2EED,0.06233244
CC_6D22B938D7B9,0.0758138
CC_6D27409F4956,0.08881983
CC_6D2F0EBBCA4D,0.21984385
CC_6D43BE30E8B8,0.26420355
CC_6D4EDEAF67C7,0.1887195
CC_6D72571304DC,0.52501684
CC_6D7C62C7C161,0.05093523
CC_6D8A18C28AF0,0.07539668
CC_6D8B35007242,0.07965069
CC_6D93A9E49E3B,0.1973001
CC_6D9C644A082B,0.09328588
CC_6D9F52BD4D0E,0.0977046
CC_6DA058F9B631,0.2754426
CC_6DA1F8DF9CDC,0.2822472
CC_6DB000AEF16A,0.084625766
CC_6DB5025899E3,0.21979475
CC_6DD6FA2FA0C6,0.09131951
CC_6DE4E4C1A31D,0.16040193
CC_6E09CBC15C94,0.50489885
CC_6E353816938F,0.054062963
CC_6E3AB992A5C9,0.1863004
CC_6E420A2FE490,0.15272677
CC_6E46D01888D5,0.1493816
CC_6E4702162475,0.060595006
CC_6E548AF15091,0.22587337
CC_6E5C9A2DA27E,0.04989743
CC_6E610F3976CB,0.19918448
CC_6E614FF9BE02,0.66323256
CC_6E68D46447E2,0.109179825
CC_6E712C21215D,0.041642014
CC_6E84DED41B8B,0.16689579
CC_6E8557E30DC9,0.53436905
CC_6E8963475D35,0.184137
CC_6E9880CA0BF9,0.32029125
CC_6E9FCD68ED52,0.65515226
CC_6EB194A93F60,0.13406031
CC_6EB370F511F7,0.07578325
CC_6EC722B2BC2F,0.15121838
CC_6ED1B0EE4B6C,0.20489071
CC_6ED65E7CABA2,0.10765251
CC_6EDA84B653B8,0.35125178
CC_6EEE8E7C1D1C,0.21920429
CC_6EF17801ADD6,0.12209056
CC_6EF337CC4BA9,0.2632593
CC_6EF464EC9FCF,0.11260586
CC_6EF6B8AE7DCD,0.043496028
CC_6EF8C59D8395,0.84536564
CC_6F2146FE362E,0.08125452
CC_6F2408B665A6,0.3452764
CC_6F2B8E925D59,0.029640434
CC_6F3034E96848,0.108978175
CC_6F3559ACC2F5,0.045333292
CC_6F46C5897DA8,0.4516744
CC_6F49ECAE902C,0.08016899
CC_6F4B818665D3,0.11402777
CC_6F4E696A1F88,0.25937778
CC_6F54BD66C0EA,0.15572003
CC_6F786C433998,0.09558947
CC_6F78BF56B0C0,0.08777089
CC_6F8346F138C1,0.43998268
CC_6F86CFDB23D6,0.05734776
CC_6F8E30AE9457,0.15410592
CC_6FC25B27AC26,0.079044536
CC_6FC8BE007FE9,0.14378949
CC_6FC8DA40122A,0.19901098
CC_6FD8BAB1DA3E,0.058459096
CC_6FE4FD09A9D8,0.075211324
CC_6FE78CB02174,0.03749504
CC_6FEB8EDBF2A4,0.16669045
CC_6FFCF2DAD0A4,0.09217571
CC_7002034B0979,0.089311466
CC_7006523D45E4,0.090177774
CC_70097151A773,0.0581587
CC_7011BC95A91B,0.039946493
CC_7020F3C11A3F,0.17240305
CC_70306409A3E8,0.3033223
CC_706B18DA7204,0.12848689
CC_70703A59C070,0.19191206
CC_70749DDFF595,0.124160275
CC_7079CE5127A3,0.037277017
CC_7087A46F0AB7,0.08240273
CC_708B73EBD939,0.16988818
CC_709315667BCA,0.07387524
CC_709970475B6D,0.6288973
CC_70A56ADAC199,0.05557774
CC_70ABB244502D,0.045864187
CC_70B0176647CE,0.12979756
CC_70D3353DA1C3,0.067884356
CC_70D652DF4E91,0.12635185
CC_70E3121BFDC4,0.091405705
CC_70E5FB8B072D,0.054320313
CC_70EFECA3FAEB,0.14661102
CC_70F59DA18BCA,0.40260753
CC_7100129A0AFF,0.10245339
CC_7113554E33B9,0.10138881
CC_71260405461D,0.077598
CC_712677251322,0.19800559
CC_712D31B2785D,0.07524441
CC_713052DB1E2E,0.06607698
CC_7139C2D6F1AC,0.10655935
CC_71427FC8FA49,0.22608763
CC_714912E93A71,0.14293544
CC_717A5C2ED311,0.27625257
CC_717C94F5C8F1,0.084137805
CC_718F067F4DA0,0.04019653
CC_719E714DD38C,0.07333471
CC_71B169C874D0,0.1647889
CC_71BB5070615C,0.111117825
CC_71D37D6D19C6,0.19282556
CC_71DC80205F42,0.15200293
CC_71DEB636B8CD,0.62937826
CC_71E4CBAA1211,0.10490327
CC_71E787049755,0.10323928
CC_71F1EF5575AC,0.08841482
CC_7201DD8EB33B,0.19536065
CC_7202C8CE2317,0.3045818
CC_720B06583C57,0.037863296
CC_721DEC038BAF,0.07892339
CC_72219BCC83E3,0.1524189
CC_7223DABA7E98,0.10428365
CC_7233459FF7B8,0.29318228
CC_7238A8A6767A,0.12906092
CC_724559551664,0.69688356
CC_7248EB4B76CF,0.05373397
CC_7259B5314D92,0.081232525
CC_725CA03102FE,0.049512938
CC_726E05E5A555,0.09310836
CC_7276AEED6D4A,0.07746363
CC_72A18E8D6670,0.06864337
CC_72CDBC38202A,0.45431408
CC_72D8B2ABA2D1,0.7529114
CC_72E4590D362B,0.42207825
CC_72E8542AE4BA,0.055987976
CC_73010B6E55DD,0.65164745
CC_7309A4693D52,0.13381217
CC_730C2A3FF1BF,0.12423927
CC_731C1BCED024,0.61352885
CC_732C325832D8,0.12874207
CC_732DFCAA0A75,0.18049487
CC_73322A6A24B1,0.78346235
CC_7336B19A18AB,0.17068502
CC_733AF1D123B8,0.3197649
CC_7344A0E90AFC,0.1143656
CC_7348C2B475B7,0.14519562
CC_735E1A78B058,0.089268714
CC_735ED2A02DC4,0.13885233
CC_736015DE4E3D,0.35781687
CC_736A42761E55,0.08914625
CC_736C0436B98D,0.18350893
CC_7379212919FD,0.07825243
CC_73859CD59E75,0.58407086
CC_738B201B1CF9,0.13838476
CC_738DCB11942F,0.06893473
CC_739198ACE582,0.13634908
CC_739D093D7B69,0.11730668
CC_73A7FC903662,0.15967526
CC_73A8927DCEB9,0.08206817
CC_73B575BBBBE3,0.13680482
CC_73B6B9AD2002,0.048714876
CC_73C28D72A5A3,0.5444449
CC_73C38DBDF9A7,0.08938932
CC_73D44BEF6754,0.39017007
CC_73D4C1D7C022,0.07993131
CC_73EF383F3C2E,0.16761865
CC_73F34B1607C1,0.060966633
CC_74137206902D,0.1250852
CC_74198E5EC366,0.06078516
CC_744FB5804A8C,0.63933116
CC_7451E64B6D47,0.161459
CC_745A64878AF1,0.1405876
CC_746B196CECA1,0.17653519
CC_746C06898D5B,0.6346274
CC_746DE1EED0DD,0.18190832
CC_7476938CF6A0,0.46812913
CC_747CFDB7E305,0.08447004
CC_74845374E870,0.73573303
CC_74AD8D3B192C,0.7378768
CC_74B90A15B270,0.09925818
CC_74BA5D46E909,0.6970963
CC_74BE0AD5E21D,0.14034107
CC_74C33B66F002,0.15248644
CC_74C9C3F17421,0.07507633
CC_74E4BD5C07D2,0.08335779
CC_750D90249EFD,0.13112688
CC_750DA21B7EDD,0.30790228
CC_750E6537383A,0.28535628
CC_75137D6F9DCB,0.10984023
CC_75173A8A11D1,0.37229595
CC_751DDC1FC2AD,0.084893815
CC_75357E0206F5,0.09940858
CC_753D160E3A58,0.10614284
CC_754447632F75,0.039644774
CC_7549363C5D36,0.078217
CC_754F3894627C,0.07077009
CC_7562CD43897F,0.13324562
CC_756A077EC614,0.41147485
CC_756D3492443F,0.26670888
CC_75783B3E6C6E,0.044405866
CC_7598068A716C,0.050711025
CC_75A37D8C1F6C,0.605029
CC_75ABDDA24C26,0.10289477
CC_75B287424E59,0.34463733
CC_75B2B88876B6,0.09358825
CC_75B324FCDD4A,0.21319233
CC_75C1466E61E2,0.24020615
CC_75CCCD9D4568,0.12069273
CC_75D2DAF4491C,0.3411007
CC_75D54090AAD4,0.08649374
CC_75F1927E5941,0.67484444
CC_75F99AD6844A,0.3153171
CC_75FBA505C727,0.2709353
CC_7615CC930B76,0.12668361
CC_76168488EBB0,0.58861536
CC_76197A77D666,0.044205327
CC_761F48F8E962,0.21077777
CC_764C6ADC6D1A,0.099743016
CC_7658A6B0910B,0.05052068
CC_766347951B7B,0.5753009
CC_76857712D8F5,0.3116931
CC_76A0DF2549B7,0.107285164
CC_76A636414AEB,0.3307274
CC_76B01540CDD1,0.21381685
CC_76B420FC66EB,0.12834044
CC_76B6BCD2EBAF,0.07476186
CC_76B7A0029620,0.12280936
CC_76BA435EF2AC,0.13643193
CC_76BCC1AFDA4D,0.08645073
CC_76C35913E797,0.1658062
CC_76DE3DF1DEE3,0.18706457
CC_76DFA4CD068B,0.07664355
CC_76DFE3568C72,0.2868887
CC_76E201F1E036,0.36797127
CC_76E83166FE0A,0.16749553
CC_76FD9E9D9ED0,0.11936118
CC_7720BBD06736,0.33664015
CC_77340228F356,0.6940373
CC_773CBBCBAFFE,0.111526296
CC_773E9B092923,0.0934375
CC_773F22C3E42F,0.045783293
CC_774ED295BF96,0.15341559
CC_7751ED6DF76C,0.06321499
CC_77571749B970,0.14045702
CC_776F8B3BAC08,0.14460461
CC_777889F9694E,0.039402045
CC_777D08513AE8,0.07218756
CC_777E3D988EFD,0.25142425
CC_7795BEDE05E8,0.24234983
CC_77A9EA3A6784,0.092184745
CC_77B1AB7960A9,0.19836946
CC_77B6EA810549,0.2802381
CC_77B9889C9BFD,0.22547507
CC_77BC55DC92B6,0.12512484
CC_77D1DFCB0A8B,0.051430095
CC_77D9AC43DFE1,0.21970041
CC_77E6EF1CF2F7,0.1319535
CC_77FFA8E6B36D,0.14489667
CC_7801661A9DC2,0.19662376
CC_78069B1BD931,0.117960885
CC_780828B48716,0.100099675
CC_782130B98F34,0.094086014
CC_78273789B3C5,0.74392647
CC_78296783E4EA,0.17141102
CC_782B06291D87,0.06203131
CC_783A2D4C89F9,0.38885105
CC_784407E16923,0.121180914
CC_78491B6255F2,0.42177776
CC_784F17AC712F,0.07907568
CC_7852FC3BBADB,0.09005206
CC_7866E4CE528E,0.71916604
CC_7867E7C01013,0.19406569
CC_7869F609EC2E,0.19962466
CC_7874F14ABD7F,0.15519728
CC_78774E05FF12,0.17895053
CC_78815A352067,0.09127095
CC_788FF4549766,0.29509363
CC_789977501322,0.123480335
CC_789B2BA880E7,0.047037326
CC_789D87F51AA1,0.07032509
CC_789DC3C358CB,0.2227369
CC_78A036DF6320,0.6942005
CC_78A3EA63B7EF,0.046639748
CC_78BF1B8FC1CA,0.12995197
CC_78C96E7015BA,0.6845806
CC_78CC84FA2CE2,0.18183771
CC_78F0087076CF,0.17742178
CC_78FAA95F5B5F,0.1339148
CC_79033EFDE096,0.12963946
CC_79086C18A963,0.09877045
CC_790DA2ED9F5B,0.11762735
CC_7928811F7D86,0.09943618
CC_79345478FCE5,0.22765757
CC_7936C8D65B95,0.14256492
CC_7948C5509411,0.56536365
CC_794ADB0677CD,0.11315965
CC_794FF8E7F876,0.04612938
CC_79500EA652BC,0.58981246
CC_795083A66DB5,0.04503945
CC_7950D4B773CF,0.13575402
CC_7955AEB49759,0.12914725
CC_7964F862DFA3,0.37261802
CC_797A700CF967,0.44446433
CC_798180DDF677,0.31272042
CC_7981ABA9C370,0.10363887
CC_798B2DC03C5A,0.070878945
CC_79BD986C23CA,0.06787957
CC_79C6BA680815,0.5691485
CC_79D694E6F5AF,0.21372165
CC_79ED9A0F6E49,0.47882652
CC_79FA2512E5A2,0.1541265
CC_7A0024F6FA60,0.19586195
CC_7A193A453F27,0.036870617
CC_7A1F071DC5D4,0.39911318
CC_7A5D96BC99AA,0.7105102
CC_7A6B51562949,0.22081897
CC_7A6D7F9654DD,0.3842065
CC_7A778E010F33,0.22081876
CC_7A7FB841B669,0.5973054
CC_7A91013D31E1,0.13264342
CC_7A9117596769,0.07477473
CC_7AAF340DCE8F,0.20732434
CC_7AB146267981,0.23696576
CC_7AB2A9CC8424,0.2943862
CC_7AC1DF18CBA4,0.24060233
CC_7AC4240DD225,0.28568128
CC_7ACB325BD924,0.18467245
CC_7ACB88002397,0.45145917
CC_7ACD4F370AED,0.19742574
CC_7AD4072A9F82,0.053720593
CC_7ADEECDE4D73,0.22739024
CC_7AEB48D8C5E0,0.08173422
CC_7AFA5CD2B29E,0.1130325
CC_7B092786DDB0,0.064286426
CC_7B1B35D5628E,0.06285937
CC_7B210557F04A,0.10692737
CC_7B369A7C1D3F,0.14190292
CC_7B4002591821,0.66406864
CC_7B42BD80D79A,0.18066452
CC_7B44FDF08B93,0.13114345
CC_7B501C32CAE5,0.11109124
CC_7B88520D4FA2,0.35302812
CC_7B8ABE6E552B,0.20932882
CC_7B8D2E07908E,0.3346148
CC_7BA150468D19,0.6163894
CC_7BB159FCEB53,0.20344955
CC_7BDD72710831,0.06485082
CC_7BE02C65B967,0.1548593
CC_7BE382988C1C,0.6350346
CC_7BE6110DBAA1,0.29952613
CC_7C0B14BB0573,0.1610608
CC_7C0CF5558904,0.6861722
CC_7C13E7F561DA,0.7124083
CC_7C46F7F667F3,0.0929689
CC_7C510CE0521B,0.09241982
CC_7C61B5D39E49,0.48487046
CC_7C6770DDA182,0.11334971
CC_7C6DBF78A610,0.09300329
CC_7C7B0438E3AB,0.14724904
CC_7C87DFBC3176,0.1067208
CC_7C9528E94215,0.24354213
CC_7C9ADE65CF81,0.097371265
CC_7CB6CD1B9DD0,0.058447897
CC_7CB7C7E55BE6,0.1356112
CC_7CCC3A690325,0.16653144
CC_7CE5689488DB,0.067262985
CC_7CEB758A9814,0.045799345
CC_7CF7443D923A,0.04928191
CC_7D0D597690BF,0.14380479
CC_7D0EA0307817,0.046722665
CC_7D12E6FF25C3,0.12314198
CC_7D28D39AED1F,0.6562568
CC_7D2D19D832FF,0.053311095
CC_7D34A67E1369,0.06796912
CC_7D4388B41EB9,0.15370569
CC_7D46FE573D79,0.07316333
CC_7D7810799F2E,0.054682616
CC_7D79241150C8,0.11758558
CC_7D7B92EF2655,0.16955133
CC_7D8C2495C1F7,0.069665864
CC_7DA4F1BA24A1,0.67174524
CC_7DAF18939084,0.070047766
CC_7DB8BA427410,0.06487633
CC_7DC9456F1161,0.03873991
CC_7DD2CBE0F0BC,0.2410861
CC_7DD495158BFD,0.6340703
CC_7DD5411F7A14,0.31594306
CC_7DF099A7A092,0.18904062
CC_7DF27D2AC111,0.07754874
CC_7E0CA072EF93,0.06967848
CC_7E0DA100F5F2,0.14521962
CC_7E1086EFDED5,0.044862274
CC_7E12E0F3CF6D,0.10990662
CC_7E178CE78FB8,0.06977386
CC_7E1C1A6D0E9A,0.14952888
CC_7E2A76850DF6,0.78616047
CC_7E3ACB15C69D,0.0949232
CC_7E3F3373A73D,0.73417383
CC_7E42A3D0737F,0.110299654
CC_7E4679C534D7,0.23348227
CC_7E53FEEB19B1,0.26818064
CC_7E71CE7FC603,0.1802237
CC_7E8333DBAEB4,0.31655917
CC_7E843438DE4A,0.052661173
CC_7E8E4747C0D0,0.6694037
CC_7E952828C1B5,0.10074795
CC_7EA6431FE6F5,0.12626049
CC_7EA7BA7621C3,0.2539581
CC_7EA8F24B3010,0.11418508
CC_7EAB28B0309C,0.066110305
CC_7EB4A5BDA97E,0.06908203
CC_7EB4B0A36534,0.078459404
CC_7EB791F4AB2E,0.12638092
CC_7EB883C9D5F9,0.04518602
CC_7EC59C577F02,0.056630347
CC_7ED2683D26DD,0.09715906
CC_7EDB3440E0AB,0.6272653
CC_7EE12013C7DF,0.1341055
CC_7EF824CC0D3C,0.14453977
CC_7F09C6F6321D,0.75404423
CC_7F1AD40DA179,0.15858461
CC_7F1D38A39164,0.10385298
CC_7F22B7D326CC,0.18897808
CC_7F2614F1AAAE,0.21996246
CC_7F2CDC7C1634,0.051120345
CC_7F2D46DF9BC7,0.17676096
CC_7F57A90B69E0,0.2507817
CC_7F633226A676,0.2838914
CC_7F753D809267,0.70324016
CC_7F7EBF25AED7,0.047634143
CC_7F8496CC5779,0.04981793
CC_7F88D9C5D258,0.09886733
CC_7F8AB4DCA794,0.12176213
CC_7F8CC9509418,0.2308603
CC_7F9069571F79,0.30482304
CC_7F9AD27E079E,0.15863381
CC_7FA281AC1C7A,0.121954076
CC_7FA389E90548,0.076121524
CC_7FBF4A48AF55,0.05791005
CC_7FC40175A8E1,0.2565502
CC_7FD58EE7029D,0.07353165
CC_7FD7F635C341,0.05063801
CC_7FDD458DA059,0.17126931
CC_7FE85C259E03,0.07774919
CC_7FE8CD30D7E0,0.10396642
CC_7FFA32DE7B04,0.14571585
CC_8014F1E2C5BF,0.04680947
CC_8015895C1C29,0.1752796
CC_802BA7E39A13,0.07588877
CC_80300D23C3FE,0.4355361
CC_80465303B6E2,0.1952537
CC_805ADFD46B84,0.0754328
CC_8060F40D9522,0.16231866
CC_80621E822131,0.070334084
CC_806654B580B5,0.43342203
CC_806CFD6A52BA,0.04637767
CC_807935BBEB7F,0.062450226
CC_807C57E626E4,0.07918906
CC_807C91C98684,0.04284009
CC_8096B589BB07,0.15215382
CC_809D60155E9D,0.07777677
CC_80A2189E5125,0.4934149
CC_80AF87F62770,0.17020781
CC_80C03DF9CC57,0.20880313
CC_80D9B6563750,0.5571625
CC_80E9638ABD4B,0.055324607
CC_80F7171B71CF,0.093272425
CC_80F9983BC18B,0.05619673
CC_811109A98EFF,0.11741912
CC_8129480B056D,0.30993992
CC_8134E5DA9FEB,0.5731363
CC_8140399AD344,0.09537503
CC_8140E278B6A0,0.2616821
CC_814E0F756757,0.4484962
CC_815FAAABFC91,0.19453675
CC_816B28807CED,0.07364403
CC_81821F9F2307,0.5244073
CC_8186D7991EB8,0.0572417
CC_819E203180C8,0.79171973
CC_81A5E3141BDA,0.5717558
CC_81B5CED8EE79,0.13474499
CC_81B91198E00D,0.7421585
CC_81BADC379C8B,0.19203283
CC_81BF8EA390F7,0.0565769
CC_81C5FC962C72,0.08366348
CC_81DDBFAF1CB6,0.05132281
CC_81DE637E6138,0.045172155
CC_81F389DEC9C5,0.073196076
CC_81F647806849,0.16537444
CC_820D491B2903,0.7879221
CC_82172863AA45,0.34255502
CC_82195FBE9366,0.06569649
CC_821F503DA953,0.09129191
CC_8221AF9B0B93,0.7479739
CC_8222D1C47857,0.060459483
CC_824BB6CD2B25,0.067250594
CC_825192411933,0.11195599
CC_8270E213EDF5,0.18547004
CC_82839CC161E8,0.058324464
CC_828A0B6D7291,0.20214951
CC_828EDE22A438,0.047083076
CC_82928B5ABD45,0.30840474
CC_82A7FE954659,0.20501748
CC_82ABE1FFFA1F,0.14459047
CC_82BDFA01C41F,0.123135924
CC_82C20057CB4A,0.07949437
CC_82E52529A567,0.2243314
CC_82EFBFCF68AB,0.15144597
CC_83092F58B321,0.13356578
CC_83098B4BBD4A,0.13026404
CC_831F9E623C5F,0.1950192
CC_8326C8A3D569,0.1066365
CC_832730F42A18,0.13132831
CC_832A44C3F2A0,0.057654012
CC_832EBAE498AE,0.49697936
CC_833B196A70F3,0.73875505
CC_833E14DFF4C6,0.13221654
CC_834092035687,0.39801213
CC_8351244DE3CB,0.076861225
CC_835B90025058,0.073583916
CC_836534CEDFD3,0.13621634
CC_837ADC1EA55A,0.19378182
CC_83884D799788,0.18746497
CC_83947255841B,0.13476111
CC_83A5A3022ADF,0.77868396
CC_83ABA98906DE,0.09319781
CC_83C75D07414A,0.42411122
CC_83CBA767432F,0.7205001
CC_83D342F53F36,0.12920366
CC_83D5CA2A23C2,0.040164504
CC_83E002D6D82D,0.19067208
CC_83FE1BCC83E6,0.23725194
CC_840E5B830DB4,0.051155295
CC_842525788FC1,0.19516401
CC_843076C8EB9E,0.3032042
CC_8442C97EE91A,0.1254654
CC_844C3C30ED67,0.10624884
CC_844E345D2636,0.20170756
CC_844F26E92B12,0.17161031
CC_845032D8A261,0.29532388
CC_845223F606E2,0.32262972
CC_846F5B19B110,0.39805946
CC_84797EA9ABF9,0.18580252
CC_848D59D48081,0.18524852
CC_84AB057BFCCA,0.06726095
CC_84B0BA112537,0.085923485
CC_84B8FCEDADD5,0.090874575
CC_84C61A6BE99D,0.116841145
CC_84CDF830F68F,0.079116315
CC_84D5B88572DC,0.25413305
CC_84FABECED186,0.1214365
CC_8503F43FB29C,0.17379954
CC_850ACB004EE2,0.112984724
CC_850B114489CE,0.0979083
CC_850CC17BB13B,0.086179316
CC_8518C159BDE6,0.109760925
CC_85299261146C,0.09504652
CC_853986C52A17,0.04702778
CC_853ABBECF2E1,0.79557705
CC_853BF4485D85,0.1950697
CC_853EED03843B,0.05183191
CC_853FD1B551B1,0.12674856
CC_854AAA98CC0C,0.80630463
CC_854F8AB5F1FE,0.060887568
CC_855E2A785BAA,0.11620391
CC_85614CA68432,0.050776955
CC_856B92B23BB5,0.79492414
CC_856DF4A30E13,0.7082562
CC_858704DBD5A6,0.06992505
CC_859EF0AAA74A,0.058617756
CC_859FB710961E,0.1310001
CC_85A0EB3C9884,0.61407095
CC_85C887BB996A,0.07201707
CC_85D9A6C9CA60,0.15405093
CC_85DAF10E61A1,0.5372266
CC_85DEF8ECB524,0.1555616
CC_85E2E0B8B15F,0.7412143
CC_85F018DC47FC,0.2452221
CC_85F376B33951,0.16173944
CC_85F745E1D307,0.1228868
CC_85FAFB430486,0.32018468
CC_860D4B868C17,0.029368106
CC_8614E30C9FCE,0.39182597
CC_861F5DC22035,0.06715035
CC_8624ABB391B1,0.18517746
CC_862BAB422756,0.30418178
CC_8642F98E5504,0.19611736
CC_8655B8862C81,0.16603415
CC_865FCEE75A8E,0.035245802
CC_867372811CCD,0.44738784
CC_867695B5C296,0.5668286
CC_8682B1F914ED,0.15120332
CC_8691DF144B92,0.42417723
CC_86AD259FA5B1,0.12777546
CC_86AEC21936BB,0.7521919
CC_86B1D15F8424,0.056941845
CC_86C2A6EC5712,0.70674545
CC_86CF816B494B,0.10605452
CC_86D4D58B1D0C,0.113237746
CC_86E2C4E17CB6,0.052293006
CC_86E9E191E3CA,0.34753287
CC_87000C16C856,0.09765175
CC_8703DD5FA02C,0.20137486
CC_87065B1F429D,0.11315049
CC_87434BBA1CE7,0.044976775
CC_87450EA8CD55,0.66551906
CC_87480F785786,0.062413126
CC_8777EA6EBFD4,0.049155533
CC_877A35E76904,0.082019754
CC_877B37D01563,0.14156769
CC_879759A5EFB8,0.34347036
CC_8798AF2651BC,0.09215234
CC_879989FB3B92,0.613237
CC_87A3BECEE5A4,0.11841145
CC_87B7CDF4BDDE,0.037929848
CC_87C13E620006,0.28650692
CC_87E3AFB080F8,0.11267351
CC_880044F77ACC,0.12553039
CC_8809BCAC74A9,0.058933742
CC_880E0019DB5D,0.03938723
CC_880F027D886E,0.119629264
CC_8812BC579F7D,0.0895074
CC_88225FE57D82,0.24284957
CC_88315318E9DA,0.33108363
CC_883864E584A8,0.06773083
CC_88469BAD58C4,0.05464116
CC_8854EE679596,0.08654572
CC_886273CC4072,0.07335373
CC_8866B6D4524F,0.21449171
CC_88A943606806,0.27537808
CC_88E916A3F984,0.8384072
CC_88FDC55C31A4,0.10626864
CC_890D5EE59076,0.03856257
CC_890F721517F2,0.087638766
CC_89129D16418A,0.30514377
CC_8917F02F9326,0.14587241
CC_8920B6584A43,0.08969817
CC_8929DF270419,0.723823
CC_892B119F0E5C,0.15215676
CC_89302456B9D5,0.7093106
CC_893FAA6D1F04,0.7456007
CC_895AF697BFBB,0.23704496
CC_8961FF892F79,0.03599621
CC_897674493060,0.07126293
CC_898AFCD28B03,0.14042625
CC_898CC919D10F,0.18702407
CC_89A711195EEB,0.13774116
CC_89B4DF07DF12,0.07897658
CC_89B941079E10,0.09058183
CC_89B97E9FF67A,0.11287531
CC_89C5162E8055,0.19438009
CC_89CA0F1E2DBF,0.2502294
CC_89DEE29A78AA,0.11063435
CC_89E089707730,0.118913226
CC_89F0B865A6D4,0.10332475
CC_8A04C5D4D02D,0.06471198
CC_8A081AA1FB92,0.3931437
CC_8A0C640E7A89,0.55436707
CC_8A12B68246A6,0.040720467
CC_8A14A46B280C,0.15423785
CC_8A165A18560F,0.28687546
CC_8A19196788FA,0.063551955
CC_8A25FA445037,0.10732415
CC_8A29EA87B295,0.13373138
CC_8A2AC87CB22A,0.054327447
CC_8A34634E7423,0.63406193
CC_8A38BC1AFE57,0.0808211
CC_8A4CAF0CD0F3,0.10735666
CC_8A5A0429CAB0,0.13632801
CC_8A6E60FAE870,0.07525886
CC_8A7DA054E397,0.64861965
CC_8A7F5FF4B421,0.24505007
CC_8A8249A44847,0.13109393
CC_8A8BCE16DF45,0.110933825
CC_8A8EC764734B,0.07159484
CC_8AB553BFA00A,0.1026178
CC_8AB57DC077EE,0.66498554
CC_8ABA5808D313,0.079670586
CC_8ABDD9A05C87,0.3967125
CC_8AC7520DBCCF,0.1696044
CC_8AC7F8BABF28,0.0792197
CC_8AD67FB3A5CC,0.7904396
CC_8ADDCF5EDCC1,0.10610825
CC_8AF1C3A0799E,0.6944094
CC_8B388FAED0B6,0.13898493
CC_8B46CA903D09,0.031360418
CC_8B5819403FC8,0.7447814
CC_8B581B8207A9,0.12993091
CC_8B6DBEF19F46,0.16063234
CC_8B8326C4C229,0.11553971
CC_8B850FDCFC83,0.077781044
CC_8B8F41F19B72,0.068755396
CC_8BAF98C60957,0.12756282
CC_8BB0824B181E,0.05849882
CC_8BB963DAD9E2,0.20977549
CC_8BBF5F939D7C,0.12975863
CC_8BCBDCF4DFF1,0.1376523
CC_8BCE343561CB,0.75636554
CC_8BDA87361657,0.08219531
CC_8BE68A4DB87C,0.07075653
CC_8BE9BBD879A5,0.054788653
CC_8BED85B91011,0.34402078
CC_8BF68E552DA2,0.20308472
CC_8BF832E6464E,0.8143417
CC_8C1561920E84,0.2257762
CC_8C2A7D9A667A,0.15953568
CC_8C3A5DFE70B9,0.14978707
CC_8C534CCBDA4C,0.2033997
CC_8C6472A3EEAB,0.05315329
CC_8C6B4854D16C,0.22666821
CC_8C76DE4F58D4,0.05937278
CC_8C7DA3F4F88F,0.052050423
CC_8C8527DE7DD7,0.07192904
CC_8C9416612FDE,0.36844718
CC_8C9973F02AD6,0.40994534
CC_8CA1DB61A2AC,0.054467157
CC_8CA59CAE22F6,0.18796436
CC_8CAFD04A6EDD,0.12839282
CC_8CCCC389913B,0.6650197
CC_8CCEF12DC7B9,0.1571767
CC_8CDCD714BD1F,0.7525006
CC_8CEC7987D1B1,0.08860712
CC_8CF621ADAC0A,0.21925645
CC_8CF8FE2A4B82,0.40676308
CC_8D048396D9D5,0.122249216
CC_8D1089C58563,0.5023397
CC_8D35A37FC4B1,0.16225934
CC_8D41E12FE5B6,0.16416298
CC_8D4A859839EF,0.13059126
CC_8D4AD431C55F,0.077545196
CC_8D4D882CA579,0.12515076
CC_8D6151025078,0.093411446
CC_8D637233FE54,0.16050676
CC_8D6AEBA2D7EC,0.07794237
CC_8D6E16DED971,0.1544414
CC_8D7329F79BBD,0.53783697
CC_8D7B7307C43F,0.1009081
CC_8D7B9D4936EC,0.7104063
CC_8D80B1B44AE1,0.488324
CC_8D9516D61143,0.3762395
CC_8DBB8445786A,0.09081424
CC_8DC5B86D9DCC,0.7506289
CC_8DC6465998DD,0.2317942
CC_8DDD0EDA9CB2,0.14555427
CC_8DDEF0265CB4,0.053877115
CC_8DE06BEB95A1,0.09760985
CC_8DEBB5B14A14,0.14037009
CC_8DF5BE7F759C,0.054827645
CC_8E0ADCC71F85,0.057086512
CC_8E0BD86F6F0E,0.10625508
CC_8E143BFCF3E5,0.10762368
CC_8E170A60D71C,0.35441628
CC_8E1C3A21FAEE,0.101693116
CC_8E408E18F060,0.10865723
CC_8E42FB163DA5,0.8167748
CC_8E47536D29BE,0.32394361
CC_8E50AFFC5BBD,0.064153954
CC_8E5FB1035354,0.18242392
CC_8E7B9B8DD1A3,0.08754392
CC_8E85B08196AF,0.036487203
CC_8E96FC75AE5A,0.08625884
CC_8ECAB5A6C7B9,0.07484073
CC_8ECC4C7A6638,0.52619046
CC_8ED6F13C35F5,0.16251154
CC_8EE5E9467038,0.16942553
CC_8F037E5AE692,0.049506374
CC_8F1A418D96B3,0.28085703
CC_8F1C4014F91A,0.09936543
CC_8F30A5FC9D49,0.094895646
CC_8F3456F298F7,0.25127494
CC_8F393D485C29,0.10720746
CC_8F4A41130110,0.05079569
CC_8F7AA6E4D486,0.09631711
CC_8F887BE25314,0.119295545
CC_8F90CD1A5E00,0.14560957
CC_8F9B26042C4A,0.09545829
CC_8FA9423E65C6,0.09307791
CC_8FBA6C32E0A5,0.30854127
CC_8FC1C50C41E7,0.08896165
CC_8FD005425792,0.06588824
CC_8FD6A223135B,0.17350411
CC_9002450E1B5A,0.049377095
CC_901CE62199C7,0.3690718
CC_901D2136E1F9,0.14788052
CC_902648F62345,0.18911898
CC_902BF0612E70,0.10624964
CC_9036F7423277,0.15529113
CC_903AD2767BAE,0.7609265
CC_903E4BA690FA,0.27705207
CC_904386E31210,0.053792533
CC_904EA6C846F8,0.3759781
CC_90549DD3CC39,0.14683752
CC_905739E5494F,0.078878924
CC_906F852C69D6,0.6656851
CC_907911F4930A,0.27696487
CC_90798A7273BD,0.14695841
CC_907F3A8AFCFB,0.09087435
CC_907FA7722881,0.09808065
CC_90812D9F30FE,0.10150057
CC_90870A89F310,0.04594847
CC_90894CA021C3,0.62912714
CC_9092C5EBF5F6,0.0548512
CC_90A10D649D9C,0.6926659
CC_90BF8E127519,0.5898042
CC_90DBB385A7F3,0.7099973
CC_90EAD308012B,0.31144705
CC_90F4BF0B868D,0.18848927
CC_90FA39516EAF,0.07870838
CC_9117894F31C2,0.20768401
CC_911ED63BB556,0.40315473
CC_912730AE6E8F,0.28056094
CC_912CA7EE4C26,0.104725026
CC_912DA46AAED2,0.0886857
CC_9132E67EA479,0.16109137
CC_913D95FB31E0,0.16942962
CC_91529F20D461,0.7899335
CC_91586318C780,0.054710757
CC_915F2708219D,0.17505604
CC_916CCF9CBC08,0.03344109
CC_916CF77A29CC,0.11604257
CC_9189E4FF82C5,0.17785613
CC_91A27CB6139A,0.13279888
CC_91B7A4A15A37,0.6029119
CC_91C2077BA6D7,0.088553704
CC_91C4CC43EEE5,0.1504987
CC_91C55BE33AC7,0.05312883
CC_91C81BC58B49,0.092026606
CC_91DE12EE18A7,0.36623168
CC_91DED13CDCD9,0.11809914
CC_91EF639761F8,0.12698063
CC_91F23A7E743A,0.39095894
CC_91F4C5E889C7,0.7496682
CC_920E91EB28A7,0.1653245
CC_921481F5F77E,0.098063946
CC_92221DB27176,0.15868977
CC_9224D5677C66,0.11924608
CC_9230B9656F93,0.24031542
CC_9231D0F8A993,0.7219275
CC_923727159A8F,0.049389463
CC_9248706729D9,0.046653308
CC_924AEB5DD991,0.19231834
CC_9250BA851692,0.29583266
CC_925BACE3417D,0.11218573
CC_9260CD0D7C0A,0.09262712
CC_9285EB21B38A,0.106149346
CC_92A09F03DAB5,0.79575205
CC_92BC35D7F9CD,0.10352038
CC_92C5FE9E5B12,0.716885
CC_92DC8CF8C902,0.09773329
CC_92E006664648,0.19933231
CC_92E4EFB9F0DD,0.10613251
CC_92E621E0298E,0.19402374
CC_92F412AC7D22,0.07694807
CC_92F42886B7E4,0.26813987
CC_9301E23D376D,0.63889736
CC_931133320380,0.15793844
CC_9314B6D8B7F2,0.06179323
CC_9337E3B43211,0.23775864
CC_933E044F26DB,0.08277936
CC_934BB89938A3,0.11174891
CC_935296A995DA,0.13408554
CC_935326AF26E2,0.18582976
CC_935B72B8E7F0,0.0543451
CC_936FF3C9BE68,0.046635456
CC_937FFE1718BC,0.045194414
CC_939F92AEE460,0.810332
CC_93A4365B25CF,0.8201174
CC_93AB9D6A7EFA,0.06654032
CC_93C719738590,0.8173598
CC_93CB48930B37,0.23306169
CC_93D24FAFD21D,0.09051596
CC_93DB5F477493,0.08378384
CC_93E1CAFAD44D,0.070663005
CC_93EC9F853123,0.20678842
CC_93FEAF515A8E,0.052971393
CC_94063A67F136,0.30938286
CC_9406E32819F5,0.07641416
CC_940971CBC1A4,0.111877054
CC_940ADC8DEA3F,0.14960152
CC_940C7E8E0C52,0.23032966
CC_941DD2E1DE56,0.19134453
CC_941FC1FD0D55,0.18263294
CC_943B720DB5BB,0.121464856
CC_9440309323A0,0.063576646
CC_944B461BC558,0.08190403
CC_9453654BACE9,0.24843074
CC_945888CEAF10,0.2834736
CC_9458D4A483A8,0.10021069
CC_9464BA7E98B9,0.09357682
CC_94794B478A5C,0.2906117
CC_947E58EFF90A,0.06244371
CC_948537FC17AA,0.7341828
CC_949576D25153,0.080705635
CC_949B8CEAD619,0.107838236
CC_94B4E05906A9,0.14180507
CC_94C3B6F3B0CC,0.16322929
CC_94C3D9D8FBF3,0.64484125
CC_94CD530B2099,0.097549215
CC_94E9D1E527E6,0.05104019
CC_950450C0845E,0.34725752
CC_95169A4360C6,0.055525023
CC_951A69571676,0.05172045
CC_95232636844F,0.16388173
CC_953A5913EDD3,0.15077378
CC_953B678083F9,0.07537421
CC_9541BD0604B6,0.14764826
CC_954404C1BEE6,0.4168715
CC_95444ED71872,0.09359627
CC_9544B86C78A6,0.7337737
CC_954AD7E7C8F1,0.15828963
CC_95525CC6C854,0.11882312
CC_95573B318A91,0.037414886
CC_9569309DC18E,0.09418043
CC_956A2DF28600,0.17954376
CC_957C7A0D7B72,0.344614
CC_958BECCA0BAB,0.40121144
CC_95A6C4DA2F12,0.60458297
CC_95AB75B5BBBB,0.103442445
CC_95C1274DD7DF,0.033963248
CC_95CD8F6A8CBA,0.04259778
CC_95DD4DC604BD,0.17692468
CC_95E1AC08266F,0.13353682
CC_95E3DDCB74EF,0.07178723
CC_9601384AC971,0.4697836
CC_9608A73A8025,0.14701547
CC_961F3BFBDDAC,0.85010546
CC_96206C1277EB,0.28409648
CC_96396AE6347C,0.14379334
CC_96416D2A937F,0.20949368
CC_964C2E0B00C1,0.20645043
CC_9657A2A04BAF,0.2874464
CC_9662D713B7BB,0.18920588
CC_9664F83B7F1D,0.22114383
CC_968AF836D0C4,0.0495592
CC_96A6735A4317,0.0711871
CC_96BC62A4A0AD,0.20114422
CC_96CD75668A6C,0.07530024
CC_96D928252719,0.38604105
CC_96E40BDE9A6C,0.116341144
CC_970116768415,0.21925817
CC_970E94875C2B,0.7638656
CC_9721C8A61D80,0.08615519
CC_972313B0F814,0.12899289
CC_972FD8FFFF63,0.5098802
CC_97478A77EC17,0.18342726
CC_974D14774BD8,0.06746295
CC_974D86BD39FD,0.055060055
CC_97508465AB76,0.15440157
CC_975689C0CD6E,0.08194175
CC_975967702106,0.040744707
CC_975F3F07ED23,0.05323142
CC_976E0D9A64ED,0.36446583
CC_977145B2B363,0.43053687
CC_9772CABFE1D2,0.78299695
CC_9773C1E6AC8B,0.6349826
CC_97832657396B,0.46458992
CC_97963C337FD3,0.5191806
CC_97978B581F20,0.18616186
CC_97A9ECF23955,0.20150949
CC_97ACD6D965F3,0.12774076
CC_97C69AF6E34B,0.7400679
CC_97D0E7256861,0.6634164
CC_97DEBFBE2BDE,0.2597718
CC_97ED469F2950,0.11752764
CC_97EE84ABA6BF,0.28091908
CC_9801B22BF375,0.10167776
CC_9803B6D4D780,0.24909699
CC_980E90C8A301,0.122260675
CC_9814B3D08A69,0.07100056
CC_9821BD45BB0D,0.2105535
CC_9829FA0350F7,0.04221214
CC_982CAA309A38,0.14380349
CC_98346EBF382E,0.16201884
CC_986698CCC6AA,0.09418934
CC_988FC580CD50,0.12828268
CC_989795BA3DD2,0.07726688
CC_9897A1DFE807,0.081478566
CC_98A2C8F4E956,0.06483482
CC_98A3E6CDC707,0.12244876
CC_98CE15EE1565,0.07981577
CC_98D036D16215,0.08922385
CC_98D09B14EE3D,0.42990196
CC_98DB782DF852,0.05476189
CC_98E2EA67BC97,0.05752657
CC_98E6E7CF74AF,0.07020882
CC_98EEEB2A83DF,0.7099743
CC_98F3D3194788,0.10454779
CC_98F8A8CF4F9C,0.3492196
CC_98F91BAB57EE,0.19322787
CC_98FA377070FB,0.19485278
CC_9900D0479959,0.24935757
CC_99061A735C6D,0.18363327
CC_99093EC1A2C2,0.11378924
CC_99376CA4DC26,0.040933788
CC_993A588895DA,0.1380833
CC_993EE6417CED,0.08787065
CC_99559319913F,0.052076545
CC_9970123DCC41,0.36025217
CC_998BB6848FDE,0.08879903
CC_99958287B2A9,0.51722836
CC_999BAB2D16FA,0.3466678
CC_999C7029261D,0.6998522
CC_99AA61D1896E,0.0756449
CC_99C03E7D99CE,0.05584839
CC_99C62022794F,0.08740075
CC_99D46BE6593A,0.16344492
CC_99D5A5371B39,0.16235532
CC_99D79709AD9F,0.7383662
CC_99D7DDAA460A,0.16030431
CC_99FC44B3C58A,0.1033591
CC_9A02B2A17C07,0.07094514
CC_9A05DE55D408,0.1781666
CC_9A0C42AA09BD,0.35843337
CC_9A2B390551F6,0.07228098
CC_9A2D66206BD1,0.53201175
CC_9A366E181FA0,0.16605681
CC_9A39365FA850,0.56158584
CC_9A42833BA860,0.052634988
CC_9A4911A0140F,0.095056415
CC_9A4FE1E8E0C5,0.46037337
CC_9A51017C734F,0.38502213
CC_9A5DCCD62D0A,0.28964728
CC_9A602F492510,0.14173315
CC_9A66BDD34B89,0.05554275
CC_9A6AB0AB1E67,0.0586743
CC_9A7049ED5656,0.56454307
CC_9A7AF31828E5,0.10810189
CC_9AA750377C6F,0.106570646
CC_9AB359C82202,0.061057016
CC_9AB7BF77EE83,0.7643669
CC_9ACAC8474B9F,0.041543916
CC_9ACCA4FB9101,0.05332178
CC_9AE1529AF9E0,0.13708517
CC_9AEE181F1156,0.23962358
CC_9AFD130D3725,0.10322165
CC_9B09C3353732,0.08853937
CC_9B0D37817EBB,0.09706597
CC_9B290B59155F,0.37337148
CC_9B2D487C64B0,0.121204205
CC_9B3DEC76ABF7,0.05437006
CC_9B4F778D0A6E,0.111505374
CC_9B581A92C2A3,0.4376968
CC_9B5CA8C38414,0.17056295
CC_9B6E82167593,0.18799229
CC_9B6F6B2BCC05,0.27293298
CC_9B7FC3DA1594,0.3563157
CC_9B957DC280F6,0.18395165
CC_9B997DF20042,0.35631764
CC_9B9BC4B83736,0.07563125
CC_9BBE1A16C04A,0.1517262
CC_9BC63F1A568C,0.26186064
CC_9BCB0166227D,0.21666124
CC_9BD3DC96ACC5,0.15067345
CC_9BDC5A0E43C7,0.3872106
CC_9BF9485A3F9D,0.24536097
CC_9BFE93FF2145,0.21459189
CC_9C0470A0536E,0.20759812
CC_9C205AF09E47,0.55224735
CC_9C30DC5C1E46,0.055541437
CC_9C325B6CAD11,0.05048559
CC_9C4A200D0BFB,0.5079703
CC_9C5EAF238007,0.25297073
CC_9C601C6BBD37,0.06325923
CC_9C606C2C92CC,0.06756474
CC_9C6192D3A16B,0.081508614
CC_9C84FB9B1469,0.060916916
CC_9C989433D637,0.24644925
CC_9C9B2FEB4937,0.17633623
CC_9CA7FBE1DD54,0.13987792
CC_9CACA50F80F2,0.16836199
CC_9CB40D552388,0.072933815
CC_9CB8127D17F0,0.048129335
CC_9CB9CE2989CF,0.66874075
CC_9CCE51CD83ED,0.8172759
CC_9CDD2F3D0BE7,0.042665124
CC_9CDEC693AA99,0.424405
CC_9CE9091AA9A9,0.24769251
CC_9D007C60D29F,0.10018344
CC_9D017774D4FC,0.66378
CC_9D095EC1F232,0.27487302
CC_9D1A1281C8FB,0.34996778
CC_9D23F42B7996,0.49863747
CC_9D2FBC479646,0.67511815
CC_9D363365CAFD,0.08675178
CC_9D44E4543573,0.17148109
CC_9D45F67E3B01,0.082698695
CC_9D535DD207D2,0.07431927
CC_9D53ED53A15A,0.5799262
CC_9D5D97AEE98B,0.5305421
CC_9D5F2A5B6913,0.09070219
CC_9D6BC1C470B0,0.4422225
CC_9D71FBDE765A,0.050837524
CC_9D73939E357F,0.15200831
CC_9D82F401BD88,0.6404146
CC_9D8B4454BE84,0.26094362
CC_9D92537645DB,0.092116065
CC_9D95ADE03ED1,0.12639166
CC_9D98FE7A1809,0.05724883
CC_9D9D59757786,0.07334734
CC_9DAEB38616AC,0.1798048
CC_9DD55CC0E928,0.030745825
CC_9DD6B460CDFB,0.30116734
CC_9DD80B5E3729,0.104759306
CC_9DD82B4310AC,0.39951935
CC_9DD9389E8AE0,0.081862904
CC_9DDA8ACEB3D8,0.0905713
CC_9DDCD898D01D,0.11456524
CC_9DDD90B42A27,0.8315825
CC_9DF1807A4316,0.040197782
CC_9DF786FD2620,0.48925337
CC_9DF7B9B3C8F8,0.075669594
CC_9DFF6E2AC586,0.16269578
CC_9E0546BD7BD6,0.12667951
CC_9E0BE8227931,0.09550479
CC_9E1A205BA261,0.4075796
CC_9E2967559B00,0.048137743
CC_9E323A031449,0.7466264
CC_9E377CC03D51,0.05463431
CC_9E3B83584C12,0.12306346
CC_9E3D46FF5709,0.62135035
CC_9E4FA91B86A9,0.07434933
CC_9E53534DCD6B,0.13333064
CC_9E73656FC8C0,0.732259
CC_9E7430675033,0.22216944
CC_9E84CACDD7B6,0.40676308
CC_9E84E0E4C5BE,0.2879442
CC_9E9C65275B4C,0.07955172
CC_9E9CB6473D59,0.23620994
CC_9EA4F11BE6C2,0.15786652
CC_9EBE3F26F2FB,0.06330933
CC_9EC23AB6C573,0.31365588
CC_9EC34DDD0E53,0.062996104
CC_9ED8EDFE8C55,0.085866496
CC_9EF352F179D2,0.11263279
CC_9EF505400F8B,0.6671796
CC_9EF66D83B743,0.35244334
CC_9F051572BFE4,0.19898628
CC_9F151A782BAC,0.24504463
CC_9F1A5DF4619C,0.49109858
CC_9F1BF78ECD7A,0.08550332
CC_9F263092AD72,0.15681048
CC_9F36EC36A9E6,0.088118024
CC_9F3D52242888,0.15281002
CC_9F41F312CDBB,0.34326708
CC_9F425167F9ED,0.15339634
CC_9F6981E0009A,0.2967288
CC_9F706DFE0AE7,0.035775166
CC_9F7B525DD52D,0.31480563
CC_9F8D5A5A9DAC,0.1520037
CC_9F8FAE57E6A8,0.0975647
CC_9FD1AB8E65FE,0.05509326
CC_9FD2689202D5,0.12791894
CC_9FDBB5C2CD09,0.03769897
CC_9FE52BD71CA2,0.10011629
CC_9FE8E62EB24D,0.09246882
CC_9FEA59AEA00C,0.25370413
CC_9FEA77B36A29,0.3184993
CC_9FEE9701D16D,0.24805702
CC_9FF35BA60E6E,0.3003918
CC_A0003F08B22E,0.14970294
CC_A00AE2543224,0.051136225
CC_A02A29DECDC6,0.0796459
CC_A0336C21117C,0.68448365
CC_A053B42BBE0B,0.07618641
CC_A0591F16FA37,0.036463916
CC_A05F962C80FF,0.15813813
CC_A07B0549E53F,0.056326002
CC_A09F230CCF5D,0.6472687
CC_A0AED6346ECD,0.14541796
CC_A0C4A796643F,0.111164235
CC_A0D6DDFB430F,0.064025775
CC_A0DF672F9C4E,0.119082965
CC_A0E8C7C5558A,0.28800073
CC_A0E9269DF22C,0.40864098
CC_A0F1DB5CB28C,0.09404241
CC_A0F42B26F8F0,0.05525982
CC_A0F8F80EDFB0,0.06757882
CC_A10AD9550E4D,0.03129429
CC_A10EB26E5EE1,0.17676073
CC_A111B065F623,0.08353841
CC_A113D95B4AB2,0.12533931
CC_A1320C0F0129,0.7494259
CC_A1348D850EFD,0.75296646
CC_A13D08B372E8,0.060348224
CC_A143E64BD9D6,0.35595447
CC_A14B0A24DC3C,0.101255156
CC_A15137F25F7C,0.08148822
CC_A152DBEC5BE7,0.061388083
CC_A1591CFF6D81,0.059496008
CC_A168CCB582C6,0.36054334
CC_A17DC38133CE,0.77775466
CC_A185D5EA3DE8,0.6296336
CC_A19C842508E0,0.13593847
CC_A1B648DA406D,0.03709284
CC_A1BF7028CAA8,0.039064616
CC_A1D035FA36E1,0.10064797
CC_A1DD653D41A7,0.07101267
CC_A1E3AD4B934C,0.29410353
CC_A1E58421CE87,0.056118604
CC_A219144EDEFE,0.07749638
CC_A21FCEEBB3C3,0.40922028
CC_A220E4278D79,0.07100134
CC_A2231BDC961C,0.20774718
CC_A234E219EFC7,0.32985723
CC_A239B1BD81FF,0.07265597
CC_A23D8CFFA31F,0.081576504
CC_A23F463F4B4D,0.04356947
CC_A23FFDC4A7A4,0.085325845
CC_A2423E273F84,0.088283665
CC_A2493E6036AD,0.31791857
CC_A25C54470CED,0.1082503
CC_A25FA690BBBC,0.105679706
CC_A2636CF7C075,0.10385733
CC_A26C22870E3D,0.43053138
CC_A26F6A272B3F,0.08607464
CC_A27CDC9BCBAA,0.20742325
CC_A27E5269DA60,0.09468504
CC_A28D4A46B6FA,0.1185795
CC_A28EB319030E,0.05090683
CC_A294D3A59462,0.8045072
CC_A29D8034C304,0.08214379
CC_A2A109409963,0.048426334
CC_A2A4FA5F9962,0.1160932
CC_A2A7E30C59D0,0.18050171
CC_A2B5D2D4E269,0.530234
CC_A2BB24180208,0.3007896
CC_A2CF1DFEFE46,0.4458446
CC_A2D6090EA5B8,0.15230042
CC_A300BC40BC9D,0.042890143
CC_A3212501F639,0.22025613
CC_A3278A566572,0.05664031
CC_A327EBE4F783,0.1671142
CC_A32FB6659B01,0.09598248
CC_A33915EE72B6,0.13535364
CC_A33D350BE79E,0.16675667
CC_A3553B8AA8F6,0.0955646
CC_A36EB077BF3C,0.03563121
CC_A3753EB66DEC,0.11453916
CC_A378342AC9BB,0.18530506
CC_A379E9455C60,0.17218131
CC_A387ADBD7249,0.09874417
CC_A39E961FC29F,0.18343398
CC_A39FA1EF0B16,0.30598128
CC_A3A4E39FB04D,0.18807796
CC_A3A751BE68D2,0.04270268
CC_A3ABB3C5E9D5,0.69611436
CC_A3AF9C2C68F1,0.1547154
CC_A3BEA14873AD,0.14265373
CC_A3C2FEE13C37,0.14091054
CC_A3D6435D5F17,0.15743539
CC_A3E3E51AD0E7,0.045705393
CC_A40566694D53,0.25759745
CC_A410C0DC7125,0.04980424
CC_A42168D2B94B,0.071482405
CC_A43CED9AFEF5,0.4667514
CC_A4475A788D13,0.12098285
CC_A44D677C0C07,0.051583614
CC_A44E2673E71E,0.04452875
CC_A44E79A96425,0.3225622
CC_A462CA147DB9,0.12737313
CC_A4660E424386,0.19249809
CC_A476C9F116F6,0.16276409
CC_A47C83B6EE2B,0.13295302
CC_A47F8594678C,0.24544023
CC_A48A7592F96A,0.057619605
CC_A49195E659EE,0.06498426
CC_A498A936AD21,0.11261554
CC_A4BE6692361C,0.6515281
CC_A4BF2115580C,0.0869624
CC_A4CACCD14A0E,0.15003178
CC_A4CE57A1AB74,0.06910526
CC_A4DE4F1B5F93,0.16858058
CC_A4E300558DAB,0.05079269
CC_A4E972915D89,0.717607
CC_A4EEA04CF3D0,0.22204025
CC_A4F400E9A0ED,0.05945308
CC_A4F550D7F95B,0.19697253
CC_A4FB91B1BF31,0.20559089
CC_A500C1ED0A33,0.23469335
CC_A50471962A96,0.62575394
CC_A5161D8AA57D,0.156542
CC_A519C84307D2,0.0747534
CC_A5277A9BE02B,0.6841483
CC_A53578FCEA71,0.10336767
CC_A54EAD1CCE27,0.14187571
CC_A5512DA239BF,0.17743587
CC_A5545DF298BE,0.07129036
CC_A556EEF3010C,0.42791703
CC_A56756C65136,0.34655964
CC_A5852E06D2D5,0.29109
CC_A5886994671C,0.14522317
CC_A594D8B41A99,0.051896498
CC_A59C6A6B71C3,0.06704613
CC_A5A06987AF5C,0.21510626
CC_A5A1512FEEFD,0.16431694
CC_A5ACE4284283,0.14332594
CC_A5B10F07BCD5,0.085170895
CC_A5BC9ACDB4CD,0.08220643
CC_A5BF8B260922,0.40138593
CC_A5C52379AE06,0.24802658
CC_A5DD4441568D,0.039157152
CC_A5FE3BE2949D,0.051360954
CC_A60EF94F09C4,0.34099817
CC_A628BE74CB45,0.12831073
CC_A6292E9B43AD,0.06564258
CC_A638610BF8F8,0.10319637
CC_A63BBA86CE9A,0.26251867
CC_A63BDDAC43CB,0.05430293
CC_A6409E37A735,0.11826454
CC_A655EC341406,0.11286419
CC_A6562E47BFC7,0.20835763
CC_A6563A22D668,0.7196505
CC_A6601278C1BD,0.11605717
CC_A683678AC9FC,0.34729475
CC_A6864FE80A94,0.13646908
CC_A69117CC3C24,0.14931497
CC_A69928C7D217,0.2076699
CC_A6A8BAF7124A,0.25787294
CC_A6B7DFC69AAE,0.57777905
CC_A6BB595B55AA,0.083899036
CC_A6C5284C4586,0.100067995
CC_A6CB0D0191D3,0.103216395
CC_A6FA3FA9F0FB,0.09847271
CC_A6FDADD23BD7,0.045170344
CC_A6FE3938F001,0.17640194
CC_A71DB65F0BBA,0.6875706
CC_A730F4964FD4,0.1012769
CC_A73C02C58DDA,0.07903447
CC_A746BC2289C7,0.33801708
CC_A766C3608214,0.10332282
CC_A76F48111A8D,0.108847715
CC_A77AEC8AD2D1,0.03309372
CC_A781174166B3,0.18750498
CC_A79024286DFF,0.071833536
CC_A792720B875E,0.0886059
CC_A7952C2BC5B6,0.058180958
CC_A7954EE1A1C4,0.061143912
CC_A7991E6B3CAD,0.25065273
CC_A7B141DF4AAF,0.054496903
CC_A7BE2CED0B93,0.05346343
CC_A7CF446093DD,0.2297208
CC_A7D1C6692090,0.07889938
CC_A7D6CAB54328,0.4613112
CC_A7D8D1DA4EA6,0.092617445
CC_A8102BA6933F,0.059430927
CC_A81C1EDC5FE0,0.08633224
CC_A82C0FDDC303,0.29617226
CC_A83F92C0CABC,0.1354669
CC_A849B0F60EEC,0.06366835
CC_A852AAB180D7,0.041126188
CC_A8536626873D,0.15585743
CC_A85F953FFD40,0.33771342
CC_A865A3F1E28A,0.5990103
CC_A867253FC73C,0.6945821
CC_A877592FE1AF,0.07718611
CC_A8AE26057851,0.14669156
CC_A8D50530622B,0.10677986
CC_A8D5C834B061,0.7646257
CC_A8DF49EED27D,0.7929378
CC_A8FB53A944AA,0.08837948
CC_A8FF19BCFB18,0.17166153
CC_A9042AA97760,0.050962254
CC_A917D68B7F33,0.08976667
CC_A925B3023F01,0.14626163
CC_A93A49678A0E,0.6428055
CC_A944C14551E0,0.128926
CC_A949A4D6CFDF,0.03294038
CC_A96085AAACBB,0.4784048
CC_A968E7B519AC,0.56802183
CC_A96F61DA3920,0.23483251
CC_A98AA461487F,0.056758136
CC_A98DE37F48B1,0.03344468
CC_A99526CAE7B8,0.09033235
CC_A9997F50D935,0.12114605
CC_A99C3B09B728,0.068439126
CC_A9A0DADE60F5,0.21602993
CC_A9E27E0F8BF7,0.11145787
CC_AA06B8C44B08,0.57894355
CC_AA078692F54D,0.052302912
CC_AA3181148667,0.09635327
CC_AA36C8AD0AD4,0.097212166
CC_AA36F0397FF6,0.0752362
CC_AA3A8989A632,0.7166323
CC_AA4A1B7522D9,0.09333137
CC_AA4AE0378324,0.26673108
CC_AA5E4D5A692F,0.16966252
CC_AA68EABEE4B1,0.07498224
CC_AA6B5A7A5B67,0.10063338
CC_AA6BD423C239,0.38540187
CC_AA7074B42A4C,0.53696454
CC_AA7A7F3159DC,0.08311163
CC_AA7BDEB972E4,0.10818746
CC_AA83426311A1,0.07682496
CC_AA8F7D307212,0.11443603
CC_AA994120654B,0.07273457
CC_AA99CC1D0A77,0.09674814
CC_AA9DF917E958,0.16228287
CC_AA9FC6678135,0.34099817
CC_AAA47EC0D4CE,0.080163255
CC_AAD9F600283C,0.12523979
CC_AADF003A3927,0.088079736
CC_AAECFE806C8D,0.20075986
CC_AAF2022B9CD1,0.15766284
CC_AAF445E4CCF4,0.070232965
CC_AAFDCAA5CA06,0.6515708
CC_AB0384E131D8,0.1803461
CC_AB0A4F4A2968,0.16226184
CC_AB108580856A,0.07988317
CC_AB10FED15FC0,0.8027072
CC_AB176233A184,0.053200215
CC_AB250982887C,0.11344974
CC_AB25C565EA6F,0.051189803
CC_AB31BDAE74E0,0.1942644
CC_AB38A76F5698,0.39817426
CC_AB38F588BDD4,0.17825729
CC_AB3DB55C9A2E,0.11353508
CC_AB42A7DA8FAE,0.18774542
CC_AB486E8855F7,0.07334054
CC_AB4A79BF0F21,0.038301323
CC_AB7472FE1C8B,0.07449633
CC_AB78F64D1DA0,0.11589756
CC_AB821E2FB031,0.05976665
CC_AB873276D910,0.05457157
CC_AB8CF3C05B61,0.11241922
CC_AB8DD8448ABE,0.3335436
CC_AB953366A38C,0.06875537
CC_ABB193697B23,0.6078285
CC_ABB3F0A040BD,0.13218851
CC_ABB618AD3E52,0.25938883
CC_ABC0DA7DAFA5,0.043096986
CC_ABC49E43DF40,0.62116385
CC_ABD89F61734F,0.103361435
CC_ABE04CDC2866,0.5966658
CC_ABE98746DB91,0.53336024
CC_ABFDF22BBD97,0.080955155
CC_AC0498A54CAD,0.1622984
CC_AC1C23EA2767,0.3652318
CC_AC1E028B2A1A,0.08079136
CC_AC255B902EEB,0.15905769
CC_AC44A88F7869,0.06663022
CC_AC51CBCACA63,0.105726086
CC_AC723E5F5EFA,0.044344865
CC_AC7994A5FDC4,0.12022838
CC_AC7EFDBCF2E8,0.75169337
CC_AC8A45716CD8,0.11171584
CC_AC8FB78319A0,0.04412172
CC_AC95C517E726,0.081936345
CC_ACA4C6C9316D,0.068516366
CC_ACAD97A186F4,0.07223667
CC_ACC12168D6A9,0.13897808
CC_ACC53294D3A0,0.08463638
CC_ACC6A74A8BEC,0.080389366
CC_ACD94D2B1200,0.063209586
CC_ACD988315902,0.040432338
CC_ACDA59536C9B,0.09257895
CC_ACE5A4081F6E,0.21609136
CC_ACF4F9A2CCFC,0.1770311
CC_AD0D7D212968,0.34983703
CC_AD131D09EB0F,0.13048305
CC_AD13C87CF26E,0.23838514
CC_AD2050A0C79D,0.18506773
CC_AD276D71D3A7,0.3153171
CC_AD2C54521FE4,0.17277606
CC_AD2E59624FEC,0.36281323
CC_AD3A36AF2840,0.31048143
CC_AD3D286D0B68,0.2010469
CC_AD46818E459F,0.5899254
CC_AD4BB2E22EA9,0.24292246
CC_AD4F7F88242F,0.3826452
CC_AD58ADCD54CE,0.72347665
CC_AD71619FA389,0.10621283
CC_AD84592B950B,0.08052194
CC_AD9898C0E8D2,0.1994775
CC_ADC70A21D661,0.38859954
CC_ADCF16189AF2,0.22903112
CC_ADD894E6E4F4,0.35797945
CC_ADE899835555,0.1458608
CC_AE0D73A1EE19,0.3690718
CC_AE0F08EA3935,0.1514708
CC_AE23B59E6FC8,0.3168263
CC_AE289E013D60,0.086663224
CC_AE34D3F7F224,0.75242054
CC_AE4069D8B4F6,0.20455214
CC_AE4896E2BE76,0.66178936
CC_AE51DCFE0671,0.07963685
CC_AE69FEA8DA68,0.17405504
CC_AE7C129CC90F,0.21886772
CC_AE7CD49F20AB,0.19649436
CC_AE89526E0335,0.18966751
CC_AE8D62CF30C0,0.12496958
CC_AE8D9CE8D6FE,0.05459904
CC_AEB019CB9065,0.13663751
CC_AED1D50AF584,0.08127357
CC_AEE546316FB0,0.23904894
CC_AEE5FA00FA6C,0.3922158
CC_AEEC765D157B,0.04248702
CC_AEEE44D6C8A4,0.029325722
CC_AF14FF3EF570,0.36318195
CC_AF1C3ACBA6B2,0.10413272
CC_AF1E911C98B6,0.3223106
CC_AF337F410520,0.08455622
CC_AF3C7BC3BA40,0.12827687
CC_AF41E4075C87,0.21636996
CC_AF6B4405276D,0.78134984
CC_AF78FE0BDBEE,0.0739233
CC_AF8238D9082F,0.0907673
CC_AF8CA6EE53C3,0.07367082
CC_AF9AFA7C49A8,0.07944138
CC_AFA1E3D3C685,0.14492764
CC_AFA680030CB4,0.6212941
CC_AFB351270B8B,0.039234076
CC_AFC405AE0029,0.07234195
CC_AFF90422E4FC,0.36827865
CC_AFFBE2744B87,0.7793399
CC_B0043CA53FCE,0.09986785
CC_B01B2BD4EFD7,0.2515031
CC_B01E87EB9940,0.10106109
CC_B0273E66E2A5,0.18755068
CC_B03E98085A9F,0.10407099
CC_B0420D8C42DC,0.5018013
CC_B0497BEB9F6B,0.14924638
CC_B04A5E60B69D,0.08377178
CC_B04D5517A193,0.10008341
CC_B05FF3A960A0,0.18624908
CC_B06A532EC131,0.26038444
CC_B06D33A6761F,0.14289074
CC_B074D4472CE4,0.051815152
CC_B07CE95BCD88,0.33965605
CC_B07D79368225,0.08794807
CC_B07DD1ABABCE,0.7148249
CC_B086C2D77820,0.17056432
CC_B088DE9C9E3B,0.2895375
CC_B0CD7932067B,0.11652911
CC_B0CF90073A5E,0.66437125
CC_B0D397D86639,0.63077337
CC_B0EF4FD19FEA,0.11697576
CC_B0F2F9514AA3,0.08138622
CC_B0F3B79F51C8,0.1459203
CC_B0F4041B1C76,0.035728082
CC_B10FE31C61D5,0.12941256
CC_B114E8F19D65,0.15351202
CC_B117F0E3CAAE,0.15554474
CC_B11D58F331A9,0.03872817
CC_B1262188BC41,0.07450235
CC_B12FFB2FF21F,0.10214222
CC_B13253F34A9F,0.045869883
CC_B137E2BBB53B,0.08619894
CC_B13FEA7CDB99,0.057498734
CC_B1481ED21111,0.056839857
CC_B15BE5C9976A,0.25206485
CC_B15EB6933578,0.06349657
CC_B163CCB3BE4D,0.11108086
CC_B16DC354FD71,0.3917666
CC_B1777349EB15,0.16580802
CC_B17C6CE0231F,0.2630116
CC_B17CA8C22E5C,0.121847816
CC_B18F3C9C30E4,0.15826823
CC_B19CD93DDC96,0.07467058
CC_B1A647674B84,0.11495487
CC_B1AEC2E5E33B,0.209699
CC_B1B5C81AC0A6,0.05738333
CC_B1B932EFD646,0.15255778
CC_B1C3C0B52B88,0.2548636
CC_B1C7216344F3,0.07332097
CC_B1C982DBBD12,0.39503205
CC_B1D81F8197B3,0.35304067
CC_B1DF1DCBDC7E,0.57337517
CC_B1E2C36607CB,0.06522649
CC_B21351C93D8C,0.1470875
CC_B2174860AB11,0.73850924
CC_B235818E6A04,0.13777794
CC_B23CDE30F00B,0.07578137
CC_B23DE4971DF0,0.41523823
CC_B23ECF574D8E,0.058388308
CC_B24C41DDFBDA,0.21530172
CC_B25EC73B9510,0.1346606
CC_B25F69904D0F,0.06811614
CC_B25FB6C11D05,0.6596439
CC_B264F2B92259,0.58547646
CC_B26B8FC23F1B,0.07647517
CC_B272E29922B5,0.13153423
CC_B27AA8E27BE7,0.10770472
CC_B2A68FD3C236,0.073924795
CC_B2AC50C00979,0.07888785
CC_B2B16D7B821C,0.16076763
CC_B2B32F1511E4,0.120159656
CC_B2C241A93527,0.0784239
CC_B2CB104FED6B,0.6582289
CC_B2D352013F92,0.12528649
CC_B2DF694BAB08,0.11253596
CC_B2E993A9343F,0.18513234
CC_B2EF61C93AB6,0.10371908
CC_B2F94405EA89,0.09769856
CC_B2FC07BF6251,0.056915365
CC_B301A65B4164,0.1380625
CC_B313E3A208A2,0.21034907
CC_B318FF5D976D,0.16094185
CC_B32AEF0A2299,0.06864921
CC_B33BD3C618EA,0.07693554
CC_B348627365A2,0.12301733
CC_B35109450BDD,0.03727984
CC_B3528B870544,0.08171986
CC_B3530E7CF8F5,0.1311672
CC_B35C5B1DB9C1,0.06908718
CC_B35FF59389D4,0.20377155
CC_B3812C6700F2,0.6203239
CC_B38280B483B8,0.13001196
CC_B38B694A18EF,0.47619027
CC_B392BDECD913,0.34099817
CC_B398DF1ABAD4,0.037886262
CC_B39E75E151A1,0.14171232
CC_B39FD0E249E8,0.056538634
CC_B3AA0891CA5E,0.4315566
CC_B3B1C8EBE5C1,0.12070629
CC_B3BBA28E2D39,0.43165016
CC_B3C4DB0303A7,0.09837213
CC_B3D32FE823B2,0.041624427
CC_B3DA429C6C8F,0.10557918
CC_B3DC5786AB0F,0.1850083
CC_B3EA537531A3,0.1550842
CC_B4096D3A38CE,0.044801183
CC_B41EADCCC95F,0.066093266
CC_B421940B9A48,0.6810388
CC_B42B3B83935C,0.83141005
CC_B436B1CA6B2F,0.05795087
CC_B439B06AF274,0.18870452
CC_B4482E7879F4,0.059639625
CC_B4660022C612,0.115569405
CC_B46B899B4A63,0.1414694
CC_B470280A580D,0.106283605
CC_B471D3BF0C72,0.5419534
CC_B4751DEE43CD,0.15039721
CC_B482C254BAA5,0.058692157
CC_B4889D036D3C,0.70851403
CC_B4950F811C90,0.10679594
CC_B49A6DE7A340,0.27075034
CC_B49CD4C13DE8,0.35262063
CC_B4A90370CA96,0.51227736
CC_B4ADE6BC8A10,0.68702066
CC_B4B6F805888C,0.058684018
CC_B4B8F66BF4ED,0.6602586
CC_B4C6F80DEE44,0.051087394
CC_B4CCE78C09EE,0.1910858
CC_B4D68D1C1C55,0.19954902
CC_B4DAED63089A,0.15945572
CC_B4DD9841E6FD,0.22671528
CC_B4EF6743DDCF,0.09356665
CC_B4F67F73D097,0.08868027
CC_B50EB15EBA18,0.08909815
CC_B51DCAAF4549,0.1462517
CC_B51DFF8702D0,0.5406183
CC_B520A001BF69,0.09445991
CC_B529919BF24E,0.6494984
CC_B542342650A1,0.07245156
CC_B54A106E91E4,0.041666113
CC_B54CFFC21F2B,0.10508818
CC_B55C134C04A5,0.17704014
CC_B55C2DBF6D3C,0.22689177
CC_B569705352B4,0.10420901
CC_B56E74A967C3,0.05791389
CC_B57519F33EEF,0.041880682
CC_B582E4405D85,0.08194728
CC_B585A11F7BA7,0.12227686
CC_B59726D36AEF,0.17377119
CC_B5995E4F1A21,0.10275043
CC_B5AC2AAF871B,0.736939
CC_B5AD19125E1B,0.20636296
CC_B5B1E42858AC,0.067561015
CC_B5B7599E8BC6,0.06995113
CC_B5CAE0595637,0.22424456
CC_B5D49843A799,0.32333046
CC_B5DDFC7AEE78,0.1172882
CC_B5E29344F63C,0.21545479
CC_B5EE5AE6378A,0.59087497
CC_B5F2A93AD996,0.083068155
CC_B5F611613A78,0.06405515
CC_B6055039255A,0.74561566
CC_B607B2B0AFB7,0.057760894
CC_B60CFD0F39F9,0.070699036
CC_B620087B1C52,0.35336637
CC_B6203BBBD151,0.09215499
CC_B622662E664A,0.16452922
CC_B62C9A2BC846,0.14621262
CC_B636210548E5,0.39143032
CC_B642C6714501,0.076534525
CC_B64F81B8A263,0.11166299
CC_B65CA581B9BD,0.1521579
CC_B65D1B9B6F67,0.15282467
CC_B661A8FCA431,0.048418898
CC_B66AC40957D6,0.12847637
CC_B672B35D1162,0.7693103
CC_B68379D197F6,0.109299295
CC_B6923D10FDA2,0.15183882
CC_B69CC776BBE6,0.24185854
CC_B69E50D76B29,0.104798324
CC_B69EAA8C296F,0.22130255
CC_B69F7CB8CDA0,0.073536016
CC_B6B4AD157354,0.16972968
CC_B6BD764CB8B9,0.23310992
CC_B6BEC3F4BE91,0.16065414
CC_B6C13F4A610D,0.2966216
CC_B6C1C3B5766B,0.11634409
CC_B6C72241926C,0.13508578
CC_B6CB40E245D7,0.60881746
CC_B6EE58A108C5,0.078392535
CC_B706F631F5BA,0.04182584
CC_B71DC1206985,0.15936036
CC_B72284CED807,0.17946717
CC_B727865A5B5F,0.61084825
CC_B72FD7EFA6BD,0.18147923
CC_B7365B5A3392,0.73986447
CC_B73820D308C9,0.11984357
CC_B743560D847F,0.08299799
CC_B76EF26F7C9A,0.3357751
CC_B7764FC130E8,0.40555686
CC_B77B73B95532,0.12043413
CC_B77D6653C7D4,0.051414136
CC_B77DA6B77DEB,0.29096496
CC_B783AE19622D,0.13906406
CC_B78761738CAF,0.028098395
CC_B787BA135B5D,0.32588682
CC_B78B4449EA19,0.10609169
CC_B78B4B7F80B5,0.22824885
CC_B78BEE888CA6,0.0860906
CC_B791FEE1CF37,0.04277787
CC_B79A58AA4441,0.09283855
CC_B79BEC538198,0.13162151
CC_B79DD53178D3,0.08330317
CC_B7A7EFD85149,0.19125877
CC_B7B5F2A15C41,0.10977757
CC_B7BC46A7D4DF,0.09597327
CC_B7CBC65D9AF9,0.5029795
CC_B7D40C5C891F,0.07109006
CC_B7D4337C4797,0.25782776
CC_B7DA04826165,0.2773298
CC_B7DC19DA1440,0.15843081
CC_B829EC622F0D,0.54525423
CC_B82B9C0C7B85,0.6467702
CC_B82C55DEE5E6,0.28715426
CC_B8475B977AD2,0.6832456
CC_B84BD2F4EB01,0.18710193
CC_B86DA7D69F20,0.058804035
CC_B87989F406EB,0.19136709
CC_B88B702183E7,0.038213957
CC_B89B80945ADE,0.1335028
CC_B8A3A44BFE8A,0.44273612
CC_B8A7A6548AE6,0.17887181
CC_B8A8FB83065B,0.16171838
CC_B8AAC20D626E,0.1628637
CC_B8AC99873641,0.072507896
CC_B8C9673B7834,0.07632269
CC_B8D5FEB15CC8,0.06692627
CC_B8DA64A33076,0.6492692
CC_B8E912A01706,0.6041964
CC_B90869280808,0.10408199
CC_B908EC99951B,0.29972565
CC_B90CBF2A6775,0.08058496
CC_B91080C1ADA5,0.35655034
CC_B918FB42AFD2,0.19462825
CC_B92CA425080F,0.10404123
CC_B937F632B71D,0.16911247
CC_B94477C20476,0.28960934
CC_B9483A5C922C,0.13190909
CC_B954EC1C63B5,0.3345633
CC_B95580F93537,0.054799646
CC_B96086044329,0.052467685
CC_B96EB0A91589,0.19987482
CC_B98357C70A41,0.6287357
CC_B9929A66C2FD,0.6521242
CC_B9BB52E4C529,0.1313379
CC_B9BD45744855,0.7821628
CC_B9BFDE4662AE,0.118135855
CC_B9CEAF324145,0.056305084
CC_B9E89F42B509,0.18415157
CC_B9E8A3887223,0.1977995
CC_B9FC67268C45,0.21543536
CC_B9FE9DFEB3DC,0.10954323
CC_BA041E14DD98,0.082544826
CC_BA0619F54427,0.09929555
CC_BA15072C4EC2,0.23179159
CC_BA183CDC5429,0.84047264
CC_BA43646012D2,0.48543897
CC_BA4F7E494E71,0.39783347
CC_BA557F75E2DD,0.16590558
CC_BA740903CBDF,0.14176564
CC_BA77722A827A,0.5513826
CC_BA78E47BB021,0.20243268
CC_BA8C427054F4,0.03981746
CC_BAA19F8D2563,0.10686366
CC_BAA1BBFF8C6C,0.30168474
CC_BABA44B5FB12,0.06897469
CC_BAC25BCCEAD2,0.070043616
CC_BAC74D0014D3,0.5192534
CC_BAD99E36CC71,0.24545066
CC_BADE7EB1D16D,0.7619276
CC_BAE7410803AC,0.16380653
CC_BAEBBF8054FB,0.09884277
CC_BB054686B6F2,0.056325898
CC_BB05D9DF72BD,0.065718405
CC_BB0D54068D07,0.78017014
CC_BB15DE5E0DA0,0.7592501
CC_BB1A57AA813F,0.14095123
CC_BB1CABE261EB,0.178532
CC_BB2BC46FCF61,0.2160353
CC_BB2E5437EE04,0.05010163
CC_BB2EF1FF6131,0.09183966
CC_BB2F56C6BF57,0.095493935
CC_BB35CEC5314E,0.076050766
CC_BB39E3597B61,0.042400926
CC_BB3A9EECD51E,0.090006955
CC_BB44CDEE5103,0.17839274
CC_BB458116ABA4,0.37036014
CC_BB5F6936F6FE,0.216059
CC_BB666F8A551E,0.06401444
CC_BB7355E735D2,0.119893655
CC_BB8A2F186D6A,0.07604986
CC_BB9FDED12C65,0.6738678
CC_BBA8C316C8F8,0.08784837
CC_BBADC7DC73EA,0.21365987
CC_BBAEA7980B09,0.47858286
CC_BBBA078A6429,0.78635526
CC_BBBFC3EC2C72,0.41557893
CC_BBD34B3225EE,0.03539233
CC_BBE6C58C59A4,0.38966143
CC_BBEBBE1E226D,0.11642858
CC_BBED56D34D38,0.10267012
CC_BC0244FBDAF6,0.16589972
CC_BC099E880236,0.1535313
CC_BC0F05C89E25,0.13869777
CC_BC1BD06C1085,0.08888501
CC_BC21E8824A34,0.4643408
CC_BC23655B2BF4,0.06380489
CC_BC24F9024F49,0.056999363
CC_BC2A58939715,0.077599734
CC_BC2B90F226E0,0.1873638
CC_BC31382964E4,0.044849508
CC_BC31DA3EAFFF,0.122748226
CC_BC3A6CF6FD16,0.12832682
CC_BC410BDD9ED8,0.25991783
CC_BC458960887E,0.16395912
CC_BC484C329704,0.11368787
CC_BC4D6D6D4553,0.33111274
CC_BC5A59D88AFC,0.098362975
CC_BC736DA19A00,0.18607473
CC_BC7B9D13978F,0.19818525
CC_BC84BF34D69E,0.26640272
CC_BC95D473C9CE,0.18447798
CC_BC96FC9DCFE7,0.09909989
CC_BCA0D6159C23,0.17695618
CC_BCAE73132BA2,0.07103181
CC_BCBBF055366F,0.047388416
CC_BCC94F494979,0.095793635
CC_BCF75F8B9A5D,0.12807645
CC_BD10F4F15094,0.08997747
CC_BD1A2052ACD5,0.77016217
CC_BD217C39702F,0.33241946
CC_BD2A9D4B9FAA,0.18965295
CC_BD3EDD1630E8,0.049504377
CC_BD4AAFE9EFEE,0.06458361
CC_BD59D1252975,0.08763684
CC_BD607BE97C17,0.091767475
CC_BD889F165227,0.08065413
CC_BD900B6BCF65,0.16987903
CC_BD9967660461,0.40602964
CC_BDABB99ADE2A,0.14747776
CC_BDB07C66EDBD,0.48050785
CC_BDB71DAAE50B,0.13225746
CC_BDCB91FACECF,0.12852572
CC_BDE1E398B4E4,0.051924285
CC_BDE8D325637B,0.6989152
CC_BDE9E7F390AE,0.094928466
CC_BDECF392D7F9,0.13952835
CC_BDF401C3BBCA,0.13615619
CC_BDF53C42C5BC,0.26483342
CC_BDFE5778530F,0.32859474
CC_BE05EB5976EC,0.7517629
CC_BE08A6D5E76D,0.05584535
CC_BE146CE5BEE6,0.10785457
CC_BE24C1EE877A,0.11453741
CC_BE27E98C4BED,0.06883605
CC_BE32DACBF6C2,0.13271065
CC_BE3F52F9C9EA,0.13733295
CC_BE3FC1024389,0.15898764
CC_BE4595898BF9,0.090401374
CC_BE4F1F53F4B6,0.09098007
CC_BE648663620C,0.23476674
CC_BE6627F3B9EE,0.63003695
CC_BE673F70B591,0.32608777
CC_BE704640727F,0.03807078
CC_BE7295B354DA,0.32625732
CC_BE760A430ACD,0.17383955
CC_BE8A340F3876,0.04858699
CC_BE9CB8845101,0.20906271
CC_BEA12286E57C,0.15258622
CC_BEB24EB997CA,0.13422689
CC_BEB80CCF2ED0,0.062725544
CC_BEB86014B5BF,0.16702238
CC_BEC035C8801A,0.1411867
CC_BEE1B858F0C3,0.27337334
CC_BEE664893442,0.187098
CC_BEE75A33F038,0.08128809
CC_BEF22728402F,0.7333867
CC_BEF8AB2DF19D,0.37369347
CC_BF03683CC755,0.0993976
CC_BF066CB8F7A0,0.17492016
CC_BF154A9FEE8D,0.14019205
CC_BF17E635C67F,0.071583144
CC_BF196AFA6AE6,0.1719447
CC_BF2012FCFE14,0.16833436
CC_BF3733356D4B,0.4249306
CC_BF376C8D14ED,0.5050313
CC_BF3BF8B9F646,0.11540832
CC_BF588A5FF18D,0.67876405
CC_BF7C643B8874,0.05912387
CC_BF8919F14394,0.13226551
CC_BF8B759EE1EF,0.057455577
CC_BF971FA7A950,0.18550761
CC_BFACE960372A,0.0973913
CC_BFBF917EFEB7,0.6016551
CC_BFCAE2959708,0.054857947
CC_BFD80ECB739A,0.22934583
CC_BFDEC7E68821,0.074913464
CC_BFE3AD881F4C,0.052072898
CC_BFE511C0F9F3,0.5332012
CC_BFEE9CF8A6E9,0.07888767
CC_BFF8E82FE4BE,0.14213821
CC_BFF9E8C0FE28,0.64267355
CC_BFFCB2882E26,0.043817658
CC_BFFDCACC1E4F,0.12463957
CC_C003A15648F3,0.08184334
CC_C004160ABB18,0.16095033
CC_C012746F45D6,0.11849082
CC_C033B4EC89DA,0.13473645
CC_C03578357D0D,0.3103676
CC_C040C14F27A0,0.061416287
CC_C0474C48C443,0.12408498
CC_C04A1EF46A13,0.25476775
CC_C067DA2C5F99,0.37402552
CC_C0731DB0CD7F,0.6145411
CC_C07C70AA1AF0,0.16469295
CC_C0877F4DBC62,0.10745671
CC_C0896CE6B4E2,0.083300956
CC_C089B0517E81,0.092650004
CC_C08B9066A5BB,0.19013819
CC_C08DFB22BC71,0.07891663
CC_C0A2108BEC82,0.20142666
CC_C0A6B0787F91,0.090356156
CC_C0B29B279C90,0.10326914
CC_C0B7151247C2,0.12123095
CC_C0BEDCC974E6,0.11795576
CC_C0C6F913C2CB,0.7069312
CC_C0C7EAB055B1,0.19318867
CC_C0CCCF588BEB,0.25331578
CC_C0D65A1BC1DF,0.5910828
CC_C0D6ADDF1E0F,0.09357914
CC_C0E49708EB44,0.24474068
CC_C0F32BA57D17,0.052340575
CC_C1094828B26C,0.30775762
CC_C124E4C094F3,0.21670923
CC_C12ECF48FA03,0.18904044
CC_C12F5F7E5C54,0.1307462
CC_C131509731A1,0.21334818
CC_C14173B64C58,0.17569089
CC_C14A4D39F494,0.40484175
CC_C14DC9106B7E,0.25362605
CC_C1624A910E58,0.03399789
CC_C1645FA6EE7C,0.112059124
CC_C165A26E7C1D,0.71210206
CC_C16824A69631,0.05280195
CC_C177831DEDC2,0.081548914
CC_C1815DD481ED,0.70089936
CC_C18313F97FC1,0.28290623
CC_C18A7BC23071,0.27765864
CC_C1941883C762,0.10689849
CC_C1A0989CDF23,0.036013927
CC_C1A8C99D910A,0.101405285
CC_C1B057BAE0BB,0.32356235
CC_C1B5D9A95708,0.0897046
CC_C1C28181E30E,0.122652665
CC_C1E8CA45E983,0.112604536
CC_C1F4DD05F5FB,0.17276046
CC_C205BAC0D181,0.07445124
CC_C208790016F7,0.0749169
CC_C219E603FD0B,0.071552254
CC_C2323893E922,0.10775922
CC_C236A614F73D,0.11681698
CC_C241491551A8,0.13644618
CC_C247E0377048,0.0896207
CC_C24FBA584039,0.23052065
CC_C25078D044CC,0.19583936
CC_C255BE787955,0.1710555
CC_C25ECB5C5FD8,0.06011355
CC_C276E722FB1B,0.32905588
CC_C279090E1F74,0.77078676
CC_C279CA96D14A,0.11361825
CC_C283330B9999,0.052246347
CC_C289AF57EB24,0.2533834
CC_C29558864857,0.122159116
CC_C29846DE78AC,0.6290583
CC_C2AEE09D92AD,0.09346973
CC_C2BBFB603032,0.28696212
CC_C2C2B2EEBA69,0.03971154
CC_C2D1CBB42952,0.15634337
CC_C2D4587A871F,0.69997746
CC_C2D583F20739,0.34086987
CC_C2D9086A8C67,0.061126545
CC_C2E8FA308586,0.20028839
CC_C2EA104630E3,0.11130671
CC_C30ED2C6265A,0.05218611
CC_C31BA9FD4FFF,0.24951439
CC_C31DC3117984,0.20339112
CC_C33142B2E26E,0.43741205
CC_C340668CE604,0.10279906
CC_C36580241000,0.1558463
CC_C3664AFC710F,0.12317978
CC_C3676D2ADC91,0.18695094
CC_C368AC6AE19C,0.051358946
CC_C38B446B7432,0.21679698
CC_C38BE6D69E61,0.05292682
CC_C38FB634E7B9,0.08002237
CC_C3913A125FC9,0.15096197
CC_C392AC1AABDB,0.14208159
CC_C3A37C3EDCC5,0.40007493
CC_C3A42A96D260,0.23065178
CC_C3CA355F78BC,0.09647879
CC_C3CD972B25E9,0.1558114
CC_C3CE9FCB05EA,0.04734406
CC_C3DA12B31CD5,0.091969304
CC_C3EF46D2CF29,0.16857894
CC_C3F301EAE202,0.18163519
CC_C404C200B723,0.116916716
CC_C40BEE2EAD73,0.26383027
CC_C40CA3E960D9,0.13441505
CC_C40E0EEBA53A,0.206539
CC_C42183D7A586,0.09851344
CC_C427199DAC5F,0.45907924
CC_C445AEF194CA,0.07892041
CC_C45051D20EC8,0.145075
CC_C47FCA703A69,0.2739471
CC_C4965C6C6935,0.3520934
CC_C498BD798847,0.05218711
CC_C49A42D1C3CA,0.0988621
CC_C4A2F5B06976,0.072759196
CC_C4B632AEB96F,0.16697349
CC_C4D194378554,0.036684934
CC_C4D90E9CA5E9,0.15166596
CC_C4D941D5A5F9,0.13817771
CC_C4EB2486A9B1,0.20722862
CC_C4EC2923D96F,0.29884747
CC_C4EC9ACAE8C4,0.7377245
CC_C4FB2ECB13DD,0.3304083
CC_C50467EBCC58,0.072265476
CC_C50C5E2A77CA,0.15952404
CC_C50D7FAA75C1,0.05789717
CC_C51FE3F4D2F3,0.16633564
CC_C5234F4713B7,0.08477798
CC_C55110310E14,0.104726166
CC_C563D509181A,0.07230457
CC_C5736F4887D6,0.76266825
CC_C57C4F09442B,0.10483847
CC_C59D2CA55CAD,0.7919242
CC_C5AD04ABF022,0.09326689
CC_C5AF7BF4B951,0.04496374
CC_C5C5FD9FCFE4,0.6495839
CC_C5D9A89022EF,0.20810226
CC_C5E1FA10BD6B,0.17605737
CC_C6039EF0459B,0.16568282
CC_C6133F44EB0E,0.081588134
CC_C637C1142503,0.783733
CC_C65496C86EAE,0.15117572
CC_C67C2B86A807,0.1400553
CC_C690CF8AF3B4,0.10266851
CC_C69204FFED48,0.29657185
CC_C69DD80E5055,0.11239185
CC_C6AE389CA79C,0.11162395
CC_C6AFA8AF33BB,0.089614265
CC_C6B56B2869A6,0.39098853
CC_C6B61E03B42D,0.17066191
CC_C6C2B357FDF2,0.10788529
CC_C6C4A4A318E4,0.14343354
CC_C6DECDCC7956,0.20054926
CC_C6F134ABD932,0.54949784
CC_C6F24128D8D3,0.18880665
CC_C6F8C5E3D746,0.099581495
CC_C6FB2BDCC78F,0.403068
CC_C70DBEB08378,0.83885974
CC_C71AAC6F9607,0.09332053
CC_C73D1C53BEC0,0.31285998
CC_C7423B380FD2,0.057492234
CC_C747ABF2B4BC,0.09371325
CC_C74F0C45C093,0.14588095
CC_C75307665BCF,0.1926154
CC_C76473DBFF83,0.34516305
CC_C7652C2D1CC7,0.20132658
CC_C77B38900325,0.19842938
CC_C782A94E6754,0.045075126
CC_C786E0FDA098,0.7648819
CC_C794632B3AAC,0.46579942
CC_C795250A7B3F,0.12944697
CC_C79BF5794AD9,0.04900699
CC_C7A2A7BF85C5,0.060955044
CC_C7A2CEDA36CD,0.46449965
CC_C7AAAC514CD0,0.10659417
CC_C7B39AE8206F,0.10477375
CC_C7BA884F8DCA,0.1446018
CC_C7BC592C11DB,0.03687763
CC_C7CB29EBCEE1,0.06460584
CC_C7D2BE35C77A,0.09206976
CC_C7E56C7FFA19,0.18128699
CC_C7ED63E403A8,0.098646365
CC_C7EFF4BBEE1E,0.07735212
CC_C7F1C90A261F,0.110363476
CC_C7F38C2DEDFF,0.17780638
CC_C807F881A35F,0.23452255
CC_C808346EF2A7,0.04608297
CC_C822401D05A0,0.15253864
CC_C82D0EB32984,0.10197997
CC_C82DE4520088,0.21376985
CC_C84080607284,0.06320714
CC_C85DEB66D6EC,0.2912822
CC_C8601860B3AB,0.31635317
CC_C86B56E5B000,0.09824277
CC_C874E7D8B96A,0.056711677
CC_C88F02C38654,0.14623345
CC_C895990DF270,0.10805841
CC_C896D6E93110,0.3757012
CC_C8A57920FB6B,0.08935202
CC_C8C2CEAC6750,0.47951114
CC_C8CBB38CF4B6,0.44307792
CC_C8DF2AEC8023,0.17443237
CC_C8E24B1925A2,0.18654959
CC_C8E2F0CA5050,0.7245401
CC_C8E875AAFD58,0.34654266
CC_C8EF7366016A,0.09026696
CC_C8F1FB9C56E5,0.0756011
CC_C8F2FF7E6DAF,0.18463647
CC_C916DC82A00B,0.32191688
CC_C91FF308D57A,0.065342896
CC_C9297D88CD26,0.28051946
CC_C932D885E1AA,0.18501723
CC_C947A66A6A34,0.124923825
CC_C953D19C82A6,0.2882415
CC_C960365C1125,0.22237067
CC_C96221203852,0.21090911
CC_C967937FC81A,0.7183294
CC_C97434767545,0.2314156
CC_C974620D4D4F,0.26008192
CC_C9749B07E3CC,0.12140305
CC_C979F86EC4EB,0.06598111
CC_C9882357496D,0.06750928
CC_C98B5F2B994A,0.1226711
CC_C98CA453DC7F,0.11601308
CC_C996515164AF,0.6887607
CC_C9A1B8F512F3,0.44738784
CC_C9E008678B77,0.088699155
CC_C9E89E3728DA,0.20705555
CC_C9EE0357CF4D,0.16691965
CC_C9F15C15BA6A,0.113899164
CC_C9F3BB887EB9,0.23977938
CC_CA0906B9B58E,0.060959935
CC_CA16B9133E4F,0.36626664
CC_CA2524A5C7AF,0.26803562
CC_CA2A17C9CD44,0.38833386
CC_CA32C61E255B,0.09422744
CC_CA37F92A8BC6,0.1594956
CC_CA3C9D0F42A2,0.52712613
CC_CA4669FF2379,0.12233779
CC_CA486E08F176,0.07140666
CC_CA5CF069C36C,0.06783775
CC_CA6AB58D2C8D,0.20553817
CC_CA6EDCBFA9E3,0.18492414
CC_CA6FB58C11F4,0.095207945
CC_CA7902338F91,0.18659323
CC_CA7BE11DCB92,0.11912524
CC_CA87A148C386,0.06354601
CC_CA8E7E45347C,0.12052631
CC_CA9214D0E170,0.14435492
CC_CAA07EABEF71,0.05578053
CC_CABC0190A9BF,0.5046594
CC_CABF171B8582,0.5311428
CC_CAC2F989A2D6,0.23040238
CC_CAC50FF13A43,0.49037972
CC_CAC9C52B6FB8,0.21843372
CC_CAE19DE8446F,0.07826707
CC_CAE5F6D8328C,0.40771034
CC_CAFA0C6DBCEB,0.05355727
CC_CAFE5D6E3E1D,0.110498495
CC_CB02A97FAC1F,0.23764223
CC_CB1155AAC7EB,0.12579253
CC_CB1B2FC5769C,0.16747788
CC_CB1BD3C19303,0.17369226
CC_CB2423DD4809,0.8083931
CC_CB33381406F3,0.62004036
CC_CB3CBA971E97,0.08873519
CC_CB45CB5C940D,0.17588124
CC_CB4A2667F8CE,0.20864452
CC_CB4EA92BE238,0.05156044
CC_CB4EE5CC0B09,0.16900791
CC_CB50BDD92A4D,0.2739679
CC_CB6A55831080,0.081726804
CC_CB6CE149111A,0.1377841
CC_CB6F9DA78019,0.045850728
CC_CB722FAA608D,0.2094423
CC_CBA786C05C1C,0.7594074
CC_CBA9A6206DCB,0.18591379
CC_CBB7AE2847B6,0.17244332
CC_CBB9DDEAC819,0.04142523
CC_CBC30D127BA4,0.07197574
CC_CBE67EF0D3C5,0.5204333
CC_CBEC318365B3,0.40707353
CC_CBED6669EDA7,0.06581768
CC_CBF1B052FA7E,0.06577603
CC_CBFC7EFF2F94,0.11660523
CC_CC27394B5E35,0.06874434
CC_CC2A7B3D7A55,0.12742169
CC_CC34B2523794,0.17813115
CC_CC34E9023873,0.71668065
CC_CC37D81F02A7,0.6281133
CC_CC4822AEDB83,0.7039483
CC_CC5D6CAE5ADB,0.26325092
CC_CC6D27804EF0,0.07810842
CC_CC71D4876B90,0.1232855
CC_CC75EA7F2C8F,0.099944174
CC_CC9214A5C0CF,0.09616244
CC_CCA2B8D2446C,0.49956515
CC_CCAB3E56FD92,0.20444757
CC_CCAF321D46D7,0.0464804
CC_CCB46EA56584,0.21188396
CC_CCB60CB8754C,0.15726401
CC_CCD759553325,0.063996576
CC_CCDC28D49832,0.16729544
CC_CCE55029E621,0.6405244
CC_CCEA133D7268,0.5096567
CC_CCED6CEBC3D6,0.34419882
CC_CCEE76415B51,0.3289864
CC_CD1326D52AE1,0.6556598
CC_CD35EEA81CE8,0.28728718
CC_CD373485942B,0.07877268
CC_CD379DD39658,0.3457956
CC_CD37D5CF0EB0,0.16161525
CC_CD380545A7A4,0.08268745
CC_CD3A378249BA,0.22468309
CC_CD415B1C7741,0.047235474
CC_CD4976814F28,0.041476566
CC_CD4F5F1C357B,0.23850228
CC_CD54829713AF,0.075929634
CC_CD5E3556D5AB,0.18511105
CC_CD6C797F3C4F,0.07013342
CC_CD7BA8F6C4BD,0.108614706
CC_CD8352F0478D,0.16194679
CC_CD972E578564,0.80159205
CC_CDA1B20179B6,0.115510054
CC_CDA2A36B81B4,0.22373581
CC_CDF6354EC332,0.07145745
CC_CE01E17132E0,0.04172764
CC_CE1280B30475,0.15573767
CC_CE134F878294,0.06436155
CC_CE229894AC00,0.13117705
CC_CE26907B9D30,0.4778937
CC_CE2755B42DAC,0.08037091
CC_CE2BD7F74421,0.31708577
CC_CE3784121355,0.1306416
CC_CE41F9FF509E,0.14574601
CC_CE5AF0E9A157,0.09429046
CC_CE5EA019DCAA,0.083913654
CC_CE6460FE39F6,0.12972341
CC_CE72D1734761,0.6290072
CC_CE7FC560768D,0.32358757
CC_CE871DB3950F,0.32733804
CC_CE8D1564C4F1,0.15874287
CC_CE93240526A9,0.27688295
CC_CE980FCAB154,0.27869532
CC_CEA0FAD348F8,0.10983093
CC_CEA369A3451F,0.06840121
CC_CEBA67081418,0.2439788
CC_CEC0C00FE770,0.5427336
CC_CEC3B21D2982,0.44098213
CC_CECEC680F701,0.14119594
CC_CEDB263DB07B,0.0387032
CC_CEDF9C14DC79,0.2588703
CC_CEF23255BE06,0.06045507
CC_CEF8C71C4E8B,0.44048324
CC_CEF91FDD41AE,0.3525661
CC_CF0B68684C3D,0.07247632
CC_CF149865368F,0.083586216
CC_CF2A7A5582C2,0.21471588
CC_CF2B3E37CF2E,0.36058712
CC_CF2F163CE005,0.15098032
CC_CF3C063DF626,0.16330351
CC_CF3E91DB8220,0.3700375
CC_CF3FB5744443,0.7528999
CC_CF4991B8EFE9,0.120615125
CC_CF53FD3AC9AD,0.03547916
CC_CF5A140B279D,0.17165978
CC_CF613A7162B6,0.1357915
CC_CF6A8A460B19,0.10745253
CC_CF792E77A16D,0.044318378
CC_CF7BAF373E0A,0.04463183
CC_CF8B1D0015C4,0.15288733
CC_CF8D0517B79F,0.07317523
CC_CF92037ACA93,0.23877819
CC_CF960A300F40,0.27593887
CC_CF96B6335E6C,0.19712347
CC_CF9880D67A7D,0.20496137
CC_CF9B249283A7,0.72014755
CC_CFABF7407978,0.19360568
CC_CFB2AE99EABF,0.14490151
CC_CFC0BC440771,0.16352323
CC_CFC235739F25,0.54305494
CC_CFC6E8954325,0.058003146
CC_CFD37EDB214D,0.22821611
CC_CFD93C04478A,0.6091158
CC_CFE0AA5381FD,0.6109889
CC_CFEB021AA137,0.052035566
CC_CFF6E2A6A3F9,0.28753215
CC_CFFDC4947256,0.19551528
CC_D009368CE434,0.05556453
CC_D02E59E08B02,0.05473525
CC_D03848B7353E,0.061978005
CC_D03A69B1563D,0.11872915
CC_D0576802096E,0.10771725
CC_D0582E0F3440,0.058811706
CC_D059D0BEC5D5,0.31293467
CC_D05C4A8F2A25,0.13705039
CC_D05FBA9B9040,0.69209284
CC_D0653EA71CAD,0.1662267
CC_D076A984B786,0.13966288
CC_D08FC2D99CF5,0.21272953
CC_D09942A02904,0.11994308
CC_D0A8EA2D37F2,0.13962114
CC_D0AAD35C800F,0.14326389
CC_D0D666EC0244,0.071295194
CC_D0F3F68F4452,0.55691814
CC_D0FBDE8ABAA7,0.09318375
CC_D103D50237D9,0.24289328
CC_D11E5A30CF3B,0.2990885
CC_D122B30AE7CB,0.56250614
CC_D1679B40D83A,0.0779692
CC_D1760785D631,0.24398422
CC_D18088587757,0.2582065
CC_D184160042B7,0.32511657
CC_D1886485E8B4,0.1250588
CC_D1893DD5B4D4,0.07515494
CC_D18B60E035CE,0.7382119
CC_D191D099789D,0.0823616
CC_D1BDB41E7FF6,0.12315475
CC_D1BE2E6E9C9F,0.22472802
CC_D1BFB29BF61C,0.07866456
CC_D1C259F80E13,0.086091414
CC_D1C63DA9CA93,0.112599745
CC_D1C931E4F305,0.071195826
CC_D1CE25F271BE,0.1665524
CC_D1D2127A0C67,0.05714221
CC_D1D31EA359F4,0.16057742
CC_D1DB888BD9B0,0.12233259
CC_D1E82B9DD102,0.14820257
CC_D1EF68A649AA,0.1577705
CC_D1F05E69F80F,0.061222244
CC_D1F6FE158DCF,0.20823668
CC_D205612FD566,0.67442626
CC_D21474C31E3C,0.70310056
CC_D2195A061A0E,0.70703286
CC_D2199CC1CB08,0.037200674
CC_D21FCD9DFE53,0.475515
CC_D233B2C8062B,0.42401707
CC_D234CF2C21AE,0.71307725
CC_D2373015DF41,0.05902051
CC_D239CBE1012A,0.119838834
CC_D2591377E980,0.70729256
CC_D25E25C831B5,0.07093955
CC_D262BB13DAAF,0.29601797
CC_D272BC699F38,0.06854986
CC_D2813C835750,0.75949913
CC_D285B0D67016,0.031589173
CC_D28FB525E310,0.25118148
CC_D2AFEE04E96F,0.044292513
CC_D2BBAA423304,0.1840137
CC_D2BE8B4011D7,0.06358035
CC_D2C49D2FEBF8,0.16944674
CC_D2D09498D333,0.1648885
CC_D2D187DA334A,0.11987866
CC_D2D47A5386CE,0.26953915
CC_D2E98F50621A,0.051944733
CC_D2F265035F0A,0.050086264
CC_D2F91355C6D0,0.16067354
CC_D2FC934F8324,0.14081964
CC_D3044C67CFFB,0.074241266
CC_D313F2C49E46,0.3478809
CC_D31FFB053D60,0.11420184
CC_D336DB6323BB,0.3046267
CC_D343A7CBA377,0.060076322
CC_D345AF4C4B61,0.13430563
CC_D34FA9410740,0.070551485
CC_D354C5D1665A,0.16541497
CC_D35E96480AF8,0.2622579
CC_D3616386D6D2,0.15463991
CC_D365173E852D,0.79587626
CC_D3683C6CFC5C,0.6186286
CC_D373463038E0,0.05925788
CC_D379CF8E3FAB,0.7088352
CC_D37B4CA7F3D8,0.07221126
CC_D37B5B3CA4BE,0.65986854
CC_D39265D7B6C9,0.05366166
CC_D39E3F732408,0.06851657
CC_D3A7B21165B3,0.19993065
CC_D3A9028A4660,0.051775787
CC_D3A948322BD5,0.6896073
CC_D3B95DB5E6C1,0.25793925
CC_D3C8C5014D5C,0.19381791
CC_D3D80929AF52,0.11508919
CC_D3F25136073A,0.2127312
CC_D4102AD032BE,0.17770551
CC_D416EFCEAD89,0.043874472
CC_D41C5030494A,0.6914729
CC_D42E477596A3,0.063510306
CC_D432C89BADA8,0.13147585
CC_D434638E9569,0.11831445
CC_D4518F98BB77,0.09542062
CC_D452847F2A4C,0.10460554
CC_D454056F92E6,0.23468086
CC_D461FB973AB2,0.8120509
CC_D462250B13D3,0.34283555
CC_D48E686A834A,0.6598006
CC_D48FFD985E51,0.08629356
CC_D49263A1BDF7,0.1151823
CC_D49668C65C33,0.038376547
CC_D49D9C57A849,0.075917505
CC_D4A029A150E4,0.20021163
CC_D4AC998C0BC8,0.717759
CC_D4B02AAFC697,0.12332135
CC_D4BDF0F4FE9E,0.10410794
CC_D4BF2778371B,0.15780616
CC_D4C0F4DB3501,0.16439416
CC_D4C6DD8A364F,0.15477939
CC_D4CDE2A1E174,0.14452708
CC_D4E7EE35695B,0.12667334
CC_D4ED652E86DF,0.30397975
CC_D4F844B54B84,0.04754676
CC_D4FA0055DB4A,0.056461107
CC_D4FDCBAFEC74,0.7672921
CC_D517D90E105F,0.066408835
CC_D52B87A01028,0.19817369
CC_D530C3D1DBF8,0.6746495
CC_D5327E41EBA2,0.12781546
CC_D53C8BCA531F,0.10577925
CC_D540C7ABF683,0.6712358
CC_D54105FC1349,0.39032054
CC_D550CE8B9313,0.73189354
CC_D55C5B432387,0.17006618
CC_D5646FCC5E14,0.5653611
CC_D56F34613338,0.1075316
CC_D573AF0F1674,0.109339856
CC_D586E2C2B3EF,0.20266572
CC_D589E388CA02,0.060276978
CC_D58EBD954E68,0.23849967
CC_D59AFE884BDD,0.38375106
CC_D5AC596A85E1,0.16946973
CC_D5B99B578573,0.049854428
CC_D5CBF4A4D3B3,0.12542588
CC_D5CE05EAA837,0.21193601
CC_D5D36A6C8DB3,0.06771242
CC_D5D8D545736F,0.06472751
CC_D5ECFAF8C1A3,0.07300724
CC_D605715F737A,0.101162955
CC_D617428B4B0E,0.39973632
CC_D61E8E5C4414,0.11723304
CC_D652B5F05769,0.17291516
CC_D6564D0CB9A8,0.1878731
CC_D66183657419,0.069395535
CC_D66BDD3E1AA7,0.14942585
CC_D66DA331534A,0.10812488
CC_D687A780C0E6,0.043795805
CC_D6AE871A4C9C,0.106089994
CC_D6B7AF1FBDD4,0.4847139
CC_D6B874308353,0.48569041
CC_D6B8F47FE484,0.36563587
CC_D6CB1BFDCEEA,0.106450416
CC_D6D47D7E1C51,0.04448058
CC_D6DE060699C6,0.16212519
CC_D6E06014457F,0.82009524
CC_D6E8E17EA449,0.3138099
CC_D6F216AB1C4A,0.17000486
CC_D6F5E3A51C8A,0.11580497
CC_D6FB3B76D7A0,0.6477198
CC_D6FBCD4BA3DA,0.2936219
CC_D70918916097,0.50622994
CC_D73B1B9B81A5,0.05200527
CC_D73E9E24BB48,0.1640792
CC_D74AA0F20466,0.12836765
CC_D750070C44BB,0.6967307
CC_D7529675CB7D,0.15342948
CC_D75C8CDB510B,0.5419157
CC_D76009C47709,0.27475825
CC_D771775A58F5,0.19218794
CC_D77F9D613EF7,0.15898514
CC_D7999C3EDE22,0.16169375
CC_D79BF1D26499,0.19567066
CC_D79C05885899,0.10063424
CC_D79D4F15D10C,0.045774534
CC_D7A11E3512D2,0.051925775
CC_D7AD7A7279C4,0.112086736
CC_D7B35055AF0D,0.20514645
CC_D7D99409D57E,0.2940247
CC_D7E403181D8F,0.12361292
CC_D808C7BA9399,0.11838658
CC_D80DE8B544F3,0.04228799
CC_D81D19AEFB77,0.039844997
CC_D81F317F6384,0.14084594
CC_D844D9DF962C,0.093831375
CC_D847D978387D,0.04796479
CC_D85C7B85C440,0.35845414
CC_D885591596E7,0.08579614
CC_D887D07BDE23,0.41433492
CC_D88ACC0CFDA5,0.12165877
CC_D88BDD0F510C,0.06323638
CC_D8956424CB37,0.37283266
CC_D8959BB99A7F,0.20141853
CC_D89A9A14B5E8,0.058468517
CC_D8AD01F3CCE7,0.055374507
CC_D8B4122DC296,0.12730892
CC_D8C38B187875,0.7341151
CC_D8E55509595E,0.049694665
CC_D8E6B90C37A3,0.11145012
CC_D8F1AECFCC2F,0.06957933
CC_D8F7672C70D7,0.039408762
CC_D8F7E904E7DF,0.18756759
CC_D8FEF1C99F88,0.6803065
CC_D90761F9E9C9,0.43158025
CC_D90D9D5C8FEB,0.10358887
CC_D912917A4F4E,0.7524428
CC_D91ECE64FD0C,0.13520369
CC_D9325E5695D5,0.06409453
CC_D9563654A397,0.16885231
CC_D95766A6C24F,0.108567044
CC_D95939B1BBFA,0.05741883
CC_D96729C38BC9,0.09836553
CC_D9791EFF766C,0.2155565
CC_D97AA7C54F6D,0.11624221
CC_D98BA5CE8EE6,0.4956318
CC_D991DAD5413D,0.16568114
CC_D995C89AA359,0.18655995
CC_D9A54F55AD6A,0.11870999
CC_D9B87A96C353,0.26415122
CC_D9C42B0B6A0C,0.23795865
CC_D9D487E78FAF,0.66681564
CC_D9D744A66B09,0.09123
CC_D9DA3F6E2E7E,0.122453764
CC_D9E5792258E4,0.08679637
CC_D9E6B9CBEB77,0.05227888
CC_D9F0CDB02AC6,0.12488748
CC_DA0201D1BCF2,0.087017655
CC_DA0500AFE692,0.06128782
CC_DA0E0BD3880D,0.23530558
CC_DA10F53AE655,0.68613464
CC_DA1643A835A2,0.09977674
CC_DA1C5BAB7E35,0.46001828
CC_DA1DC6A6371D,0.18404412
CC_DA1E6B31DD2A,0.62782335
CC_DA1F282809D0,0.03786808
CC_DA226442D919,0.7384794
CC_DA31EC318B1F,0.07003376
CC_DA33597C6459,0.11448536
CC_DA43CFB5CC2F,0.21809477
CC_DA481C72B8A4,0.20275281
CC_DA55447636EB,0.0564955
CC_DA5AE34842E3,0.09758762
CC_DA6880B018AC,0.18976548
CC_DA700A961616,0.20617379
CC_DA7E65F1E6AA,0.068295486
CC_DA80FAA7FE30,0.11590381
CC_DA8DCCC1199D,0.32150295
CC_DA8EA724C1D3,0.38171822
CC_DA8FA65D1924,0.06950992
CC_DA99D1E41C3E,0.05896248
CC_DA9C3BEFD0B3,0.1623188
CC_DAA3B7FE1C62,0.067130364
CC_DAACE4211B34,0.14359032
CC_DAD239E56638,0.7570622
CC_DAD4BC090253,0.096418604
CC_DAEDBA26BA12,0.28731382
CC_DB1EB08EB40E,0.12507555
CC_DB2314ED6960,0.0714601
CC_DB25E05EC5CD,0.48353663
CC_DB3BE0C87882,0.050060537
CC_DB44628BC147,0.1370251
CC_DB562E602BA8,0.14063351
CC_DB61D7F5F8F2,0.68567514
CC_DB6498598C32,0.15698251
CC_DB6B59FB6E30,0.04358717
CC_DB801B947698,0.28368762
CC_DBB8C467FF1D,0.09820161
CC_DBCD21C2C322,0.06645099
CC_DBDB148E45DD,0.10524657
CC_DBDF9BFA7E87,0.10513584
CC_DBF5CD2D854F,0.19303817
CC_DC0077DE6E39,0.19239534
CC_DC23159A1F99,0.07283804
CC_DC2458827FD8,0.2333992
CC_DC2BE35D58AC,0.2239152
CC_DC49C8D3F7EC,0.5135231
CC_DC5DE66826E9,0.12793292
CC_DC6063FC6464,0.071524024
CC_DC771AE1B4BA,0.6693956
CC_DC7DEBC30E17,0.44562238
CC_DC978F3A711F,0.70079505
CC_DCA2140C7BC4,0.18280873
CC_DCA5CE7C9DC3,0.21372642
CC_DCB5798049B2,0.10361033
CC_DCD10C95C942,0.4779376
CC_DCD145E8E729,0.27051637
CC_DCE0BFC03B86,0.054098234
CC_DCE75AE2FB52,0.062085606
CC_DCFCEEF21BA7,0.33428282
CC_DD12A8C462FA,0.07025851
CC_DD14867350AC,0.14097844
CC_DD232BC8881D,0.21576335
CC_DD2473D34D68,0.19256724
CC_DD2B5C4CD318,0.051687777
CC_DD4EC06C3A92,0.26747197
CC_DD5299DA8C1C,0.07757501
CC_DD59BFF18ABC,0.15015267
CC_DD6777E1B05C,0.05155509
CC_DD6EE1501B89,0.13037744
CC_DD78B52AE022,0.12535432
CC_DD7983A07B43,0.67997926
CC_DD80B5CC495F,0.11270625
CC_DD8956B71825,0.6775392
CC_DD8D40E7E2A9,0.08746789
CC_DD9972D0B63E,0.110869
CC_DDAE70634ED3,0.09725384
CC_DDB4A9FF2B03,0.09128228
CC_DDB68302DA2A,0.18117496
CC_DDB9DEC9C037,0.07771509
CC_DDC610D2B2F0,0.052606203
CC_DDCAEC6BD9F0,0.20353587
CC_DDDF665EBD93,0.28637555
CC_DDE66EBF2157,0.06410526
CC_DDE8B7E9C7F4,0.31936678
CC_DE019FC36D28,0.33756644
CC_DE07076B04D5,0.1125978
CC_DE07AECD2361,0.04519996
CC_DE08A4514010,0.59756845
CC_DE093FAC5293,0.4857503
CC_DE17BC1C2324,0.075102836
CC_DE1B13B3E504,0.03788437
CC_DE4264861B73,0.09735027
CC_DE4810B88C51,0.28942347
CC_DE4EE8A16896,0.12959775
CC_DE523A2403BB,0.08007758
CC_DE52860CFBBE,0.13945372
CC_DE593193FB9C,0.16171649
CC_DE5A9B499ED4,0.086583614
CC_DE6AFFA63ABD,0.08212073
CC_DE7CEC14CCD5,0.6871895
CC_DE7D7B5BBB14,0.6412721
CC_DE81AAB7BF48,0.04937294
CC_DE8956D433E2,0.66557795
CC_DE8FB8D1CB71,0.298608
CC_DE90D07B269D,0.19418919
CC_DE9A62529780,0.12746233
CC_DEA425EA8441,0.096333325
CC_DEBE01582EFF,0.21397533
CC_DEBFD4E79A38,0.04386401
CC_DEC97F13CB8C,0.21701288
CC_DECF1507C86D,0.17324175
CC_DED24C8D047A,0.10595313
CC_DEF4AEBD31C8,0.25282195
CC_DF062F698349,0.10005125
CC_DF13D5CB626A,0.11869518
CC_DF15C526CDC5,0.04055765
CC_DF1F6C68F7D2,0.15472247
CC_DF3EB88F509B,0.11779122
CC_DF4E332C886F,0.035200074
CC_DF514171DC30,0.17998981
CC_DF536CEAE5C0,0.055566844
CC_DF5806CC2CFF,0.11438007
CC_DF715690EF20,0.1923216
CC_DF718A37AF15,0.07695689
CC_DF7276DD74AA,0.11174054
CC_DF750B2D6872,0.3175385
CC_DF9FB6670627,0.08572991
CC_DFA65A0125D9,0.044945773
CC_DFAE355359B8,0.20211129
CC_DFEA562F7BCF,0.2744782
CC_DFEDAF0F0D6E,0.038089145
CC_DFF6F74C64B5,0.6855436
CC_DFF87DF16763,0.13078286
CC_E00D8ECE9FA9,0.1451097
CC_E027E36615C0,0.4714411
CC_E02E23CE49A8,0.07679044
CC_E030B3AEBF19,0.141311
CC_E031A4C862C1,0.12285865
CC_E0339B331F4F,0.09137603
CC_E038981B2FEE,0.14867902
CC_E0463868968B,0.17825495
CC_E05A8621B581,0.32150295
CC_E07FB0312232,0.156583
CC_E088594E0624,0.2335148
CC_E09AC3B1E534,0.11007184
CC_E0AC29AFCF97,0.16430883
CC_E0BAC6E0D0DA,0.062369924
CC_E0DDDA07F0A1,0.14057644
CC_E0DF45AB72B6,0.17148207
CC_E0E1F8E7379E,0.097943835
CC_E0EF095444A5,0.14997219
CC_E102E4F7F8B4,0.24305683
CC_E109B4CA6A8D,0.13775314
CC_E11470A2D92C,0.41860625
CC_E117B8A6ADC6,0.036329687
CC_E128015073F3,0.08603742
CC_E131D5EB9237,0.19447616
CC_E14A24095E9F,0.16656068
CC_E14CADF89123,0.5145969
CC_E16876025011,0.052884314
CC_E16C71C15D04,0.72543687
CC_E16F1BB83653,0.054298814
CC_E17448FB08EF,0.54300374
CC_E17AAACEB07D,0.10968805
CC_E1875522DC57,0.14959034
CC_E18A0734641A,0.114566065
CC_E18A22453843,0.07234502
CC_E1B4E3360C0F,0.16559154
CC_E1B5AE645169,0.050160177
CC_E1B71F6B7DD2,0.26842093
CC_E1D073F693A2,0.26407364
CC_E1EA83C31C66,0.104632765
CC_E1ECAE226485,0.24071589
CC_E1F0C5076481,0.076667316
CC_E1F78CE289D8,0.04822541
CC_E1FBCECE0A54,0.2134068
CC_E1FD46CA26D5,0.0899987
CC_E20E7C7164A6,0.77932346
CC_E211E2698C14,0.03737705
CC_E21B4F587C45,0.16383883
CC_E22A278A1386,0.055177182
CC_E24078C03B7C,0.15724276
CC_E2452737F950,0.123992994
CC_E246119AA09C,0.55953574
CC_E246942C7310,0.06914395
CC_E2474A334F3D,0.09501715
CC_E2489637D0E8,0.14210209
CC_E2521AF9C2A2,0.08605458
CC_E253F4AC4762,0.6012082
CC_E257805D0F0A,0.20912682
CC_E25A924EDB70,0.096105926
CC_E25B5D5502AD,0.10683415
CC_E2619E24BEDD,0.66027
CC_E274DAF3C064,0.07137162
CC_E2787CBDFBF1,0.15735008
CC_E28AE2E68BB7,0.7015564
CC_E2C3E272D059,0.24475159
CC_E2D653061523,0.42671883
CC_E2ECDC7D23EE,0.13462892
CC_E2F0E725C3AB,0.056638017
CC_E2F7712CD056,0.20081119
CC_E2FD7FCF0AD5,0.7931658
CC_E308C7DFB2F2,0.11961042
CC_E30B791D5F11,0.20374139
CC_E315F7A94400,0.34099817
CC_E31DAB1E73F5,0.07066444
CC_E32034C97E83,0.23686457
CC_E32DBED5EAC1,0.26795006
CC_E32DDDDEE3CB,0.20027386
CC_E343EC3EB052,0.63206303
CC_E34A04E78D60,0.14817624
CC_E3503B565AD0,0.25155964
CC_E356B05ADD56,0.19635692
CC_E35D02BE6780,0.03549584
CC_E369AAECB2B1,0.50259423
CC_E36ACDB4F96F,0.48074302
CC_E36C7F0E1657,0.839066
CC_E381FD4674D5,0.03996924
CC_E38E3835121E,0.051410675
CC_E3A70438A0C1,0.22190675
CC_E3B5C76189F3,0.26353785
CC_E3B7B7E57889,0.14863572
CC_E3CCC0D886D9,0.20286746
CC_E3DD8AD10171,0.2857232
CC_E3E230CF20A1,0.19316562
CC_E3E4B2543CCB,0.06776119
CC_E3E5DF01E014,0.17476524
CC_E3EB157288A2,0.10519142
CC_E3FBDA203EDF,0.18333714
CC_E404FCA6CB2B,0.6745073
CC_E4054F9C8442,0.33885956
CC_E405D808772F,0.047282252
CC_E4137B250609,0.41711658
CC_E41482A7E968,0.06731278
CC_E421FA1874F4,0.09772459
CC_E42C38BBBD04,0.22150439
CC_E42D90BFB285,0.04364145
CC_E42EFC05C891,0.07002942
CC_E430F3C75969,0.1394948
CC_E4576D6B6478,0.096954264
CC_E46B27A13728,0.4121125
CC_E4783FB590D4,0.1800332
CC_E489009C6500,0.16147512
CC_E493CB46177D,0.08457861
CC_E496AFA9B40A,0.29511008
CC_E4A2FFE0EE1F,0.11582449
CC_E4C553538385,0.31111723
CC_E4C7B5501ED1,0.13548364
CC_E4C8A5A60F51,0.14003506
CC_E4C94AB69214,0.4265907
CC_E4D75244E8B8,0.17405719
CC_E4D9A8EEDBAE,0.1905734
CC_E4DF787730AA,0.15198418
CC_E4E0DC070132,0.17052706
CC_E4E3C08B7F86,0.0510025
CC_E4FEEB4389C9,0.3179356
CC_E50598344DD9,0.3197731
CC_E50C634A9A18,0.045697574
CC_E5107337FDD7,0.07959901
CC_E511BFCFEC9E,0.6767929
CC_E51318749E09,0.14815302
CC_E53FE6708AD9,0.5939891
CC_E54290FEA34D,0.09155006
CC_E54B723C018B,0.04239357
CC_E554618F383B,0.0845012
CC_E557336955A2,0.09596011
CC_E55B48E73651,0.23310047
CC_E55D8DC645B9,0.053532325
CC_E575DA02C575,0.18978578
CC_E576BD98A727,0.14608167
CC_E578DC77656B,0.13977262
CC_E57F3EAFD9A3,0.1264699
CC_E59A01603B7D,0.2858107
CC_E59B2D974CB3,0.18670203
CC_E5A1C44F0F07,0.6446538
CC_E5A8BDF6BFC1,0.18454237
CC_E5B284DA0E5D,0.0974134
CC_E5B8363BB378,0.5702397
CC_E5D8BFFA5F88,0.053729124
CC_E5DA04902EFD,0.2818091
CC_E5F53CFC20EC,0.06688062
CC_E5FAECE63C59,0.46002162
CC_E5FB6E872C58,0.09599029
CC_E6045565E7ED,0.08945396
CC_E60845ADC7F1,0.039252296
CC_E61567D6B392,0.08932188
CC_E62174AFA94C,0.17690924
CC_E6247DD14641,0.07953989
CC_E6289A61F0ED,0.11666717
CC_E62E32FB6FBB,0.033496115
CC_E62F6BE942DC,0.20642366
CC_E63E49B128AE,0.08271321
CC_E63F89885A3E,0.7761125
CC_E6466E6A92CB,0.21451625
CC_E64BC95F8B2A,0.81896853
CC_E64C652BBAB2,0.08122213
CC_E659DB355476,0.20019086
CC_E65C8BA5A7CE,0.070882894
CC_E65F39446752,0.33946458
CC_E67395791589,0.19940129
CC_E67622A69EEF,0.069340184
CC_E680830CAEF3,0.056050133
CC_E6823643AC4C,0.728349
CC_E683F33931BB,0.11465571
CC_E68841DEB163,0.08360205
CC_E68B2C33D180,0.13090046
CC_E68EE6EC2618,0.053120483
CC_E69508D3D3F1,0.18313877
CC_E698F1348426,0.18998444
CC_E6A178F3709D,0.11668986
CC_E6A4B6E8619C,0.6782899
CC_E6B3887C66BB,0.32005572
CC_E6B6BBBDBEDB,0.3290926
CC_E6DBD0F9DC3B,0.06818767
CC_E6F090F70DDD,0.23527358
CC_E6F2D8CB45C6,0.0839396
CC_E6F8FBEDA2A7,0.07645223
CC_E70854CDFE9C,0.05880751
CC_E71C05F07F85,0.061176945
CC_E72797CABC60,0.09448631
CC_E727C1153226,0.10369765
CC_E73489D828C7,0.13215391
CC_E7355465CE6A,0.08185945
CC_E73CDBC743FF,0.25281855
CC_E74F00E75A4F,0.06842694
CC_E751F7E19192,0.15638775
CC_E7522AD6431A,0.58185637
CC_E7523630D2D9,0.2511304
CC_E767372DD95A,0.6691892
CC_E76C5DFD3BA6,0.24675764
CC_E77326438575,0.19082494
CC_E77E29E11EB1,0.15655994
CC_E78F20B3223F,0.68802506
CC_E79A23E64518,0.10191579
CC_E7AC69AEA182,0.72052485
CC_E7B754CA9668,0.059431735
CC_E7BA60365AE8,0.16885811
CC_E7C95D4A741C,0.06589793
CC_E7D3D728EC5B,0.16882105
CC_E7E4D5F851D3,0.06581841
CC_E7EA49D37B64,0.3480157
CC_E7EF11A24F73,0.7735376
CC_E7F6F9A7EC65,0.06876594
CC_E7FBC7F69DBB,0.18710849
CC_E80B1A55A74D,0.17141105
CC_E824AB0AFDBB,0.2045429
CC_E826DAC92D9D,0.23332962
CC_E83AB7100D06,0.13243811
CC_E83E6D31EC76,0.250531
CC_E86650461FBE,0.18306953
CC_E868A3754B11,0.84341264
CC_E86A993F7D05,0.09719062
CC_E87992FBEE80,0.6415873
CC_E87B909C4DDD,0.24447636
CC_E8828BA7EE08,0.1320563
CC_E886157F6FBD,0.31130064
CC_E88711C5C98E,0.11591317
CC_E887680BB6CC,0.15835908
CC_E8909BF77D8D,0.1118025
CC_E8A82DA3A246,0.14162369
CC_E8AC7545DBD3,0.07088606
CC_E8BA6B224C3E,0.09530318
CC_E8C6CA45BF72,0.23557508
CC_E8D2E3126A8F,0.694488
CC_E8E55DAC4FF9,0.07009092
CC_E8EB77AF3F78,0.80621094
CC_E8F2C6905503,0.4094827
CC_E90831F897A9,0.15708132
CC_E90B14D51185,0.5472018
CC_E9188329C9E7,0.07900265
CC_E91E1C0C0C61,0.60522795
CC_E91E9D34C5F3,0.129118
CC_E91F555DBA96,0.15094657
CC_E932CFF4B4A4,0.21505864
CC_E93643CB34CA,0.19099359
CC_E937CA493910,0.16350189
CC_E9409A50B4BF,0.52770823
CC_E96711AD5512,0.06065917
CC_E96A3E6912B4,0.485151
CC_E98AEE74B9BC,0.2309034
CC_E992FB78BC2D,0.2634425
CC_E9A3AECEE3A9,0.08673082
CC_E9BDA7766728,0.33811688
CC_E9BF1AFE86C3,0.17848097
CC_E9CA055AD1A3,0.12918213
CC_E9CA0A56E917,0.17346354
CC_E9D3453F53AC,0.5939856
CC_E9D46EFFA839,0.18033801
CC_E9ED872B6037,0.04335781
CC_E9F40C1B559E,0.122194566
CC_EA06928C0AA9,0.2806621
CC_EA0A46F64C80,0.12432397
CC_EA114B15FC04,0.5990097
CC_EA1F3F67BA2E,0.09174429
CC_EA21618614D1,0.66589606
CC_EA26B5A89181,0.22410895
CC_EA26C6C27662,0.15365998
CC_EA3B5AC76649,0.18895745
CC_EA4E669C8528,0.078393735
CC_EA6917E7A5C2,0.6521445
CC_EA8A25862433,0.13671973
CC_EA901D7CA670,0.13136789
CC_EAA2BCE323EE,0.697834
CC_EAA6D5189190,0.113340735
CC_EAAA8DD7FAAF,0.13252755
CC_EAB7408CCE0E,0.3193205
CC_EABEDB3C4827,0.13684258
CC_EAC6D83D1BFC,0.042194225
CC_EAD7F3E9DAD1,0.055634607
CC_EADC7D8196C2,0.2521852
CC_EAE608E24E29,0.04083787
CC_EB05AD2C7C27,0.050584875
CC_EB1DA337E2D1,0.13179031
CC_EB1F425EC937,0.11095315
CC_EB2FE764BF6D,0.14415719
CC_EB55483587DE,0.114304125
CC_EB569B3E2E12,0.62107253
CC_EB57E6E6C96C,0.18337035
CC_EB5A0FE0605C,0.10617881
CC_EB64EC97D01D,0.16344474
CC_EB691249B91A,0.1531355
CC_EB7C50A7D4C1,0.51151794
CC_EB7C52FDBEC3,0.13024306
CC_EB86FED24535,0.27246335
CC_EB89DECC2021,0.09230081
CC_EB999F9D6095,0.20550735
CC_EBA2F85924CE,0.06804344
CC_EBAC5A53FD11,0.085466854
CC_EBB109EF7619,0.1418995
CC_EBBD00C18763,0.06204306
CC_EBCA68C7854D,0.061739746
CC_EBCBDE122879,0.13107558
CC_EBDF6C88BBA5,0.056586687
CC_EBEDAC91ED43,0.09115737
CC_EBEEC4183FDE,0.04454373
CC_EBFD9D007253,0.3874017
CC_EC1ABC58E09A,0.18204704
CC_EC26EABA68DC,0.7950995
CC_EC2A485A3E71,0.16704808
CC_EC3B9E2FE47B,0.06400463
CC_EC505F03EE5F,0.038007904
CC_EC5317EC6706,0.16188133
CC_EC5B7FBD1EA7,0.13458067
CC_EC5C7471FFC5,0.053000282
CC_EC5D92B3617B,0.20575342
CC_EC5E214BFED0,0.66396886
CC_EC6406527201,0.10621993
CC_EC79022358C6,0.30739284
CC_EC831A90189F,0.08320011
CC_EC87C131FADC,0.05004523
CC_EC88785D6F39,0.18640159
CC_EC9173F5284E,0.05058467
CC_ECB7B3B6272E,0.064572245
CC_ECBF4CED56D1,0.09786898
CC_ECBF80B94EAE,0.7961815
CC_ECC78B7AE3F1,0.53626686
CC_ECC7E9E691F5,0.16923782
CC_ECC9235F612E,0.2615915
CC_ECCB0BD557DC,0.14940976
CC_ECCCB1B4EA8F,0.079371534
CC_ECDDF4983DD9,0.050942812
CC_ECEE93C4F564,0.5777035
CC_ED07BD8B2CB3,0.046023853
CC_ED0F4A02A01C,0.30038685
CC_ED11D72A1D3B,0.07070837
CC_ED165FC5A06F,0.05342347
CC_ED2B6A40ABC7,0.26701793
CC_ED390F22A931,0.076506
CC_ED40E7CE5177,0.19253707
CC_ED4E4B13DB1A,0.03927736
CC_ED4F22572419,0.13162707
CC_ED5AE5CB1DC5,0.08119095
CC_ED6090A4E6E4,0.19224472
CC_ED645D91E6A5,0.11111375
CC_ED6B045B6075,0.18078184
CC_ED9313C71C57,0.13300405
CC_ED9BCE7C776F,0.7449032
CC_ED9D4644716C,0.1812204
CC_EDA794402358,0.22953959
CC_EDAADACD4DED,0.092987284
CC_EDBAD2E989FB,0.13424425
CC_EDC98B474E76,0.2877937
CC_EDD1FD49A66A,0.7737597
CC_EDD448008C0C,0.73604596
CC_EDDA3B790095,0.07673284
CC_EDF95BF0E3D6,0.18531348
CC_EE03D7C2BC69,0.06958488
CC_EE0D95184E81,0.05738258
CC_EE0FF690C214,0.4656964
CC_EE2412C352D5,0.07765076
CC_EE2A010019CF,0.07910678
CC_EE2AC730827E,0.067197986
CC_EE3236E6A9FD,0.1170439
CC_EE3759EA49FF,0.16279458
CC_EE38C78AD88B,0.37954122
CC_EE3CE0FD6B77,0.5376726
CC_EE6B7E58FC63,0.04038978
CC_EE6E02464067,0.24690561
CC_EE6E1FA7A753,0.14875679
CC_EE6FCE6C233A,0.20115554
CC_EE88C07B9333,0.11208967
CC_EE9004165810,0.069119275
CC_EE9BD17AD343,0.06528531
CC_EEA608D5A455,0.14774321
CC_EEAFDB1BB486,0.56727177
CC_EEB482736C41,0.20996134
CC_EEBD9DA093E1,0.05164493
CC_EEF23DDD2262,0.121232696
CC_EEFBDC9AD94A,0.08218118
CC_EF05000895F4,0.4610794
CC_EF16B2CE0988,0.38276663
CC_EF1DD3F0CBDF,0.056113873
CC_EF2D82085BB9,0.081872754
CC_EF2DBE79D656,0.27276185
CC_EF3000C48A4C,0.06418136
CC_EF359AF608EA,0.037752792
CC_EF362432D758,0.3296549
CC_EF548B30F1B6,0.22065388
CC_EF5B403DFD7E,0.09176651
CC_EF66DA0DDF9C,0.26111782
CC_EF70BA4AEEC4,0.15932514
CC_EF83DD56FCC5,0.06360889
CC_EF8B642A6F8D,0.075541504
CC_EFA1EB27DA19,0.044845052
CC_EFAE84EA9BDE,0.088960364
CC_EFB26BEA106E,0.34094983
CC_EFBB51CD8502,0.19228591
CC_EFC18E9B3B55,0.12710159
CC_EFC4B0020E2D,0.11124226
CC_EFC9FA5108D9,0.13264503
CC_EFE45D9B9D9C,0.05374388
CC_EFF27FA98DF1,0.05106164
CC_F000DA497736,0.21130791
CC_F00107DE219E,0.59769565
CC_F009FC54A64B,0.7700932
CC_F01DF28C6BFF,0.08305835
CC_F037C91F63BF,0.121810615
CC_F03FADA95A03,0.7195177
CC_F05235F3C894,0.14130197
CC_F0649FEBFEB8,0.52168804
CC_F066C78B5C0D,0.13300933
CC_F07313626618,0.6959851
CC_F0783F6A56F5,0.7898281
CC_F0791523691A,0.16385782
CC_F080750455CE,0.06424941
CC_F0809EBB0B51,0.038921352
CC_F08259F86E23,0.2013667
CC_F0929F859702,0.17802344
CC_F0A7203CCA39,0.1300971
CC_F0CD4DD9C63C,0.18531598
CC_F0D29AD328E5,0.1599384
CC_F0D339E5B80C,0.058632806
CC_F0D3BC14FA77,0.07751871
CC_F0E16D28D49D,0.20362608
CC_F0EBE2C00A7B,0.06443483
CC_F0F137758DC2,0.05221414
CC_F0F6BD40CA43,0.3783314
CC_F0F6FCF6010F,0.15648891
CC_F0FBC9D4ECA1,0.03708323
CC_F0FEE924096C,0.186895
CC_F1074E035DE6,0.059441723
CC_F108D26930FF,0.43239018
CC_F10DB853B9DF,0.407833
CC_F10E06D52D76,0.14931948
CC_F11F5F477B91,0.6989131
CC_F14913B5BE1B,0.7548313
CC_F156C1647E3D,0.07112955
CC_F1598097E314,0.68864757
CC_F1641E3AAB3C,0.055522468
CC_F166878FB959,0.065420836
CC_F17540FE7C9F,0.11485074
CC_F175BB08B29E,0.06265678
CC_F1782AF286D0,0.39376393
CC_F1796AD4B774,0.5485669
CC_F17B3A3A5E56,0.65280634
CC_F1858D6F0080,0.18910724
CC_F18689FA8E29,0.0686131
CC_F18A82B0F153,0.14041664
CC_F1AE7142A128,0.10905378
CC_F1B43DD57C9C,0.13329658
CC_F1BCB7676492,0.09351551
CC_F1C8B8BB90AE,0.13645503
CC_F1E044CD2D75,0.24685363
CC_F1FCB96B5E14,0.22212976
CC_F2067E92A939,0.12612963
CC_F21512554CC9,0.076710746
CC_F243956B7575,0.088424295
CC_F24FBC9FD3F7,0.33212987
CC_F252EB3F208B,0.06982792
CC_F25D793346CA,0.34848028
CC_F25EB1ED5AD9,0.060475264
CC_F265A0AE845F,0.673777
CC_F274BB4AEBE0,0.06841406
CC_F28BF2185131,0.120724216
CC_F29077E45AF0,0.21222727
CC_F2988560CAB8,0.37179327
CC_F2993AB36C56,0.074292175
CC_F29D6C65779E,0.05825445
CC_F2D2BADD0000,0.067561515
CC_F2E4AEB73D57,0.1384282
CC_F2E630BAF431,0.05702203
CC_F2EFCB40AE74,0.15031725
CC_F2F085891915,0.7143255
CC_F3030E2C80A0,0.17207102
CC_F3044C7C16BB,0.054714054
CC_F30B21CB4603,0.09745822
CC_F3140FCE870A,0.07966137
CC_F32A84B321FC,0.1966232
CC_F339FF584607,0.2730703
CC_F33CEE0F6DBE,0.48066744
CC_F33DAF3E9CF0,0.12383089
CC_F34EC3FF202F,0.08476078
CC_F35A6C383B39,0.18873578
CC_F360E0FF27CA,0.08069389
CC_F36B7AEC0086,0.10777753
CC_F370665BECB8,0.52891713
CC_F373A60E53E8,0.03900254
CC_F373BDAE18B2,0.082650445
CC_F3745BC63340,0.06262212
CC_F37DC9169301,0.15386538
CC_F394E57C5243,0.23933376
CC_F39E98FD418D,0.087831445
CC_F39F51452381,0.04625981
CC_F3A52465664E,0.059604883
CC_F3A8CF761A0F,0.1924797
CC_F3BF1709E29A,0.37634757
CC_F3BF72C29211,0.06332519
CC_F3CF35465CF1,0.051122937
CC_F3E2186DBD4F,0.30126908
CC_F3F0F9B9B56E,0.19847573
CC_F3F185395BE1,0.15559453
CC_F3F68E6599E7,0.07944441
CC_F3F7763C9DFE,0.20530139
CC_F3FFF13592CE,0.05183091
CC_F410C3CE89E1,0.15927179
CC_F410C8B811FE,0.06832172
CC_F4132072D78E,0.11625612
CC_F4157B8E5B32,0.5287126
CC_F41CF067E828,0.117126875
CC_F41DC456E539,0.0425023
CC_F41EEF55A0EC,0.046326563
CC_F426B5C1F07D,0.32692698
CC_F437875F9000,0.22111645
CC_F43C961F8A30,0.12831584
CC_F43D9BF23472,0.070894465
CC_F444BE033109,0.11963067
CC_F4481124F17A,0.15729946
CC_F44EAAF80F70,0.11574171
CC_F4521F6D3492,0.53049326
CC_F46BD9AB1B68,0.1265326
CC_F4763AA0B824,0.51690483
CC_F47976F33E20,0.20966281
CC_F47E588D4470,0.21260704
CC_F4A2777912C2,0.1015166
CC_F4A6C2B23685,0.05022312
CC_F4B3EAEEEA8B,0.035452425
CC_F4C6CD1E720C,0.07087378
CC_F4D05DA98C83,0.056814376
CC_F4D15889CDE0,0.16440582
CC_F4DEC1E6173D,0.03948931
CC_F4EFAD6AF8BD,0.232851
CC_F4F7835A1FA2,0.2151506
CC_F500597795FB,0.12222791
CC_F5197FA9580F,0.72436583
CC_F5240F59146F,0.08508037
CC_F534A0B87C3B,0.17006373
CC_F536972BFE98,0.12664415
CC_F54FDFE5A5C8,0.08789301
CC_F55727F65F86,0.20111805
CC_F558EBDCDD6D,0.11325743
CC_F56D569AC51F,0.099441625
CC_F5714D180EE1,0.10106341
CC_F576ED9554AD,0.5019726
CC_F57C2559358E,0.18706384
CC_F5AA72FC0972,0.09321925
CC_F5AE7DEA2B48,0.066461414
CC_F5C6A5E9D495,0.1962633
CC_F5E0731F2181,0.24281153
CC_F5F4F3B03FE8,0.77641714
CC_F604D7B9CBD9,0.16899641
CC_F60F13391D61,0.14518173
CC_F618D72DF162,0.06803048
CC_F620B15ACC5D,0.08105141
CC_F62D426D6614,0.11022598
CC_F634999D5C1D,0.033817243
CC_F636E5BAEE47,0.11703189
CC_F6461B692240,0.7273224
CC_F65BAD63AED0,0.24014597
CC_F65DD2AC57E8,0.29227933
CC_F66C6577674C,0.05847751
CC_F670896FE959,0.21716675
CC_F67376F272EA,0.6937466
CC_F67FFE9E884E,0.21775244
CC_F683C99F06C1,0.13670422
CC_F68523E2CE7A,0.7833789
CC_F68E62F9AA0F,0.04064493
CC_F69604E05962,0.07940565
CC_F6B8913740B3,0.10456327
CC_F6BB4952DD35,0.3027445
CC_F6C0B7AC57B5,0.53259
CC_F6D2B06E6E8B,0.61612564
CC_F6EB30A84C9F,0.2936219
CC_F70345A4792A,0.10481172
CC_F7068C1F77B3,0.29342985
CC_F70B0EA8C0E7,0.059427783
CC_F71CC97FCE83,0.08965777
CC_F722224A84F4,0.73624283
CC_F72D1046063A,0.2682594
CC_F72DAB32A281,0.05426205
CC_F733AA5C0ED9,0.071048394
CC_F74043C1BBEB,0.050946604
CC_F74A31E36137,0.05628907
CC_F756B167634F,0.1846343
CC_F75CBE8E1B92,0.37784576
CC_F761F7EEAD39,0.11258288
CC_F79303D62FCD,0.08150451
CC_F795134B52E6,0.6613264
CC_F79533E83ECA,0.0697067
CC_F79F9A7ED432,0.71770066
CC_F7B2FC73E020,0.04221838
CC_F7CF24594B20,0.08568188
CC_F7D31937AA89,0.048212837
CC_F7EFD378035D,0.41111156
CC_F8014B1E00D6,0.04760846
CC_F80ADE95A7C8,0.06784995
CC_F82E58E476A9,0.10475316
CC_F82EB123CC19,0.24447027
CC_F83088660331,0.09125956
CC_F83C6DF6A815,0.46427804
CC_F8620C4F7581,0.18505777
CC_F869F4DA5077,0.7764542
CC_F86B1C53EAF4,0.21757266
CC_F87B7F26FF51,0.2266469
CC_F8803D1C899B,0.07070526
CC_F892E51AC9DD,0.058444936
CC_F89C185743F0,0.10511505
CC_F8A4D45C3769,0.060795438
CC_F8AD68EA5A16,0.2040782
CC_F8B4DBD0CE8A,0.348726
CC_F8F3E551F166,0.29096496
CC_F8F9FE2C9B65,0.29712045
CC_F912A50D0DD1,0.16824654
CC_F91B7C2B1AFD,0.082413115
CC_F925251D4BF0,0.38377514
CC_F925ADD60E7B,0.044779293
CC_F9282C144479,0.058695264
CC_F92EE3287CC8,0.095247865
CC_F93332608FE1,0.14266285
CC_F94070DE3B81,0.05316139
CC_F94C81428D20,0.18982849
CC_F95DFFDA9B12,0.46561575
CC_F96A53B02447,0.5767191
CC_F96A965CDCB0,0.63866645
CC_F9721FEDBE9E,0.21797046
CC_F97C3E145882,0.27653715
CC_F97C64C64052,0.06896677
CC_F98660A07E6A,0.78121305
CC_F98BA4B13724,0.06889636
CC_F9A3F3A76B1A,0.10286967
CC_F9A8E2B3A703,0.13663597
CC_F9B3E7E7F2A9,0.46610534
CC_F9D7D0B1E4A8,0.6992214
CC_F9EDA4EDDD44,0.048549965
CC_F9F2176B12FE,0.044532493
CC_F9F90E76CA5B,0.10931436
CC_FA0157249C01,0.10624934
CC_FA169BCA835F,0.08623867
CC_FA19B61BCABB,0.13524239
CC_FA1DD203C293,0.3103895
CC_FA2E30269BC1,0.18782793
CC_FA304CE8E045,0.20938312
CC_FA310759A257,0.6297834
CC_FA32397E7B8C,0.08057085
CC_FA33D97B84D4,0.095011786
CC_FA38991B9434,0.042186882
CC_FA4079FFF1E5,0.2957669
CC_FA716665CD8F,0.10349342
CC_FA770268B207,0.16163969
CC_FA7A2F59245B,0.45027554
CC_FA8205104EBF,0.13838199
CC_FA8370AF8740,0.05281532
CC_FA858F1025FF,0.114011705
CC_FA86320CF6B0,0.04941405
CC_FA8B341CD3EA,0.20376101
CC_FA9057AAF95B,0.10147154
CC_FA97314C666C,0.055417962
CC_FA974C1D91AD,0.35372892
CC_FAA0E5BC9F44,0.70346355
CC_FAA2694D8578,0.26811752
CC_FAAFFC74BC35,0.67829305
CC_FABA6DCF8E45,0.039038595
CC_FABC53294AC1,0.15739635
CC_FAC52B8E66DA,0.092331
CC_FAD284D8DAC8,0.82492346
CC_FAE70CA5999C,0.11195394
CC_FAF1CCB40132,0.06874659
CC_FAF93D8B3B59,0.08274978
CC_FB09E5481B64,0.0723699
CC_FB150A1F7C3B,0.14176601
CC_FB1808471515,0.3502392
CC_FB296D823CF6,0.067222394
CC_FB301E1FA7FF,0.034309883
CC_FB33C958A19E,0.44139728
CC_FB40D63FC3D3,0.18867245
CC_FB45A1837AD7,0.08869285
CC_FB45B79CED15,0.10292198
CC_FB52260232E3,0.06372257
CC_FB6A0A7B8813,0.2745085
CC_FB6ED10D82D2,0.0876267
CC_FB78DE84AF05,0.04235798
CC_FB8DF8F93E7F,0.16421331
CC_FB8F89048B89,0.08601785
CC_FB9C3E77A49E,0.13519116
CC_FBA40CEAEA18,0.096069604
CC_FBA998938FE5,0.154849
CC_FBADBAFCD1B3,0.2451457
CC_FBCB85E21ADD,0.16739075
CC_FBCD00EE4402,0.13436013
CC_FBD40DFBA5D5,0.23735823
CC_FBDECF3DACAE,0.20621297
CC_FBE4E2F652EB,0.21590652
CC_FBEA9510C687,0.21563175
CC_FBED1E2E1CC0,0.13695084
CC_FBF54E48EB13,0.05839206
CC_FC1E279EF320,0.05753674
CC_FC2E1D460089,0.08323291
CC_FC31CBD20CDF,0.15331738
CC_FC41D8134A1C,0.11008334
CC_FC44D7EF257E,0.050173476
CC_FC4A649BDD07,0.24620211
CC_FC51BCDBB6B2,0.11479886
CC_FC57B6E79AAC,0.22643776
CC_FC6AA879D9CF,0.14884068
CC_FC7A926F3A64,0.67495686
CC_FC83CB9C71CD,0.040469382
CC_FC9E6D511294,0.15022123
CC_FCA657E69930,0.36795923
CC_FCB451237214,0.7775779
CC_FCC7E51DF812,0.480517
CC_FCD42ECC012B,0.055882752
CC_FCE8FAEAAEF1,0.12315183
CC_FCFAE9BE2522,0.49238607
CC_FCFDB5DFE5D4,0.093582384
CC_FD24FC7961A5,0.07984894
CC_FD2793DCB5EF,0.120525315
CC_FD2EEF724088,0.12202773
CC_FD3205367675,0.07944444
CC_FD3A21CDCA7C,0.10277098
CC_FD3C4C2FB68C,0.12645555
CC_FD41687DC1A0,0.14327589
CC_FD44B4E31EFE,0.082075864
CC_FD5721556AB7,0.07267206
CC_FD643C174587,0.3375643
CC_FD6BFA30DD9E,0.28504175
CC_FD7C9DD7F11B,0.13156465
CC_FD7F2D90CF8C,0.06668877
CC_FD8C4F601909,0.060194753
CC_FD90B45AA24E,0.098256454
CC_FD95457772AB,0.059976075
CC_FD9D9B58DB1A,0.21142687
CC_FDA918AEB5D6,0.6242706
CC_FDD4C2065540,0.34783792
CC_FDE57A2C5156,0.2577251
CC_FDE9920975F6,0.25912523
CC_FDEC856F9C6D,0.058796108
CC_FDEED2AA92A3,0.45372197
CC_FDF5607ECC1B,0.04943888
CC_FDFED3D7E70E,0.1248644
CC_FE0324F99784,0.09371129
CC_FE0A18D6570D,0.048149224
CC_FE0DACAC84BC,0.26252457
CC_FE16586C9FAB,0.24682935
CC_FE16FBC86237,0.1628282
CC_FE1C808C4515,0.07960462
CC_FE1E64201B9F,0.09321327
CC_FE33D60E29EB,0.040515807
CC_FE3ACE674BEA,0.16169213
CC_FE468E9AA9D9,0.03566339
CC_FE5AA923C220,0.14050476
CC_FE6C777DDC19,0.059107993
CC_FE6DD8C8EC90,0.25682288
CC_FE7A84AAA8F7,0.1184063
CC_FE7DB6B410A4,0.12473799
CC_FE8691B1F3D9,0.09352638
CC_FE874279A94B,0.08673605
CC_FEA61499305D,0.14788496
CC_FEC22B334AC5,0.13455598
CC_FF045F9508F2,0.21257025
CC_FF0EFF711598,0.27437532
CC_FF12F53D5676,0.047116652
CC_FF13D426EC1C,0.18346816
CC_FF16A7C8600F,0.17002316
CC_FF2236DC115C,0.44427872
CC_FF2725428B6F,0.076593466
CC_FF3176D91690,0.13788825
CC_FF393D295D66,0.04985678
CC_FF4598202C5F,0.63024175
CC_FF463A4B3D04,0.28495356
CC_FF4703F7664E,0.059278965
CC_FF86EC3C0851,0.55502987
CC_FF8A580DD831,0.17403515
CC_FF8BD8697ADE,0.13913438
CC_FFA681A2054A,0.048322096
CC_FFB6B2D2BB2A,0.34625706
CC_FFBFA27643F8,0.15783322
CC_FFC81CC80F9D,0.14550975
CC_FFCC9C0763D4,0.124414854
CC_FFD4E33DC920,0.5523709
CC_FFDE11143038,0.08268425
CC_FFEF28047C4F,0.38928762
