client_id,default_probability
CC_0012A082B7B7,0.12487556707798217
CC_0012BC27DFB6,0.1287817423761539
CC_001563B2143D,0.11257755837257508
CC_001B46930B6F,0.09400668560863473
CC_001D771E1C9F,0.044891385230161854
CC_0028BD91E759,0.08493167240502619
CC_0029971D7EF4,0.20244834791600547
CC_002B8C00B239,0.046818501470665116
CC_0035DFA86185,0.7455393807679128
CC_0042D11A6D0F,0.05425402348343235
CC_004D21A4ABB6,0.12391297115723067
CC_004EE05FC2EF,0.4833816395359547
CC_0050E546EDCE,0.6790457834409371
CC_005D7F31F785,0.06973702124123346
CC_0079996ED779,0.18842380839375483
CC_0082B4E1D9CE,0.05397840622354492
CC_00B01C73CEB8,0.18138078643856081
CC_00B74FFEEA53,0.19885099811132784
CC_00BF6791C18C,0.1102340997243583
CC_00C5E30B288C,0.3193696328121636
CC_00C68CE1CC12,0.39540645181666156
CC_00CC4148959F,0.17827906753764536
CC_00D428772D30,0.33636582853639446
CC_00D5806C7783,0.09646536800789646
CC_00D5C677C2AE,0.5170961761651763
CC_00DA781C4D66,0.07417704943286939
CC_00E7E2D6B548,0.19523020358865278
CC_012BC0A68DC1,0.07709744337127125
CC_014911033882,0.16273261180988252
CC_014F7EF4E595,0.6574413612105258
CC_016501B25F2B,0.05161132767033982
CC_016767D9B049,0.04783819796486593
CC_017598512EA2,0.1396494083571808
CC_01941532C804,0.19489332422934952
CC_01A66C6E22FF,0.7774971712019816
CC_01A684355200,0.1798028095526737
CC_01AC62740827,0.11289321897632204
CC_01B0EFE5DB79,0.21046954291890377
CC_01B876B2988F,0.20616877219893365
CC_01CBB64C1DB1,0.3855977119379262
CC_01DBD993A1FC,0.06556386564407514
CC_01DC49D55C2D,0.05078522539569957
CC_01EF18A3ADBC,0.5238836839054279
CC_020252D37557,0.16876942257989067
CC_020BCDBCA8CA,0.35671257179882887
CC_021A6DD97ED4,0.15529369247717065
CC_022054506F33,0.07101588958135675
CC_0225D6231EAA,0.06311686456251955
CC_024B524B0176,0.036464171866526805
CC_0256303A6DC0,0.2400348299792235
CC_02589E6E4714,0.05869370645469576
CC_025927626E10,0.7267743288152143
CC_0283023DB294,0.0384797813284102
CC_02903C6FC0C0,0.18567106892387888
CC_0296E572CF21,0.05163275515177295
CC_02999E509460,0.5850653687541645
CC_029E835D91BB,0.06942528939530697
CC_02A32EC3526B,0.1330694118625576
CC_02A393632CD3,0.279638798787458
CC_02A3E21B28BC,0.7105376851690369
CC_02A4B4644529,0.09075708868260825
CC_02B43865B30E,0.06442064841507039
CC_02B5A1A178A2,0.17368064912030778
CC_02BC4785773C,0.24999130962696986
CC_02BEDD9627DD,0.6841938116467982
CC_02CD2C1EFBB0,0.11543511746024741
CC_02D4430492D3,0.34586870095590866
CC_02F79A06858B,0.11283199197716287
CC_02FA254C9D43,0.04765578290143991
CC_03062402B4EE,0.06286182615443545
CC_03072CF2EC63,0.36224175725223756
CC_0315369B079D,0.08318437313042396
CC_03199242A810,0.17404587439952462
CC_03214BA76DB4,0.20973754968499694
CC_032735A44CC6,0.06274549324483354
CC_0330340F2FE5,0.17029527185518736
CC_033236FAAFDB,0.16636085512960158
CC_0337298F948C,0.05165457582436565
CC_0341CAE5E2E8,0.18681552795027173
CC_03434E2371CD,0.3266497945506572
CC_03547AAB948A,0.24034444152422543
CC_0354D0453D8E,0.09931281494615599
CC_03592E51F427,0.779664020689606
CC_0365DEB525A3,0.08510692453289355
CC_036782052BC9,0.3688690244070351
CC_036977A50F1A,0.13572381234780048
CC_03720D08B8C2,0.2509677251008909
CC_038AE599BCA8,0.31755212724025034
CC_039E67CDFE1E,0.2984568536017761
CC_03AC962FC717,0.16069232414447351
CC_03B00DFA3A85,0.7858891522451089
CC_03BC6380E968,0.5125062709436319
CC_03BC730E0B02,0.02881219174925728
CC_03BD4F22DA3D,0.13280378894831396
CC_03C7E1EF6F69,0.7981969108557886
CC_03C9FA383477,0.08335864279407812
CC_03D1AAE90CA6,0.0601252166333677
CC_03DBB9598F39,0.13983022671855172
CC_03F18B43797C,0.11168453778583451
CC_03F80118E46D,0.05839777619636067
CC_0405E0151A6D,0.18435723411490942
CC_041FEE6C805E,0.361937307025599
CC_042F88EE269B,0.1678892121266446
CC_043D98ED7F98,0.1571138906333475
CC_044C3537B769,0.16161140302092247
CC_045932C46685,0.15853369906408715
CC_04629624AA8D,0.190688290378312
CC_04690B4A6AF1,0.2407395435993923
CC_046CF40369FB,0.12239723576345296
CC_046D6EC816AB,0.40340154425335994
CC_0475CD95EDC9,0.1193088222442525
CC_04796F06B82B,0.12954278113443982
CC_04AC7C1CE736,0.33636897601918875
CC_04AEDD051B96,0.31311238245158596
CC_04B42AD0E01A,0.36458107820621016
CC_04BBD1DB360C,0.30451095788245663
CC_04C767FFDA0F,0.4467205399625881
CC_04C7B819B9B9,0.10089237231310194
CC_04D127A775DE,0.09366233069866806
CC_04D9ED00053F,0.06649319471701433
CC_04E0EFC4F548,0.27550427296853885
CC_04E6848903E8,0.039779279610550326
CC_04F69D03ECE1,0.27299601895389974
CC_04FA1CFA1DEB,0.2347435790896035
CC_04FA6842AC62,0.039737335911696904
CC_0502F3791166,0.32392703817150115
CC_050B514E15FD,0.14695760668395128
CC_051ADBD6D835,0.12916733278147183
CC_051B4644216C,0.0697775261178366
CC_051C0A644DD3,0.029300350522702814
CC_051CBF566856,0.04187935950071531
CC_051EEA9AE819,0.1663069522811565
CC_0520E27BE904,0.15946041259014773
CC_05224448D290,0.12842920252021936
CC_0525DE4744C0,0.05624621862101464
CC_052F5CD81EFE,0.19483803245030049
CC_05368FAD2E6D,0.06392909864980013
CC_053788B82006,0.09640415185060511
CC_05471A48C6F5,0.18916194873801565
CC_056DBA1A87BA,0.06966225272161213
CC_05901F3E7A0D,0.18367424922813314
CC_05906BC8ED3F,0.1572177099539143
CC_059D55E32C78,0.08977949403148817
CC_05A12EF84A86,0.5141872033663543
CC_05A42D035609,0.18451690649814886
CC_05AD75A5CE38,0.05685056194021828
CC_05BBD4B92613,0.5633466580867931
CC_05C8EF6500D7,0.7861852729366758
CC_05DDB7B07497,0.07295153072179564
CC_05ECAE6E0774,0.2278027700141231
CC_05F11F14DF9E,0.3283333138233392
CC_05FA9192590F,0.1321982280650324
CC_05FD764FB154,0.755510622653444
CC_0608DBB4DF03,0.26784442270738323
CC_06198383F6D4,0.12792391196325864
CC_06199EBE2B05,0.1858385601497894
CC_062A8881A331,0.06374662949578358
CC_062F74350907,0.047348907596651765
CC_0635AD30F004,0.7699966211200093
CC_0639F539946C,0.3197051869715818
CC_063DDB42CF5C,0.06695764631722703
CC_06405C00E240,0.22911405604911136
CC_064920FC9DAC,0.0783967304515558
CC_0650AB329174,0.766752827294962
CC_066941B109B9,0.1596259652682627
CC_066AA16F5874,0.3060998567386778
CC_06732311FB8B,0.15529777815936002
CC_06780061F889,0.10854889544933208
CC_068A81B06B74,0.43886660630840735
CC_06A1C5FE269B,0.3123047798187638
CC_06AA7138DAF8,0.04009612921021293
CC_06C0DD0D066E,0.7574306416601012
CC_06C97CFBD476,0.12535409999405084
CC_06D15F523C05,0.18800576027804544
CC_06D35787AD65,0.04634168089888981
CC_06DA375201A2,0.08845978490117676
CC_06DB455FF19B,0.6954768352036519
CC_06F3674E7313,0.45685868102271304
CC_070232DF9996,0.1413316065822396
CC_07141FA77DBF,0.11643677775888166
CC_0715F11CC8CA,0.2214585884493606
CC_07168A9C843C,0.17876829304543723
CC_072AB9F855DD,0.04645056020594705
CC_07337AF6AC2A,0.132679099315906
CC_07434E4E5C28,0.06670411616201834
CC_074381358A2C,0.042505795389843296
CC_074E7CA75E8A,0.26654036410740756
CC_075D0C618BAB,0.1908226779381157
CC_075D804F7851,0.09143076407391716
CC_0765961D818F,0.3956365446014529
CC_07698F10563E,0.055935145416945074
CC_0773B9BA9E18,0.29227189329751496
CC_0784ABDA7F8C,0.18341671809660193
CC_0790C9F9EC9C,0.08693985542524522
CC_07A996E6CA6C,0.23163699711657
CC_07B588ED677A,0.15869695015795188
CC_07B730FD7F82,0.16320921056313603
CC_07BE6961D039,0.07871060982822224
CC_07D23A6BAF5C,0.13412415444803216
CC_07E08196A3DB,0.050706978995741274
CC_07E4850039B3,0.11125877891514693
CC_07FAAF8B2D23,0.05861343434600128
CC_07FB3FD9BE0B,0.11082544717757879
CC_080CB94A724F,0.33334465709471234
CC_0837C56711FE,0.09566243562860882
CC_084100A049EE,0.0508492470985786
CC_084113D0951B,0.2703168007622405
CC_0843DDCDD601,0.654108156499445
CC_0846C14EAAFE,0.060781334874391135
CC_085091ADED2C,0.18595947655044337
CC_087943B4A5D2,0.1629969733836787
CC_08A97B98C405,0.16449407574746652
CC_08AA321BC4AD,0.18664661457107948
CC_08AA44ECBDD5,0.057260514030674614
CC_08AE2EE9D798,0.19504610908116968
CC_08B149462891,0.19319987874069858
CC_08C71A8D2D58,0.04962654620865627
CC_08D645F7B257,0.05913727384498263
CC_08D80BF0B273,0.05025757289809477
CC_08F52B1BE431,0.2189281240426735
CC_0903571AC7E7,0.14950695778161258
CC_090D528C09D0,0.44764121287755854
CC_09106BA6CFC9,0.08872067197432622
CC_0915905A5D48,0.12831152877522983
CC_0918F67CDF01,0.1810444373737264
CC_0925D0B6276C,0.1545542024242036
CC_092A2830E36A,0.7975627484761014
CC_0951489C8F79,0.04146905826213353
CC_0951FA4D5513,0.1121263763114129
CC_095C712064EA,0.09258419449549085
CC_0969AA7BEC71,0.07465962294685197
CC_0974840BED49,0.7683616357131818
CC_097BD371F652,0.08386047437527056
CC_097C8139DBD1,0.06025875188091895
CC_0981CA4DBCE0,0.03223333941035102
CC_09A5D2F129A4,0.2786632499515439
CC_09A9BE38080D,0.08389188833173386
CC_09CDC42E000B,0.20401017071941063
CC_09D8DBAB2A42,0.13122073625235522
CC_09EBB1960580,0.057933801513998566
CC_09EBF206FEE6,0.20247855940402826
CC_09F2AE996181,0.08645591491743689
CC_09F45833F53F,0.14922791100684882
CC_09F4F5C5B4EA,0.7636968713196772
CC_0A04BF4005F8,0.20512556412611513
CC_0A0E563D1060,0.08332518124087504
CC_0A0F781A999D,0.244059506572325
CC_0A1138C37BC0,0.17376949319067175
CC_0A334A16524B,0.06913658160068611
CC_0A359CD5D73A,0.06822860981110354
CC_0A3E2C273DB5,0.06748568808706636
CC_0A4705B1E08B,0.05178811416284548
CC_0A67EB7C5282,0.12743014731792798
CC_0A6CD64871E5,0.3777643613866939
CC_0A75643FDC7B,0.06242741633412752
CC_0A8066F501AC,0.04585959831706739
CC_0A83017D027D,0.18833896047647747
CC_0A9AB7441D5B,0.31700467194947907
CC_0AAA72FA148E,0.3221536925908668
CC_0AAC488C8AE4,0.46747806646053147
CC_0AC2DB82398C,0.3299974921601884
CC_0ACA2C49A497,0.129524721803233
CC_0AD4BBEA75ED,0.04303747014996727
CC_0ADCD6553B8C,0.06294004368747681
CC_0ADE56B56C41,0.044291444987264034
CC_0AF4B5B4162F,0.7173244135954979
CC_0AF9BD814AC7,0.10638469470686626
CC_0B083BE0FEA3,0.09831392726306622
CC_0B1384331163,0.050697599877106196
CC_0B216C6AF0F2,0.03249931239794665
CC_0B3465DB0684,0.5691106355186003
CC_0B442B91679E,0.11516766790949606
CC_0B455175F494,0.10120187090747407
CC_0B4C01B4002C,0.16357850354798173
CC_0B544A526D6C,0.0638193312168963
CC_0B5B19AFCD18,0.054614228269697015
CC_0B5BD2D224BF,0.0796113636174679
CC_0B6407C2C9BD,0.16951548490711837
CC_0B73F59991EE,0.08253554501437346
CC_0B7579216681,0.0807488505455072
CC_0B7F3B4B32C1,0.2515447304307778
CC_0B830A67900A,0.1090021835323436
CC_0B84250F96B8,0.2474032448644751
CC_0B92212B8E27,0.3085416879083001
CC_0BB43BC4B3BC,0.11911386254751877
CC_0BB992973640,0.05955678838928721
CC_0BBC41297846,0.09509890703038859
CC_0BDDB468A1E0,0.2932292325158984
CC_0C00A631C2B4,0.06627308668412295
CC_0C011AF6C857,0.35880475778151877
CC_0C0459AB67DE,0.13209885758735887
CC_0C18B07E451D,0.10891420765201787
CC_0C19EB845CA2,0.2257352092249087
CC_0C1A736F37CC,0.0734669609717351
CC_0C335C9D86F7,0.7769751175599856
CC_0C4C24D066E9,0.17601956721792106
CC_0C5499989AF4,0.20812987049394663
CC_0C95548CC1BD,0.150567343701481
CC_0CA2DE660B41,0.24884624288670168
CC_0CA6D8CFCF2B,0.21774460194686862
CC_0CA9DF9C5C15,0.08311050257625868
CC_0CA9F52C92A8,0.1972355002812314
CC_0CAFB6C41CE7,0.11386206366740764
CC_0CB27D5313F1,0.5682619774372801
CC_0CC9DDDB8B44,0.05113184070457836
CC_0CCA18595BA5,0.2190373318077016
CC_0CD90568D3E6,0.2301901567538438
CC_0CE0D56B0584,0.07846094688017789
CC_0CEA028BF961,0.2831946786309081
CC_0CF67D68AF16,0.3572094537215288
CC_0CFAA0FB0691,0.06655658309364929
CC_0CFFD2785D2D,0.09744369475862702
CC_0D28AF91CE97,0.1509856917128258
CC_0D34E55A580B,0.10593508039058876
CC_0D3663B6524E,0.7216514143728013
CC_0D3C2864ACD2,0.32984048583798514
CC_0D5F4BE8132C,0.16282151753029597
CC_0D6D5ACB0889,0.2303377702538733
CC_0D7BFE8CC0D5,0.14231889232101647
CC_0D8852AAB481,0.1965358322256466
CC_0D97EF394C79,0.43290899731941895
CC_0DA8FDDE6DD0,0.06868012505831403
CC_0DABB89E37CE,0.1012873477807059
CC_0DAF0F2FAA86,0.10542819261277557
CC_0DB9E5F8EDAD,0.08013424007682804
CC_0DBC64F88C05,0.15561206811776554
CC_0DBDF018E822,0.10466714611230502
CC_0DC31A5A1096,0.04750809224967092
CC_0DC3870F23D0,0.04235991408513235
CC_0DD39F5D7C0D,0.08859009429911928
CC_0DDC2C18BBDE,0.053402673388648514
CC_0DE09CAA93E5,0.14539834957241043
CC_0DEA4477FDC1,0.11125385048707498
CC_0DED63EF6639,0.18233642077079257
CC_0DED7DBF26F6,0.285846889462541
CC_0DF01CD21B9D,0.1807774506683957
CC_0DF6A478C01B,0.22609951792815747
CC_0DFE1A3FA5AE,0.14471580744149054
CC_0E07D5FB24B2,0.13107336195671013
CC_0E0CD9F23A5F,0.7495566870709984
CC_0E121FCB1D47,0.0705297278733684
CC_0E1423A4C263,0.1818896360616385
CC_0E16883EE8E6,0.4546405307284309
CC_0E1A2BA1C545,0.20021883853217645
CC_0E2B52BBA69B,0.06670948076911622
CC_0E40BAFC3530,0.17820694180914556
CC_0E48EE235179,0.07194031708022786
CC_0E4FA0FB9797,0.6207742957569792
CC_0E5162F59924,0.7534168071001408
CC_0E5E2FCAC8C2,0.27211011023890247
CC_0E68C2BE2A75,0.11946156895433369
CC_0E6C5A8D8CE4,0.10287506261217653
CC_0E6E9B0E674E,0.09105912612144014
CC_0E746EAD6CE9,0.07488082224228149
CC_0E968E7C22C1,0.38162572521138777
CC_0EA1483F50A9,0.15425528778207556
CC_0EA81362C7D1,0.17628433376939545
CC_0EAE97520873,0.32187750031163154
CC_0EBCF4228FF2,0.47676913204791993
CC_0EBDEFD0BDC2,0.060486890194260706
CC_0EC6AEDA63EC,0.3106033410330756
CC_0ED61DD76795,0.09416553454744556
CC_0EE33B1B71D5,0.13973309272109702
CC_0EE7EFF13EBA,0.054180774312000225
CC_0F0F136B0991,0.12992910235168378
CC_0F0FAF218BCB,0.05416306132390685
CC_0F125B48F175,0.09847632258571175
CC_0F292A238627,0.10672098414228973
CC_0F2949A1746E,0.0823863504787378
CC_0F2B71163121,0.09042923599222998
CC_0F393F1DE2EB,0.07618137845660494
CC_0F41B187053C,0.43656398431671295
CC_0F52EDC9D383,0.10227984501544643
CC_0F62C4F36236,0.09058410338211688
CC_0F6A29CE5D45,0.19927268400560194
CC_0F7C0515A6CF,0.1639826965932027
CC_0F8D6C89202F,0.17923326732962808
CC_0F933684CC08,0.17000781677117893
CC_0F9BA54F2AF6,0.05196264039766534
CC_0FA06CE7FAE8,0.044909067515677206
CC_0FD25AA655DA,0.14029881742279285
CC_0FF5570E06EC,0.7028027243826288
CC_10197FE0E34B,0.6768411955144188
CC_10355B5718CD,0.1065192152195733
CC_103A9D18EC12,0.16273667593369398
CC_1040DB6A21EA,0.11724320781292533
CC_104D2B84FC4F,0.04467675512770818
CC_104EA2802A11,0.09082587410526755
CC_105777B1BF91,0.06869536112126289
CC_1059F1B6C0C3,0.13631734812939383
CC_1061947FDD14,0.0617256487269234
CC_10689257E68C,0.37690401694332243
CC_106BFCFA7D7B,0.046511146852455845
CC_108FA04AC10D,0.11500923223972499
CC_1092915D0093,0.11722068105411225
CC_10A30F88E157,0.1775876916369738
CC_10A657027AC9,0.7374466413844563
CC_10A6EAF27BF3,0.05118193295331147
CC_10B148BED568,0.37177059954318753
CC_10BB7101F191,0.05342360313211709
CC_10BC5BC3A9AD,0.347235079169097
CC_10F27C70AB99,0.12282017073604619
CC_10FADDF63CDC,0.1769463284576866
CC_1107D9301AA0,0.07562359011934515
CC_111A6DE5D9C7,0.7367335563021921
CC_111DC3B1756E,0.27590316805491316
CC_1131156CC6F6,0.13600454655807293
CC_113B66D5D5D9,0.12991862972384105
CC_1143254EFF36,0.049897111087246114
CC_1145E5277FA7,0.3420538448161183
CC_11521077BBB0,0.13951721753358182
CC_1154861ABCCB,0.5352928797545924
CC_115BCAEAE2A0,0.08532299529631192
CC_115BF13E8BFC,0.21630608480082206
CC_115EBE5044BD,0.3566566778868246
CC_1165AA07FC47,0.744200922880344
CC_116EE8219753,0.052915633718801425
CC_1176FA3233B3,0.054706898245647444
CC_117C2A1587ED,0.08208277456767687
CC_118C0A1D14B2,0.2259360195846034
CC_118ECB589F3C,0.10291212687412732
CC_1190F13FB1FC,0.12789125785540997
CC_1192EEC65A1E,0.2273535758828834
CC_119B1FEC4D83,0.23910495763582093
CC_119C413C2580,0.1504381478936983
CC_11AB74142A2E,0.7918600219007766
CC_11C8A291FD11,0.17164823935463697
CC_11D1E9C39E41,0.0777711010633675
CC_11D600EE1BD6,0.19691084869911715
CC_11D7539AC69D,0.18821860126018866
CC_11D78BB50016,0.1405990907403586
CC_11E0C583685C,0.10607830797881464
CC_11E0D2F15AA1,0.045831638808735226
CC_11EDFE67C719,0.6733449019165352
CC_11EE85F284B8,0.2224198349872645
CC_11F700202C6D,0.16563269299819883
CC_11FB668DF543,0.11264105001400511
CC_1209FA26609D,0.0391620009206153
CC_120CA1B916D0,0.11200886479278681
CC_1210186F4D33,0.0926333852601305
CC_121F621374FC,0.20678992116096562
CC_122532C1FBCB,0.12839413168187555
CC_122B19CBC88C,0.6574664402165702
CC_123C7F0111C7,0.6255123846583129
CC_1241EE42F174,0.14353838180699036
CC_125B7100F1DD,0.1196416574795074
CC_1263B255B3B5,0.19633114049078307
CC_12878596E940,0.07963772250875296
CC_1298ED71A9E0,0.07345589705356322
CC_12B555C6F086,0.14147354819727778
CC_12D22C629874,0.17647751956772142
CC_12DD89EA0C14,0.17010294929112224
CC_12E24CDE2684,0.17875768587778218
CC_12F3B7309455,0.6090667098895498
CC_12F8E7A4BBE5,0.3600957467803116
CC_12FDEAE4873F,0.22098547447716788
CC_130F7B067939,0.4071383310625871
CC_13209EDC85EE,0.6727105202080212
CC_1332B6F0E543,0.2226544474044663
CC_1334E256AEBC,0.6231200937387799
CC_1337726B2AE6,0.09576886019467767
CC_1338237BF402,0.1749529079699263
CC_1341DF38D9C1,0.18699976821237124
CC_1342F868176B,0.668125515590445
CC_134651CCD2F8,0.176099878651879
CC_1363E3090578,0.061497401094961233
CC_13736493B695,0.05128126955640423
CC_1392DE633D4C,0.2904496570337792
CC_139ED2E0AD76,0.0813722639178012
CC_13A5383EA098,0.6011671713991019
CC_13AA272C6861,0.08494763132275726
CC_13B74E4EE3EF,0.20602396849081697
CC_13C437E86B81,0.5101638010769244
CC_13D61B077E7C,0.0732603105967133
CC_13D7115A8FCC,0.185677042642479
CC_13DFE319B21E,0.792138859318055
CC_13E0F0B3FAE6,0.22322218429978438
CC_13FD88C2920A,0.6843634111111482
CC_1401CB818627,0.23330926496604978
CC_140B86E74F74,0.8118385352003789
CC_1452A0B69085,0.04789467380074012
CC_1458CA7329A7,0.26932370057327126
CC_1459E7125AFB,0.09446232593243474
CC_14633EC7F622,0.4181385270054462
CC_147B1B30DE7F,0.11599606123430516
CC_1484511F54C5,0.35299349401418323
CC_1489A941A69B,0.30419358752460585
CC_14A8B16706E9,0.07907034186481522
CC_14BE52BADB77,0.09640326042807842
CC_14D53413FBCE,0.3257278170771661
CC_14D59B58E51E,0.15061263319057
CC_14D964327B1D,0.06193498374813347
CC_14F5D06CF093,0.1373637405705064
CC_1501D63D5A80,0.3382248101935062
CC_150E3A0E5084,0.21560242335533292
CC_15152312AC56,0.05280128019269946
CC_1522BA0411C3,0.06751378363105301
CC_1534B0241A1B,0.05203189368698634
CC_153BE2BEB74C,0.14776948729007783
CC_154BBCD4DCEA,0.24878864646637744
CC_1552EC27FC0C,0.6944394794642957
CC_1566BFF4BCDC,0.32713736543065514
CC_1579BD86A63D,0.3258018794069027
CC_1583CFD90530,0.25037223146457915
CC_1584385F38C8,0.07262118812792688
CC_159656F13BE8,0.11508512056748194
CC_159B6F6AAF1E,0.10077025387362633
CC_15A4934FD96E,0.11209189096171321
CC_15B2140CE869,0.07790321428337037
CC_15C0972DE384,0.6353505662159863
CC_15C0E30FF2DC,0.12486959016408118
CC_15D617FAB434,0.0728256749880513
CC_15DA0F4FFF0E,0.31989431581550937
CC_15DAE76D15DF,0.046975035724925174
CC_15DC7C139EBC,0.3629948431482503
CC_15EB741857ED,0.08689688716525311
CC_15EC51F4C521,0.2868638540795753
CC_15F6259C7C53,0.06626778280401126
CC_15F7C012E10D,0.411093826373911
CC_15F7C1BEC28F,0.17231524810118887
CC_15FF58854AEA,0.2803314462293085
CC_16035CDDC2F6,0.154784333003263
CC_16095572722B,0.057312848478289755
CC_16109F1CE0A6,0.2883833281539542
CC_16150E74E4DA,0.17261391511349525
CC_1629E47AFBA5,0.0760064581338188
CC_162F4582D06D,0.6775946154590763
CC_163194DFEDDA,0.04784510314415123
CC_1640F01B7730,0.09245929640216113
CC_16460554039F,0.04389527047145938
CC_164D308CDE41,0.20740149967984384
CC_1661041F819B,0.7868988994579627
CC_166829780A76,0.10727851336042478
CC_16798666E855,0.11052339965247408
CC_1684B5493414,0.18418204421786322
CC_168A8907C8F4,0.06691784262309303
CC_1690EC56D088,0.07365033438663335
CC_169853EEAB4A,0.1016751325729541
CC_169B7FD839BA,0.1501351580423059
CC_16AED1A3008A,0.12015951865182474
CC_16BAC7837C73,0.17465198519793107
CC_16D57E1EEA01,0.122594767467814
CC_16D833E56D7A,0.1907292245828192
CC_1702487A047B,0.18330419931495262
CC_17029F78E70E,0.06520255752671826
CC_1702F3E986AE,0.061878470599317933
CC_1707181BB559,0.047074114287922124
CC_17117BF03935,0.2430763566613787
CC_1723E40C3D40,0.229929454489084
CC_174FBBE9ADD9,0.16419106568313163
CC_176E6E58FD1E,0.09669717706222748
CC_1783F37259BE,0.08229781353474089
CC_178B135605CA,0.09018430375683197
CC_179AA5165026,0.34216114437308925
CC_179DBA1C4CDB,0.34417085724821267
CC_17A1090B69C9,0.10580073206116952
CC_17AA1A4C904D,0.19865263977388875
CC_17B06C06FDC1,0.15316358554063597
CC_17B89AC1FD03,0.24864239279674485
CC_17DC33AA73F3,0.06926406642394356
CC_17DE4D267831,0.09846310051878653
CC_17E929BE0344,0.3517717560276214
CC_17EB83DECE5E,0.400115802342948
CC_17EC9982E5A6,0.1569710202423767
CC_17ED5555B4FD,0.2146219060169999
CC_17F4292DAF8D,0.11095149009291227
CC_1807B0980C86,0.0801045062679058
CC_181354A58B53,0.09451042726043539
CC_181E7266E018,0.08409317170056803
CC_182AAE7CC3CA,0.4801127576811352
CC_183EDEDC5DA7,0.08846673011541148
CC_184C47552665,0.2267728747569295
CC_185A7392A475,0.2779207817645534
CC_185FEFD3233A,0.40205739759291925
CC_18676FE5FC07,0.0889150472639024
CC_18776C4FDE28,0.0874569139087665
CC_187A8AECEFBC,0.18597953614808105
CC_187E7D0B4E82,0.7238014921417661
CC_18839D393105,0.14146647043391888
CC_1888476F6CF3,0.10204128407205228
CC_188B1ED2AAA5,0.33033381302862064
CC_18A4257C3172,0.3105287932430542
CC_18A7929D9FC9,0.27516694181948864
CC_18A8695F185E,0.1065830400707094
CC_18ACE64E8F74,0.18685387744745222
CC_18BF4A29BB38,0.12732560167844345
CC_18DE36F7D294,0.15657593078890503
CC_190EB07AC1FC,0.1348990176694668
CC_19219F2C60B7,0.1722791755233991
CC_192262DB0B0F,0.08143121139204659
CC_1929746E06CD,0.6270433191978751
CC_193356E72D61,0.6876563666818286
CC_193938E8EA40,0.1722860939588238
CC_193C60092202,0.49646043071438817
CC_193F669537D1,0.15118867862153576
CC_194E13150BE5,0.07203196135901627
CC_19556DDCCDB3,0.03848711451047772
CC_195A6E9B48A2,0.16412065954186453
CC_196DEC616B33,0.0978553868751329
CC_1978B23D64A8,0.10792158079812787
CC_198562A4BD86,0.13511648596471793
CC_19864C9572BC,0.18327007458294498
CC_19868B6887C9,0.11694522804006491
CC_19969E05AB2B,0.13934991784953457
CC_199FC89885C7,0.11408813495117197
CC_19A40411B404,0.23557725369281096
CC_19A6D9B60B29,0.6455590040022875
CC_19AAB010550E,0.0685265858970519
CC_19B4743DFEEC,0.07187921064933393
CC_19B95A61D757,0.18050338886771855
CC_19E6A00F6A5B,0.07240201455615222
CC_19E8DEC29F47,0.6088472742882309
CC_19EA54976042,0.16811221557190692
CC_19FBBEA75B7F,0.1412969933531637
CC_1A039E58840A,0.05875527464881112
CC_1A075331756B,0.10361547466405044
CC_1A1E1302C432,0.17475139252392002
CC_1A37690EAEDB,0.177710856085168
CC_1A3BF9F5BD42,0.1596847510127033
CC_1A4268FEB02E,0.17755606674911523
CC_1A5F8618A912,0.35025525381934697
CC_1A659D4D521E,0.4090079654162949
CC_1A879655902A,0.07215912642162106
CC_1A9F6DA46BC2,0.1131795305238091
CC_1AAB15E81743,0.039940575636982625
CC_1AAC389EF8A2,0.26468036949025053
CC_1AAD0CE365D9,0.12954557625369806
CC_1AAD9152C90B,0.04952802656169558
CC_1AB15BDA9296,0.08338583658756149
CC_1AB8BDA3041B,0.1480998450318058
CC_1ABB9CB074E2,0.7190024646261152
CC_1AC1B1A3978D,0.05792250569420724
CC_1AD20D1F9C08,0.7193247443106422
CC_1AD881A90D1A,0.341863847481475
CC_1AE9811724DD,0.6990213795474093
CC_1AF1AAAB9D12,0.7657354786034862
CC_1AFCC4D0ABD4,0.1871535276474606
CC_1B08ADAFD1C4,0.1505969103043897
CC_1B10139C7917,0.1228027557294733
CC_1B127133B948,0.10465918899794079
CC_1B25964EA376,0.15441935605545634
CC_1B27A85C7244,0.17879943222056088
CC_1B29F4378A34,0.11603444375513881
CC_1B2EC0BD0677,0.3357912921894105
CC_1B4AAF37FB97,0.07502145383635217
CC_1B5E792F6E6C,0.28970387650260043
CC_1B7166DAA790,0.15746285355619966
CC_1B89FD901C95,0.1053082273404543
CC_1B91E3A70338,0.08247180060708999
CC_1B9D9B7184F7,0.1471218133159128
CC_1BA3FDD92B1B,0.0591228545539188
CC_1BA9B3D67170,0.14400620119514565
CC_1BAF97E2BCF2,0.08817676104160425
CC_1BB7D8A54021,0.10699224382466307
CC_1BD548A5FEF3,0.12544616592941546
CC_1BDF1893ECEB,0.23553651135024242
CC_1BF117A8AF9A,0.07299770443418384
CC_1BFA7E407428,0.6929840771256947
CC_1C0066F472E4,0.6926080272515085
CC_1C09CC2385AF,0.054554622185597486
CC_1C11467AB472,0.6438710547684106
CC_1C1627B7EE6E,0.04678573133622575
CC_1C3259B85E28,0.17445409160498399
CC_1C334ED885FA,0.058432105451822675
CC_1C376760FE39,0.07952257893028866
CC_1C39A1ADF3F2,0.16695085783154134
CC_1C450FC77478,0.11816922017325564
CC_1C48409023DF,0.4137175338960236
CC_1C4D03324C60,0.3453936915281418
CC_1C5F1E1028DB,0.04814584017924201
CC_1C6681C0AA7A,0.7706385842852972
CC_1C84CFE19CDC,0.20841456024034133
CC_1C8B3F689C6D,0.24144489959728319
CC_1C95674B902D,0.045039828000055654
CC_1C9A4C11F28F,0.14140786732244756
CC_1CA3F50BABEA,0.0905780139931014
CC_1CBF42D35AED,0.6209294563558088
CC_1CC11BEADBD5,0.11464454283611678
CC_1CC3CE396A8A,0.22491571046654665
CC_1CD2B13C2E6B,0.09399259348280448
CC_1CE0B37CA670,0.07574552363430792
CC_1CF5A99FC068,0.1345792749262613
CC_1CF71AEB6671,0.07537089447802467
CC_1CFE066F5EE4,0.16078402525732244
CC_1D00B360809D,0.06411079932955749
CC_1D1173F82F2F,0.0998922781536107
CC_1D1E06E0B393,0.16217215826078443
CC_1D2789866B1B,0.07569456797856504
CC_1D2DD7DF781A,0.2470170488158962
CC_1D313498A2DF,0.19415830660581135
CC_1D68396533F9,0.30558864542296355
CC_1D7235BA1EAF,0.16264302347213672
CC_1D7ABAF9D080,0.047424004509060376
CC_1D7FA51D0D7D,0.466863348290814
CC_1D8CFB3589AE,0.059615740144043174
CC_1D9421A6EB19,0.3234969910140238
CC_1DA0AC68719F,0.34733009116549246
CC_1DA366D588B6,0.10981446291954594
CC_1DACBFE0296C,0.10389128434412542
CC_1DBD6A716910,0.6265312274776219
CC_1DCB75B5CBDE,0.3349250373315694
CC_1DCDADBC0E90,0.47099418276265637
CC_1DD11FAF43E8,0.12753977231186853
CC_1DD8064E71C7,0.14383726123335883
CC_1DEC926EE25C,0.10924513286727855
CC_1DECBAE4FC5B,0.05482456454228565
CC_1DFF80E6D4DF,0.06463979551019804
CC_1E025C3597E7,0.28204905803282027
CC_1E082052CCBA,0.6557582488139146
CC_1E0E30441DD1,0.19186537723288585
CC_1E20E200611C,0.12906643461430414
CC_1E354C75EB9B,0.044328048733686905
CC_1E3B2C15EBCD,0.16249161012289395
CC_1E4DF11FAF55,0.1436142591111034
CC_1E4FE60DFD8D,0.7172833723165394
CC_1E5A648D299F,0.17058891488995814
CC_1E6C0A8B3841,0.6730572316070277
CC_1E7FA6E807A3,0.21964392432875765
CC_1E93F760EC93,0.23473416867552824
CC_1E99F40FA03E,0.06967620696351724
CC_1EAD09DBC23F,0.22862295661115478
CC_1EB3D53252DB,0.2451481172136688
CC_1EC889E04D69,0.09566096544049103
CC_1ECCBF6853F6,0.4901052785755192
CC_1EEC4520436C,0.1761480779443449
CC_1F2827DC99C0,0.152661702470151
CC_1F2C184C5227,0.09243614652544477
CC_1F3FA8091B02,0.11065742219711429
CC_1F4E07BFDC8C,0.05760921595907155
CC_1F4E0E9B54BF,0.0741032006436153
CC_1F55738A6A27,0.3104492226828927
CC_1F65276D0EF8,0.12248244669861723
CC_1F65C797BD40,0.050231467963958276
CC_1F668C0AE868,0.08308950546357832
CC_1F6B19A04BD8,0.05282110752448021
CC_1F945A60367E,0.45867894076875443
CC_1FAB6F11DFCA,0.6269652913057487
CC_1FACCCE95224,0.27501555707431774
CC_1FD010E5EA82,0.06610731163630185
CC_1FD2B7BCCD20,0.6865481511959471
CC_1FDAEC3D5CBB,0.10518447776911286
CC_1FDC65FE3DBE,0.12749416350859807
CC_1FE696D8A81B,0.06679276735064153
CC_20027685F59C,0.7608040164512467
CC_2009F3D77774,0.12920253041962707
CC_200C552C40F3,0.13418006028861446
CC_201459527065,0.1297612724222471
CC_20275029A688,0.08607149321369435
CC_2028DA597C34,0.20205851697763885
CC_204E557E5046,0.38959799955864927
CC_20542CFCFB39,0.04883832776563868
CC_2060F813C9B2,0.2614447562990056
CC_20813A9A7F71,0.1254286003134566
CC_208429A11E2F,0.1589440763828091
CC_208B0FE7CBAD,0.10511873679659949
CC_209A511030A7,0.040584856166623065
CC_209DD60421B5,0.07471175081934511
CC_20B26D646D62,0.1845248830494273
CC_20C47966B174,0.2395613420246183
CC_20CFE9681E4D,0.0709135070435882
CC_20D4DB0F3E3D,0.04980443538871582
CC_20DD84CE3CA0,0.11041418428592505
CC_20E57CA675DA,0.5800691090055997
CC_20F129FFBE00,0.23806681588958886
CC_20F4E0F62D2C,0.08152613637711278
CC_20FEE0B2130D,0.5844348162147205
CC_2111B298C212,0.09233232028701807
CC_211315AD7633,0.21840365701963094
CC_211504721E27,0.14615294242514554
CC_2119919BCB4F,0.7569223788063945
CC_21375C9ED931,0.23184919091093317
CC_213D2A5355FB,0.19359681406692597
CC_214B50E48E94,0.14594412556797484
CC_215F86D986BA,0.10595451309621225
CC_21600308F496,0.04270900334910741
CC_2166F3F6344B,0.1354047005456824
CC_2168BBB42053,0.12408253674265082
CC_217030CE0127,0.047933337181967586
CC_2179067B405D,0.04957380168092475
CC_219B59B67193,0.16159344345472296
CC_21A9E8DB58FE,0.17534161054950076
CC_21AE679C5E95,0.24097177738777192
CC_21B98D13174C,0.09784349154362285
CC_21C81BC15002,0.1108200294882233
CC_21C9B26CFEA3,0.09404980297923697
CC_21D22081A4CA,0.7706458342748952
CC_21D29CD736D3,0.31974630459239384
CC_21D3CEAF838E,0.15726779122172516
CC_21EF792A3811,0.613390225878579
CC_21F04E996723,0.45746061186267073
CC_21FB6C8AB8BF,0.4437417568314669
CC_22067686F6C4,0.713671102950385
CC_2207A39B7BB8,0.1223926424459952
CC_221053121AAB,0.17377423086783234
CC_222423774191,0.06769594739099527
CC_2230EFBC99AE,0.4415391225495368
CC_223BDED2A465,0.25454297343295296
CC_223E3CA7A07F,0.15608452394329467
CC_2250B42E48B2,0.12232707136455209
CC_225935E43583,0.12849848762935223
CC_22781E93CF84,0.16008153800296873
CC_22784AF3CB6B,0.4810957546363793
CC_22831690395E,0.19264806623552044
CC_228E6CBCC935,0.5994465967638638
CC_229338EBBA6C,0.08987344246481933
CC_229A63057E54,0.47590522388088347
CC_22A2D8A4B437,0.08851141396403682
CC_22ADE1EE9BC7,0.11551526913822902
CC_22B69E7C415A,0.04659993055702917
CC_22C590B43FEF,0.3012023784043942
CC_22F06379D8FD,0.03904848011488437
CC_22F282264A1D,0.11880165005780512
CC_22FBF5F0E1C0,0.23339092213017631
CC_2302088175A3,0.2514547237319486
CC_230672EAA654,0.03551823050170194
CC_230870B121F6,0.14089420444370523
CC_230A051B2B3E,0.0544722335108842
CC_2316F57AFB7A,0.08036257378892442
CC_231D091FCD1D,0.06592619693649332
CC_231FDED1781F,0.24150088556515853
CC_2320053D1183,0.08665741229315761
CC_2320AF507566,0.18918141785867504
CC_23321FF41C3D,0.2525581745249198
CC_233470D6BE72,0.6132331409412597
CC_233C8EBC95FC,0.3636988852293411
CC_235F99F13500,0.15825461593383378
CC_235FC02CA52F,0.18702142636096963
CC_236C80CAF53D,0.2080234412215747
CC_236E7222D97C,0.07456930970961648
CC_237B86FDC93C,0.0632402462300479
CC_237E7EB2D7D8,0.11364019949823337
CC_23830081EE1A,0.6128081770213682
CC_23894AAA08DB,0.5040269235869344
CC_238CBFD6E20C,0.41998185356858286
CC_2392A4A79C9E,0.043469707170112
CC_23A474D43C73,0.19707612839858107
CC_23A9CC59BA0D,0.032401895055730524
CC_23B158D8306A,0.1305206310745432
CC_23D147F1870B,0.1858159120770371
CC_23D2E73DCFCF,0.12622354069560468
CC_23D9103D1EAB,0.038056333350756984
CC_23E142182F2F,0.674138232830637
CC_23E43713A108,0.04689132767454926
CC_23EF2911610E,0.5056873685869964
CC_24056B76BD7D,0.052308606442110044
CC_2416ECE66177,0.13308905376693486
CC_241E65816FC2,0.07773553257636825
CC_241F7E97FBDD,0.061884728315010316
CC_24217201D7A1,0.31904384112347034
CC_242301FCCE50,0.050857966264139035
CC_242C69CF0B12,0.10453444576682597
CC_243B23702DC1,0.1923564303063589
CC_2456B9C796E4,0.12188862078613397
CC_2457D89CB88B,0.6484936063984774
CC_24667210E2AF,0.2332686672938598
CC_2468D206CAEA,0.05878714905624388
CC_2469630A4F86,0.3403010831730542
CC_2469D83D9594,0.04243754483804386
CC_248C65EF54A5,0.6648192706528183
CC_24BCCA7941E8,0.09258814674744814
CC_24BDC1CE2A3A,0.20199699942851876
CC_24BFCCDF957C,0.04578451715758082
CC_24CC8A1B1CB7,0.13124893788517636
CC_24D4B1852554,0.2185804031009819
CC_24E65FA5A32E,0.15456976745283962
CC_24EF3EDB6857,0.057900490573805
CC_24F15A19D648,0.1802562563691987
CC_24F2410B5A19,0.1575943215118279
CC_24F27E7DE1C6,0.4719075046489748
CC_24FFFD0C983B,0.041038053829298655
CC_2504E9D5D5E4,0.16259492536821923
CC_250F6A0DB62D,0.06920679077374008
CC_2520E13DF0A2,0.7382595221083786
CC_2539C315029D,0.26776050431761966
CC_25519ED78507,0.20329621642252876
CC_255D49296DB6,0.12151692479090917
CC_255DC60FF5BD,0.05129131967434353
CC_2563C9EF9D55,0.07478320657951111
CC_25756EB9651F,0.12757851890636798
CC_257CC46D379B,0.4426858224809813
CC_258D5F80A933,0.6949736928839793
CC_259D87270257,0.21125560973316906
CC_25A41AB21C94,0.24707360320520175
CC_25ABCDCC8B71,0.11631968540293226
CC_25AF0D0569B5,0.0707909662603724
CC_25B61D393144,0.15797960699390423
CC_25B95D7288CB,0.39314545415676266
CC_25CE2F2F13BE,0.21984032116109956
CC_25D1A5971976,0.3959958710075363
CC_25D411B46F00,0.7460569667049127
CC_25E7A2DC5E41,0.06689335780786039
CC_25F4C8E51AC2,0.5252877801720407
CC_260323EFB122,0.5944569264335606
CC_260F10484312,0.05439832627878659
CC_2610D0F1D0A7,0.17497226615659922
CC_2615866F35A2,0.11967573458017622
CC_261DA4E8DBEB,0.11355972165810058
CC_2628F00B0745,0.3744793847208321
CC_26338E9AD15F,0.14150952454640967
CC_26346B99BDBE,0.6619405420668528
CC_26351DBC1AF6,0.13662492572896834
CC_2637397AA3F3,0.6018452579612706
CC_26675C32611C,0.7026720897849505
CC_266E49E49071,0.19837553866121363
CC_2696368A4DC6,0.03901730011305883
CC_2698641B68A5,0.120987193218695
CC_269C5AE6A1A3,0.6611472535465869
CC_26A06AD1206C,0.7616565630588541
CC_26A358B0C10F,0.1867056851798131
CC_26B07CB02EA3,0.5948969732289899
CC_26B638BEA8CE,0.12414637628554064
CC_26C33B649FC9,0.0725806690528383
CC_26D5B969A36F,0.3658524762776668
CC_26E3A1226C2D,0.14416203237192976
CC_26EEA3F0224A,0.24441089320647502
CC_26FA5E5A718C,0.15764232318473223
CC_26FE119D4919,0.07033296508902982
CC_270B462BAEF3,0.038926888373987535
CC_270D929FEA9F,0.06374561768335307
CC_2731AD82BA11,0.14165921250140925
CC_274144AE3E86,0.13069175482423262
CC_274AE6E82879,0.15637992465997425
CC_2757A490C5E1,0.08975296131516187
CC_2766F6011BD0,0.38098340117935503
CC_2768E644C697,0.054868057717381305
CC_2770DF70328D,0.07527417070668291
CC_277503968C44,0.5700311754060747
CC_277CE974AA8F,0.2980098073537926
CC_277D246E39B9,0.2013503925429085
CC_27A1CC725B7A,0.06828567965799276
CC_27A798829CA8,0.7340072148248026
CC_27C938FC8DC6,0.44522879089577555
CC_27CA2D819E7A,0.056597924159616106
CC_27E3712F0E38,0.13879722656917537
CC_27F3B3F43FF9,0.04478794510018412
CC_27F9832EAB8A,0.4700344022100515
CC_2809CC131F3A,0.6722888977439182
CC_2812523510C0,0.15009794874461607
CC_28151C75756D,0.04873957995783581
CC_28203CC976F9,0.10069808511690033
CC_282AFAE06F96,0.07814413634822466
CC_282C2404F4C0,0.06971176486749318
CC_2834BA2F19FC,0.18742039371415425
CC_28432E22F47D,0.5917567173029289
CC_2844882CC439,0.05018678182950636
CC_284F79726032,0.36997038813924404
CC_28544783AB15,0.47059234048181625
CC_2856104729EA,0.716532129195823
CC_28625CD86761,0.18572599391668743
CC_2866BDB46FB1,0.10191101365555251
CC_2872415C6B36,0.0767234599727427
CC_28752737647D,0.6077912329699906
CC_2875C281EE88,0.053137977209863387
CC_287E3E9EDAC9,0.07918402262896339
CC_288A2C49D62A,0.05419098001534766
CC_288FA8CD819C,0.1609044536464727
CC_2891894CCED4,0.0812254736128265
CC_2895608A9699,0.13281081477390402
CC_28A2EF7926AE,0.6421188042158638
CC_28A7DBD2B710,0.18400381472931499
CC_28AD81DF2C51,0.12146892556489917
CC_28AEC29CEC25,0.12632114300544092
CC_28C1C3DF7928,0.0945810216485245
CC_28CA76962EC8,0.187473510860433
CC_28CD47803B6A,0.07021223581521581
CC_28DF569DBBE5,0.08020444731615141
CC_28DFE611C657,0.08531356293701571
CC_28E11E6A6C8D,0.177765228035406
CC_28F58ADC7CBC,0.11635301418836928
CC_2916479EBC84,0.13685177904716517
CC_2917C6CB0B2C,0.13283045529134868
CC_291C7830D4B5,0.37745316018900193
CC_291FE1744E5F,0.07693930130883
CC_293124F1ACD1,0.13338236770687867
CC_293C2D704AA9,0.3122716630651468
CC_29432A6B2555,0.11931119317134589
CC_2944B427406C,0.17901366667898144
CC_29468B7035D6,0.11081680839944023
CC_294A9A24E473,0.07270161848361528
CC_294B94EB0E07,0.23939225726236715
CC_2967C29E4C3A,0.13028471783791384
CC_29716D5835F4,0.20192270491664274
CC_297179FF2BCC,0.4277649766627308
CC_29803690C939,0.21671629812493537
CC_29821539DC4D,0.1493841628091479
CC_2983C1D2A273,0.15027245654338334
CC_298CAC5A1868,0.6175763447555169
CC_299EBE0FB429,0.14961836219627558
CC_29A1C0073882,0.42562738959358415
CC_29B6065F187B,0.3909282151358658
CC_29BC66C10F87,0.6492366327120143
CC_29BF3C3D9682,0.1871863080551645
CC_29C4425FB2DA,0.18482420602231375
CC_29C5D0D72D61,0.1387682295250807
CC_29D65E313500,0.11545778668384686
CC_29FD856F47A5,0.7301204613463201
CC_2A097F88615A,0.08727262028808516
CC_2A0CB4CE1A48,0.2002081118351081
CC_2A14C1652D6D,0.20935655305009626
CC_2A1F96F80938,0.1562022117432728
CC_2A23F71805A2,0.14184342262162875
CC_2A2BF2FD0498,0.15360172043196918
CC_2A358A1D3DDF,0.6487117650498376
CC_2A3E371F0DAD,0.22415958524340315
CC_2A423FC8A330,0.3174525795927188
CC_2A43368D54F9,0.4604517659723421
CC_2A47A21C0E07,0.6693087303790708
CC_2A4CB02E7A1E,0.14077120248572675
CC_2A510080BA29,0.16450393166622584
CC_2A5316E550F0,0.09014544867805835
CC_2A59695EF90A,0.5807267155217648
CC_2A606D00CC46,0.07288557073902466
CC_2A6C69145AE0,0.08202421832888504
CC_2A6CD71471A6,0.10890560109876471
CC_2A70D6EF64E1,0.0776582885430152
CC_2A844754AE67,0.6468963972628708
CC_2A85A7B242FD,0.1670686299220284
CC_2A9A51067D7F,0.15776234638351166
CC_2AAAD4020436,0.2137030360168181
CC_2AB62BCF3704,0.08097893186958058
CC_2AC1C8DE5649,0.12167871329623597
CC_2AD10D78793D,0.7326673310337971
CC_2AD26446A7AE,0.041471025868433445
CC_2AD2D35975D1,0.07739901957580787
CC_2ADA07B0211F,0.31224359344634106
CC_2AED2D284351,0.32077190907244024
CC_2B01FDE2552D,0.2405860472139747
CC_2B06DDFD7F8A,0.07688910399677269
CC_2B08FBC0A948,0.1749771613067043
CC_2B1914218468,0.761925574060005
CC_2B1D93E12DC9,0.22566293744453472
CC_2B248C488918,0.08259586014024954
CC_2B256891C60A,0.5977979068031793
CC_2B2801591A25,0.3562018785498407
CC_2B2B7CF1E40F,0.10544112544397757
CC_2B2F4204834B,0.2040735331737095
CC_2B5443C7AB87,0.07174324941774421
CC_2B5D780AC244,0.6457298838887917
CC_2B64E67CFF13,0.059794162267786964
CC_2B6B872C8D21,0.0743539503742429
CC_2B85D931F011,0.10139957485168272
CC_2B959EF030DD,0.17056128576495697
CC_2B973D1AC16E,0.13550631592431608
CC_2B98983C2687,0.05500942149998217
CC_2BA581E7B8D2,0.10055063790144923
CC_2BB2C432C369,0.10040724363173233
CC_2BBE19587CD5,0.08395127277214495
CC_2BCB838A9581,0.1453435657566011
CC_2BD0E9336EB4,0.08184032574316517
CC_2BD1633FD528,0.09055307530574866
CC_2BD58FC8C2B9,0.0442962723173114
CC_2BD6083CAB0B,0.7934664581158686
CC_2BDD47B177E5,0.7995696380150306
CC_2BDE889EB05C,0.2844802274135399
CC_2BF8DB192A49,0.6280672871928613
CC_2BFDF46F3AC2,0.15515202357913518
CC_2C00CF2FAE22,0.12533044143314745
CC_2C06DDBA1073,0.3567566133620495
CC_2C16C7838FAB,0.8026123777196685
CC_2C263A1A732C,0.19343828293937132
CC_2C34105831A6,0.17217185721444628
CC_2C43FFA06F31,0.08987916290543727
CC_2C4DEE4CA1CF,0.061039272170143495
CC_2C56DB55E40E,0.08993648611021324
CC_2C59F565C183,0.1400107341811233
CC_2C7F54E56925,0.1647431115568804
CC_2C8CFCC646BE,0.042380715277940115
CC_2C91AB1DB754,0.061608064615705685
CC_2C93356976AE,0.40076805758725975
CC_2C9DADC294C8,0.06184825829860975
CC_2CA94231028A,0.2445720031317735
CC_2CC8CB17283A,0.1688418365897865
CC_2CCD42AA2376,0.11283647162706147
CC_2CCFE560A79E,0.07350161910261031
CC_2CED227E5216,0.10478138493161102
CC_2CF326E90715,0.046704748569947795
CC_2CFEA03CC6A0,0.6624188472169438
CC_2D1D032137DA,0.11807049738357192
CC_2D258781011B,0.18743563801758276
CC_2D30260A1CEC,0.2012191772851046
CC_2D35C002A9F1,0.12769784273304968
CC_2D45DEA4EB25,0.1410643120290217
CC_2D5494C13FFA,0.07242048164450429
CC_2D5EA2953E81,0.1843361348879518
CC_2D6E7894EA16,0.644715830197678
CC_2D7DA36360AD,0.2139880137218922
CC_2D7DFEACA38C,0.2922978502427325
CC_2D836654A121,0.1524549563694492
CC_2D9CDFC6C57E,0.7344210357709701
CC_2DAC67585B03,0.18554015063978807
CC_2DAE338809DE,0.2669864306824021
CC_2DB062A18C75,0.5216141804769547
CC_2DB2C55CF89E,0.7804779355262262
CC_2DBCBF870292,0.043025171662327534
CC_2DCBC03B4FA3,0.7299245623505255
CC_2DD78131B5A1,0.10551162976829735
CC_2DD7BCA75AB9,0.11471853124071492
CC_2DEB49017220,0.09796881068016937
CC_2DF6C71ED372,0.14741110689373185
CC_2DFBFA1A4FE8,0.16695070562248604
CC_2E12A41F7733,0.06985859404699943
CC_2E1A348EB1E6,0.09567328110081158
CC_2E23CB0F6F7B,0.371500255035522
CC_2E3634587158,0.052024738984291836
CC_2E3F4B14D8DF,0.35504754625885837
CC_2E3FDDBF4F48,0.18876055764478997
CC_2E61C46BC16A,0.17933361118796745
CC_2E62AEB14351,0.29397412121290917
CC_2E6F1C0ADEB8,0.1521052693786013
CC_2E7415FAB62E,0.08284395697038943
CC_2E77F7444FDF,0.043947219554428735
CC_2E78431BE3DB,0.0730309319473784
CC_2E7D44FB8075,0.15830922790651863
CC_2E7D8539BDA6,0.3561243793077312
CC_2E7F248874AA,0.7297218514010195
CC_2E85BB8F3BB5,0.09266952950862252
CC_2E8897E4D9BB,0.2968076901795009
CC_2E8CCDE89E2D,0.246206991180993
CC_2E927D910813,0.1400117997199765
CC_2E9891F5A2D5,0.1088722801310485
CC_2EA56A7EAC04,0.2932855684198863
CC_2EB45D13B248,0.11193442518889968
CC_2EC924B0EAAE,0.10407717383570898
CC_2ECC248C96B7,0.050117136946751406
CC_2ECF0C98B06D,0.4027626064431552
CC_2ED3F6481454,0.14160559527340388
CC_2EDDF0B40ED8,0.14165353424044658
CC_2EE2A139642B,0.14401192682625658
CC_2EEE072DA301,0.20912241795241257
CC_2EFEBB85DAEB,0.1434392069461209
CC_2F133BEFAA69,0.11206460144394931
CC_2F1AAE3B81F2,0.07701378462956238
CC_2F1BC47CC90E,0.05204682576394791
CC_2F2128FBBDDC,0.1677912646920539
CC_2F3D3342834E,0.06323820257922541
CC_2F42D39F710B,0.626496279780287
CC_2F4AFE398419,0.7090594117347598
CC_2F4C24B38EE6,0.06361891300813995
CC_2F508C0838A6,0.08283753869875003
CC_2F50EC193942,0.21038372901571237
CC_2F5BD03D4900,0.07377417667764302
CC_2F73AF6728BC,0.05720891435987769
CC_2F7EBEAB9CF2,0.18205472590961996
CC_2F9AD2BC25F5,0.05693176226182533
CC_2FA3172ED3FE,0.7064406587100354
CC_2FBEF8808F48,0.17414816150860174
CC_2FC014F0EA3C,0.07770772667588637
CC_2FC3AD2EC986,0.23240433560228577
CC_2FCC82AC097C,0.22164380167412162
CC_2FE2ED7D464E,0.2530641232895298
CC_2FFCC9802D2A,0.18719743729424523
CC_2FFE32627DF8,0.19447250945904765
CC_300BEA90EF3F,0.14873811776282844
CC_3017B64D0364,0.20082409630144152
CC_3017E5E87C94,0.13126546198670766
CC_3028375CC87E,0.7741445696246436
CC_302A48CFCEDA,0.07639605610464613
CC_3031F96196BD,0.45121638243911194
CC_30328ADA0AE8,0.08710592449166875
CC_30451015D913,0.036155782255167745
CC_305D33AC15A9,0.7399010940171672
CC_306015CFB66A,0.14652525938259608
CC_306413849CEA,0.3785124742643163
CC_306EF0BC7CB3,0.03704115146250988
CC_3075C5B861A8,0.11952352759629321
CC_3083D9B76858,0.056727247853949926
CC_3096994A495B,0.20687672228052179
CC_30B106BC1657,0.19646047339426578
CC_30B967417C42,0.18414721667395936
CC_30CABAFF5453,0.10164606582676573
CC_30D68208FB23,0.3553072247419333
CC_30E2A90BACAD,0.17687530716706126
CC_30FFD856443D,0.5716798453945758
CC_311EF26786A8,0.084227276712526
CC_3129843EADE6,0.7427826806619514
CC_312C34EF683B,0.05235605483314189
CC_31302B64C078,0.11605254291214719
CC_31344A25B569,0.03884726559395958
CC_31397A399AD5,0.08446893540383535
CC_3145B5EAD7AE,0.20683379368577967
CC_3146EE0BF81A,0.11817362800773495
CC_314D02632843,0.23162947312755863
CC_315133406E42,0.2817883748356433
CC_3180D1C6FB7E,0.18534350789633575
CC_31827EE8A968,0.2893356126379545
CC_319BE06CC27F,0.04137481829744017
CC_31A0A97AFFCC,0.43249353951871594
CC_31B22116E36C,0.1625012392073228
CC_31C78D9B6494,0.36928741814165766
CC_31D3FA367B41,0.10815800052054843
CC_31DAAB3E6DA7,0.15243541386215337
CC_31E36F666FB7,0.07531177658301491
CC_31E72EA14FE4,0.13858783532525784
CC_31FC6DC9482C,0.21547348861474788
CC_32076DA6AE23,0.1565802200811701
CC_3209FA12D938,0.31372602001507643
CC_320E17F947CD,0.41217074046054947
CC_3223C706DD92,0.23134202031650855
CC_322EFB2E377D,0.09424381091157788
CC_3248EB928073,0.08870163722159882
CC_325D5DC52B1F,0.09929881750308614
CC_32662A6DB78D,0.1644185256120017
CC_328DD3BA068A,0.2556387594982247
CC_328DF7798F91,0.19387835239683623
CC_3295CFEB188B,0.08506865270218744
CC_329DC79286ED,0.622469487912048
CC_32CB77D55C73,0.12277634115373741
CC_32D129B9E651,0.0966499687548111
CC_32DB12551D37,0.6625753871039647
CC_32F00D77D5CD,0.10424239415156664
CC_32FF5F6892D9,0.19820629480432944
CC_3301EF60877F,0.15126759505248277
CC_330F334BD816,0.11377833251106144
CC_331285B3494C,0.21677912353012643
CC_331364283D5C,0.15275614370122206
CC_331718E0F54F,0.15908960936124866
CC_33194D48FF66,0.09871510938144792
CC_331E8B8BCAB8,0.07924001122290002
CC_33254134ABA9,0.7858648028249731
CC_332E42439579,0.08424791118188794
CC_333102AB964C,0.14592410483890547
CC_3338AC0E8112,0.2557059862997006
CC_33656EEDE6F2,0.44463843713217144
CC_336777D934E0,0.4872622518215848
CC_336DBFE464D1,0.5145548061548977
CC_3382BB2F3152,0.15170505405370532
CC_3387207793E4,0.048142960336986916
CC_33992C973839,0.19256431233524426
CC_339C36703675,0.10423390106021865
CC_339CA5814519,0.10883789081553076
CC_33B157F2A921,0.09453878311566265
CC_33BBD10F239D,0.06485605946659194
CC_33D3B12EE56E,0.08964595748094285
CC_33DB68EA27CB,0.0973768032376261
CC_33F0B95E70CE,0.2314577310181657
CC_33F40275D630,0.052877299887239666
CC_33FD5DE22692,0.07919811911709829
CC_340961106343,0.12235521617264913
CC_340BB1F4CEF0,0.13350558589208436
CC_3410B11F1FA3,0.21854134045754584
CC_3424972707B6,0.6293799409942676
CC_34452758A645,0.03709919657332733
CC_344D239879D6,0.13470678691210894
CC_34503B6891CE,0.1979638572670159
CC_3451722A3813,0.09010298698114368
CC_34517B513D8E,0.49752296320610245
CC_346ECB4CF2F8,0.11222368384839575
CC_3478E8B6B56A,0.06206792846429697
CC_347AFDE16722,0.0909589238346875
CC_347B1A01467F,0.04962483852713601
CC_348AA62FF484,0.3298036460163582
CC_348D3F098A4D,0.0789375479444776
CC_349290E4D0C9,0.16275905035840998
CC_349347D553D1,0.26081012964234296
CC_3495CE27BB05,0.21446582011608448
CC_34B10A654721,0.15231696794987726
CC_34BD2C5130C8,0.13685548637461523
CC_34C433439160,0.05139635239325941
CC_34CA271F73E3,0.3076013107615626
CC_34CEBEA3B15A,0.06553900424609825
CC_34E58CF793A0,0.16247463686650504
CC_34E6909B6027,0.5751736210946847
CC_34F4292A8B5C,0.21351832680786031
CC_34F6DD223594,0.047663770467965966
CC_3508A7A5E9EB,0.16744235728501547
CC_35094977DD75,0.12662944042002117
CC_350DE157CE6D,0.18071373018328638
CC_351BD5C2EE8B,0.03296826792839569
CC_35486249EDEF,0.20938120677829644
CC_354C9ABE6DDE,0.07103284672147635
CC_35578162927A,0.1371342013877602
CC_357C3E7518D3,0.7494783231379567
CC_3584C15BF11F,0.050787203614179294
CC_3588C5166872,0.07939707802859548
CC_35A68306B19E,0.2579677578432432
CC_35BFB3093D02,0.05352023462487386
CC_35C085ED37BD,0.5036506234611621
CC_35C695C13279,0.08135883385881924
CC_35D1668A4C13,0.24051184484495886
CC_35D27495E0CB,0.7919015534305297
CC_35D562E1DBE1,0.6415962267828498
CC_35DCDC74A757,0.49955892176492583
CC_35EC2AB1D1EE,0.13966271756639287
CC_35EEB90317B9,0.5935318868032322
CC_361A9EAF7706,0.23836141525179622
CC_361B968FEB98,0.3056214502009492
CC_361C9FA031A7,0.7870212073283053
CC_3620C5D1B3E2,0.057124838303607754
CC_3622D7221940,0.06321600592293154
CC_363175E92F74,0.3223976158949659
CC_3638C9146BFC,0.1360134096501904
CC_3643A4C7EC5C,0.05438516130252785
CC_36690A9AE112,0.7340142285629806
CC_36719170F638,0.10341651790363178
CC_3673466BA7A7,0.0907805947157229
CC_36847054DF52,0.38292916353550555
CC_3691CE792752,0.760920192366362
CC_36A27FE53743,0.5115558736741985
CC_36A3FB06D1D8,0.7868969442598636
CC_36B0F2AD5413,0.062362964248994304
CC_36B1B7BF5F75,0.15996990937349964
CC_36B68E66951E,0.37785070000934395
CC_36D3F09AD810,0.48468054862751503
CC_36DBD8424220,0.6009405229537385
CC_36E5645D8018,0.06651126805897854
CC_36E6592E4E23,0.1493736995320536
CC_36F143AEC864,0.1179034254006828
CC_36F2A735DF73,0.15142879808345736
CC_36F81C003E8F,0.05071999680914111
CC_36FCD55EE425,0.4878876191897212
CC_3701D5DB7FA1,0.08890853848855372
CC_3706E1EB2587,0.5263050929323938
CC_370E0F8EF86F,0.5536395207239458
CC_371D47444D5B,0.7052917035430638
CC_372CFE308EA4,0.6297568413286301
CC_3731D90357A6,0.3080068410070946
CC_37322F66C543,0.04435328059553087
CC_373539DE38C5,0.13236764624321518
CC_375225700242,0.37577974775357875
CC_3762D0B6F3C2,0.11736158190608445
CC_377A277E831A,0.15512725837401403
CC_377B6066B91B,0.24299948857040762
CC_378D71726B5E,0.0709421760860626
CC_37A46BD0DCBF,0.046364205580923946
CC_37B447368F02,0.737859427980539
CC_37BFDFE369A3,0.2302683267687596
CC_37D09FE492BD,0.07674832056720085
CC_37D3F4C07235,0.2427235657664526
CC_37DDACE48E3C,0.1337477498017091
CC_37DEF85C0A37,0.33865675367756926
CC_38020CED9EEF,0.08569774100535113
CC_382207621EC5,0.7879717997969446
CC_38374AB27F95,0.10055800127978413
CC_383A5544DD5C,0.1310704517598106
CC_383C129A5B96,0.24888602223498116
CC_3847AAA649C7,0.10952796953087444
CC_3849D992C1E3,0.07984075019411135
CC_384BB17F0F0B,0.5868975535069789
CC_3851177E5E76,0.06976126947799782
CC_3862F88850B8,0.2732333517459287
CC_3867CFCFCC94,0.22973355734135945
CC_3872ED018F85,0.17487604863909267
CC_3881A587C072,0.12655539942170066
CC_3882F8EB5EEB,0.593947949583602
CC_38911341EA6C,0.08528061241799224
CC_389E5B71E254,0.5569653062116876
CC_38A0DBCD3728,0.10316397935951474
CC_38B3E9142747,0.11882266652230541
CC_38C1B8860300,0.05439425332462646
CC_38C8CF250B60,0.03324365892949247
CC_38D32B790B4A,0.12400216482873033
CC_38EB304A9915,0.18178781097077695
CC_38F26461C872,0.7277987855983775
CC_38F942257E28,0.5415360892410054
CC_38FA5D78A8A7,0.04942487042920749
CC_3903D7BCCA95,0.07367566279500586
CC_39043D7ED04D,0.21493238904628229
CC_39098B256732,0.06114440620794943
CC_3909A2E4C679,0.14496578111982195
CC_392344DF8D55,0.3188517320736876
CC_392628C8AD47,0.07708325773574898
CC_39285F4C42BF,0.3743027194950426
CC_392A376EA1A2,0.0889631867003459
CC_3932E086F150,0.15011533859400225
CC_393D1D3640D0,0.06326061640890017
CC_3943B3490B49,0.685937350509819
CC_394DE164DBCD,0.12666702098704738
CC_395600E84A54,0.12310958879616657
CC_395D181A7E1F,0.09121726514678054
CC_395E8CACC437,0.13092594436881588
CC_39635AC6A70E,0.0551318570907896
CC_3969352E3ABC,0.09509320532837932
CC_3985C0DF9CB5,0.5383273679892538
CC_3989F2C6A9F8,0.20726779844135224
CC_39A82672A1B2,0.07408598481622923
CC_39AA15DAE17D,0.6538456224381252
CC_39AA2A3D98CC,0.03853999538774669
CC_39AC257B00C5,0.10247613836285227
CC_39ACC63CDAEE,0.10850728267995267
CC_39CE40784C2C,0.2238388807601462
CC_39E1A306D418,0.14306562434302175
CC_39F2B11C46D7,0.10311883478229684
CC_3A10F5F50A27,0.04773202284857424
CC_3A27CF9D162A,0.5504983139960281
CC_3A297424A7F7,0.12112637596600143
CC_3A39F7930BF3,0.08609386052090501
CC_3A57566F9977,0.5508749838003695
CC_3A61121254E6,0.05506867085041605
CC_3A81C568A7F8,0.16057537565745394
CC_3A82E7050A4D,0.05015172576302487
CC_3A860AADE6CE,0.1599512668420997
CC_3A8B3FC29C9E,0.11510577640545207
CC_3A8E9056A5A2,0.08942644820600226
CC_3A9617A5777D,0.4302701795572245
CC_3A99D25777CD,0.13654478124444008
CC_3AA9E8D01340,0.5579976088895487
CC_3AAEFC09C290,0.7414338152174196
CC_3AB5E579843E,0.24888285197079926
CC_3AB77A30AD40,0.1989939697214443
CC_3AB7BA36A414,0.29942172086329316
CC_3ABA830A5BB2,0.1120278336686371
CC_3ADDDA550A57,0.11208392702369328
CC_3AE7B1151DC9,0.136606141347908
CC_3AE9A209EE00,0.05268259951805519
CC_3B06FCD75C98,0.054530192462090635
CC_3B0722FB5E8E,0.27573628187337584
CC_3B1C51DD7429,0.17523991663527436
CC_3B1F4696D710,0.5803124774287617
CC_3B224413A072,0.23720401888871465
CC_3B35C3783CCD,0.23100775005802085
CC_3B3626F3DF9F,0.2041842861885072
CC_3B4405C7E486,0.5625429296885579
CC_3B4C4A9C9D99,0.3382476726488907
CC_3B72F0E9E3F8,0.199801020797086
CC_3BB02A95C6C1,0.719951671133339
CC_3BB8B675C2BC,0.4378002212787601
CC_3BC51B069218,0.12890213483700338
CC_3BCA5BD201AC,0.14981759624760616
CC_3BCAC9793441,0.2882691417585292
CC_3BCBC867AC4A,0.04234007406343997
CC_3BE51412ABE7,0.4043320491543448
CC_3BEA98B401CD,0.6511197091196693
CC_3BED6DF1ABF1,0.1632576830710101
CC_3BF0BF7CF827,0.8238233514206553
CC_3BF110035599,0.6362124881151059
CC_3BF213810DEE,0.6446982579621615
CC_3BF21CA88D3C,0.48360968266179316
CC_3C0E29764C71,0.07470575096472827
CC_3C19509D4636,0.1572837112862513
CC_3C1B038BB068,0.1677887919844036
CC_3C594CADCA2E,0.20401646451991642
CC_3C5D909498F7,0.6396828564635441
CC_3C68D5179A01,0.0993173427127019
CC_3C83955704BA,0.7792674420218886
CC_3C93218F41B2,0.36083082008022566
CC_3C9CFC8FB4D1,0.7385072655105276
CC_3CA266EB55BE,0.11392970170010744
CC_3CE49C937F7C,0.10944160308807649
CC_3CEEB9C04F0B,0.3852730636889914
CC_3CF504AD4DD9,0.0801235329628586
CC_3D1092DBC5C2,0.21665708640838163
CC_3D185833E7BB,0.0552670972542203
CC_3D2309981121,0.3319132090991558
CC_3D27A0086AA6,0.1842174614839675
CC_3D3BE7D0F4D8,0.1088450142701701
CC_3D412B5EA919,0.09902619332027174
CC_3D47650C6F30,0.08076031165446797
CC_3D55D1FD8457,0.050996193389236465
CC_3D599501BA76,0.07220665326742154
CC_3D6181EE3C87,0.6522035036654606
CC_3D65CC165F44,0.15032716992486428
CC_3D6CF6DB8014,0.38363908217901654
CC_3D7C14801D40,0.17628306622050718
CC_3D836BDBF866,0.612600806985321
CC_3D8DF3A3DB71,0.7540495540162586
CC_3D9309851089,0.1836542098240221
CC_3D9ECB4274C3,0.11992688235330473
CC_3DC8A9A92802,0.33740133234659037
CC_3DDD3813D1D4,0.09334158200561961
CC_3DF3FFB3CFC7,0.13783769763461606
CC_3DF88701601B,0.14721723726993116
CC_3DF91A482CFD,0.3226307552256504
CC_3DFD6349D046,0.6010669258832898
CC_3E0D54125AE0,0.19329964266265395
CC_3E10CFE1DD57,0.05403836375660861
CC_3E13CB98572B,0.13212099141772837
CC_3E142C8ACA6F,0.09076931949274901
CC_3E1BAC4E5B90,0.05671200938440962
CC_3E2DD0D1E2D8,0.13915139471618745
CC_3E403BF08A45,0.10747832496933674
CC_3E46368104AE,0.10113506113751315
CC_3E48A086B5C7,0.2802214598027924
CC_3E54451B0F6D,0.08425839343226686
CC_3E6335ED3F4F,0.0899129321762484
CC_3E87A65C50A5,0.1555907523210772
CC_3E91109E2090,0.06181887434222889
CC_3E92A1EDA618,0.23170386053528594
CC_3E94684FE270,0.5167394225980338
CC_3E9DB402F352,0.17009741432405331
CC_3EB5A15A6C04,0.7945781375033556
CC_3EB8A9A6C49D,0.118581773544816
CC_3EC96BC884F2,0.11599492116498533
CC_3ECA9E44B90F,0.24436768145392182
CC_3ECE4EF16A44,0.1953950815719367
CC_3EDDB8E70F57,0.21052452324006424
CC_3EDF137D0E1C,0.14224494364413792
CC_3EEEE844410D,0.3600572215646257
CC_3EF4F348C967,0.1259231065107162
CC_3EF91DD11A81,0.1470998599623588
CC_3F08C55E7A40,0.20955849896043038
CC_3F171CED0CFA,0.03566916669487568
CC_3F2544EFA753,0.11129823023078064
CC_3F28F3286CCA,0.07894305972267004
CC_3F379CB37B0D,0.1803705882763646
CC_3F42D798AB1D,0.6507834131242112
CC_3F48724540D5,0.17395383065640738
CC_3F68068E2D5E,0.1192161939981884
CC_3F7FBE71B77F,0.07326273027292342
CC_3F80017B8599,0.05933086564342733
CC_3F8B17953200,0.07079584127040064
CC_3F964BADC4BC,0.7198628357588043
CC_3F9767602FCB,0.18878305370471882
CC_3FA84F0B23CE,0.06289216439626144
CC_3FB4B189143F,0.15564739353534693
CC_3FB7C976EB26,0.4554375313114293
CC_3FBCEB2F36D5,0.1216321657513688
CC_3FC4FE843245,0.11969304243424557
CC_3FD52E32FE8B,0.6570083688966688
CC_3FDB44EC6254,0.05596096846807508
CC_3FEFBD6DC62F,0.21916704904356243
CC_4005466D00ED,0.3113074843874168
CC_40095FFBC1A2,0.06059058013173989
CC_400F1887A662,0.11619703029174126
CC_40133FF3069C,0.103888617556697
CC_401C6F0EED5A,0.1132432346640317
CC_4021AD03FA01,0.1536491920892201
CC_402E91F3A56C,0.1178035163652808
CC_403754B6988D,0.1030774645462348
CC_4052DFCB1656,0.2233937166935489
CC_40579C5C13D5,0.7810084015012303
CC_406937FF97E7,0.0926389519906436
CC_406C4233347A,0.21568999389767435
CC_4073E42E11E4,0.1756353331766547
CC_4077BB12A5F4,0.09674827924818973
CC_4077DD5B5C4F,0.13416170365797792
CC_40824D899215,0.07779927902473253
CC_408D79189FBF,0.3142773646068992
CC_40A3F1D5EA0F,0.3328735530861888
CC_40A852A592FB,0.12037760179210011
CC_40AADA91D560,0.19473296665386136
CC_40B39CB2CC58,0.04122583175178226
CC_40CE2030F058,0.060489763994263625
CC_40EA2F8481E8,0.16071464950422415
CC_40EFD7778F98,0.1358162360219863
CC_40F278D49681,0.25301472976276085
CC_40FFCF631F19,0.4011981163722812
CC_4101D1B82788,0.22433326592904024
CC_4109B79A4B06,0.03815667830462013
CC_4119348F051A,0.12020251682654585
CC_41206EE45803,0.07723538983066294
CC_412DF740DA62,0.15093198304766173
CC_413AB4CA7451,0.08578465069136454
CC_414C06C60FF7,0.6896424374031678
CC_414F50748A51,0.06538090305968873
CC_415C65EA66AA,0.05480883700220181
CC_415CED95F7CA,0.1427482577769023
CC_416584250060,0.11048167932498396
CC_416B3A1F0F0B,0.08185963799512086
CC_41735021FC7A,0.2051733300681279
CC_417858CD20F4,0.11675556854133398
CC_41902EFB3974,0.04983251970940184
CC_41A27790EFBF,0.1316583813678942
CC_41A4A223F39D,0.10125013308948912
CC_41B464757ED6,0.1159131860655885
CC_41D1A87E1136,0.46580623455056297
CC_420FE297808E,0.04109114420492937
CC_4211096D5588,0.17948363360144204
CC_421F4D78128B,0.458833700915861
CC_422F2780C85A,0.3383861505355189
CC_423B0296BE24,0.07511746190842436
CC_423E78000AA5,0.1669238801359104
CC_4246081DD359,0.10228741785203294
CC_4249EDF2FDCC,0.806816626746676
CC_42568C67F412,0.4035654518310561
CC_426A25EA9E21,0.7004818727975586
CC_427ECDDEECE6,0.2981965148390467
CC_4289EEC8F0A2,0.18320227658851648
CC_429A7158AD07,0.11764876648959713
CC_429C51AE729D,0.047339203990690734
CC_42A0DE1E5E80,0.08775745473569432
CC_42A7D0F5388F,0.0859816453105329
CC_42B23C8C9F66,0.16500280329354694
CC_42BD3999AC3E,0.28530080570162614
CC_42C95B199130,0.41760999526716985
CC_42CD6CE97523,0.431753627960933
CC_42DA114F12A2,0.27070057755462495
CC_42E2736AA331,0.17321632252733035
CC_42EA825C351B,0.46851765726400607
CC_42F1B2B4D258,0.5146671833858117
CC_42F4588EB38D,0.2897751478152832
CC_431F29A12E99,0.18660669069350222
CC_432EB78A198D,0.2286150568130139
CC_43383344BC72,0.17482406222927857
CC_4339187DD10A,0.06770042890569862
CC_4344A2E7EA1F,0.49198276197519436
CC_4347468ABE51,0.5652093037027668
CC_434894BC2577,0.0645972433225234
CC_4362DB93FC92,0.08208624355045659
CC_436850DDC704,0.13871044498214943
CC_43698E2EEA0A,0.1065595879377294
CC_4387F73F131E,0.11055614883216354
CC_43A33C994C70,0.36866046779879497
CC_43ACD82B5514,0.3079173603965635
CC_43B37131B8FA,0.20956315547799004
CC_43BFCAF8BD20,0.15362597597596836
CC_43C060E01266,0.20845491831856588
CC_43C41AF27375,0.059509231801014785
CC_43C5AFA48B93,0.08959030019745104
CC_43C767A44C55,0.1946406229760283
CC_43DECAB53552,0.050283028207777844
CC_43E6D931158D,0.3650743017726727
CC_43E9F88019F8,0.0677489240926015
CC_43EBD6EBD675,0.07832447353092978
CC_43F81C577002,0.3362702163275131
CC_443C4E041687,0.07584559538588613
CC_443F63BF238A,0.10181120021908661
CC_4463776F9AA1,0.11535417846959714
CC_446F1EDF03C8,0.06709405971338421
CC_447BAD4F7820,0.8363563681435581
CC_447D02F917B5,0.06078909571218406
CC_447E705746E2,0.15939843226655404
CC_44A017104F93,0.642024912404117
CC_44A1E58CDBC0,0.056526448174502954
CC_44ABCC04C418,0.08593335349402594
CC_44BF6BCCFC2E,0.05341086305406846
CC_44D0671A3B87,0.12259450330829692
CC_44DBEE3A7D81,0.1655899281648747
CC_44F7DD6A88A1,0.23883542400010807
CC_45080C42280D,0.1997565598919398
CC_4524AD74135F,0.4071815043790138
CC_45262103231F,0.20689333956847844
CC_452D8C5D039C,0.806963591942052
CC_452DECDBC90F,0.08849918330126288
CC_453C9B3A5992,0.47014856127933913
CC_4542AACA1FE4,0.12091659610161117
CC_455209549D3B,0.7959897914753152
CC_4555C804C4D0,0.08177723645363419
CC_4581E4190B2E,0.10518870425505088
CC_458912F91D6F,0.462242363986489
CC_45913E1BE65C,0.32132739757880285
CC_4594791FB40D,0.12848092585168433
CC_459B49073E2C,0.3239617412472182
CC_459EA8E0E2EF,0.12831569156977848
CC_45A4A38557E9,0.14646046597487938
CC_45ACE2B1DB6F,0.07760869957615242
CC_45C1A92F0E8D,0.10704200821733059
CC_45D0673EDD20,0.12592331709974758
CC_45D70DC84DA0,0.10646222989263805
CC_45D96479EC1E,0.06397196984463153
CC_45E8597BF74E,0.07747138863433571
CC_45E97246F83A,0.29855718729590336
CC_45EC44761309,0.12238767818035871
CC_4603A6F83E2A,0.06654953386738516
CC_46045CEE8330,0.07106665886041318
CC_464E17187A4E,0.3805791515558988
CC_4659FB4B8536,0.13092744514579377
CC_465EF4F9B68F,0.195144489013975
CC_4663FDE62E3A,0.2628436122022308
CC_466D54BE0809,0.07569890690373819
CC_466ED9BD34B5,0.08230187745492558
CC_466F7908E13D,0.18429764279229172
CC_4695A5525A11,0.16061155048159936
CC_46BBB8A4854A,0.06227723866280954
CC_46BC61EC8F2E,0.21082488003712113
CC_46C0DFA660B0,0.127256811453313
CC_46C2DCF84CA0,0.11078093787885596
CC_46C38B9F0D8E,0.08374110281827202
CC_46CAB9AE7C87,0.527233109756828
CC_46D0D1ADEA59,0.16385901535262723
CC_46DFC1AA0821,0.7974397002995649
CC_46ECA5976180,0.11254881415243703
CC_46F5F6D27991,0.08498466088003105
CC_46FE9F226120,0.24212462479489877
CC_47130CC63FC5,0.18817656011615552
CC_472330768F5F,0.10447784577542135
CC_47292EBB8BD1,0.14571432473220078
CC_4734AB1281DA,0.05698992792511912
CC_473989E6BA47,0.2736822661032482
CC_473AE07014DC,0.17438805733430593
CC_4741EF45C3DB,0.24142352993456806
CC_474586BE49EB,0.1436344372957784
CC_47490BF44944,0.25999202278078987
CC_477213DAED38,0.07366860777887342
CC_4778086276B7,0.12898116401954485
CC_47910B073CF3,0.16056176648996992
CC_47939776FDF6,0.7058876341776638
CC_4796F6A64420,0.06731888719363525
CC_4798549B52ED,0.2993373208089716
CC_47A3714E7D2E,0.3185328701340407
CC_47CE219EBAAD,0.18710970106617084
CC_47CF9074E03E,0.13296344299996996
CC_47E4537A53FD,0.12136333524608285
CC_47E8BC938FA1,0.14046818407148973
CC_47F134D17818,0.14163625213050562
CC_4812FBE05C7C,0.36578811989912874
CC_48152725FAB1,0.5689086692317764
CC_482256495FAD,0.6441386392534003
CC_4829FF15D21E,0.12994584300782075
CC_482D26D81935,0.6618335960772771
CC_4838990A8D02,0.06715232931574601
CC_4862EA9CD1DD,0.047441885980830475
CC_4862F8C1B0AC,0.08055073488065385
CC_486CD67D26CF,0.16054092858611835
CC_486D8F9AE549,0.29770761463068285
CC_4877D1BDB737,0.1058099829931405
CC_4885E34F0B26,0.1262943000408799
CC_48928CA8082E,0.14811734474705068
CC_48A74FF0E6C5,0.08862034241804248
CC_48E0791DDD62,0.07161318834375673
CC_48F620B6A472,0.10204812017638201
CC_48FDBB1D7493,0.13107620115963853
CC_4910EC928152,0.1306733107670676
CC_491C18C17767,0.06243677526733493
CC_492F65EF8D9D,0.7937323002943725
CC_493DDD53B97E,0.05213345379926458
CC_495F82AA5B9B,0.16704862245523028
CC_49618412FF86,0.0820479035823909
CC_496A7CFA344D,0.7311771810162763
CC_4983EBABAE3F,0.08458463830204217
CC_4992C1915957,0.5379137453829056
CC_4993B31028A7,0.0828089028809568
CC_49945441A644,0.1953636791396377
CC_49A80692BC68,0.12113322868580771
CC_49AB67613A58,0.1714714005831527
CC_49B05CADDD95,0.5596608891646127
CC_49C6F9AD111E,0.11050707101954665
CC_49CEB94F0B3B,0.04647019757179875
CC_49D3A79B55CD,0.08677236014292881
CC_49D6671DAE8E,0.09957491646781828
CC_49E6C539B1CF,0.05134114526830788
CC_49EEDF0DA684,0.03832642157964162
CC_49FC290E33A7,0.17842841003275603
CC_4A01CF2F67D2,0.728216757758051
CC_4A16DC668832,0.5348680041170655
CC_4A212461781C,0.06926469552876194
CC_4A237A8E6706,0.16445011801249668
CC_4A3DFA0E27A4,0.14299897171965661
CC_4A513D39DCE3,0.06938433420540777
CC_4A532B0E6165,0.14734290800545302
CC_4A5FA9F1C804,0.09959313796517534
CC_4A7BDEC665FF,0.05742747820060183
CC_4A7FC9B23222,0.3177691481630405
CC_4A8A7080FA25,0.22392091471047998
CC_4A8EFD589879,0.06265633073873338
CC_4A8F7D2B857C,0.18140987831977815
CC_4A91E8D4289D,0.3644480052947738
CC_4A93163A12F4,0.32299058614395104
CC_4A9FEF48EA65,0.10365861350313231
CC_4AA73D751AA5,0.3199751710404089
CC_4AAED0C85F70,0.14461514568816689
CC_4AB1DEF044AA,0.04439342519288885
CC_4AB5AE299217,0.21376718385105448
CC_4ABA0CDC2270,0.18769138631514945
CC_4ACFFC2F295F,0.6201620010933442
CC_4B0490BAB1B9,0.07551346409270485
CC_4B28B03CEFEA,0.08981232380802401
CC_4B420765EB9A,0.11366226285505988
CC_4B47C16D9867,0.12187984904254727
CC_4B494C4D7D03,0.4073327187674597
CC_4B4C84B015C2,0.05306668291046828
CC_4B607295E983,0.056376738312588125
CC_4B6D24E81483,0.07754706783240999
CC_4B77AF6FAF2B,0.6611919214973131
CC_4B7EC3F2FFBA,0.05325188843562528
CC_4B85318DFA50,0.125030287386127
CC_4B9B36B36DA5,0.7331774080137545
CC_4B9E0AD5D692,0.5033962848986291
CC_4BA041C9678C,0.10717112112615647
CC_4BB40F2129A6,0.08469026902670897
CC_4BB8FD274E2A,0.07808932853623639
CC_4BBB8118FBBB,0.1367202034917954
CC_4BC8CB91719F,0.12754890143715794
CC_4BE447D54BB8,0.14560280704730127
CC_4BE85B1BDB62,0.326389444107462
CC_4BEF3C7F6395,0.22865103546960297
CC_4BF03FF61B97,0.4535116752757314
CC_4BF4C38EAE8D,0.2707807498871264
CC_4BF95B8140C8,0.12073385069539622
CC_4BFE0CB61B5A,0.37629133043080215
CC_4C2A3F254101,0.3636996723095271
CC_4C351DEB6230,0.2173490429874241
CC_4C38031A2A9E,0.111568154031038
CC_4C3E35875F03,0.11240818138174564
CC_4C4D79F933B2,0.12814838946886145
CC_4C56497F4AB0,0.6985424519529946
CC_4C827B493CFD,0.13022390996241123
CC_4C849C6073AF,0.11396287651330655
CC_4C869E6F618A,0.14970573228537132
CC_4CA21C15763D,0.11294677925833653
CC_4CB2F1CAE684,0.09825654504544365
CC_4CC0265E0778,0.05005857477758106
CC_4CC5483903E9,0.591434360389259
CC_4CD7C76FE235,0.4267865100486071
CC_4CE2BFED4F4C,0.08758173446145155
CC_4CE751CB58FA,0.4567871228534952
CC_4CF3E184C500,0.05055683620186623
CC_4CF668E60D64,0.29333214683627673
CC_4D1A1AF53E18,0.05622641314685214
CC_4D29155FCF33,0.2505381667135971
CC_4D2CC7618AC2,0.5183905002075282
CC_4D350FF7402B,0.35777912596538686
CC_4D38AE84E3CB,0.19159208320186308
CC_4D4140E1056D,0.10114294777376248
CC_4D5545FAB130,0.5613140237009769
CC_4D55E218946E,0.09112873037468489
CC_4D5E14BD6AFA,0.08813534811116618
CC_4D78935D66E9,0.06409367629449768
CC_4D883AAAC6C9,0.041473383902475534
CC_4D8D8108C51E,0.6090426672968812
CC_4DB40331777A,0.7877193435801263
CC_4DBC8652D26F,0.09344170220784123
CC_4DC0E154EBB0,0.7127416471031531
CC_4DD5B8780C4C,0.1046642169875478
CC_4DE0070FF683,0.142631604939484
CC_4DE688CDBC27,0.08412956375402096
CC_4DF37857FCEF,0.07390309682811214
CC_4E20F0249BC6,0.7551273087636173
CC_4E2F01B7B9EE,0.17726261977189534
CC_4E41C247B4E5,0.17425645179940782
CC_4E479F6989A1,0.0628042143873068
CC_4E48AF17BC29,0.09256370021444711
CC_4E6BE67E3C4F,0.04036109939617629
CC_4E70939C5933,0.48068017105832
CC_4E70FB172717,0.15406616708143625
CC_4E726EE8C026,0.29287490399569566
CC_4E76F48DFDEF,0.08834351846029626
CC_4EA180B2B913,0.03328287767530259
CC_4EA67A160C3E,0.5960567851212079
CC_4EE41FC91AD2,0.1856732453022375
CC_4EFECC6C2E36,0.6640322012535128
CC_4F22CB97C34F,0.0548278508789265
CC_4F2444DC6C75,0.8240561638547094
CC_4F2B7F512DD5,0.06756514922818517
CC_4F504A9744FB,0.11030444520009589
CC_4F6FEE589187,0.13283089608758206
CC_4F71AAF96C32,0.07880995953666854
CC_4F76E57C55EF,0.348135628452369
CC_4F88D3E5AA2E,0.04494313727985198
CC_4F8A4384F6DE,0.13806867725283403
CC_4F8D83DCCF25,0.20083561034809264
CC_4F956AA47816,0.6593171978808926
CC_4F99FCEA10E8,0.10011954761198352
CC_4F9F10A183F6,0.08458659475439864
CC_4FA766935F14,0.10917148079868132
CC_4FB0B9E398F2,0.3315542550150947
CC_4FD0DF6CA3AA,0.06001608844982143
CC_4FD902F7ADEC,0.08174657239703906
CC_4FF1155E3A6B,0.3389548161498477
CC_50103368F241,0.08698356140111753
CC_5012B9991935,0.12257088291254005
CC_50172FF2C2C1,0.12133827881376136
CC_5017C9BA7773,0.05982172177243206
CC_502C3D0EC4CA,0.09767714679056154
CC_504157951119,0.054415672944198634
CC_5042938B5A9A,0.45035571271153424
CC_504A57293FE4,0.8072120546908209
CC_505812CFE43B,0.3379500127847708
CC_505A6EB06E39,0.3240958956643092
CC_5064CCE0EF29,0.23166203510542824
CC_507BDF639FB5,0.17250803602874903
CC_507E53684AB6,0.11364069120524017
CC_5087A0D1765D,0.23189193007631614
CC_509229AEC221,0.21193517951596993
CC_5092D3A72B03,0.21392420264322712
CC_5092DF691F74,0.566848897056715
CC_5094BB59416F,0.22793191964151416
CC_509926B384D8,0.7631705457567836
CC_50A6C96DA7D3,0.05303429010339772
CC_50AE75A10F3B,0.28348095474932006
CC_50D4BB93EB1A,0.07172078319220887
CC_50DF7B02E356,0.18834506236942675
CC_50EB53CFE7F8,0.06137572858398599
CC_50FC7D563CE4,0.15708377579388777
CC_5100E6EAA3FF,0.18350256520778996
CC_510F2944B2A0,0.11841032564552605
CC_5128881AAD54,0.15223445242700476
CC_5138941DB7A2,0.15658554361454047
CC_5139EF8BEAFB,0.1682208203599989
CC_513E5EEC6B04,0.1196037208597819
CC_51427EF15375,0.3107885794343644
CC_5147B281DA64,0.3837575383354021
CC_515D968ED36E,0.09379147791805977
CC_5176FF858154,0.09629558746438888
CC_517CB40FB016,0.0908078501212906
CC_51884D5F3E4D,0.10927854887097774
CC_51AE98263438,0.13193686698372364
CC_51C9CE782368,0.16092962506660735
CC_51CC80D1570F,0.06227663698002592
CC_51D2E3476902,0.06393296789840824
CC_51E05E706D64,0.11935490982216261
CC_51E5A5E9801C,0.061850705361210914
CC_51F5DA44F9A0,0.4806835178185512
CC_51F6BDD355F4,0.059655156317383516
CC_51FE657FE212,0.10861116749219032
CC_520950C9BAA3,0.05638081881786089
CC_520B1D31AB99,0.11614802863838239
CC_522550E1761D,0.7729953563920113
CC_524CD519E76B,0.10345870031902984
CC_524FE9E3DAD3,0.4762512844681016
CC_52629A025048,0.11976664313611064
CC_526765FC100C,0.23527536403207847
CC_526E56249FFA,0.26047812008846055
CC_528B42A34966,0.2427498878679785
CC_5292B36E4882,0.1757353614554876
CC_529A2F110236,0.1448573239480092
CC_529BC4ADAD6A,0.19246445486814934
CC_52C1C5A6F887,0.0783512279627489
CC_52C3B674FDFD,0.267946729409175
CC_52CCBB8F9964,0.08592392178563321
CC_52D21FFA24DE,0.734015092360424
CC_52D32EDBAA78,0.19690841459470804
CC_52D7821A8363,0.14144755060395067
CC_52D9087EBCD6,0.8045638583500657
CC_52DD62E1AC2E,0.1851991606243862
CC_52E8B04F0FA0,0.12499817943159583
CC_52E965E9E2C3,0.14055803037344028
CC_530BA492842A,0.3124709686236483
CC_530F6E906D6B,0.050719820256144965
CC_531FCFBE3B13,0.12594993840431015
CC_5320DFEAD897,0.1759838609867241
CC_53319AE7B829,0.6364009664176506
CC_53481151859F,0.04379718110521317
CC_534D4FC05F82,0.19024594977905315
CC_53687DA8C9E5,0.3504840824973401
CC_53795A7B7751,0.06762445038432235
CC_538328A6B3BA,0.44558278469254065
CC_5385266461B1,0.18811105578268947
CC_53891CB35BF8,0.14980657167878433
CC_53A6E1083B13,0.08997460639262493
CC_53A77DA726A4,0.08729274383827841
CC_53ADBC2F6E34,0.21527584672381136
CC_53B249809561,0.08915312919566196
CC_53B2DF5B019C,0.06038431338076417
CC_53C1F3E031A3,0.1313553979915002
CC_53CBF2E8AD05,0.49544428327618817
CC_53D04793ED9D,0.07065938817275387
CC_53E23A9B6F74,0.06543004656042206
CC_53EB59C99100,0.40704237887694217
CC_53EB9AC04311,0.11957909444616432
CC_53EC732C9B30,0.03630484501698434
CC_540122E71534,0.14606609451235378
CC_5405C89DF8BD,0.7219535518253204
CC_540D69F5BA23,0.14034789838487896
CC_5414446319CC,0.6781437668132825
CC_5418410F95A2,0.06478025404123972
CC_5431A01C30E4,0.06833845574913584
CC_5452437FC605,0.40374058009387254
CC_5452979BF98D,0.07358273634137513
CC_546EE83F84A4,0.47514483253295003
CC_5473268241FC,0.1530192976792424
CC_5474EE64D859,0.2949684690828346
CC_5476E2B2FCA0,0.1395389486030902
CC_54892024F98D,0.204904827541043
CC_54B33C66DCF7,0.09059147766183487
CC_54CF66B660B4,0.4535836326375962
CC_54D3A35EC69F,0.0647492622502783
CC_54D6AE2665AA,0.09340053862672275
CC_54D93974E62F,0.2559656762861308
CC_54F5F552A0F2,0.14750189684731918
CC_54FC3B361BDA,0.09911328090226482
CC_550135E8FAC6,0.1286407400763835
CC_55020AD0D117,0.15133490818252626
CC_55094AF7EFEF,0.0971274290512234
CC_55126E23462E,0.053251163803176974
CC_554C21CCAF3E,0.10767477589731905
CC_554C912C7DBE,0.07149586303228558
CC_556B02A2B401,0.3233980077840499
CC_557A0B0CD0F4,0.1658319136250328
CC_559A14E729EB,0.3121084913710009
CC_559F0DD4E4A7,0.2951458218680581
CC_55A82B4E57F6,0.14712522897632438
CC_55A98ABE4C75,0.12070091245220162
CC_55A9D45EA466,0.041640050941090835
CC_55CB872FF50B,0.20551963329240824
CC_55D9E3D58435,0.22329427050347952
CC_55DFF3C3BB46,0.10003944808329641
CC_55EDC3996984,0.13866049693503996
CC_56013299D8C5,0.08444452501188168
CC_560B519C1F50,0.09138446237949988
CC_560CABF0F5D0,0.15042745644044495
CC_56178AD87948,0.24711503924905903
CC_5619A7BB54EA,0.10513829655831104
CC_5624319D7B28,0.11879676946421994
CC_5625119D6C37,0.19236501654812316
CC_562BE7245E1B,0.6939331052286323
CC_563684010DF5,0.5648713014283733
CC_563EA9A29338,0.109385793042357
CC_564590AFB575,0.03886846409495473
CC_565E01191BF6,0.6363874321604753
CC_56612A039382,0.055887207911886415
CC_5665FB827721,0.5438686770214216
CC_566932C3CC97,0.11309952430906026
CC_5671D59B2A51,0.1333948813311456
CC_567E7DD24A97,0.08891430688306008
CC_567F47F37683,0.04187823346468707
CC_56847A91065C,0.11185261184032094
CC_5698480F8634,0.06750409305939055
CC_5698B024CECC,0.611292338837563
CC_569DC051A2EA,0.10096797472681243
CC_56A322152604,0.3484371365678137
CC_56BFD9A8335D,0.3508146618389615
CC_56C9379BADB6,0.04439147913108968
CC_56D410FD8F56,0.34879098097257144
CC_56D4549919EA,0.15774407705029148
CC_56D918CA6353,0.13151120381758283
CC_56DB30CE666D,0.15548033464716532
CC_56E760C3206D,0.23223057656202512
CC_56F73F905615,0.7996958224852353
CC_570683C088DB,0.16887479699283303
CC_571C6AFD00ED,0.3939358507619072
CC_5725663C3B89,0.1175109282706345
CC_57291D7667C8,0.15257851395799105
CC_57313F6E7927,0.18515871074403395
CC_5735F9B859AF,0.584257356265103
CC_573B34826B2B,0.6530396244349685
CC_5744447CAF7A,0.07101961918868296
CC_574CC0FC7B05,0.10607642963705102
CC_5759E2982909,0.0955775677947467
CC_575CCCCDD7B6,0.6545401188828569
CC_57603A37D19F,0.043876762456556515
CC_57639D4995CF,0.2442917854133417
CC_576E6676FD55,0.05673230393730915
CC_5775C148E05C,0.13244855547973244
CC_5798E560E9F3,0.7864980545286996
CC_57A486F61065,0.4746814670978271
CC_57A726458B99,0.06419600526447311
CC_57B0D41BD7D3,0.3454996400109281
CC_57B501E60C35,0.08268097776736603
CC_57CA90509CB1,0.7418666072604096
CC_57CB7673547B,0.09518039561984164
CC_57DE479CB61A,0.7350475216229017
CC_57E7F1A6B895,0.04328995603468189
CC_57F13C4115FA,0.3873494318524945
CC_57F480CA9A42,0.08263123301667546
CC_57FDFC6DE726,0.2328937834758662
CC_5810468B76BE,0.14468232927898492
CC_5810F212B2EE,0.3737258187266158
CC_5817759E7007,0.15111260827309092
CC_5818B5089B3C,0.08370782948136506
CC_582C78363EB6,0.0984426703920093
CC_58391600720C,0.1180858209634234
CC_583D7B177F85,0.10766434559170786
CC_584C11014F63,0.12549579548678805
CC_584CDC12578D,0.06395106740186539
CC_5852F443C55D,0.07564194620545948
CC_58565AF0F70A,0.5153403359179567
CC_58568DF9AECF,0.2257052792394478
CC_5859EE6309D5,0.43259831085758516
CC_5872B45E1C19,0.7396876748790864
CC_58797A417EEA,0.197496456657824
CC_587A4844B482,0.2200480912975746
CC_587C0CC3DD82,0.6742626625303898
CC_5881A04052CE,0.08469844263161452
CC_589A4E02EF81,0.15371342929554255
CC_58AB46E5655E,0.15358871527278448
CC_58B0CFC9F3D2,0.06845348553730213
CC_58BEFDA6B4C6,0.1152841666419996
CC_58D95C7247D5,0.06337566171921954
CC_58DBF3409D48,0.07399889095019103
CC_58E35A47B880,0.18189058681642709
CC_58E40EFF57CF,0.3465556581673631
CC_58F551219BD6,0.07716549657733332
CC_58FA76C6C45C,0.6063357862475726
CC_59018149723B,0.05815029285625209
CC_5904459ACECB,0.7661858274156046
CC_59088B2886E8,0.04245592119525388
CC_590D2E0AD18E,0.6062522097241125
CC_59146CA05E8C,0.09678477215106386
CC_592592397DC2,0.497437106492051
CC_5926F5B4E054,0.1516522581971093
CC_592A5A163624,0.37454566415165624
CC_5941C323917F,0.08138970206137455
CC_594E4E86A1C6,0.2094547827938538
CC_595ADAA76A32,0.08234209714544496
CC_596A20270C3D,0.18173588310768948
CC_5970E93E11DF,0.2844604414919036
CC_597AD111527C,0.10499456549847377
CC_597FDFFA265C,0.10734832183981023
CC_599C287D2BAA,0.4419105161306588
CC_599E345094D2,0.1309363656229717
CC_59A4741B5A92,0.1683782650715946
CC_59BB3A5BA2A3,0.5927521473227455
CC_59BFD1200F6B,0.14838649192520093
CC_59C07CCAF4E0,0.20785198253433365
CC_59C49474B501,0.1259940069646681
CC_59CFBC2CA471,0.597583417021102
CC_59D62BE0C0C6,0.12430578998958643
CC_59D86F572716,0.11851700278405575
CC_59DF71FBA4B0,0.04278850512172225
CC_59ECB7465DCD,0.06222761075734116
CC_59ED43A803B3,0.039417733991341825
CC_59F5E81F4EA0,0.13224257607634288
CC_5A10371BE7B1,0.7899613587510258
CC_5A2F9A594A05,0.5734203327854996
CC_5A38E46246FC,0.46997954959828814
CC_5A3F52B0A07B,0.21838371178261826
CC_5A5507A49F6D,0.09351436462947059
CC_5A58A5E6DE82,0.08479402524419624
CC_5A5BB6DC1018,0.21596938378235883
CC_5A5C0DF50E01,0.11550357862153472
CC_5A633C535360,0.08659861945833021
CC_5A67E62D8D5E,0.6778706034890383
CC_5A6BA0007593,0.12611801497649672
CC_5A7513434C72,0.03893729753777745
CC_5A756D8AE60D,0.18775599355939473
CC_5A7C13841B7A,0.6275532523288588
CC_5A7CBB6E8716,0.23226641178523638
CC_5A83A1E25A2B,0.37038621705859126
CC_5A86EB53A14D,0.7457439204026521
CC_5A89E13CE597,0.19914237508690202
CC_5A9466D0CF9F,0.1213994380281418
CC_5A95331BD0C5,0.14440874166612294
CC_5A9F63C3E428,0.056374794830770326
CC_5ABC76FF707A,0.05717278646361145
CC_5AD0F1B43457,0.09960148226566276
CC_5AD82250C271,0.047008066778992386
CC_5ADD27165E38,0.7125814356322177
CC_5AF32E5C8018,0.0387796254091392
CC_5AF3690FA0B0,0.18227277090052524
CC_5AFDFAA63B45,0.14168042876269876
CC_5B025DA26FE6,0.04779221325728309
CC_5B07C7DE7E7E,0.19549727596805735
CC_5B08171A6880,0.21553686854364895
CC_5B09FB1A0BE2,0.06833631559140821
CC_5B0D6BA12702,0.465177303207682
CC_5B0EF2D4C3CC,0.1618550287749796
CC_5B195D88C182,0.35489302909369513
CC_5B1F6FE71A38,0.06146067998658548
CC_5B247961602E,0.059986069676618375
CC_5B276421F4CD,0.05253090743260835
CC_5B289AFA1662,0.2756270191620077
CC_5B3A16421A31,0.04649654374700168
CC_5B3E78897EB7,0.06677210268129889
CC_5B480B44A9B1,0.12317347888219365
CC_5B546C3A21F8,0.1582628883742263
CC_5B5BC4023EE7,0.14812938870475
CC_5B6D63DD34B7,0.10245214335324589
CC_5B6E868912E6,0.07399391575472059
CC_5B818D2581FB,0.13905695221315933
CC_5B82E8BB921F,0.2528988450871833
CC_5B8E8DA14EE6,0.15906572796469634
CC_5B900A135A69,0.08969361396526944
CC_5BB64BDF3C99,0.09243028038153163
CC_5BCB2C79D1CA,0.24563979847715792
CC_5C072DB8586F,0.060453671194694046
CC_5C0BEC2A0850,0.10670252694087463
CC_5C24010127D1,0.29825401837776455
CC_5C2DAF5E0EB7,0.4187331926127047
CC_5C3E8DB90978,0.13271716511946774
CC_5C4A7CE69975,0.31212791478751467
CC_5C5766F933B0,0.4521782830606035
CC_5C5808240054,0.09334861306572755
CC_5C5D6E15EA27,0.17886986242351022
CC_5C60C4545922,0.1613850454729152
CC_5C626D70F6D6,0.1629009707233602
CC_5C670F0622BF,0.08621714660867594
CC_5C799E57EF53,0.057779344516856256
CC_5C7B44735AF4,0.15776252721250156
CC_5C7D8DF047E9,0.18082946814461612
CC_5C80F394EFC3,0.1286368514494426
CC_5C99E6189441,0.08273697830508327
CC_5CA9AB4A6AB4,0.10589129928252664
CC_5CB78ADD2432,0.15177359877680494
CC_5CDE37CE08CF,0.04874618956106281
CC_5CE258D12432,0.3493506844238206
CC_5CEEF006ABF9,0.06274555243385763
CC_5CFD2850E277,0.2540545213260263
CC_5D01F71B9FAD,0.1217738349930607
CC_5D065A455A45,0.21805514786140043
CC_5D0AA7D4954A,0.25668442522040497
CC_5D242448B812,0.12372648106641024
CC_5D2C5115BDD2,0.18697683786810226
CC_5D3273E039AF,0.6575356906176372
CC_5D398BB3365B,0.08161666889894309
CC_5D3C1CE64952,0.08629431686106065
CC_5D4B0EBB5CD6,0.10524697739898449
CC_5D5E897588D3,0.1087140359105535
CC_5D65F25FFB8D,0.0589227131291798
CC_5D665A86C465,0.11599100591886315
CC_5D80C353E475,0.09833604678217073
CC_5D8895A0AB4C,0.17886435161677414
CC_5D88A673BF50,0.22524881967898827
CC_5D89688B69A9,0.3436292444411537
CC_5D8AC8E18A8E,0.06833428061813944
CC_5D8E7DC2FA6A,0.5437555545262732
CC_5DA29AD9E85E,0.0540944386579364
CC_5DB286EAC626,0.280545643260985
CC_5DBC1BB95B84,0.7928203690732619
CC_5DC0A465470D,0.06153127097822449
CC_5DF82CB03C3F,0.09721405651036731
CC_5E001C93F359,0.07607335090384049
CC_5E029094A55C,0.6936309359361815
CC_5E0808121A65,0.1541479293767597
CC_5E1117E4E593,0.12027587592081103
CC_5E1541060A97,0.7177770657838827
CC_5E1C11540C0B,0.10124749655545619
CC_5E1DC0E143F2,0.1409128232189604
CC_5E206AC277E4,0.2292586508876243
CC_5E22B4BC8B12,0.08424638844984673
CC_5E22D889B6BF,0.1399443866151742
CC_5E38425EC99F,0.7368367768638993
CC_5E3A70C2077A,0.15070187521829737
CC_5E5607D275CA,0.12737421030977192
CC_5E73C3D2B3EE,0.15324393244270149
CC_5E7F23A07A71,0.11420464721557334
CC_5E80A96974B8,0.22058013880755628
CC_5E8C0453B9B8,0.32629813451900386
CC_5EA599FBA5E0,0.5233482149094142
CC_5EB379BA6C7A,0.10483710927382617
CC_5EBB96F65AFE,0.39625601512998937
CC_5EC41568C2E1,0.09180621297708864
CC_5EDB5C924107,0.3387802501195881
CC_5EEE5D0FF8D3,0.15055899127056765
CC_5EEF07FFC243,0.06743137273904848
CC_5EEFD690759A,0.09167330640594808
CC_5EF2176F01D5,0.12942903916160492
CC_5F17CA33D26B,0.06773374851413845
CC_5F20750D6658,0.15948536766687785
CC_5F2CE32A6EC3,0.13055247939275297
CC_5F328EE757B6,0.04896560088292336
CC_5F35B8D87D06,0.1970291561916504
CC_5F390BA40E83,0.6991078505615408
CC_5F59092CA9B2,0.10031956241362633
CC_5F5916E96E19,0.15573172783132597
CC_5F5E835B9E6E,0.1030534020258462
CC_5F648D39D67F,0.5430729452633015
CC_5F6D4104C808,0.1673333164375859
CC_5F72EBE104D4,0.04950080755287055
CC_5F765C41F051,0.06101443228482172
CC_5F8859A6F0DB,0.04055263709756933
CC_5F88ACC7C384,0.15031032401662175
CC_5F89DFA97B7C,0.5395256046818533
CC_5F93A3E31DD6,0.6596594249542715
CC_5F9A44423DD4,0.1313553915801864
CC_5FAA7965BD71,0.13541132482457352
CC_5FAFA265CA02,0.37043694022888624
CC_5FBE1A34704F,0.1458635114377292
CC_5FCAA919577A,0.21897395117576007
CC_5FCD208ADD77,0.20186007883867751
CC_5FECD2BB0094,0.1091715540574708
CC_5FFDE52E6B7A,0.10041381339211311
CC_6002BFD3F26A,0.17707914151888485
CC_600311592F72,0.057204935040091644
CC_600AE12112D6,0.2730732973296539
CC_601C3178E38D,0.18025437588142618
CC_6037EEA42F2C,0.39110838104808593
CC_604C08F76272,0.6416961338265006
CC_604C72AC662C,0.13995227612264674
CC_60510AFA8A87,0.1697441080178843
CC_605E2E26E52A,0.20625289131573513
CC_605E3904CD8E,0.13790537780703158
CC_60611B935106,0.1355388201936496
CC_6061787228F8,0.1340542924287374
CC_607270A72DFD,0.24906002310317632
CC_60738E418DB3,0.12158736609959574
CC_60961DF8A134,0.1328744663666151
CC_609B7A7FA165,0.07371813001923996
CC_60AC5C892D01,0.11254927467551329
CC_60C09FF84412,0.16561416309337795
CC_60C87349D73D,0.2951515772728308
CC_60DA2FBF1FBF,0.11499884558985263
CC_60DA539A39FD,0.1770432466191822
CC_60E974A0B278,0.06616720615649103
CC_60EF7D647EFC,0.05513560703617837
CC_60F525A39898,0.03695185657170301
CC_610009B69EBA,0.6619873640857044
CC_610FDDF5FE54,0.12510076506863888
CC_612C06CB5FF4,0.0996467515266075
CC_61307D82CC26,0.642174771452372
CC_615030FD33CC,0.692358354860698
CC_61649241FE59,0.19799214836517995
CC_6170051A606A,0.21484943748335347
CC_6179A630658E,0.08572927540838146
CC_617BD59427E7,0.11806029678313484
CC_617EC8BD5153,0.1929837367843166
CC_6191E14D21BE,0.059547991109694526
CC_61A798B8D222,0.05242083126363868
CC_61B4A983D1A1,0.08146365519242171
CC_61C9732AA682,0.7217280153495675
CC_61DC64E37471,0.05810853081320399
CC_61EAF14033DB,0.10094687628511002
CC_61F18E0C218F,0.07149158375464168
CC_61F1A1263F5B,0.13529886430351973
CC_6209EA426553,0.04416112289580748
CC_622BD8CB3807,0.29316614720367973
CC_6234A9617A7F,0.08844333826326278
CC_623AC074EB25,0.15193542706076288
CC_623FAACE8A80,0.05668992234931559
CC_6244E2935407,0.2555468717151572
CC_624535E11F69,0.060795171620530476
CC_624EA2917CDD,0.6445746858497811
CC_62565D08DDDD,0.7395779882918585
CC_6268ACD3F95B,0.5390011324138201
CC_626B61F4789A,0.6323800246030923
CC_629193C2A090,0.24350902821048168
CC_62933641AC43,0.23251528002091593
CC_629480877536,0.36183922601919777
CC_629CB045D9FE,0.09101886921526968
CC_62A84BC400F0,0.34675842535127976
CC_62C36DF81797,0.1927476588800021
CC_62CC835CAE4A,0.6832746327375494
CC_62D4192F126E,0.7733089852190718
CC_62D7A3C9483D,0.06604394941563073
CC_62DF1B99B4DA,0.1087554526995608
CC_62ED7BA3E620,0.054078901120327635
CC_62FC001AFC78,0.08779736544913125
CC_630412B4AFDA,0.18034513682750017
CC_630903AD39C1,0.04095585540125569
CC_630938DCC1B5,0.05499224133927226
CC_630ACED773E9,0.4304331338050003
CC_631E1690D913,0.06474400708739544
CC_633A7C7FC25F,0.2704556711674504
CC_6342051D8FEA,0.27166306198196055
CC_634CE4E8AE49,0.15845729643460482
CC_6359692F5EF6,0.13784058468786664
CC_637278423A6D,0.24051480598112052
CC_6377AB848081,0.13688158947193171
CC_6381A65E0A3D,0.10195488803126221
CC_63871B4814E2,0.11278457099021486
CC_638AD269F05C,0.03666756802845767
CC_6391AE0FB83F,0.13662480788526965
CC_639703EE2ABD,0.04534925136637348
CC_639750C87A7A,0.7494225113557713
CC_639B1DCECD2F,0.16818558832511246
CC_63A869443AC0,0.46525921594037
CC_63CCEE26BCAE,0.06199361143630048
CC_63D51CECB6D2,0.2359404113718583
CC_63E53402FC02,0.040562119251935314
CC_63FC6895901C,0.1369737536320417
CC_63FC8A97D9C1,0.11754555437337715
CC_64117B93EF73,0.35721071802695653
CC_642D9C325F1D,0.3365209240704731
CC_6436B950E22B,0.18546348206210228
CC_6445BD3DDB6E,0.037956232183370596
CC_645C15569E42,0.11268445509740779
CC_646472AD66EF,0.09161377431962639
CC_646B8254357E,0.1410602754789912
CC_647F4BB4983D,0.6319649469482955
CC_6489ECEEFD0E,0.0904095361545604
CC_64946E57306A,0.042156235320188196
CC_64976830B0B7,0.3111181590354972
CC_64BA10F3FAA1,0.09203224882233577
CC_64BA39A0DFC6,0.08704007302867814
CC_64CF9A79EBFC,0.08043350294759773
CC_64F0E0473D1E,0.0801307320901102
CC_65006C2AB2D4,0.7637771337639855
CC_6500BD19FA06,0.291884724303107
CC_6504DCAA90E1,0.09327800857193488
CC_6509C7361994,0.18365616318864117
CC_651486189673,0.08744335269960658
CC_65194BAE506A,0.19266813853537793
CC_652539353439,0.18300867138896104
CC_653CE5FA5A76,0.2503996841975735
CC_6560C2F4EDA4,0.15748108379079573
CC_656137F98187,0.6381421468683562
CC_6575B4B39113,0.03895177829760504
CC_657F629D31E2,0.21490209766023527
CC_6580B7583ADE,0.2178732098908611
CC_658477BA75D6,0.04366197096082872
CC_658B7867BE7C,0.12067627160126011
CC_6593FE5349F2,0.08962530843789379
CC_659EE0F05A75,0.34062008353684003
CC_65A0D8134410,0.24744220119332186
CC_65ADD5A19F64,0.10712953092968229
CC_65C3F0F73BB1,0.08962261124667019
CC_65C47521C285,0.04717969558577744
CC_65C4EE0B737C,0.23536947376494557
CC_65CB68404333,0.18790440338973902
CC_65D6DFF1B766,0.09999938392208707
CC_65F1545C35E1,0.20145003370326933
CC_6602547E2FCF,0.21981621762413592
CC_6615D7044816,0.2554314546563877
CC_66244D4B72EA,0.10714626910670898
CC_662E5AAE07A8,0.051960213085912095
CC_66322B339E84,0.05898439804802927
CC_6634FD4B1CD5,0.762759248324312
CC_663DCEF4923E,0.18889647714075378
CC_663FE5BF918D,0.4458416344221479
CC_6645798E740D,0.09212282087988534
CC_6649736C8321,0.7863138963900536
CC_664E1026C4D9,0.3056786361506329
CC_665603C4A33B,0.06850513012039174
CC_665BDD9C8039,0.4377452618238295
CC_665F2AD58363,0.19898566990801025
CC_666767444BC3,0.23750934903551843
CC_666C0A2A8674,0.06563311604803206
CC_666F2BCDC7D7,0.17764404219355684
CC_66775178B226,0.06161122105610996
CC_667B6F8C846A,0.606075606365994
CC_667E909835A4,0.22536935107627765
CC_66809C278FCC,0.1743853605373311
CC_669CCC44CFCD,0.06123845392570507
CC_66B0BD3F6516,0.3265487155333933
CC_66BF02C05DD8,0.1445442850482733
CC_66C491256BE4,0.07378961339354541
CC_66CEFA65F912,0.3643215183114902
CC_66E025DB3282,0.6241339124040314
CC_66E7B423A32F,0.7076651420984155
CC_66ED26E7BAD9,0.09362746917434424
CC_66F7FF7735C3,0.23921400566073736
CC_66FD0CE6D57B,0.05365719710120466
CC_66FFFE05C2E8,0.08444359644634868
CC_6700012A39B8,0.1314206661841483
CC_670FC6A064F0,0.19608305960814124
CC_672932B65802,0.10092336985917617
CC_6742C6478F98,0.18584914069428035
CC_6745321663BF,0.057917357468035384
CC_67579CF57290,0.1722494618917919
CC_675F7483FB90,0.17006657588233687
CC_676ACFAA6131,0.6698081476447415
CC_676B423C495A,0.5785669017569666
CC_6771C0D1CB1F,0.0537162375002646
CC_677EE0369CA7,0.07245550856988481
CC_677FE35855A9,0.17180186077096352
CC_678091614A14,0.12857631480119652
CC_678A43ED0803,0.6458047906925796
CC_67955C210226,0.08893605193045004
CC_6797E0B01112,0.2837976174718202
CC_679D90941842,0.12573406646285307
CC_67C05273700B,0.1372111463067938
CC_67D5172B6450,0.19282912543475897
CC_67E8CF412D93,0.10422065620038137
CC_67F6576A6836,0.23652642244948688
CC_67F985A00A12,0.07095361490844164
CC_6801AD1D4478,0.0750114635410123
CC_6803BFA94B17,0.05937612395882019
CC_680B16E5E240,0.14889674073333614
CC_680F2D0F4F6C,0.10066665355679931
CC_68221E1393E1,0.09316605518593693
CC_6822590B968C,0.1976932362070867
CC_682D8EBCEE94,0.23320326554209517
CC_68429B4AE401,0.42537551338990015
CC_686B26BDD061,0.062399159256886605
CC_687518442359,0.3704879656217059
CC_6875DA61F422,0.20681954861507032
CC_68A3D749608C,0.15347283103076648
CC_68A9C3CE2557,0.09178318600189242
CC_68B9F8C6D9D6,0.6497461194338088
CC_68BC65E3C84A,0.350958299182799
CC_68CC4D1D898F,0.07563702154632854
CC_68D0ACBD2D0F,0.04368423927759237
CC_68DA8D5488B3,0.0791653182835271
CC_68E675A69AF3,0.1900202822359517
CC_68FC9E6FA27E,0.19684869585689513
CC_69322F7C4CE3,0.12619359788279663
CC_693710EAD59A,0.20684797449642747
CC_69387752F41F,0.4895544676384305
CC_693B71DDFE67,0.14434766589684392
CC_693D4AEDA3A2,0.11453177134578667
CC_6952171BCD2D,0.14339244875603646
CC_69547DEB412A,0.24315971510778311
CC_695E80DBA42A,0.08052494402988775
CC_69717E76CFAF,0.44294571054591153
CC_69741BF89A2D,0.12591185644253897
CC_69825C70EEE9,0.23113316463095476
CC_6985C268DC74,0.47341763129936504
CC_698886C4AD90,0.13094420702797688
CC_6999901A6060,0.16990075105811162
CC_699ABD34646F,0.07322084306405441
CC_69A98DC7A907,0.06177526130018043
CC_69AA6E0DDE10,0.2376574288708288
CC_69AD5A48A78B,0.2085347409802074
CC_69BA7BFF98E2,0.11115959432868111
CC_69BBE365C097,0.06214712793961163
CC_69CD95A00D9C,0.04788053602717697
CC_69D328691680,0.07547020063399246
CC_69D39C9F36F2,0.25732178852457815
CC_69E09390CD64,0.09473649170846825
CC_69FD49E90AC9,0.35125048040866713
CC_6A099AFE73BC,0.18770913176214502
CC_6A099E6C91BA,0.3079771778819479
CC_6A19EB191A81,0.03353010784180049
CC_6A39017046FE,0.10113415945436144
CC_6A4A401F2920,0.3701599001384256
CC_6A5261180031,0.07202920342072028
CC_6A7432494840,0.17247622697278947
CC_6A7963180D20,0.3722254717416442
CC_6A7D7E5F814F,0.571082778707976
CC_6A8B8BBA749E,0.1570847473695081
CC_6A8DFDB0621D,0.13524032860851784
CC_6A93C436E2FF,0.104377527187661
CC_6A97F81D9A0A,0.1410827514963374
CC_6A9D1622B4DE,0.28996023212558786
CC_6AA6589445C1,0.6825529515474826
CC_6AA7A87F59FD,0.17909798959389311
CC_6AADD44C0B52,0.08122817442284902
CC_6AB4A5EBA3F6,0.2333032397640834
CC_6ABA7D0ABAC5,0.11426610365499779
CC_6ACF1E52BE8E,0.131480692244258
CC_6AD3513459CB,0.09600576799061995
CC_6AD4238EE77D,0.18079495716940722
CC_6ADD0FE5DD74,0.6625237436499497
CC_6AE2737BD3A8,0.08612676264462
CC_6AE48C1F2448,0.13743293645786497
CC_6B00A666A420,0.6547418382366824
CC_6B07C3992304,0.07040399884371286
CC_6B0A72BBD800,0.6400786052666012
CC_6B12B975F2EC,0.38828877256397804
CC_6B12C9507F32,0.1956587567198604
CC_6B34719D93AC,0.5719239313794974
CC_6B34740DD355,0.1601334719173229
CC_6B41081727AD,0.21924073824433934
CC_6B4902892E70,0.09422144961890815
CC_6B5BC2D89077,0.7333116833775066
CC_6B65242C2CCC,0.14711432289637244
CC_6B823BACBE75,0.337245031617755
CC_6B83E1A959C2,0.27662090298619246
CC_6B84FB3DE604,0.04253410819411997
CC_6B8AABAA752E,0.1900985353552877
CC_6B8AC0DEE990,0.3780218691695944
CC_6BA45C072D40,0.1704623208403312
CC_6BA72ECB5027,0.10455367750537546
CC_6BB560F020BD,0.07016357149586552
CC_6BDF0B68C126,0.030840178650232367
CC_6BF0A9437728,0.12327542461937077
CC_6BF3B9097199,0.1518439378207605
CC_6BF7A1EF31B9,0.20552818171406617
CC_6C29DF49246A,0.06424522018938193
CC_6C3C86C2125E,0.08292274997970088
CC_6C42FF6D7218,0.6893571178370617
CC_6C541A482CF2,0.22433042983664492
CC_6C585A6BFE01,0.8056979435531775
CC_6C5CE36700D0,0.2186472318558557
CC_6C62C2094733,0.09298282378290791
CC_6C66539A9D02,0.2881662238863698
CC_6C684505E498,0.07224572891176027
CC_6C6E40927C35,0.04701179579396962
CC_6C7736F51C12,0.6778448016654197
CC_6C781CEB6F52,0.09448784988054804
CC_6C7E39BF4744,0.14895015223377514
CC_6C9EE9BAECEE,0.08396518319489503
CC_6CA0F076091A,0.09648257906144582
CC_6CAD299645B0,0.14522221517517556
CC_6CC3C50BA394,0.0934024913189889
CC_6CC593C5385D,0.04387042467776956
CC_6CDA4B24C602,0.28964573628541235
CC_6CE31AFF7813,0.06459380465096569
CC_6CECB68DE9C1,0.3100810574759872
CC_6CECD3DBA212,0.1462084243751497
CC_6CF17D012682,0.16720909946972023
CC_6CFCDF903310,0.1518809468338536
CC_6D08B5E62654,0.09293899986645712
CC_6D0F60667273,0.3142458844874784
CC_6D127EE83945,0.05120913200251699
CC_6D134DB29068,0.3559461797452165
CC_6D141A49D94E,0.5975680307351531
CC_6D148C0A624D,0.15323941519333883
CC_6D1EFDDE2EED,0.06630996015123379
CC_6D22B938D7B9,0.07692565041307536
CC_6D27409F4956,0.09205906336914269
CC_6D2F0EBBCA4D,0.2137451691691026
CC_6D43BE30E8B8,0.2611861511340861
CC_6D4EDEAF67C7,0.19410819452232358
CC_6D72571304DC,0.4837958248293245
CC_6D7C62C7C161,0.060671779471988714
CC_6D8A18C28AF0,0.07576627521213557
CC_6D8B35007242,0.0830717417094818
CC_6D93A9E49E3B,0.19153783282039002
CC_6D9C644A082B,0.09715980185821874
CC_6D9F52BD4D0E,0.09878042785603212
CC_6DA058F9B631,0.2757638605929251
CC_6DA1F8DF9CDC,0.2611423848269428
CC_6DB000AEF16A,0.08528624629275229
CC_6DB5025899E3,0.2145928824273154
CC_6DD6FA2FA0C6,0.10166973188158054
CC_6DE4E4C1A31D,0.16921539717849474
CC_6E09CBC15C94,0.48724324550393994
CC_6E353816938F,0.05715553052510108
CC_6E3AB992A5C9,0.16014001032601027
CC_6E420A2FE490,0.15205758472155956
CC_6E46D01888D5,0.15785807395408996
CC_6E4702162475,0.05787900912218929
CC_6E548AF15091,0.22645275777543097
CC_6E5C9A2DA27E,0.047310006562874214
CC_6E610F3976CB,0.20658524977941942
CC_6E614FF9BE02,0.655694627536797
CC_6E68D46447E2,0.10910940837578595
CC_6E712C21215D,0.043737834845833955
CC_6E84DED41B8B,0.14295466322270164
CC_6E8557E30DC9,0.567627774718078
CC_6E8963475D35,0.19902783670420005
CC_6E9880CA0BF9,0.3060726670588138
CC_6E9FCD68ED52,0.676560106069881
CC_6EB194A93F60,0.13807281315279593
CC_6EB370F511F7,0.06692841958897136
CC_6EC722B2BC2F,0.16820563148119058
CC_6ED1B0EE4B6C,0.2126699595695515
CC_6ED65E7CABA2,0.11861286119589577
CC_6EDA84B653B8,0.33258595057398177
CC_6EEE8E7C1D1C,0.20886203759797703
CC_6EF17801ADD6,0.12682152815278205
CC_6EF337CC4BA9,0.2626022980185981
CC_6EF464EC9FCF,0.11600088569092173
CC_6EF6B8AE7DCD,0.043961368749119024
CC_6EF8C59D8395,0.8382275428297676
CC_6F2146FE362E,0.06913213063608745
CC_6F2408B665A6,0.3553803312916376
CC_6F2B8E925D59,0.03539123270896244
CC_6F3034E96848,0.11252548779026374
CC_6F3559ACC2F5,0.04796045217915901
CC_6F46C5897DA8,0.4104779585601664
CC_6F49ECAE902C,0.07450429984762617
CC_6F4B818665D3,0.12383895360543491
CC_6F4E696A1F88,0.24464209036841866
CC_6F54BD66C0EA,0.17151287565318787
CC_6F786C433998,0.09054860705496962
CC_6F78BF56B0C0,0.09135578645381205
CC_6F8346F138C1,0.455392560600387
CC_6F86CFDB23D6,0.06011455107701727
CC_6F8E30AE9457,0.14970559141895753
CC_6FC25B27AC26,0.07533000018943306
CC_6FC8BE007FE9,0.1479507193186595
CC_6FC8DA40122A,0.20266764677857502
CC_6FD8BAB1DA3E,0.06694552852935966
CC_6FE4FD09A9D8,0.08024914607981679
CC_6FE78CB02174,0.03621678767687158
CC_6FEB8EDBF2A4,0.1713369402209943
CC_6FFCF2DAD0A4,0.08154741237060363
CC_7002034B0979,0.08972367896913228
CC_7006523D45E4,0.08386648698963373
CC_70097151A773,0.0637903908556891
CC_7011BC95A91B,0.04211857420002899
CC_7020F3C11A3F,0.1681947977928102
CC_70306409A3E8,0.2866499840329319
CC_706B18DA7204,0.12350940687713441
CC_70703A59C070,0.18349366857724977
CC_70749DDFF595,0.12636456595037823
CC_7079CE5127A3,0.0399678442081877
CC_7087A46F0AB7,0.0982238435399873
CC_708B73EBD939,0.1701111091880676
CC_709315667BCA,0.07704154362108943
CC_709970475B6D,0.6037949421306197
CC_70A56ADAC199,0.05381279250693238
CC_70ABB244502D,0.050507083470251714
CC_70B0176647CE,0.15038015107075856
CC_70D3353DA1C3,0.07018749452241443
CC_70D652DF4E91,0.1280895143510613
CC_70E3121BFDC4,0.09328617240334718
CC_70E5FB8B072D,0.05299593907643039
CC_70EFECA3FAEB,0.16687651238907553
CC_70F59DA18BCA,0.45270933766341576
CC_7100129A0AFF,0.10324768577976372
CC_7113554E33B9,0.07157738634211425
CC_71260405461D,0.07092696733655852
CC_712677251322,0.19533902934721525
CC_712D31B2785D,0.09258771834063396
CC_713052DB1E2E,0.06202790182616351
CC_7139C2D6F1AC,0.09522831545467628
CC_71427FC8FA49,0.23166329558532164
CC_714912E93A71,0.1485297942062192
CC_717A5C2ED311,0.2217085599778452
CC_717C94F5C8F1,0.07605401183350818
CC_718F067F4DA0,0.04658727182263696
CC_719E714DD38C,0.06949997394406977
CC_71B169C874D0,0.15853221088601996
CC_71BB5070615C,0.11131401044143477
CC_71D37D6D19C6,0.20713403573308556
CC_71DC80205F42,0.14341166854731818
CC_71DEB636B8CD,0.6096622120231406
CC_71E4CBAA1211,0.14232767536890267
CC_71E787049755,0.10117454532544552
CC_71F1EF5575AC,0.10269045527382985
CC_7201DD8EB33B,0.20241231730928483
CC_7202C8CE2317,0.30372238061066814
CC_720B06583C57,0.03935888631954039
CC_721DEC038BAF,0.07722625595429025
CC_72219BCC83E3,0.15448147802493278
CC_7223DABA7E98,0.10165692291541376
CC_7233459FF7B8,0.2645395293339017
CC_7238A8A6767A,0.15086842174093107
CC_724559551664,0.6781207942370866
CC_7248EB4B76CF,0.05849362746642398
CC_7259B5314D92,0.08741475422059328
CC_725CA03102FE,0.045866788542006195
CC_726E05E5A555,0.11230609673108603
CC_7276AEED6D4A,0.07690216792696833
CC_72A18E8D6670,0.051183586357514965
CC_72CDBC38202A,0.43148145326911075
CC_72D8B2ABA2D1,0.7571412082222135
CC_72E4590D362B,0.4057022876489436
CC_72E8542AE4BA,0.049542894254711076
CC_73010B6E55DD,0.6023665381744457
CC_7309A4693D52,0.14773853945002896
CC_730C2A3FF1BF,0.15240306301343656
CC_731C1BCED024,0.59967889902216
CC_732C325832D8,0.1405881990968605
CC_732DFCAA0A75,0.19294006183690265
CC_73322A6A24B1,0.7699080510222688
CC_7336B19A18AB,0.189083450393218
CC_733AF1D123B8,0.32513160096959853
CC_7344A0E90AFC,0.12032287873214677
CC_7348C2B475B7,0.12419168610075872
CC_735E1A78B058,0.08275027797679066
CC_735ED2A02DC4,0.13762277802442438
CC_736015DE4E3D,0.37092310187403943
CC_736A42761E55,0.09882252835496036
CC_736C0436B98D,0.17995541512378618
CC_7379212919FD,0.0781271162952075
CC_73859CD59E75,0.565298549922897
CC_738B201B1CF9,0.12217231278919222
CC_738DCB11942F,0.0685485153654006
CC_739198ACE582,0.12094009993135336
CC_739D093D7B69,0.11682391332407083
CC_73A7FC903662,0.16576184812360714
CC_73A8927DCEB9,0.09591424963808365
CC_73B575BBBBE3,0.14745139220121167
CC_73B6B9AD2002,0.04712186399956434
CC_73C28D72A5A3,0.48073617606720237
CC_73C38DBDF9A7,0.10076415092564865
CC_73D44BEF6754,0.36801820050219264
CC_73D4C1D7C022,0.07516835967194031
CC_73EF383F3C2E,0.17381927005516568
CC_73F34B1607C1,0.07469828509176328
CC_74137206902D,0.12189956983121875
CC_74198E5EC366,0.060617567841643606
CC_744FB5804A8C,0.6370802492958902
CC_7451E64B6D47,0.1847411858796321
CC_745A64878AF1,0.10120662380576802
CC_746B196CECA1,0.16640125523037821
CC_746C06898D5B,0.622223822263292
CC_746DE1EED0DD,0.189845420586827
CC_7476938CF6A0,0.5355946680311855
CC_747CFDB7E305,0.08599028834774983
CC_74845374E870,0.752773884096273
CC_74AD8D3B192C,0.7063408140563848
CC_74B90A15B270,0.10142848114365069
CC_74BA5D46E909,0.6848922034802983
CC_74BE0AD5E21D,0.14568302012452902
CC_74C33B66F002,0.15288299724759064
CC_74C9C3F17421,0.0654497712958906
CC_74E4BD5C07D2,0.07471678837011804
CC_750D90249EFD,0.12280437309039036
CC_750DA21B7EDD,0.3055890141714591
CC_750E6537383A,0.28310618557310885
CC_75137D6F9DCB,0.10662519774403625
CC_75173A8A11D1,0.3580926613374646
CC_751DDC1FC2AD,0.10286672122703217
CC_75357E0206F5,0.09247087824658132
CC_753D160E3A58,0.11242053654877808
CC_754447632F75,0.045092136559101034
CC_7549363C5D36,0.07974281359216387
CC_754F3894627C,0.08790632430868169
CC_7562CD43897F,0.14564350901024423
CC_756A077EC614,0.3957711174807809
CC_756D3492443F,0.2850327576634034
CC_75783B3E6C6E,0.04414930644338186
CC_7598068A716C,0.04684828961628771
CC_75A37D8C1F6C,0.5915124374668007
CC_75ABDDA24C26,0.11213984347550186
CC_75B287424E59,0.38033564604954817
CC_75B2B88876B6,0.1106217263263397
CC_75B324FCDD4A,0.23300772694856192
CC_75C1466E61E2,0.2408254284115151
CC_75CCCD9D4568,0.11788136430243674
CC_75D2DAF4491C,0.33206673521186597
CC_75D54090AAD4,0.10507410522620858
CC_75F1927E5941,0.6826907889816456
CC_75F99AD6844A,0.3114897563790782
CC_75FBA505C727,0.2776438601320707
CC_7615CC930B76,0.12176383768620064
CC_76168488EBB0,0.48916494492293044
CC_76197A77D666,0.03979581923700451
CC_761F48F8E962,0.21403235608706225
CC_764C6ADC6D1A,0.10027644348943948
CC_7658A6B0910B,0.052263371955799436
CC_766347951B7B,0.5587998123538174
CC_76857712D8F5,0.3055484287685984
CC_76A0DF2549B7,0.10557046104993421
CC_76A636414AEB,0.2690338616117325
CC_76B01540CDD1,0.1879306171423456
CC_76B420FC66EB,0.11940946668635594
CC_76B6BCD2EBAF,0.07124817573261859
CC_76B7A0029620,0.11795954125479703
CC_76BA435EF2AC,0.13580736826417747
CC_76BCC1AFDA4D,0.08434955671245259
CC_76C35913E797,0.17271439586621098
CC_76DE3DF1DEE3,0.18462394075538813
CC_76DFA4CD068B,0.09677663744940092
CC_76DFE3568C72,0.2819819240137564
CC_76E201F1E036,0.345346883034017
CC_76E83166FE0A,0.13876851995625777
CC_76FD9E9D9ED0,0.12393610591774208
CC_7720BBD06736,0.35289791807865534
CC_77340228F356,0.6985491019157076
CC_773CBBCBAFFE,0.10329130853427947
CC_773E9B092923,0.09869223486273417
CC_773F22C3E42F,0.044050945059149756
CC_774ED295BF96,0.1604891377969036
CC_7751ED6DF76C,0.05875519437961124
CC_77571749B970,0.14691038951826924
CC_776F8B3BAC08,0.13338753307545345
CC_777889F9694E,0.04377363188960264
CC_777D08513AE8,0.07686279205562543
CC_777E3D988EFD,0.24800145287263078
CC_7795BEDE05E8,0.2675475159501626
CC_77A9EA3A6784,0.08965141393452448
CC_77B1AB7960A9,0.19823479502169836
CC_77B6EA810549,0.28760850542057576
CC_77B9889C9BFD,0.21460885531401822
CC_77BC55DC92B6,0.1379725391137358
CC_77D1DFCB0A8B,0.05380344861759777
CC_77D9AC43DFE1,0.20107838653600446
CC_77E6EF1CF2F7,0.12544750541287042
CC_77FFA8E6B36D,0.10897233932191847
CC_7801661A9DC2,0.16730955522697785
CC_78069B1BD931,0.12019580642818722
CC_780828B48716,0.11695589023255658
CC_782130B98F34,0.1003443836745567
CC_78273789B3C5,0.7592037487540659
CC_78296783E4EA,0.17987005729770827
CC_782B06291D87,0.06161412390495805
CC_783A2D4C89F9,0.4130606370521888
CC_784407E16923,0.0994573098508666
CC_78491B6255F2,0.4281722620239371
CC_784F17AC712F,0.0664480128536707
CC_7852FC3BBADB,0.09087451070050984
CC_7866E4CE528E,0.751367222804303
CC_7867E7C01013,0.19337075233373588
CC_7869F609EC2E,0.204295240875678
CC_7874F14ABD7F,0.14594971286984332
CC_78774E05FF12,0.17366904434066874
CC_78815A352067,0.09680525203620562
CC_788FF4549766,0.2837367881886145
CC_789977501322,0.12168369764744469
CC_789B2BA880E7,0.045106206312887066
CC_789D87F51AA1,0.06650785009362242
CC_789DC3C358CB,0.22791524501428576
CC_78A036DF6320,0.7134077531611682
CC_78A3EA63B7EF,0.044106172916197575
CC_78BF1B8FC1CA,0.12774315955799265
CC_78C96E7015BA,0.6515825327870303
CC_78CC84FA2CE2,0.18081666378716146
CC_78F0087076CF,0.18310935023911087
CC_78FAA95F5B5F,0.12415088160703015
CC_79033EFDE096,0.12498381795038942
CC_79086C18A963,0.10509033262482857
CC_790DA2ED9F5B,0.11291962496613443
CC_7928811F7D86,0.10213524686006686
CC_79345478FCE5,0.21193677147983925
CC_7936C8D65B95,0.13487042547970327
CC_7948C5509411,0.5147788754438428
CC_794ADB0677CD,0.12634263376201813
CC_794FF8E7F876,0.0460274567434166
CC_79500EA652BC,0.5830267772916298
CC_795083A66DB5,0.043532287339198936
CC_7950D4B773CF,0.14575670384603892
CC_7955AEB49759,0.1522811834849159
CC_7964F862DFA3,0.3714271398790924
CC_797A700CF967,0.45973569025786837
CC_798180DDF677,0.32755928073106766
CC_7981ABA9C370,0.10648281177455192
CC_798B2DC03C5A,0.07396223749145413
CC_79BD986C23CA,0.06568710756395175
CC_79C6BA680815,0.5563798399220033
CC_79D694E6F5AF,0.22416350484369843
CC_79ED9A0F6E49,0.4433900160701702
CC_79FA2512E5A2,0.16547189410621085
CC_7A0024F6FA60,0.19395672397664918
CC_7A193A453F27,0.03896438626932887
CC_7A1F071DC5D4,0.38985178066597875
CC_7A5D96BC99AA,0.7328931212531776
CC_7A6B51562949,0.22398981331463522
CC_7A6D7F9654DD,0.4154985694884079
CC_7A778E010F33,0.24451446657754977
CC_7A7FB841B669,0.5729901844153442
CC_7A91013D31E1,0.13808813220142455
CC_7A9117596769,0.06712979310682131
CC_7AAF340DCE8F,0.19916616482249033
CC_7AB146267981,0.23839762551813118
CC_7AB2A9CC8424,0.26848198350318225
CC_7AC1DF18CBA4,0.2618352841683263
CC_7AC4240DD225,0.3033582265191423
CC_7ACB325BD924,0.17706832942182674
CC_7ACB88002397,0.4744393968821403
CC_7ACD4F370AED,0.19549855515017028
CC_7AD4072A9F82,0.05457047247813229
CC_7ADEECDE4D73,0.21102127267566104
CC_7AEB48D8C5E0,0.08992267153429949
CC_7AFA5CD2B29E,0.10173405739838082
CC_7B092786DDB0,0.0580941161035129
CC_7B1B35D5628E,0.06276202899795211
CC_7B210557F04A,0.1063926546920944
CC_7B369A7C1D3F,0.1424861065085239
CC_7B4002591821,0.678569701759143
CC_7B42BD80D79A,0.1850858241159004
CC_7B44FDF08B93,0.13342801027110018
CC_7B501C32CAE5,0.07760258716287345
CC_7B88520D4FA2,0.36591675222170844
CC_7B8ABE6E552B,0.18715303645133147
CC_7B8D2E07908E,0.33373299929951245
CC_7BA150468D19,0.5933018387727484
CC_7BB159FCEB53,0.2419527844074828
CC_7BDD72710831,0.0603784708200237
CC_7BE02C65B967,0.16866003898059623
CC_7BE382988C1C,0.6451633690508716
CC_7BE6110DBAA1,0.34552482018368086
CC_7C0B14BB0573,0.14489166935305145
CC_7C0CF5558904,0.712871225902756
CC_7C13E7F561DA,0.6879717182366456
CC_7C46F7F667F3,0.11005457778353883
CC_7C510CE0521B,0.0849492945267134
CC_7C61B5D39E49,0.46800836585520117
CC_7C6770DDA182,0.11293831716342433
CC_7C6DBF78A610,0.09760428441915803
CC_7C7B0438E3AB,0.17162464528315505
CC_7C87DFBC3176,0.10553164275380854
CC_7C9528E94215,0.2450175996178268
CC_7C9ADE65CF81,0.10402251752500154
CC_7CB6CD1B9DD0,0.06011933960340061
CC_7CB7C7E55BE6,0.1475276947017889
CC_7CCC3A690325,0.17297562823723453
CC_7CE5689488DB,0.06425829495017175
CC_7CEB758A9814,0.0517857846425539
CC_7CF7443D923A,0.055890319225898766
CC_7D0D597690BF,0.12815790565793359
CC_7D0EA0307817,0.04559678467226842
CC_7D12E6FF25C3,0.13368223505107096
CC_7D28D39AED1F,0.6419543843167451
CC_7D2D19D832FF,0.0665362499734996
CC_7D34A67E1369,0.07153067279603713
CC_7D4388B41EB9,0.14871628970896958
CC_7D46FE573D79,0.07450335600871803
CC_7D7810799F2E,0.0554120710535501
CC_7D79241150C8,0.13674762217287526
CC_7D7B92EF2655,0.15069537337270641
CC_7D8C2495C1F7,0.06947973604638151
CC_7DA4F1BA24A1,0.6537673285811648
CC_7DAF18939084,0.06737343898214666
CC_7DB8BA427410,0.06351150780139181
CC_7DC9456F1161,0.0418795251355317
CC_7DD2CBE0F0BC,0.22602299846625848
CC_7DD495158BFD,0.6264795340493186
CC_7DD5411F7A14,0.3143896156420228
CC_7DF099A7A092,0.22419394463247058
CC_7DF27D2AC111,0.06132065706297488
CC_7E0CA072EF93,0.07154016431586678
CC_7E0DA100F5F2,0.16358032740932377
CC_7E1086EFDED5,0.043225942040480206
CC_7E12E0F3CF6D,0.1158754536631137
CC_7E178CE78FB8,0.07815246459084337
CC_7E1C1A6D0E9A,0.15634430851630793
CC_7E2A76850DF6,0.7920442746295214
CC_7E3ACB15C69D,0.09789261411273173
CC_7E3F3373A73D,0.7246660634739956
CC_7E42A3D0737F,0.11380952269862107
CC_7E4679C534D7,0.22563226261340366
CC_7E53FEEB19B1,0.2554500696158377
CC_7E71CE7FC603,0.19183637161994552
CC_7E8333DBAEB4,0.3474450733420569
CC_7E843438DE4A,0.05491026649322465
CC_7E8E4747C0D0,0.6439366668109878
CC_7E952828C1B5,0.10212192243002233
CC_7EA6431FE6F5,0.12249104843225381
CC_7EA7BA7621C3,0.2621564493245034
CC_7EA8F24B3010,0.09279762879374766
CC_7EAB28B0309C,0.06215269652338935
CC_7EB4A5BDA97E,0.07227962100183957
CC_7EB4B0A36534,0.09304980259079171
CC_7EB791F4AB2E,0.11551066030386666
CC_7EB883C9D5F9,0.043277382244026406
CC_7EC59C577F02,0.06244187008483298
CC_7ED2683D26DD,0.10037943539195812
CC_7EDB3440E0AB,0.5988471922815424
CC_7EE12013C7DF,0.15381687326235782
CC_7EF824CC0D3C,0.13759139599692544
CC_7F09C6F6321D,0.7346349692221343
CC_7F1AD40DA179,0.16825710107748754
CC_7F1D38A39164,0.08278183125135939
CC_7F22B7D326CC,0.20422166553081866
CC_7F2614F1AAAE,0.2274197238055418
CC_7F2CDC7C1634,0.048542295438694025
CC_7F2D46DF9BC7,0.1579602811855916
CC_7F57A90B69E0,0.2678536398990668
CC_7F633226A676,0.2877012016749615
CC_7F753D809267,0.6688739084089362
CC_7F7EBF25AED7,0.042812193768418896
CC_7F8496CC5779,0.04488870360200761
CC_7F88D9C5D258,0.09168168943653587
CC_7F8AB4DCA794,0.1307363728663354
CC_7F8CC9509418,0.2620961480552345
CC_7F9069571F79,0.27790503594549143
CC_7F9AD27E079E,0.17043049496837412
CC_7FA281AC1C7A,0.10646417421333984
CC_7FA389E90548,0.0975552784371751
CC_7FBF4A48AF55,0.06121975112993378
CC_7FC40175A8E1,0.27098926450805944
CC_7FD58EE7029D,0.08476394479302309
CC_7FD7F635C341,0.054947409136682494
CC_7FDD458DA059,0.20506561813905658
CC_7FE85C259E03,0.08851385097468367
CC_7FE8CD30D7E0,0.10226731269856056
CC_7FFA32DE7B04,0.14156046362946373
CC_8014F1E2C5BF,0.049786259312016384
CC_8015895C1C29,0.2010835700967907
CC_802BA7E39A13,0.06302049740242964
CC_80300D23C3FE,0.4685396864312779
CC_80465303B6E2,0.2040096270587771
CC_805ADFD46B84,0.06258060577546762
CC_8060F40D9522,0.17309278869007508
CC_80621E822131,0.06395226007331833
CC_806654B580B5,0.4009582762221696
CC_806CFD6A52BA,0.04307546316120195
CC_807935BBEB7F,0.055465844641761824
CC_807C57E626E4,0.07105548742755993
CC_807C91C98684,0.04159361037340385
CC_8096B589BB07,0.14213644789425078
CC_809D60155E9D,0.0757573255525005
CC_80A2189E5125,0.49820286521880036
CC_80AF87F62770,0.16713647517872718
CC_80C03DF9CC57,0.1904734151201104
CC_80D9B6563750,0.5506933448267609
CC_80E9638ABD4B,0.05160433762928525
CC_80F7171B71CF,0.09798501352896961
CC_80F9983BC18B,0.05668289457832672
CC_811109A98EFF,0.11381094684394859
CC_8129480B056D,0.3136880189673604
CC_8134E5DA9FEB,0.5785732619625182
CC_8140399AD344,0.10970012246789165
CC_8140E278B6A0,0.24265942668970952
CC_814E0F756757,0.4370694328625274
CC_815FAAABFC91,0.2004315478564422
CC_816B28807CED,0.08122168067263744
CC_81821F9F2307,0.5496642282360394
CC_8186D7991EB8,0.05649554660038771
CC_819E203180C8,0.7951555742552602
CC_81A5E3141BDA,0.5610064097139457
CC_81B5CED8EE79,0.14833108847606874
CC_81B91198E00D,0.7293813851389023
CC_81BADC379C8B,0.18392268149122096
CC_81BF8EA390F7,0.05658135115550269
CC_81C5FC962C72,0.07975741538330913
CC_81DDBFAF1CB6,0.058375322378578724
CC_81DE637E6138,0.03943119325738313
CC_81F389DEC9C5,0.07975184918057106
CC_81F647806849,0.1660157788643756
CC_820D491B2903,0.7620298879549418
CC_82172863AA45,0.35136441524710815
CC_82195FBE9366,0.06300632161650149
CC_821F503DA953,0.0944580500425097
CC_8221AF9B0B93,0.7481237690995882
CC_8222D1C47857,0.0655795892591521
CC_824BB6CD2B25,0.07354414311799387
CC_825192411933,0.09819677427370414
CC_8270E213EDF5,0.19201451131789524
CC_82839CC161E8,0.05926867046591013
CC_828A0B6D7291,0.138816704634568
CC_828EDE22A438,0.04274089492388229
CC_82928B5ABD45,0.3046704902609891
CC_82A7FE954659,0.18278738319186127
CC_82ABE1FFFA1F,0.14007538014324908
CC_82BDFA01C41F,0.13247064577757964
CC_82C20057CB4A,0.07916828656115071
CC_82E52529A567,0.1993379160737861
CC_82EFBFCF68AB,0.1356188395390461
CC_83092F58B321,0.13634452416801698
CC_83098B4BBD4A,0.1275253268062865
CC_831F9E623C5F,0.18402223592427863
CC_8326C8A3D569,0.11124152162141157
CC_832730F42A18,0.11440068336852618
CC_832A44C3F2A0,0.06569838609698041
CC_832EBAE498AE,0.6232226252329902
CC_833B196A70F3,0.7079243465917211
CC_833E14DFF4C6,0.13545605794845292
CC_834092035687,0.3773638086081369
CC_8351244DE3CB,0.06589483386406687
CC_835B90025058,0.07112470870290641
CC_836534CEDFD3,0.1406976652198119
CC_837ADC1EA55A,0.20609423006926783
CC_83884D799788,0.18117695097830133
CC_83947255841B,0.12499446307528966
CC_83A5A3022ADF,0.7852995349920945
CC_83ABA98906DE,0.08802141952639606
CC_83C75D07414A,0.40030121877763036
CC_83CBA767432F,0.7258074809063055
CC_83D342F53F36,0.1359816014410638
CC_83D5CA2A23C2,0.04728261156879376
CC_83E002D6D82D,0.19103197383214285
CC_83FE1BCC83E6,0.2686472295807211
CC_840E5B830DB4,0.05471566986567541
CC_842525788FC1,0.17995068591689953
CC_843076C8EB9E,0.2937217805631543
CC_8442C97EE91A,0.14418718389564622
CC_844C3C30ED67,0.09697008766504896
CC_844E345D2636,0.1754228501842051
CC_844F26E92B12,0.18490971180929053
CC_845032D8A261,0.29858772301623937
CC_845223F606E2,0.3111275420944494
CC_846F5B19B110,0.37364736670627857
CC_84797EA9ABF9,0.20244349115365584
CC_848D59D48081,0.18290648227888007
CC_84AB057BFCCA,0.05660812931650382
CC_84B0BA112537,0.07740223479377457
CC_84B8FCEDADD5,0.08428190221266221
CC_84C61A6BE99D,0.1120557738571329
CC_84CDF830F68F,0.07280390268311004
CC_84D5B88572DC,0.2331975512857141
CC_84FABECED186,0.13612845489660572
CC_8503F43FB29C,0.1869301080191079
CC_850ACB004EE2,0.0887358544200576
CC_850B114489CE,0.10575280788439631
CC_850CC17BB13B,0.10055491018999409
CC_8518C159BDE6,0.13227033061281393
CC_85299261146C,0.08499976918696217
CC_853986C52A17,0.04724001572357953
CC_853ABBECF2E1,0.785653348318945
CC_853BF4485D85,0.17738256972326472
CC_853EED03843B,0.06495223006576606
CC_853FD1B551B1,0.1685618302305861
CC_854AAA98CC0C,0.7987905913483455
CC_854F8AB5F1FE,0.04849169138793202
CC_855E2A785BAA,0.10557564110273242
CC_85614CA68432,0.04954606145026742
CC_856B92B23BB5,0.7986248765048507
CC_856DF4A30E13,0.7218354932216494
CC_858704DBD5A6,0.06235550374765708
CC_859EF0AAA74A,0.04956031785862315
CC_859FB710961E,0.13576411219353093
CC_85A0EB3C9884,0.5969938069463661
CC_85C887BB996A,0.07927088328220823
CC_85D9A6C9CA60,0.14276185430448154
CC_85DAF10E61A1,0.5423859884401112
CC_85DEF8ECB524,0.14106483652141552
CC_85E2E0B8B15F,0.6931104675198466
CC_85F018DC47FC,0.2510135859962362
CC_85F376B33951,0.17498501793191537
CC_85F745E1D307,0.1375637819348669
CC_85FAFB430486,0.2640918619778622
CC_860D4B868C17,0.03477344874213011
CC_8614E30C9FCE,0.4108236334659828
CC_861F5DC22035,0.054802362381067435
CC_8624ABB391B1,0.1860495568990472
CC_862BAB422756,0.31526758807628924
CC_8642F98E5504,0.19118763348259385
CC_8655B8862C81,0.15358870313620349
CC_865FCEE75A8E,0.03661277063001989
CC_867372811CCD,0.4440008237492757
CC_867695B5C296,0.5630372774620992
CC_8682B1F914ED,0.14696326805921808
CC_8691DF144B92,0.4882008524920088
CC_86AD259FA5B1,0.12788116790509277
CC_86AEC21936BB,0.7483020811340978
CC_86B1D15F8424,0.0569138579942684
CC_86C2A6EC5712,0.7101069360101827
CC_86CF816B494B,0.09154476677629056
CC_86D4D58B1D0C,0.13520781139336602
CC_86E2C4E17CB6,0.05137999853615273
CC_86E9E191E3CA,0.38969163715587746
CC_87000C16C856,0.09588454288963087
CC_8703DD5FA02C,0.1697511314772249
CC_87065B1F429D,0.11044373025814325
CC_87434BBA1CE7,0.047132613700312034
CC_87450EA8CD55,0.6435101598103065
CC_87480F785786,0.06451032716625285
CC_8777EA6EBFD4,0.047842327755336755
CC_877A35E76904,0.08614691355886987
CC_877B37D01563,0.13095607679877067
CC_879759A5EFB8,0.354579227875408
CC_8798AF2651BC,0.12020567549909
CC_879989FB3B92,0.5810308597233482
CC_87A3BECEE5A4,0.13704613737444354
CC_87B7CDF4BDDE,0.04238405349395487
CC_87C13E620006,0.27417896647702733
CC_87E3AFB080F8,0.10988024427280697
CC_880044F77ACC,0.11294873791573239
CC_8809BCAC74A9,0.045528393139008895
CC_880E0019DB5D,0.036486604216277425
CC_880F027D886E,0.11960042841409661
CC_8812BC579F7D,0.07757546982838995
CC_88225FE57D82,0.2367292700455857
CC_88315318E9DA,0.3459354559365917
CC_883864E584A8,0.07465167747941331
CC_88469BAD58C4,0.05460777902522636
CC_8854EE679596,0.07925997037638677
CC_886273CC4072,0.0770779034131725
CC_8866B6D4524F,0.2820897574568693
CC_88A943606806,0.29195554082427133
CC_88E916A3F984,0.8248231953269175
CC_88FDC55C31A4,0.10635321274111095
CC_890D5EE59076,0.03908126296862642
CC_890F721517F2,0.09793608027619283
CC_89129D16418A,0.3152110820660174
CC_8917F02F9326,0.14615719150189704
CC_8920B6584A43,0.07746246963848288
CC_8929DF270419,0.7050538272847511
CC_892B119F0E5C,0.1515340950887241
CC_89302456B9D5,0.6666679862128048
CC_893FAA6D1F04,0.7345126475981165
CC_895AF697BFBB,0.2615057141976482
CC_8961FF892F79,0.035943144436744595
CC_897674493060,0.07731522056303104
CC_898AFCD28B03,0.1253165938245192
CC_898CC919D10F,0.19654751250429528
CC_89A711195EEB,0.1452519153756717
CC_89B4DF07DF12,0.08048209780670786
CC_89B941079E10,0.09402090189948276
CC_89B97E9FF67A,0.11667684179883216
CC_89C5162E8055,0.20182575681623185
CC_89CA0F1E2DBF,0.23933516569690286
CC_89DEE29A78AA,0.11169123991523248
CC_89E089707730,0.13824685896093683
CC_89F0B865A6D4,0.1251208678655708
CC_8A04C5D4D02D,0.06700925303994928
CC_8A081AA1FB92,0.37931855993392066
CC_8A0C640E7A89,0.5579647313748166
CC_8A12B68246A6,0.04477505973925638
CC_8A14A46B280C,0.1571049680575197
CC_8A165A18560F,0.2586735475063836
CC_8A19196788FA,0.07966623604418838
CC_8A25FA445037,0.1080830142594686
CC_8A29EA87B295,0.1341962964335712
CC_8A2AC87CB22A,0.060622273137769085
CC_8A34634E7423,0.6076610852419689
CC_8A38BC1AFE57,0.07574733102041999
CC_8A4CAF0CD0F3,0.10308093006797386
CC_8A5A0429CAB0,0.13977369233285353
CC_8A6E60FAE870,0.07883684333946275
CC_8A7DA054E397,0.6890844431493337
CC_8A7F5FF4B421,0.2670083971217701
CC_8A8249A44847,0.1488206333037745
CC_8A8BCE16DF45,0.10780979849989214
CC_8A8EC764734B,0.07939193597026273
CC_8AB553BFA00A,0.09599069609111259
CC_8AB57DC077EE,0.6586642110827203
CC_8ABA5808D313,0.06968001832455054
CC_8ABDD9A05C87,0.3729639217614451
CC_8AC7520DBCCF,0.1585721417201881
CC_8AC7F8BABF28,0.07454229147975584
CC_8AD67FB3A5CC,0.7650956626993115
CC_8ADDCF5EDCC1,0.10993154983749177
CC_8AF1C3A0799E,0.7139683063203536
CC_8B388FAED0B6,0.12101450090287981
CC_8B46CA903D09,0.035731878032786706
CC_8B5819403FC8,0.7088488319668794
CC_8B581B8207A9,0.12586567567737844
CC_8B6DBEF19F46,0.14689753018565088
CC_8B8326C4C229,0.11217869630926644
CC_8B850FDCFC83,0.08106813827309567
CC_8B8F41F19B72,0.07388867161093182
CC_8BAF98C60957,0.13029649428886128
CC_8BB0824B181E,0.05437482119927603
CC_8BB963DAD9E2,0.19186748669279122
CC_8BBF5F939D7C,0.1329370473155949
CC_8BCBDCF4DFF1,0.1274268659262374
CC_8BCE343561CB,0.7596059934268534
CC_8BDA87361657,0.0955464475456766
CC_8BE68A4DB87C,0.08028342227879162
CC_8BE9BBD879A5,0.053021174690197334
CC_8BED85B91011,0.3420977440399161
CC_8BF68E552DA2,0.206571808521357
CC_8BF832E6464E,0.8127821271023298
CC_8C1561920E84,0.21856653594462452
CC_8C2A7D9A667A,0.18487034640457442
CC_8C3A5DFE70B9,0.1722392536045948
CC_8C534CCBDA4C,0.2171120122242837
CC_8C6472A3EEAB,0.05856682228848222
CC_8C6B4854D16C,0.21915842088688983
CC_8C76DE4F58D4,0.06426003056448937
CC_8C7DA3F4F88F,0.060450350049312436
CC_8C8527DE7DD7,0.08098318854218661
CC_8C9416612FDE,0.37476453147369304
CC_8C9973F02AD6,0.38551339859627887
CC_8CA1DB61A2AC,0.06168215967841499
CC_8CA59CAE22F6,0.18878770593643196
CC_8CAFD04A6EDD,0.10648074175388342
CC_8CCCC389913B,0.646722127343993
CC_8CCEF12DC7B9,0.18023824605236757
CC_8CDCD714BD1F,0.751605109765387
CC_8CEC7987D1B1,0.08661887459428973
CC_8CF621ADAC0A,0.21712912601896536
CC_8CF8FE2A4B82,0.40315421564286585
CC_8D048396D9D5,0.12052290770035957
CC_8D1089C58563,0.4991953347413834
CC_8D35A37FC4B1,0.14321849255794272
CC_8D41E12FE5B6,0.16538026749512919
CC_8D4A859839EF,0.1448805671981406
CC_8D4AD431C55F,0.08526578209663913
CC_8D4D882CA579,0.12384681665788433
CC_8D6151025078,0.10528860482876105
CC_8D637233FE54,0.1515007594803238
CC_8D6AEBA2D7EC,0.07909760561472777
CC_8D6E16DED971,0.17404429847761052
CC_8D7329F79BBD,0.5339876822909563
CC_8D7B7307C43F,0.10307418331933971
CC_8D7B9D4936EC,0.7311237320287205
CC_8D80B1B44AE1,0.46566239367727086
CC_8D9516D61143,0.4391497838810832
CC_8DBB8445786A,0.10361115687479451
CC_8DC5B86D9DCC,0.7391186474676247
CC_8DC6465998DD,0.21319860842092697
CC_8DDD0EDA9CB2,0.15591708534229962
CC_8DDEF0265CB4,0.0603022690234386
CC_8DE06BEB95A1,0.08747361997288423
CC_8DEBB5B14A14,0.15072605997700547
CC_8DF5BE7F759C,0.06457853377925869
CC_8E0ADCC71F85,0.05406364165892091
CC_8E0BD86F6F0E,0.10727410704789611
CC_8E143BFCF3E5,0.10513435967826014
CC_8E170A60D71C,0.36565561643017275
CC_8E1C3A21FAEE,0.11332703908653881
CC_8E408E18F060,0.1073385257753027
CC_8E42FB163DA5,0.8129191541489472
CC_8E47536D29BE,0.29492324589769586
CC_8E50AFFC5BBD,0.050319929724989096
CC_8E5FB1035354,0.17698238908758404
CC_8E7B9B8DD1A3,0.1008963876095954
CC_8E85B08196AF,0.040637123487303514
CC_8E96FC75AE5A,0.08326606888831392
CC_8ECAB5A6C7B9,0.06861918993509142
CC_8ECC4C7A6638,0.5376272141677199
CC_8ED6F13C35F5,0.16123896402935545
CC_8EE5E9467038,0.1624965590571253
CC_8F037E5AE692,0.05106977525802038
CC_8F1A418D96B3,0.25184950338580026
CC_8F1C4014F91A,0.11717018987162393
CC_8F30A5FC9D49,0.10542876292523012
CC_8F3456F298F7,0.2307121749428771
CC_8F393D485C29,0.10946852044515672
CC_8F4A41130110,0.049464357760624536
CC_8F7AA6E4D486,0.12035220203806156
CC_8F887BE25314,0.13906325403847405
CC_8F90CD1A5E00,0.15703681166354905
CC_8F9B26042C4A,0.10318915938794872
CC_8FA9423E65C6,0.09723850539844787
CC_8FBA6C32E0A5,0.30675670452616255
CC_8FC1C50C41E7,0.08558958627888599
CC_8FD005425792,0.0695479197085411
CC_8FD6A223135B,0.15491145070990464
CC_9002450E1B5A,0.05178192175290831
CC_901CE62199C7,0.3791023860662699
CC_901D2136E1F9,0.1477542788743439
CC_902648F62345,0.16229290047464096
CC_902BF0612E70,0.11429765792602735
CC_9036F7423277,0.16294863322533837
CC_903AD2767BAE,0.7281487498937946
CC_903E4BA690FA,0.28149606878592026
CC_904386E31210,0.061536084048276006
CC_904EA6C846F8,0.4230509437011129
CC_90549DD3CC39,0.13934006591030004
CC_905739E5494F,0.08531677731072469
CC_906F852C69D6,0.6600638501952754
CC_907911F4930A,0.28855218737360216
CC_90798A7273BD,0.15646280284704944
CC_907F3A8AFCFB,0.0849720475245864
CC_907FA7722881,0.10393499309822853
CC_90812D9F30FE,0.10907607060202633
CC_90870A89F310,0.04878294445136549
CC_90894CA021C3,0.6543991884938666
CC_9092C5EBF5F6,0.05596757385047022
CC_90A10D649D9C,0.6781345150873798
CC_90BF8E127519,0.6039258407604093
CC_90DBB385A7F3,0.7333050144531144
CC_90EAD308012B,0.31578140772723806
CC_90F4BF0B868D,0.15301488942483732
CC_90FA39516EAF,0.08534470588735232
CC_9117894F31C2,0.19936258400855028
CC_911ED63BB556,0.348638006837364
CC_912730AE6E8F,0.282252657720045
CC_912CA7EE4C26,0.1128942474041869
CC_912DA46AAED2,0.09986117064171038
CC_9132E67EA479,0.14608591798696152
CC_913D95FB31E0,0.17349268659748754
CC_91529F20D461,0.7719266591067024
CC_91586318C780,0.04709492092145739
CC_915F2708219D,0.16224631153427932
CC_916CCF9CBC08,0.03623307714597308
CC_916CF77A29CC,0.10342607066157425
CC_9189E4FF82C5,0.14890371878241146
CC_91A27CB6139A,0.15274546540441242
CC_91B7A4A15A37,0.6283141680525536
CC_91C2077BA6D7,0.07788498282297791
CC_91C4CC43EEE5,0.16104478924609675
CC_91C55BE33AC7,0.057328550805221715
CC_91C81BC58B49,0.07022052710432371
CC_91DE12EE18A7,0.37415634940388154
CC_91DED13CDCD9,0.12844905337100937
CC_91EF639761F8,0.13767292632435865
CC_91F23A7E743A,0.3796795028004232
CC_91F4C5E889C7,0.7233506559607125
CC_920E91EB28A7,0.171089059119164
CC_921481F5F77E,0.10174243479351089
CC_92221DB27176,0.1795186654149765
CC_9224D5677C66,0.1258010894109211
CC_9230B9656F93,0.19158421416461732
CC_9231D0F8A993,0.7077053592878306
CC_923727159A8F,0.05637821256814377
CC_9248706729D9,0.04748465243567671
CC_924AEB5DD991,0.16644351090818288
CC_9250BA851692,0.3109356848064783
CC_925BACE3417D,0.10500228401808197
CC_9260CD0D7C0A,0.12128640198223112
CC_9285EB21B38A,0.10847284518656357
CC_92A09F03DAB5,0.7929182348743286
CC_92BC35D7F9CD,0.1084297169763656
CC_92C5FE9E5B12,0.6893054438839701
CC_92DC8CF8C902,0.10133260648452248
CC_92E006664648,0.21016421802661206
CC_92E4EFB9F0DD,0.12073736329509446
CC_92E621E0298E,0.18890957514931678
CC_92F412AC7D22,0.08232038399271327
CC_92F42886B7E4,0.21771345656730712
CC_9301E23D376D,0.60671949635877
CC_931133320380,0.1896919442961133
CC_9314B6D8B7F2,0.06756773067432542
CC_9337E3B43211,0.1984062740198805
CC_933E044F26DB,0.0728045890144026
CC_934BB89938A3,0.11637972870108321
CC_935296A995DA,0.13586976475896856
CC_935326AF26E2,0.19153053873021855
CC_935B72B8E7F0,0.057176530151864816
CC_936FF3C9BE68,0.04628784186575089
CC_937FFE1718BC,0.04400409988939767
CC_939F92AEE460,0.8025998757697097
CC_93A4365B25CF,0.8052045487275894
CC_93AB9D6A7EFA,0.07296173303989766
CC_93C719738590,0.8143853135884515
CC_93CB48930B37,0.2010809337901006
CC_93D24FAFD21D,0.092766273927593
CC_93DB5F477493,0.09063260938506543
CC_93E1CAFAD44D,0.07549347425471709
CC_93EC9F853123,0.20420253922162768
CC_93FEAF515A8E,0.054984748451816126
CC_94063A67F136,0.3074885835675927
CC_9406E32819F5,0.06358866109953466
CC_940971CBC1A4,0.11610283717990041
CC_940ADC8DEA3F,0.14932823025073907
CC_940C7E8E0C52,0.21795520725517994
CC_941DD2E1DE56,0.15470968427652002
CC_941FC1FD0D55,0.19540965932681614
CC_943B720DB5BB,0.11588380289337599
CC_9440309323A0,0.08983651903411084
CC_944B461BC558,0.0782455805466109
CC_9453654BACE9,0.20163747253157663
CC_945888CEAF10,0.3207004794979257
CC_9458D4A483A8,0.1070071351034205
CC_9464BA7E98B9,0.09205989709706777
CC_94794B478A5C,0.38315115362306296
CC_947E58EFF90A,0.073188744426422
CC_948537FC17AA,0.7327267707568026
CC_949576D25153,0.0879836113280933
CC_949B8CEAD619,0.08803560271854738
CC_94B4E05906A9,0.1392837123273886
CC_94C3B6F3B0CC,0.15807519499798345
CC_94C3D9D8FBF3,0.6469247764541656
CC_94CD530B2099,0.07961948986888662
CC_94E9D1E527E6,0.04891483209074089
CC_950450C0845E,0.35661257946195274
CC_95169A4360C6,0.050464462408110713
CC_951A69571676,0.05221784722510269
CC_95232636844F,0.1723898194938344
CC_953A5913EDD3,0.1535155911561549
CC_953B678083F9,0.07823224459060227
CC_9541BD0604B6,0.15316454950107464
CC_954404C1BEE6,0.40487425854611553
CC_95444ED71872,0.08953052625296319
CC_9544B86C78A6,0.7481560002483326
CC_954AD7E7C8F1,0.13920147717745715
CC_95525CC6C854,0.15688220086536966
CC_95573B318A91,0.03950335418383963
CC_9569309DC18E,0.08854575816038225
CC_956A2DF28600,0.20985939195266445
CC_957C7A0D7B72,0.3387251439992411
CC_958BECCA0BAB,0.42371897675934117
CC_95A6C4DA2F12,0.6176292720649486
CC_95AB75B5BBBB,0.11839827832704658
CC_95C1274DD7DF,0.038328663641821366
CC_95CD8F6A8CBA,0.04280487713130942
CC_95DD4DC604BD,0.17229527507350972
CC_95E1AC08266F,0.12977903584468373
CC_95E3DDCB74EF,0.06540163451635234
CC_9601384AC971,0.46442675706056225
CC_9608A73A8025,0.14566781709137966
CC_961F3BFBDDAC,0.8411740064912759
CC_96206C1277EB,0.2793498320002098
CC_96396AE6347C,0.15692654356737423
CC_96416D2A937F,0.21547755823913944
CC_964C2E0B00C1,0.21356710950291163
CC_9657A2A04BAF,0.23808763309825307
CC_9662D713B7BB,0.2199695438481717
CC_9664F83B7F1D,0.21747838015085666
CC_968AF836D0C4,0.056340550828580575
CC_96A6735A4317,0.06919455370842097
CC_96BC62A4A0AD,0.20299681519547488
CC_96CD75668A6C,0.079055754173223
CC_96D928252719,0.38398095580851616
CC_96E40BDE9A6C,0.12438109864874505
CC_970116768415,0.23278999561001934
CC_970E94875C2B,0.742359478071439
CC_9721C8A61D80,0.08115947711635994
CC_972313B0F814,0.15411425653013547
CC_972FD8FFFF63,0.5114855963438905
CC_97478A77EC17,0.18689066088619533
CC_974D14774BD8,0.06502678996919627
CC_974D86BD39FD,0.05764423023649411
CC_97508465AB76,0.13198809325624117
CC_975689C0CD6E,0.06840963556967805
CC_975967702106,0.04785869293207557
CC_975F3F07ED23,0.05598125957803824
CC_976E0D9A64ED,0.37752750356064313
CC_977145B2B363,0.43122489770330874
CC_9772CABFE1D2,0.78676188772978
CC_9773C1E6AC8B,0.6284547107036061
CC_97832657396B,0.45711252267706354
CC_97963C337FD3,0.5336323177448445
CC_97978B581F20,0.18232440904298855
CC_97A9ECF23955,0.20145159857947684
CC_97ACD6D965F3,0.1152964782282207
CC_97C69AF6E34B,0.7473064716298278
CC_97D0E7256861,0.6472469828638984
CC_97DEBFBE2BDE,0.3042100766756037
CC_97ED469F2950,0.1156066054727747
CC_97EE84ABA6BF,0.24711021207142417
CC_9801B22BF375,0.11895616904204719
CC_9803B6D4D780,0.26195518936328865
CC_980E90C8A301,0.12069206176205695
CC_9814B3D08A69,0.06656778544175898
CC_9821BD45BB0D,0.1754495047661716
CC_9829FA0350F7,0.043598241010361215
CC_982CAA309A38,0.17845238459149543
CC_98346EBF382E,0.17898247905197326
CC_986698CCC6AA,0.1139889970881028
CC_988FC580CD50,0.11474762201062082
CC_989795BA3DD2,0.07968888783333813
CC_9897A1DFE807,0.07908006222778671
CC_98A2C8F4E956,0.07250359620163638
CC_98A3E6CDC707,0.1516743619709774
CC_98CE15EE1565,0.07835132411416262
CC_98D036D16215,0.07110810138415811
CC_98D09B14EE3D,0.4229525825534214
CC_98DB782DF852,0.05805724760690996
CC_98E2EA67BC97,0.06490733007299308
CC_98E6E7CF74AF,0.07348938710369074
CC_98EEEB2A83DF,0.6879795115731979
CC_98F3D3194788,0.11113869088012901
CC_98F8A8CF4F9C,0.3488144042362846
CC_98F91BAB57EE,0.1792845631596254
CC_98FA377070FB,0.16469938072954027
CC_9900D0479959,0.27943637747753686
CC_99061A735C6D,0.18951131783028063
CC_99093EC1A2C2,0.11958331186073078
CC_99376CA4DC26,0.04048032794440563
CC_993A588895DA,0.12460766240214226
CC_993EE6417CED,0.09020620629034971
CC_99559319913F,0.04786323114507217
CC_9970123DCC41,0.3550703714192162
CC_998BB6848FDE,0.10266859838590897
CC_99958287B2A9,0.5095461400794102
CC_999BAB2D16FA,0.35465383869197925
CC_999C7029261D,0.6884754959709305
CC_99AA61D1896E,0.07348279945662017
CC_99C03E7D99CE,0.051333676618298164
CC_99C62022794F,0.0875885524917341
CC_99D46BE6593A,0.15467963374784868
CC_99D5A5371B39,0.16285435400085027
CC_99D79709AD9F,0.737397677498192
CC_99D7DDAA460A,0.1396494088622298
CC_99FC44B3C58A,0.11197845511985154
CC_9A02B2A17C07,0.08562867137881493
CC_9A05DE55D408,0.16782912008514062
CC_9A0C42AA09BD,0.3996067265442156
CC_9A2B390551F6,0.054677693282626866
CC_9A2D66206BD1,0.5337420722751379
CC_9A366E181FA0,0.14774430111861814
CC_9A39365FA850,0.6029451842000494
CC_9A42833BA860,0.050349646603384604
CC_9A4911A0140F,0.09072708980324008
CC_9A4FE1E8E0C5,0.41189255369981953
CC_9A51017C734F,0.36235308103048053
CC_9A5DCCD62D0A,0.3127165354933051
CC_9A602F492510,0.15283901460028307
CC_9A66BDD34B89,0.05198283928561879
CC_9A6AB0AB1E67,0.05707718410072633
CC_9A7049ED5656,0.5832625151219171
CC_9A7AF31828E5,0.09625263846374811
CC_9AA750377C6F,0.09999352654873842
CC_9AB359C82202,0.06113427119167835
CC_9AB7BF77EE83,0.7740049933977022
CC_9ACAC8474B9F,0.036393983555820575
CC_9ACCA4FB9101,0.056194456540390535
CC_9AE1529AF9E0,0.14218772586457912
CC_9AEE181F1156,0.25256334741489367
CC_9AFD130D3725,0.09860137675454982
CC_9B09C3353732,0.09025912996787333
CC_9B0D37817EBB,0.1002096428073396
CC_9B290B59155F,0.355727959336484
CC_9B2D487C64B0,0.11940261738200274
CC_9B3DEC76ABF7,0.05820892777225944
CC_9B4F778D0A6E,0.13989971059665945
CC_9B581A92C2A3,0.4162783250293216
CC_9B5CA8C38414,0.18026128383876552
CC_9B6E82167593,0.2022384326408832
CC_9B6F6B2BCC05,0.3053030924908387
CC_9B7FC3DA1594,0.3678620532161729
CC_9B957DC280F6,0.19409908502735798
CC_9B997DF20042,0.3552969944837043
CC_9B9BC4B83736,0.082141223833228
CC_9BBE1A16C04A,0.16271794654717753
CC_9BC63F1A568C,0.2816189008362594
CC_9BCB0166227D,0.21703068366384262
CC_9BD3DC96ACC5,0.1569961059183474
CC_9BDC5A0E43C7,0.4154009922383163
CC_9BF9485A3F9D,0.24146642980578417
CC_9BFE93FF2145,0.24339467623250907
CC_9C0470A0536E,0.2079711300469007
CC_9C205AF09E47,0.5293225246924649
CC_9C30DC5C1E46,0.06125118800451839
CC_9C325B6CAD11,0.053640145790614165
CC_9C4A200D0BFB,0.46076134510443884
CC_9C5EAF238007,0.2542407800654924
CC_9C601C6BBD37,0.06660771472308558
CC_9C606C2C92CC,0.06652195757477321
CC_9C6192D3A16B,0.07452311388180807
CC_9C84FB9B1469,0.06491411313441134
CC_9C989433D637,0.21242200877888107
CC_9C9B2FEB4937,0.18278209967669823
CC_9CA7FBE1DD54,0.13697373671382304
CC_9CACA50F80F2,0.17523474489760751
CC_9CB40D552388,0.06718387236708674
CC_9CB8127D17F0,0.04542772910158044
CC_9CB9CE2989CF,0.7049760361689928
CC_9CCE51CD83ED,0.8263350585988978
CC_9CDD2F3D0BE7,0.04691265008326068
CC_9CDEC693AA99,0.40160379775124555
CC_9CE9091AA9A9,0.22059574985683578
CC_9D007C60D29F,0.0829590230760913
CC_9D017774D4FC,0.626640981079861
CC_9D095EC1F232,0.278357223779479
CC_9D1A1281C8FB,0.34267267114990196
CC_9D23F42B7996,0.4636400785153389
CC_9D2FBC479646,0.6736439899177632
CC_9D363365CAFD,0.08551305309070857
CC_9D44E4543573,0.16149822226990998
CC_9D45F67E3B01,0.08153347472649801
CC_9D535DD207D2,0.07899972127525297
CC_9D53ED53A15A,0.5611721349161936
CC_9D5D97AEE98B,0.5411522698422411
CC_9D5F2A5B6913,0.08129971539160938
CC_9D6BC1C470B0,0.4674634961496598
CC_9D71FBDE765A,0.0486933462917985
CC_9D73939E357F,0.16387724966196607
CC_9D82F401BD88,0.6253508144675806
CC_9D8B4454BE84,0.28284645886817145
CC_9D92537645DB,0.07756000050776381
CC_9D95ADE03ED1,0.15880812821582208
CC_9D98FE7A1809,0.050622867194213994
CC_9D9D59757786,0.058125904511230425
CC_9DAEB38616AC,0.16057986766695354
CC_9DD55CC0E928,0.031245107655780403
CC_9DD6B460CDFB,0.2852306418791682
CC_9DD80B5E3729,0.09560081421105057
CC_9DD82B4310AC,0.38758482250924087
CC_9DD9389E8AE0,0.08863169919914066
CC_9DDA8ACEB3D8,0.08400982875829237
CC_9DDCD898D01D,0.11754448139140151
CC_9DDD90B42A27,0.8092732732073502
CC_9DF1807A4316,0.045016379182434556
CC_9DF786FD2620,0.46839360482476555
CC_9DF7B9B3C8F8,0.08503897377387754
CC_9DFF6E2AC586,0.14665917423705985
CC_9E0546BD7BD6,0.13897074604968412
CC_9E0BE8227931,0.10736987055200614
CC_9E1A205BA261,0.41316686624059196
CC_9E2967559B00,0.06438475747714159
CC_9E323A031449,0.723692178211015
CC_9E377CC03D51,0.0597268009829974
CC_9E3B83584C12,0.13652307993218754
CC_9E3D46FF5709,0.5759115634597564
CC_9E4FA91B86A9,0.08594241896766606
CC_9E53534DCD6B,0.14326758288434566
CC_9E73656FC8C0,0.695870521775155
CC_9E7430675033,0.22031259108860707
CC_9E84CACDD7B6,0.40185332838157456
CC_9E84E0E4C5BE,0.3026914793791622
CC_9E9C65275B4C,0.08610553104353032
CC_9E9CB6473D59,0.22562721560426585
CC_9EA4F11BE6C2,0.157159130670092
CC_9EBE3F26F2FB,0.06877676522813052
CC_9EC23AB6C573,0.32266657263178
CC_9EC34DDD0E53,0.05915872481327102
CC_9ED8EDFE8C55,0.08733480330190717
CC_9EF352F179D2,0.11038338160590319
CC_9EF505400F8B,0.6515200392138328
CC_9EF66D83B743,0.3355090372865987
CC_9F051572BFE4,0.214259799129908
CC_9F151A782BAC,0.25637316154565526
CC_9F1A5DF4619C,0.4950935828345183
CC_9F1BF78ECD7A,0.08101379848591453
CC_9F263092AD72,0.14511868464864944
CC_9F36EC36A9E6,0.09871645531479711
CC_9F3D52242888,0.15464762307773125
CC_9F41F312CDBB,0.34032761480464174
CC_9F425167F9ED,0.17427210171835358
CC_9F6981E0009A,0.29732608989587817
CC_9F706DFE0AE7,0.03725629574274958
CC_9F7B525DD52D,0.3412229591270972
CC_9F8D5A5A9DAC,0.1762061282549046
CC_9F8FAE57E6A8,0.11098978791370592
CC_9FD1AB8E65FE,0.05118402946854083
CC_9FD2689202D5,0.14828052487903298
CC_9FDBB5C2CD09,0.04458233653034518
CC_9FE52BD71CA2,0.09435294246094304
CC_9FE8E62EB24D,0.09338964807730915
CC_9FEA59AEA00C,0.2526419471624904
CC_9FEA77B36A29,0.34994278635624443
CC_9FEE9701D16D,0.24402217097962675
CC_9FF35BA60E6E,0.2908039399605471
CC_A0003F08B22E,0.1462310993660888
CC_A00AE2543224,0.05300364346044606
CC_A02A29DECDC6,0.08531747234456911
CC_A0336C21117C,0.6587148332583137
CC_A053B42BBE0B,0.07353757902189242
CC_A0591F16FA37,0.0370950190664701
CC_A05F962C80FF,0.1624625856447135
CC_A07B0549E53F,0.07032767808328083
CC_A09F230CCF5D,0.6450639682422041
CC_A0AED6346ECD,0.1768943725768538
CC_A0C4A796643F,0.11869764275367228
CC_A0D6DDFB430F,0.06565966157513034
CC_A0DF672F9C4E,0.1213777470391251
CC_A0E8C7C5558A,0.2917524724950242
CC_A0E9269DF22C,0.4238129167358643
CC_A0F1DB5CB28C,0.09606191381855661
CC_A0F42B26F8F0,0.052521952234712815
CC_A0F8F80EDFB0,0.06983603982030738
CC_A10AD9550E4D,0.03510838905973658
CC_A10EB26E5EE1,0.15674006770879303
CC_A111B065F623,0.06837868464406639
CC_A113D95B4AB2,0.13002596856556556
CC_A1320C0F0129,0.7519746705052129
CC_A1348D850EFD,0.7413691900410698
CC_A13D08B372E8,0.05830168175615289
CC_A143E64BD9D6,0.34099668656634524
CC_A14B0A24DC3C,0.11347860518848157
CC_A15137F25F7C,0.07596440151342837
CC_A152DBEC5BE7,0.05752616917706985
CC_A1591CFF6D81,0.05239648393723685
CC_A168CCB582C6,0.3509193421287166
CC_A17DC38133CE,0.7700130318856087
CC_A185D5EA3DE8,0.6264422717595861
CC_A19C842508E0,0.12843996275917335
CC_A1B648DA406D,0.03675127572856858
CC_A1BF7028CAA8,0.03283084049078468
CC_A1D035FA36E1,0.10029155740868047
CC_A1DD653D41A7,0.09220487342056327
CC_A1E3AD4B934C,0.28738412109688877
CC_A1E58421CE87,0.06539928675473429
CC_A219144EDEFE,0.07463286725618022
CC_A21FCEEBB3C3,0.4551500506858309
CC_A220E4278D79,0.0666347063387967
CC_A2231BDC961C,0.23075772845511638
CC_A234E219EFC7,0.3822436140917651
CC_A239B1BD81FF,0.07654318611297506
CC_A23D8CFFA31F,0.07948740640183782
CC_A23F463F4B4D,0.0485253883347128
CC_A23FFDC4A7A4,0.0881442746102786
CC_A2423E273F84,0.10477004254934398
CC_A2493E6036AD,0.3109420439281904
CC_A25C54470CED,0.10422245361927646
CC_A25FA690BBBC,0.11348091416096952
CC_A2636CF7C075,0.1096864156024839
CC_A26C22870E3D,0.4532827477921201
CC_A26F6A272B3F,0.10268846967541959
CC_A27CDC9BCBAA,0.18336015865449662
CC_A27E5269DA60,0.12684144317491128
CC_A28D4A46B6FA,0.11461023132701573
CC_A28EB319030E,0.0547153245648135
CC_A294D3A59462,0.7733927536267955
CC_A29D8034C304,0.08134782169745974
CC_A2A109409963,0.05503724571953999
CC_A2A4FA5F9962,0.1072553449107079
CC_A2A7E30C59D0,0.1643864066442452
CC_A2B5D2D4E269,0.5616602272398719
CC_A2BB24180208,0.2710242573564812
CC_A2CF1DFEFE46,0.4437309817567802
CC_A2D6090EA5B8,0.13201705970432104
CC_A300BC40BC9D,0.04554443394188538
CC_A3212501F639,0.20116700162105575
CC_A3278A566572,0.05742317606638849
CC_A327EBE4F783,0.18273318664213553
CC_A32FB6659B01,0.08438781849282818
CC_A33915EE72B6,0.13170110916840094
CC_A33D350BE79E,0.16827813504154618
CC_A3553B8AA8F6,0.09144142499605802
CC_A36EB077BF3C,0.03644711666585609
CC_A3753EB66DEC,0.11103232498029729
CC_A378342AC9BB,0.1743906891429153
CC_A379E9455C60,0.18603811554499097
CC_A387ADBD7249,0.09571855800142987
CC_A39E961FC29F,0.20133518033422731
CC_A39FA1EF0B16,0.282161546118194
CC_A3A4E39FB04D,0.18350711557667868
CC_A3A751BE68D2,0.05045023530727286
CC_A3ABB3C5E9D5,0.669860870610964
CC_A3AF9C2C68F1,0.18031691398905264
CC_A3BEA14873AD,0.12987341635195612
CC_A3C2FEE13C37,0.12162940864973566
CC_A3D6435D5F17,0.15323079968202286
CC_A3E3E51AD0E7,0.04886763587869913
CC_A40566694D53,0.23605910706479907
CC_A410C0DC7125,0.0465885872426313
CC_A42168D2B94B,0.07913828414710945
CC_A43CED9AFEF5,0.4408160136901592
CC_A4475A788D13,0.12028442671773913
CC_A44D677C0C07,0.05327828412638284
CC_A44E2673E71E,0.046545872389056074
CC_A44E79A96425,0.30958293238531936
CC_A462CA147DB9,0.12876848140056893
CC_A4660E424386,0.21465826337762942
CC_A476C9F116F6,0.1542116756611829
CC_A47C83B6EE2B,0.12666538088207704
CC_A47F8594678C,0.2590187145444755
CC_A48A7592F96A,0.05312162909939934
CC_A49195E659EE,0.06837430099629321
CC_A498A936AD21,0.09899548040827197
CC_A4BE6692361C,0.633325569542895
CC_A4BF2115580C,0.07238583835259187
CC_A4CACCD14A0E,0.13302569278694176
CC_A4CE57A1AB74,0.07470958828191712
CC_A4DE4F1B5F93,0.1592489599886364
CC_A4E300558DAB,0.05512251267322959
CC_A4E972915D89,0.7333443763704318
CC_A4EEA04CF3D0,0.21024429642183612
CC_A4F400E9A0ED,0.05875014741430599
CC_A4F550D7F95B,0.2091058858881264
CC_A4FB91B1BF31,0.22920592588869917
CC_A500C1ED0A33,0.22641074510337314
CC_A50471962A96,0.680285836128424
CC_A5161D8AA57D,0.12620580013839047
CC_A519C84307D2,0.07703770677766693
CC_A5277A9BE02B,0.6744872431242352
CC_A53578FCEA71,0.12423502662858185
CC_A54EAD1CCE27,0.1455255779269447
CC_A5512DA239BF,0.17447574467609742
CC_A5545DF298BE,0.07446516229417367
CC_A556EEF3010C,0.43525456709645666
CC_A56756C65136,0.32847153544773056
CC_A5852E06D2D5,0.28343358167019095
CC_A5886994671C,0.1670190083943172
CC_A594D8B41A99,0.056892161432260044
CC_A59C6A6B71C3,0.06207430282823397
CC_A5A06987AF5C,0.19309377576679365
CC_A5A1512FEEFD,0.18016164548484956
CC_A5ACE4284283,0.15006381833384472
CC_A5B10F07BCD5,0.08499456027976647
CC_A5BC9ACDB4CD,0.08369604787734745
CC_A5BF8B260922,0.4528102704441411
CC_A5C52379AE06,0.25380986826973595
CC_A5DD4441568D,0.03672663335724278
CC_A5FE3BE2949D,0.05403640360387206
CC_A60EF94F09C4,0.3413272947564575
CC_A628BE74CB45,0.12390018926424469
CC_A6292E9B43AD,0.06663765522952801
CC_A638610BF8F8,0.116392092731707
CC_A63BBA86CE9A,0.26724925110843983
CC_A63BDDAC43CB,0.06437131424017974
CC_A6409E37A735,0.14358041898636997
CC_A655EC341406,0.1079995388532588
CC_A6562E47BFC7,0.18048773723529773
CC_A6563A22D668,0.6955172991699592
CC_A6601278C1BD,0.1105127232341424
CC_A683678AC9FC,0.3497822984995281
CC_A6864FE80A94,0.10557283763228648
CC_A69117CC3C24,0.13813687847080383
CC_A69928C7D217,0.1746421268468369
CC_A6A8BAF7124A,0.2440104325073433
CC_A6B7DFC69AAE,0.5829497797023091
CC_A6BB595B55AA,0.0831131140295293
CC_A6C5284C4586,0.10360486631283361
CC_A6CB0D0191D3,0.1091768654476
CC_A6FA3FA9F0FB,0.12016795699078475
CC_A6FDADD23BD7,0.042823377314227536
CC_A6FE3938F001,0.17833029311150453
CC_A71DB65F0BBA,0.6741807175063053
CC_A730F4964FD4,0.11152718040386253
CC_A73C02C58DDA,0.10337031936304723
CC_A746BC2289C7,0.3135209653235338
CC_A766C3608214,0.10964053995783404
CC_A76F48111A8D,0.10943221687256424
CC_A77AEC8AD2D1,0.030385430205369282
CC_A781174166B3,0.1934880221225673
CC_A79024286DFF,0.07137441028536952
CC_A792720B875E,0.08719165381009408
CC_A7952C2BC5B6,0.06412189712526575
CC_A7954EE1A1C4,0.06246504511961273
CC_A7991E6B3CAD,0.19884544203956306
CC_A7B141DF4AAF,0.06323916341359324
CC_A7BE2CED0B93,0.05001942126648243
CC_A7CF446093DD,0.2244510636360961
CC_A7D1C6692090,0.08125701412808152
CC_A7D6CAB54328,0.4539957198392538
CC_A7D8D1DA4EA6,0.12301552457737086
CC_A8102BA6933F,0.0637032658490648
CC_A81C1EDC5FE0,0.08269320117129056
CC_A82C0FDDC303,0.2644872804901588
CC_A83F92C0CABC,0.13297292347382939
CC_A849B0F60EEC,0.0626521437162255
CC_A852AAB180D7,0.04657367131004894
CC_A8536626873D,0.17223967295050954
CC_A85F953FFD40,0.3251737405270471
CC_A865A3F1E28A,0.6529845219049663
CC_A867253FC73C,0.707598309189811
CC_A877592FE1AF,0.06203595496571484
CC_A8AE26057851,0.16592997168790846
CC_A8D50530622B,0.1214942931663004
CC_A8D5C834B061,0.7660660694187088
CC_A8DF49EED27D,0.7935030062432661
CC_A8FB53A944AA,0.08691677508502363
CC_A8FF19BCFB18,0.1602475778063427
CC_A9042AA97760,0.06161312289006983
CC_A917D68B7F33,0.07084657999363882
CC_A925B3023F01,0.1404171438428015
CC_A93A49678A0E,0.68674132459039
CC_A944C14551E0,0.14584848249426347
CC_A949A4D6CFDF,0.03637538508276364
CC_A96085AAACBB,0.4789631617192801
CC_A968E7B519AC,0.5671830510338184
CC_A96F61DA3920,0.27032551675370525
CC_A98AA461487F,0.05791027254011515
CC_A98DE37F48B1,0.035218650916268746
CC_A99526CAE7B8,0.09609974536908593
CC_A9997F50D935,0.118452055424101
CC_A99C3B09B728,0.05434474613998606
CC_A9A0DADE60F5,0.24917257871137036
CC_A9E27E0F8BF7,0.10177103532910481
CC_AA06B8C44B08,0.5809567234855726
CC_AA078692F54D,0.05681009502024177
CC_AA3181148667,0.10316505667106296
CC_AA36C8AD0AD4,0.09889527955160674
CC_AA36F0397FF6,0.07789672571622255
CC_AA3A8989A632,0.7017471234588298
CC_AA4A1B7522D9,0.08585104815696372
CC_AA4AE0378324,0.2208301453893239
CC_AA5E4D5A692F,0.16170153656815955
CC_AA68EABEE4B1,0.07494418914247492
CC_AA6B5A7A5B67,0.10079649965488095
CC_AA6BD423C239,0.39051791775021705
CC_AA7074B42A4C,0.5126691765997842
CC_AA7A7F3159DC,0.0899958647287553
CC_AA7BDEB972E4,0.12308634831774837
CC_AA83426311A1,0.07328567458564074
CC_AA8F7D307212,0.1285368604829744
CC_AA994120654B,0.0725063541273961
CC_AA99CC1D0A77,0.09959547717249387
CC_AA9DF917E958,0.16686515266974444
CC_AA9FC6678135,0.3376512025228731
CC_AAA47EC0D4CE,0.0834911614864997
CC_AAD9F600283C,0.1235347914167664
CC_AADF003A3927,0.08203598481187077
CC_AAECFE806C8D,0.1955620651134612
CC_AAF2022B9CD1,0.16689467337820255
CC_AAF445E4CCF4,0.06756046635567604
CC_AAFDCAA5CA06,0.6349354359026457
CC_AB0384E131D8,0.18844589766360384
CC_AB0A4F4A2968,0.1846486433973383
CC_AB108580856A,0.07217239090767796
CC_AB10FED15FC0,0.796628107691744
CC_AB176233A184,0.055937804356408494
CC_AB250982887C,0.10132670789389372
CC_AB25C565EA6F,0.06367931342489204
CC_AB31BDAE74E0,0.19726726368831476
CC_AB38A76F5698,0.3829599376396412
CC_AB38F588BDD4,0.18867991890799413
CC_AB3DB55C9A2E,0.13109970528795148
CC_AB42A7DA8FAE,0.17096016569599137
CC_AB486E8855F7,0.0979985946263371
CC_AB4A79BF0F21,0.042078510461637714
CC_AB7472FE1C8B,0.06531915077924258
CC_AB78F64D1DA0,0.14076109952876012
CC_AB821E2FB031,0.0553646649449479
CC_AB873276D910,0.060988477064138624
CC_AB8CF3C05B61,0.11917415879908325
CC_AB8DD8448ABE,0.33572516908404243
CC_AB953366A38C,0.0922701772645246
CC_ABB193697B23,0.5982916952944587
CC_ABB3F0A040BD,0.1256181247525384
CC_ABB618AD3E52,0.2664978281839648
CC_ABC0DA7DAFA5,0.04143716962554247
CC_ABC49E43DF40,0.5984050848538414
CC_ABD89F61734F,0.10611114464337085
CC_ABE04CDC2866,0.5844226169432051
CC_ABE98746DB91,0.5154881236352046
CC_ABFDF22BBD97,0.0730722566842962
CC_AC0498A54CAD,0.17291883682467693
CC_AC1C23EA2767,0.3400409748974845
CC_AC1E028B2A1A,0.0938067766217101
CC_AC255B902EEB,0.1575622961762082
CC_AC44A88F7869,0.0714783139533557
CC_AC51CBCACA63,0.12570382052007695
CC_AC723E5F5EFA,0.04471767150809952
CC_AC7994A5FDC4,0.12550035240900817
CC_AC7EFDBCF2E8,0.7205966635503686
CC_AC8A45716CD8,0.1343208552833967
CC_AC8FB78319A0,0.040789357383927416
CC_AC95C517E726,0.08195130425337775
CC_ACA4C6C9316D,0.060380557052875074
CC_ACAD97A186F4,0.0734945257816718
CC_ACC12168D6A9,0.1513250634698393
CC_ACC53294D3A0,0.08469944745524714
CC_ACC6A74A8BEC,0.07827596136599888
CC_ACD94D2B1200,0.06250482654192059
CC_ACD988315902,0.042916821169796844
CC_ACDA59536C9B,0.10458302900335634
CC_ACE5A4081F6E,0.20466164903720982
CC_ACF4F9A2CCFC,0.18388934717842476
CC_AD0D7D212968,0.32354237128920504
CC_AD131D09EB0F,0.1325747563070965
CC_AD13C87CF26E,0.21939392968826418
CC_AD2050A0C79D,0.16752313158294352
CC_AD276D71D3A7,0.31051665474167706
CC_AD2C54521FE4,0.19542977059581787
CC_AD2E59624FEC,0.380994701530505
CC_AD3A36AF2840,0.2692904367089988
CC_AD3D286D0B68,0.18819974271400416
CC_AD46818E459F,0.6057996957432857
CC_AD4BB2E22EA9,0.2394234895915299
CC_AD4F7F88242F,0.3203990778525703
CC_AD58ADCD54CE,0.6767896599935914
CC_AD71619FA389,0.12116672281871999
CC_AD84592B950B,0.07513344535290434
CC_AD9898C0E8D2,0.16298618289127204
CC_ADC70A21D661,0.36158586329028003
CC_ADCF16189AF2,0.22796279106229778
CC_ADD894E6E4F4,0.3326496205211363
CC_ADE899835555,0.1408925695138304
CC_AE0D73A1EE19,0.38144870386731566
CC_AE0F08EA3935,0.18271753484877679
CC_AE23B59E6FC8,0.28284656289507937
CC_AE289E013D60,0.09688113132297257
CC_AE34D3F7F224,0.7610163657593626
CC_AE4069D8B4F6,0.19131796496052636
CC_AE4896E2BE76,0.6881992261839966
CC_AE51DCFE0671,0.07594052528547961
CC_AE69FEA8DA68,0.17752603830247907
CC_AE7C129CC90F,0.19462066810456313
CC_AE7CD49F20AB,0.16672555848573511
CC_AE89526E0335,0.15455225642420187
CC_AE8D62CF30C0,0.11234488208659116
CC_AE8D9CE8D6FE,0.05490763145496368
CC_AEB019CB9065,0.1537073997284206
CC_AED1D50AF584,0.10739431280126718
CC_AEE546316FB0,0.2220241055201333
CC_AEE5FA00FA6C,0.3756538314480063
CC_AEEC765D157B,0.044585756083454456
CC_AEEE44D6C8A4,0.03232588330886069
CC_AF14FF3EF570,0.35028139047102436
CC_AF1C3ACBA6B2,0.10317160325427639
CC_AF1E911C98B6,0.31417825343544714
CC_AF337F410520,0.09528729525311298
CC_AF3C7BC3BA40,0.10493597750621446
CC_AF41E4075C87,0.21540589506306523
CC_AF6B4405276D,0.7399603806351749
CC_AF78FE0BDBEE,0.0837961183487383
CC_AF8238D9082F,0.08752793110651444
CC_AF8CA6EE53C3,0.06793668241970487
CC_AF9AFA7C49A8,0.09453968660865501
CC_AFA1E3D3C685,0.16259951223853708
CC_AFA680030CB4,0.6248947377635472
CC_AFB351270B8B,0.04263932142497288
CC_AFC405AE0029,0.06780848437756418
CC_AFF90422E4FC,0.3410015481678728
CC_AFFBE2744B87,0.7642574540788745
CC_B0043CA53FCE,0.09701901644004636
CC_B01B2BD4EFD7,0.24126760706777975
CC_B01E87EB9940,0.11070820170935998
CC_B0273E66E2A5,0.17535218353496107
CC_B03E98085A9F,0.0903044910507634
CC_B0420D8C42DC,0.48330773756486556
CC_B0497BEB9F6B,0.14930113481607155
CC_B04A5E60B69D,0.07187509163168986
CC_B04D5517A193,0.11308205860379414
CC_B05FF3A960A0,0.21011454406611052
CC_B06A532EC131,0.2642274731768095
CC_B06D33A6761F,0.14124471091052973
CC_B074D4472CE4,0.04752988246105195
CC_B07CE95BCD88,0.3317620461294696
CC_B07D79368225,0.09674983139200148
CC_B07DD1ABABCE,0.7219077133039666
CC_B086C2D77820,0.15188501971389623
CC_B088DE9C9E3B,0.2926843857128109
CC_B0CD7932067B,0.11886531639599258
CC_B0CF90073A5E,0.6375319538054972
CC_B0D397D86639,0.6291778462110305
CC_B0EF4FD19FEA,0.11015634180802794
CC_B0F2F9514AA3,0.09225212562494645
CC_B0F3B79F51C8,0.15264495082843993
CC_B0F4041B1C76,0.037361444479923005
CC_B10FE31C61D5,0.11288164340688764
CC_B114E8F19D65,0.16623564298819052
CC_B117F0E3CAAE,0.14797035991931792
CC_B11D58F331A9,0.04204934155077113
CC_B1262188BC41,0.08421784377366308
CC_B12FFB2FF21F,0.08937544266387884
CC_B13253F34A9F,0.04388306930268143
CC_B137E2BBB53B,0.08779262945305157
CC_B13FEA7CDB99,0.057021245896588996
CC_B1481ED21111,0.04708364216615447
CC_B15BE5C9976A,0.24716873135725714
CC_B15EB6933578,0.06925030971808799
CC_B163CCB3BE4D,0.13198051785451725
CC_B16DC354FD71,0.3733540357855997
CC_B1777349EB15,0.15354989864726917
CC_B17C6CE0231F,0.2790158107862827
CC_B17CA8C22E5C,0.12205069833254632
CC_B18F3C9C30E4,0.13057634878918067
CC_B19CD93DDC96,0.06987313500173267
CC_B1A647674B84,0.1200880454549487
CC_B1AEC2E5E33B,0.2135844178229196
CC_B1B5C81AC0A6,0.058309815215592066
CC_B1B932EFD646,0.15116293591124574
CC_B1C3C0B52B88,0.25169849464233335
CC_B1C7216344F3,0.08256340088215675
CC_B1C982DBBD12,0.34323445971214267
CC_B1D81F8197B3,0.34965862201517794
CC_B1DF1DCBDC7E,0.580462260727115
CC_B1E2C36607CB,0.07107076360601987
CC_B21351C93D8C,0.14891195418739842
CC_B2174860AB11,0.7263682472640617
CC_B235818E6A04,0.1625412726708137
CC_B23CDE30F00B,0.07475166037159772
CC_B23DE4971DF0,0.44939931368361746
CC_B23ECF574D8E,0.06709117676416644
CC_B24C41DDFBDA,0.2208193027214201
CC_B25EC73B9510,0.1364142691762076
CC_B25F69904D0F,0.07352795464179532
CC_B25FB6C11D05,0.6509177290903632
CC_B264F2B92259,0.5676937286065641
CC_B26B8FC23F1B,0.06415580199428775
CC_B272E29922B5,0.14696929131781064
CC_B27AA8E27BE7,0.10839965737402459
CC_B2A68FD3C236,0.08685823765971226
CC_B2AC50C00979,0.09382678827987093
CC_B2B16D7B821C,0.16194018080255748
CC_B2B32F1511E4,0.13038796568562538
CC_B2C241A93527,0.0820206337246219
CC_B2CB104FED6B,0.6417793250604699
CC_B2D352013F92,0.12314987642820927
CC_B2DF694BAB08,0.10358241188300094
CC_B2E993A9343F,0.20324859941839188
CC_B2EF61C93AB6,0.13400753930987624
CC_B2F94405EA89,0.11024908338360427
CC_B2FC07BF6251,0.056172376657447294
CC_B301A65B4164,0.12549899195652375
CC_B313E3A208A2,0.17043277341027674
CC_B318FF5D976D,0.14750032356255557
CC_B32AEF0A2299,0.0688229059426284
CC_B33BD3C618EA,0.09095271959006328
CC_B348627365A2,0.12382072519687105
CC_B35109450BDD,0.039638608162492914
CC_B3528B870544,0.1004252047174599
CC_B3530E7CF8F5,0.13960073495953862
CC_B35C5B1DB9C1,0.06965328767315404
CC_B35FF59389D4,0.21217500640365936
CC_B3812C6700F2,0.6310076234869114
CC_B38280B483B8,0.12440185166294294
CC_B38B694A18EF,0.47312717409015825
CC_B392BDECD913,0.3410726092076759
CC_B398DF1ABAD4,0.040288079406247644
CC_B39E75E151A1,0.12891843949977533
CC_B39FD0E249E8,0.0536881650101136
CC_B3AA0891CA5E,0.40454605021408135
CC_B3B1C8EBE5C1,0.12872264708710968
CC_B3BBA28E2D39,0.4126048683831948
CC_B3C4DB0303A7,0.09112692924750244
CC_B3D32FE823B2,0.04048618919019838
CC_B3DA429C6C8F,0.08997628446854786
CC_B3DC5786AB0F,0.18142845605874414
CC_B3EA537531A3,0.15411125068086448
CC_B4096D3A38CE,0.04438685359447851
CC_B41EADCCC95F,0.06600516066099811
CC_B421940B9A48,0.6425207989855041
CC_B42B3B83935C,0.8268247859150047
CC_B436B1CA6B2F,0.058321256043889026
CC_B439B06AF274,0.19872372391529158
CC_B4482E7879F4,0.061754827132263414
CC_B4660022C612,0.11163737532231463
CC_B46B899B4A63,0.10812850224966776
CC_B470280A580D,0.1159194259044088
CC_B471D3BF0C72,0.5406499355236785
CC_B4751DEE43CD,0.1536484550870187
CC_B482C254BAA5,0.059754824235655646
CC_B4889D036D3C,0.7247239397594791
CC_B4950F811C90,0.13879598596851278
CC_B49A6DE7A340,0.289056751073982
CC_B49CD4C13DE8,0.3508672133591941
CC_B4A90370CA96,0.48712114069760415
CC_B4ADE6BC8A10,0.688978510965359
CC_B4B6F805888C,0.04822646869221281
CC_B4B8F66BF4ED,0.651010034571748
CC_B4C6F80DEE44,0.04779367956247471
CC_B4CCE78C09EE,0.17552218886016616
CC_B4D68D1C1C55,0.1991971890014618
CC_B4DAED63089A,0.14725465943567992
CC_B4DD9841E6FD,0.2029215177581109
CC_B4EF6743DDCF,0.0830729634293145
CC_B4F67F73D097,0.09438129465907825
CC_B50EB15EBA18,0.09324437500883646
CC_B51DCAAF4549,0.15559197578293166
CC_B51DFF8702D0,0.5359639139557506
CC_B520A001BF69,0.09726095583130372
CC_B529919BF24E,0.6390624654858486
CC_B542342650A1,0.06440010862980561
CC_B54A106E91E4,0.0439294278568031
CC_B54CFFC21F2B,0.11108034862632131
CC_B55C134C04A5,0.1996002753081365
CC_B55C2DBF6D3C,0.2175523918377879
CC_B569705352B4,0.10884142550687581
CC_B56E74A967C3,0.05132427833153569
CC_B57519F33EEF,0.04364825099353227
CC_B582E4405D85,0.08894553420799237
CC_B585A11F7BA7,0.1419025496594147
CC_B59726D36AEF,0.17244511154861328
CC_B5995E4F1A21,0.11826774831396016
CC_B5AC2AAF871B,0.7500893247464722
CC_B5AD19125E1B,0.20862958938430148
CC_B5B1E42858AC,0.063509319553116
CC_B5B7599E8BC6,0.07350737930126044
CC_B5CAE0595637,0.21162205755092306
CC_B5D49843A799,0.33776989754679004
CC_B5DDFC7AEE78,0.11491246423952424
CC_B5E29344F63C,0.20987315427763703
CC_B5EE5AE6378A,0.5712315257234507
CC_B5F2A93AD996,0.08576237186009605
CC_B5F611613A78,0.06694299923521835
CC_B6055039255A,0.7484884132392843
CC_B607B2B0AFB7,0.04898209924336778
CC_B60CFD0F39F9,0.07845145801441918
CC_B620087B1C52,0.3658286530508376
CC_B6203BBBD151,0.10210015040779095
CC_B622662E664A,0.15775012038796313
CC_B62C9A2BC846,0.14848449141188713
CC_B636210548E5,0.3731260795119934
CC_B642C6714501,0.07593610866917137
CC_B64F81B8A263,0.14477112216346763
CC_B65CA581B9BD,0.15619334145695338
CC_B65D1B9B6F67,0.13932942536584636
CC_B661A8FCA431,0.048593703105213396
CC_B66AC40957D6,0.14213515843706126
CC_B672B35D1162,0.7412381542186266
CC_B68379D197F6,0.09334626472097646
CC_B6923D10FDA2,0.15704579226627613
CC_B69CC776BBE6,0.2373448539892293
CC_B69E50D76B29,0.09710391606780124
CC_B69EAA8C296F,0.23193669679999387
CC_B69F7CB8CDA0,0.08023144819559994
CC_B6B4AD157354,0.1617585754109721
CC_B6BD764CB8B9,0.2196325040512509
CC_B6BEC3F4BE91,0.1462443971044921
CC_B6C13F4A610D,0.28476552163563673
CC_B6C1C3B5766B,0.10737124341901362
CC_B6C72241926C,0.13911783506143677
CC_B6CB40E245D7,0.6181010812914588
CC_B6EE58A108C5,0.07212398500658423
CC_B706F631F5BA,0.0414005734054773
CC_B71DC1206985,0.16124803970766485
CC_B72284CED807,0.17435247207624466
CC_B727865A5B5F,0.5916177463621267
CC_B72FD7EFA6BD,0.18658278726956104
CC_B7365B5A3392,0.7542680922809295
CC_B73820D308C9,0.11929490830902156
CC_B743560D847F,0.08816694222826364
CC_B76EF26F7C9A,0.34055037556798046
CC_B7764FC130E8,0.43649716609803535
CC_B77B73B95532,0.1269506937050869
CC_B77D6653C7D4,0.04493392222347619
CC_B77DA6B77DEB,0.27142795823209415
CC_B783AE19622D,0.17321712134985837
CC_B78761738CAF,0.029389259685861355
CC_B787BA135B5D,0.32475965249671934
CC_B78B4449EA19,0.10998297183468557
CC_B78B4B7F80B5,0.22707993175511623
CC_B78BEE888CA6,0.09270259892296154
CC_B791FEE1CF37,0.04433740241617954
CC_B79A58AA4441,0.09974693577874218
CC_B79BEC538198,0.1364070134726362
CC_B79DD53178D3,0.07964912307591239
CC_B7A7EFD85149,0.20768226754302488
CC_B7B5F2A15C41,0.11941796727318454
CC_B7BC46A7D4DF,0.09237535971919757
CC_B7CBC65D9AF9,0.5460704243247301
CC_B7D40C5C891F,0.0718798590123721
CC_B7D4337C4797,0.28896557075615226
CC_B7DA04826165,0.2811505445917904
CC_B7DC19DA1440,0.16043205693088444
CC_B829EC622F0D,0.5518586306914343
CC_B82B9C0C7B85,0.6496431758900265
CC_B82C55DEE5E6,0.3102276465265164
CC_B8475B977AD2,0.6561021130271532
CC_B84BD2F4EB01,0.20681094495262664
CC_B86DA7D69F20,0.06370735886226704
CC_B87989F406EB,0.18806060137237868
CC_B88B702183E7,0.038413394587675065
CC_B89B80945ADE,0.1592886562151198
CC_B8A3A44BFE8A,0.4282235205315451
CC_B8A7A6548AE6,0.1722088386546889
CC_B8A8FB83065B,0.17950047764203084
CC_B8AAC20D626E,0.19307366142140728
CC_B8AC99873641,0.07188469524863265
CC_B8C9673B7834,0.08242524580688868
CC_B8D5FEB15CC8,0.07404752287552513
CC_B8DA64A33076,0.6081198288073941
CC_B8E912A01706,0.6258329974642098
CC_B90869280808,0.12606965227457018
CC_B908EC99951B,0.2753712588123602
CC_B90CBF2A6775,0.07086014486313645
CC_B91080C1ADA5,0.3346893946009496
CC_B918FB42AFD2,0.1969869603291687
CC_B92CA425080F,0.10810158566535046
CC_B937F632B71D,0.1592941380151966
CC_B94477C20476,0.32794867544872386
CC_B9483A5C922C,0.11530000602451716
CC_B954EC1C63B5,0.3125521145336057
CC_B95580F93537,0.056381014573665886
CC_B96086044329,0.07015847984108857
CC_B96EB0A91589,0.18916541394957775
CC_B98357C70A41,0.6387785044828074
CC_B9929A66C2FD,0.6747920112061718
CC_B9BB52E4C529,0.10824452351800913
CC_B9BD45744855,0.787255900730456
CC_B9BFDE4662AE,0.09644861857686128
CC_B9CEAF324145,0.04486095743914342
CC_B9E89F42B509,0.213903327352219
CC_B9E8A3887223,0.21376582734803617
CC_B9FC67268C45,0.21878305238114124
CC_B9FE9DFEB3DC,0.1055723840973181
CC_BA041E14DD98,0.07139784943045041
CC_BA0619F54427,0.09873355829422607
CC_BA15072C4EC2,0.20508180829794892
CC_BA183CDC5429,0.8244487890008486
CC_BA43646012D2,0.45820976514975065
CC_BA4F7E494E71,0.4360473705848443
CC_BA557F75E2DD,0.17679781449487372
CC_BA740903CBDF,0.1277271386055655
CC_BA77722A827A,0.5338598516020833
CC_BA78E47BB021,0.22324904812513247
CC_BA8C427054F4,0.03948422242212759
CC_BAA19F8D2563,0.09409673870002556
CC_BAA1BBFF8C6C,0.3024744764463498
CC_BABA44B5FB12,0.08165989571990963
CC_BAC25BCCEAD2,0.06892768407127343
CC_BAC74D0014D3,0.4512274196310613
CC_BAD99E36CC71,0.23901481850955475
CC_BADE7EB1D16D,0.760597662832436
CC_BAE7410803AC,0.14364821289857574
CC_BAEBBF8054FB,0.1245559478860431
CC_BB054686B6F2,0.049413439422904853
CC_BB05D9DF72BD,0.061482763983735735
CC_BB0D54068D07,0.7725421242365472
CC_BB15DE5E0DA0,0.7502315726931466
CC_BB1A57AA813F,0.14472076706748377
CC_BB1CABE261EB,0.17205615905275545
CC_BB2BC46FCF61,0.22351604442017187
CC_BB2E5437EE04,0.04737275759137527
CC_BB2EF1FF6131,0.08176733475514794
CC_BB2F56C6BF57,0.10644172409101094
CC_BB35CEC5314E,0.08894885116227634
CC_BB39E3597B61,0.04695447554516097
CC_BB3A9EECD51E,0.08357614339713675
CC_BB44CDEE5103,0.19847598555801735
CC_BB458116ABA4,0.3491150748093281
CC_BB5F6936F6FE,0.20414948738141003
CC_BB666F8A551E,0.06940984279506938
CC_BB7355E735D2,0.11408719911819801
CC_BB8A2F186D6A,0.07009852736100272
CC_BB9FDED12C65,0.6973414661416818
CC_BBA8C316C8F8,0.08085926105881676
CC_BBADC7DC73EA,0.20290792625341972
CC_BBAEA7980B09,0.4623886019870863
CC_BBBA078A6429,0.7690041445147165
CC_BBBFC3EC2C72,0.402371717264765
CC_BBD34B3225EE,0.03593870521549188
CC_BBE6C58C59A4,0.41131558235002846
CC_BBEBBE1E226D,0.11726546318251294
CC_BBED56D34D38,0.10474180689687042
CC_BC0244FBDAF6,0.17929925549592085
CC_BC099E880236,0.13490605271053466
CC_BC0F05C89E25,0.12285037051323885
CC_BC1BD06C1085,0.09440224301313153
CC_BC21E8824A34,0.45331911674894537
CC_BC23655B2BF4,0.062322258374874734
CC_BC24F9024F49,0.06406355963654803
CC_BC2A58939715,0.08766388528324615
CC_BC2B90F226E0,0.19824117989045328
CC_BC31382964E4,0.05039355490298404
CC_BC31DA3EAFFF,0.11877059513824324
CC_BC3A6CF6FD16,0.13371101150536918
CC_BC410BDD9ED8,0.24730430443781323
CC_BC458960887E,0.14779732475619442
CC_BC484C329704,0.13487427641282024
CC_BC4D6D6D4553,0.3513321707998893
CC_BC5A59D88AFC,0.09585130330541833
CC_BC736DA19A00,0.19491202253751674
CC_BC7B9D13978F,0.19943117584552827
CC_BC84BF34D69E,0.29317811222632545
CC_BC95D473C9CE,0.18036512044472502
CC_BC96FC9DCFE7,0.09456922690787194
CC_BCA0D6159C23,0.19152564959535257
CC_BCAE73132BA2,0.07623971168975238
CC_BCBBF055366F,0.04903682354503296
CC_BCC94F494979,0.09001757997108686
CC_BCF75F8B9A5D,0.1274245044948242
CC_BD10F4F15094,0.08255698014974448
CC_BD1A2052ACD5,0.7979792088751776
CC_BD217C39702F,0.32743112944097963
CC_BD2A9D4B9FAA,0.20212363341361342
CC_BD3EDD1630E8,0.05367696639073077
CC_BD4AAFE9EFEE,0.06612729663428354
CC_BD59D1252975,0.09797264391900865
CC_BD607BE97C17,0.10716370634991168
CC_BD889F165227,0.08751780821425015
CC_BD900B6BCF65,0.1792748336776435
CC_BD9967660461,0.4186397677013918
CC_BDABB99ADE2A,0.1474381011505384
CC_BDB07C66EDBD,0.4531700238453197
CC_BDB71DAAE50B,0.11339137002580564
CC_BDCB91FACECF,0.14100273795857282
CC_BDE1E398B4E4,0.05642958055928892
CC_BDE8D325637B,0.6675226108043972
CC_BDE9E7F390AE,0.09470817902472074
CC_BDECF392D7F9,0.14041763889554304
CC_BDF401C3BBCA,0.13714150731950658
CC_BDF53C42C5BC,0.24522145480651666
CC_BDFE5778530F,0.33605513661399106
CC_BE05EB5976EC,0.7572507763135197
CC_BE08A6D5E76D,0.05177937814284883
CC_BE146CE5BEE6,0.12178605006824987
CC_BE24C1EE877A,0.11273274072817187
CC_BE27E98C4BED,0.08081211235150255
CC_BE32DACBF6C2,0.11488090075972242
CC_BE3F52F9C9EA,0.12939479587231678
CC_BE3FC1024389,0.1477077946435113
CC_BE4595898BF9,0.1026684107096228
CC_BE4F1F53F4B6,0.09174864286402813
CC_BE648663620C,0.19953821728532062
CC_BE6627F3B9EE,0.6368852172708935
CC_BE673F70B591,0.3217714138000112
CC_BE704640727F,0.03748580382177157
CC_BE7295B354DA,0.346332744733906
CC_BE760A430ACD,0.16618070402886664
CC_BE8A340F3876,0.04642940865966904
CC_BE9CB8845101,0.23240019439352425
CC_BEA12286E57C,0.14086197691620536
CC_BEB24EB997CA,0.11031571574656972
CC_BEB80CCF2ED0,0.055081683972136614
CC_BEB86014B5BF,0.18431391500836805
CC_BEC035C8801A,0.12987203483720908
CC_BEE1B858F0C3,0.27942091033472194
CC_BEE664893442,0.18280741249377402
CC_BEE75A33F038,0.07426269269828194
CC_BEF22728402F,0.6928582693372933
CC_BEF8AB2DF19D,0.35391493412978914
CC_BF03683CC755,0.10303394627478213
CC_BF066CB8F7A0,0.1560431930073179
CC_BF154A9FEE8D,0.15153936870360613
CC_BF17E635C67F,0.08889432084045668
CC_BF196AFA6AE6,0.17164059003389387
CC_BF2012FCFE14,0.1755743013498314
CC_BF3733356D4B,0.47385647405679254
CC_BF376C8D14ED,0.5036083296634625
CC_BF3BF8B9F646,0.104338228527387
CC_BF588A5FF18D,0.6784325808992976
CC_BF7C643B8874,0.05614577339150104
CC_BF8919F14394,0.14640663250744554
CC_BF8B759EE1EF,0.07017426445722773
CC_BF971FA7A950,0.1818986429526919
CC_BFACE960372A,0.1047098437001435
CC_BFBF917EFEB7,0.5860656519718483
CC_BFCAE2959708,0.05059774437723583
CC_BFD80ECB739A,0.22316161404619878
CC_BFDEC7E68821,0.06847311676222159
CC_BFE3AD881F4C,0.049757406257216724
CC_BFE511C0F9F3,0.5653004738784184
CC_BFEE9CF8A6E9,0.07941987089561782
CC_BFF8E82FE4BE,0.13370962378260523
CC_BFF9E8C0FE28,0.6233100015209568
CC_BFFCB2882E26,0.04454948906094606
CC_BFFDCACC1E4F,0.11762072117844213
CC_C003A15648F3,0.08329035506933662
CC_C004160ABB18,0.15943750444562896
CC_C012746F45D6,0.10911695516008794
CC_C033B4EC89DA,0.1324203456379266
CC_C03578357D0D,0.3568000328516308
CC_C040C14F27A0,0.0591183136965359
CC_C0474C48C443,0.1365647777227717
CC_C04A1EF46A13,0.24632730825842303
CC_C067DA2C5F99,0.4058717407136545
CC_C0731DB0CD7F,0.6285741357224226
CC_C07C70AA1AF0,0.14296568742871052
CC_C0877F4DBC62,0.10402708683903686
CC_C0896CE6B4E2,0.08334939710521669
CC_C089B0517E81,0.08753071415241788
CC_C08B9066A5BB,0.17380365126313663
CC_C08DFB22BC71,0.08465117581848283
CC_C0A2108BEC82,0.1911589856933509
CC_C0A6B0787F91,0.09699857570090825
CC_C0B29B279C90,0.12288102139887686
CC_C0B7151247C2,0.11063495454492359
CC_C0BEDCC974E6,0.1184604145031337
CC_C0C6F913C2CB,0.6991232091940037
CC_C0C7EAB055B1,0.2018348501984442
CC_C0CCCF588BEB,0.2469995191479891
CC_C0D65A1BC1DF,0.6083357574721237
CC_C0D6ADDF1E0F,0.082101233613808
CC_C0E49708EB44,0.21279588982976166
CC_C0F32BA57D17,0.05312181184640936
CC_C1094828B26C,0.31005274481845285
CC_C124E4C094F3,0.23641835682056836
CC_C12ECF48FA03,0.1861310092775435
CC_C12F5F7E5C54,0.1374113880661128
CC_C131509731A1,0.20390495899939928
CC_C14173B64C58,0.18472192933590345
CC_C14A4D39F494,0.3900269657723049
CC_C14DC9106B7E,0.24720867542609093
CC_C1624A910E58,0.03453676382139381
CC_C1645FA6EE7C,0.09375108431757606
CC_C165A26E7C1D,0.7002594950174925
CC_C16824A69631,0.05370786988395612
CC_C177831DEDC2,0.08514599308947773
CC_C1815DD481ED,0.700828756415127
CC_C18313F97FC1,0.2647257707807573
CC_C18A7BC23071,0.250131458975266
CC_C1941883C762,0.11135932862186895
CC_C1A0989CDF23,0.0360822071862361
CC_C1A8C99D910A,0.1116078303782408
CC_C1B057BAE0BB,0.26894938991900597
CC_C1B5D9A95708,0.10366224002366303
CC_C1C28181E30E,0.13936911063657137
CC_C1E8CA45E983,0.10860513541529646
CC_C1F4DD05F5FB,0.20932271414543113
CC_C205BAC0D181,0.07309530834182898
CC_C208790016F7,0.07975533762682155
CC_C219E603FD0B,0.07244297032960713
CC_C2323893E922,0.11644303950488946
CC_C236A614F73D,0.10757439686789087
CC_C241491551A8,0.1306841713629746
CC_C247E0377048,0.09867901724717905
CC_C24FBA584039,0.24153461952154676
CC_C25078D044CC,0.17716532883984665
CC_C255BE787955,0.196183592815885
CC_C25ECB5C5FD8,0.06778471248567507
CC_C276E722FB1B,0.31864853073173827
CC_C279090E1F74,0.7767688874690057
CC_C279CA96D14A,0.13647229961968468
CC_C283330B9999,0.047418642777808384
CC_C289AF57EB24,0.26691933728620354
CC_C29558864857,0.12033059927357884
CC_C29846DE78AC,0.6364166499515996
CC_C2AEE09D92AD,0.10293588149044841
CC_C2BBFB603032,0.317650973491356
CC_C2C2B2EEBA69,0.04136087940682888
CC_C2D1CBB42952,0.1603141927954892
CC_C2D4587A871F,0.729548935960791
CC_C2D583F20739,0.35306005313090566
CC_C2D9086A8C67,0.06284500141956881
CC_C2E8FA308586,0.18610624289375688
CC_C2EA104630E3,0.10632020420855554
CC_C30ED2C6265A,0.047815365519822364
CC_C31BA9FD4FFF,0.2530837410017375
CC_C31DC3117984,0.18441655707399582
CC_C33142B2E26E,0.4260419576582109
CC_C340668CE604,0.09996204442703498
CC_C36580241000,0.1531416588560017
CC_C3664AFC710F,0.1303626650405262
CC_C3676D2ADC91,0.208286133941864
CC_C368AC6AE19C,0.05090796969468207
CC_C38B446B7432,0.20519325359210583
CC_C38BE6D69E61,0.05538083935034162
CC_C38FB634E7B9,0.07552981570426966
CC_C3913A125FC9,0.1380752089312962
CC_C392AC1AABDB,0.12992859256266523
CC_C3A37C3EDCC5,0.38646652507069446
CC_C3A42A96D260,0.2243933340573091
CC_C3CA355F78BC,0.10225673379625613
CC_C3CD972B25E9,0.15495337347626162
CC_C3CE9FCB05EA,0.04858180604835754
CC_C3DA12B31CD5,0.09507115203556436
CC_C3EF46D2CF29,0.18989082995415701
CC_C3F301EAE202,0.17307456328204246
CC_C404C200B723,0.10651356889727472
CC_C40BEE2EAD73,0.25404444148673627
CC_C40CA3E960D9,0.14648354318716045
CC_C40E0EEBA53A,0.1648532991288096
CC_C42183D7A586,0.10489533706220447
CC_C427199DAC5F,0.4630460385594103
CC_C445AEF194CA,0.07964773138949029
CC_C45051D20EC8,0.1409606455755886
CC_C47FCA703A69,0.27262578606243226
CC_C4965C6C6935,0.2973230455737749
CC_C498BD798847,0.05391988264895669
CC_C49A42D1C3CA,0.08748031264788785
CC_C4A2F5B06976,0.07181322325112349
CC_C4B632AEB96F,0.15950431728283568
CC_C4D194378554,0.03728660085853412
CC_C4D90E9CA5E9,0.13847019777203592
CC_C4D941D5A5F9,0.1335638948366569
CC_C4EB2486A9B1,0.2162833259054209
CC_C4EC2923D96F,0.31275472360993234
CC_C4EC9ACAE8C4,0.7504451809553789
CC_C4FB2ECB13DD,0.2917078591982405
CC_C50467EBCC58,0.07998539713564042
CC_C50C5E2A77CA,0.1601707332538054
CC_C50D7FAA75C1,0.054841785559126326
CC_C51FE3F4D2F3,0.1694260055993382
CC_C5234F4713B7,0.08077550673351312
CC_C55110310E14,0.0994361439391539
CC_C563D509181A,0.07517122690740308
CC_C5736F4887D6,0.7329621322253466
CC_C57C4F09442B,0.09413474339014509
CC_C59D2CA55CAD,0.7998263382776863
CC_C5AD04ABF022,0.09441374635465832
CC_C5AF7BF4B951,0.04196546420667402
CC_C5C5FD9FCFE4,0.6736464418501948
CC_C5D9A89022EF,0.20506324760582617
CC_C5E1FA10BD6B,0.17300242103079075
CC_C6039EF0459B,0.16429818073135258
CC_C6133F44EB0E,0.08988418495971807
CC_C637C1142503,0.7693481234488401
CC_C65496C86EAE,0.1578494642968776
CC_C67C2B86A807,0.13798347075958572
CC_C690CF8AF3B4,0.10109560502124597
CC_C69204FFED48,0.32258915107647557
CC_C69DD80E5055,0.09327092403913947
CC_C6AE389CA79C,0.0926441641451239
CC_C6AFA8AF33BB,0.09162353735719533
CC_C6B56B2869A6,0.3898700851762948
CC_C6B61E03B42D,0.18928587930090623
CC_C6C2B357FDF2,0.1118804657650932
CC_C6C4A4A318E4,0.13661111840944687
CC_C6DECDCC7956,0.19668729755641287
CC_C6F134ABD932,0.5378042601761788
CC_C6F24128D8D3,0.18106436703846857
CC_C6F8C5E3D746,0.10302151324988378
CC_C6FB2BDCC78F,0.3909307192983496
CC_C70DBEB08378,0.8287258658447564
CC_C71AAC6F9607,0.09563099153459745
CC_C73D1C53BEC0,0.3315331284492364
CC_C7423B380FD2,0.06446611177598509
CC_C747ABF2B4BC,0.07883259627800752
CC_C74F0C45C093,0.14042210775487263
CC_C75307665BCF,0.2179791946649498
CC_C76473DBFF83,0.32992699550779886
CC_C7652C2D1CC7,0.18852357371167974
CC_C77B38900325,0.20721508616554807
CC_C782A94E6754,0.04797560067311649
CC_C786E0FDA098,0.75980199357902
CC_C794632B3AAC,0.3768320156827223
CC_C795250A7B3F,0.11682753956705641
CC_C79BF5794AD9,0.05991938082073979
CC_C7A2A7BF85C5,0.06334107706569961
CC_C7A2CEDA36CD,0.4979382343976009
CC_C7AAAC514CD0,0.08411657585719075
CC_C7B39AE8206F,0.11753603054622154
CC_C7BA884F8DCA,0.14333826711557981
CC_C7BC592C11DB,0.045581682070231694
CC_C7CB29EBCEE1,0.05266999565911603
CC_C7D2BE35C77A,0.08019781315401957
CC_C7E56C7FFA19,0.18096279553458705
CC_C7ED63E403A8,0.08238365240859677
CC_C7EFF4BBEE1E,0.0759606147930778
CC_C7F1C90A261F,0.12209599681507913
CC_C7F38C2DEDFF,0.20090104121465902
CC_C807F881A35F,0.2355919481622465
CC_C808346EF2A7,0.0486218859635348
CC_C822401D05A0,0.13129674619846504
CC_C82D0EB32984,0.11109360895430442
CC_C82DE4520088,0.19682396703243998
CC_C84080607284,0.06612071179731212
CC_C85DEB66D6EC,0.2562683854374858
CC_C8601860B3AB,0.30988652479078777
CC_C86B56E5B000,0.10854891626241107
CC_C874E7D8B96A,0.06852145679295538
CC_C88F02C38654,0.14712820737423057
CC_C895990DF270,0.12074477530914664
CC_C896D6E93110,0.3807741213487004
CC_C8A57920FB6B,0.08820599799759053
CC_C8C2CEAC6750,0.5069380237506137
CC_C8CBB38CF4B6,0.4228282818653549
CC_C8DF2AEC8023,0.17514418531126588
CC_C8E24B1925A2,0.20541294208005456
CC_C8E2F0CA5050,0.6901848141109701
CC_C8E875AAFD58,0.3131890559472394
CC_C8EF7366016A,0.08464552162209757
CC_C8F1FB9C56E5,0.08874937884420962
CC_C8F2FF7E6DAF,0.16357193233091055
CC_C916DC82A00B,0.318956971996755
CC_C91FF308D57A,0.0726109838806559
CC_C9297D88CD26,0.30202595335341875
CC_C932D885E1AA,0.20283187972515926
CC_C947A66A6A34,0.13441685225771105
CC_C953D19C82A6,0.28526125995573537
CC_C960365C1125,0.21123620724178738
CC_C96221203852,0.2268203274228348
CC_C967937FC81A,0.7058586257045405
CC_C97434767545,0.2182522452054859
CC_C974620D4D4F,0.2886873777959677
CC_C9749B07E3CC,0.12219181346016687
CC_C979F86EC4EB,0.06729419052862838
CC_C9882357496D,0.07100093211146404
CC_C98B5F2B994A,0.10386133831815185
CC_C98CA453DC7F,0.1137499754499806
CC_C996515164AF,0.673263389592376
CC_C9A1B8F512F3,0.4424812987340616
CC_C9E008678B77,0.08248805872005555
CC_C9E89E3728DA,0.21680720947061674
CC_C9EE0357CF4D,0.16384656522571842
CC_C9F15C15BA6A,0.12198425508684552
CC_C9F3BB887EB9,0.2256133224601865
CC_CA0906B9B58E,0.06106476732749834
CC_CA16B9133E4F,0.3714177334405776
CC_CA2524A5C7AF,0.28503757528110785
CC_CA2A17C9CD44,0.43258463644044676
CC_CA32C61E255B,0.09565468415952208
CC_CA37F92A8BC6,0.14707842355099557
CC_CA3C9D0F42A2,0.5530889104083376
CC_CA4669FF2379,0.12206924085967279
CC_CA486E08F176,0.06485052356614318
CC_CA5CF069C36C,0.06799104364288941
CC_CA6AB58D2C8D,0.21178392839846316
CC_CA6EDCBFA9E3,0.1732861080636488
CC_CA6FB58C11F4,0.08233773937415954
CC_CA7902338F91,0.16715482912955745
CC_CA7BE11DCB92,0.12064796207610867
CC_CA87A148C386,0.0766106737235256
CC_CA8E7E45347C,0.15529061811314002
CC_CA9214D0E170,0.1519640890397156
CC_CAA07EABEF71,0.058610492258345734
CC_CABC0190A9BF,0.4895657407648194
CC_CABF171B8582,0.5276754522653274
CC_CAC2F989A2D6,0.244580673037284
CC_CAC50FF13A43,0.4505723041074393
CC_CAC9C52B6FB8,0.23551910938592585
CC_CAE19DE8446F,0.07838728294040295
CC_CAE5F6D8328C,0.44107847505856634
CC_CAFA0C6DBCEB,0.0610133102877246
CC_CAFE5D6E3E1D,0.10684533657793582
CC_CB02A97FAC1F,0.23334221446931958
CC_CB1155AAC7EB,0.12282433413417972
CC_CB1B2FC5769C,0.1776003804040443
CC_CB1BD3C19303,0.17466594063702795
CC_CB2423DD4809,0.8183954339561519
CC_CB33381406F3,0.6607864412227702
CC_CB3CBA971E97,0.08412266705048697
CC_CB45CB5C940D,0.18793543080047556
CC_CB4A2667F8CE,0.20735430682837655
CC_CB4EA92BE238,0.06371244527074876
CC_CB4EE5CC0B09,0.16980548570021148
CC_CB50BDD92A4D,0.2304335845771056
CC_CB6A55831080,0.07930706430632876
CC_CB6CE149111A,0.14051255312216204
CC_CB6F9DA78019,0.0428386888131043
CC_CB722FAA608D,0.19399509894349182
CC_CBA786C05C1C,0.7630793335753635
CC_CBA9A6206DCB,0.1652197873932994
CC_CBB7AE2847B6,0.1826738808328176
CC_CBB9DDEAC819,0.037172866249891384
CC_CBC30D127BA4,0.07832409493940974
CC_CBE67EF0D3C5,0.5043737145828044
CC_CBEC318365B3,0.3776718236331808
CC_CBED6669EDA7,0.0677869357815738
CC_CBF1B052FA7E,0.06780697401619484
CC_CBFC7EFF2F94,0.12537155717688028
CC_CC27394B5E35,0.08094825169872524
CC_CC2A7B3D7A55,0.12907373256028543
CC_CC34B2523794,0.15885785321870435
CC_CC34E9023873,0.6906127115244413
CC_CC37D81F02A7,0.6178450236314239
CC_CC4822AEDB83,0.6598853077409998
CC_CC5D6CAE5ADB,0.22383654646400428
CC_CC6D27804EF0,0.0821181003615523
CC_CC71D4876B90,0.13158699095779336
CC_CC75EA7F2C8F,0.10611337737021073
CC_CC9214A5C0CF,0.09059001834952948
CC_CCA2B8D2446C,0.4341249156054328
CC_CCAB3E56FD92,0.1722829686770899
CC_CCAF321D46D7,0.04600635112423696
CC_CCB46EA56584,0.2326257856770156
CC_CCB60CB8754C,0.14811233694535839
CC_CCD759553325,0.06592951024123045
CC_CCDC28D49832,0.1702751325601198
CC_CCE55029E621,0.6594204357863692
CC_CCEA133D7268,0.5478281628890689
CC_CCED6CEBC3D6,0.3296051123554871
CC_CCEE76415B51,0.3191192697189617
CC_CD1326D52AE1,0.6805655391856513
CC_CD35EEA81CE8,0.3214892266475781
CC_CD373485942B,0.0823610393632383
CC_CD379DD39658,0.33515232113077403
CC_CD37D5CF0EB0,0.18909340420736695
CC_CD380545A7A4,0.07093954658269717
CC_CD3A378249BA,0.24614598702108176
CC_CD415B1C7741,0.044315177653410046
CC_CD4976814F28,0.04018613965121772
CC_CD4F5F1C357B,0.2532146802141843
CC_CD54829713AF,0.07936653750559779
CC_CD5E3556D5AB,0.17434441046769497
CC_CD6C797F3C4F,0.0708990171387129
CC_CD7BA8F6C4BD,0.10357631968944739
CC_CD8352F0478D,0.1750519474131946
CC_CD972E578564,0.8176229654750362
CC_CDA1B20179B6,0.11152560054486374
CC_CDA2A36B81B4,0.22866720362420914
CC_CDF6354EC332,0.06529780332722168
CC_CE01E17132E0,0.040528943602003785
CC_CE1280B30475,0.1377017153617638
CC_CE134F878294,0.06386844065881205
CC_CE229894AC00,0.13386188143587577
CC_CE26907B9D30,0.45987677379008324
CC_CE2755B42DAC,0.07729354583308662
CC_CE2BD7F74421,0.27449368641175154
CC_CE3784121355,0.12162406591198344
CC_CE41F9FF509E,0.16722000389983865
CC_CE5AF0E9A157,0.07779486617289104
CC_CE5EA019DCAA,0.09324466980612449
CC_CE6460FE39F6,0.12612580507041313
CC_CE72D1734761,0.6175426854441095
CC_CE7FC560768D,0.3280798361843193
CC_CE871DB3950F,0.3210953271251232
CC_CE8D1564C4F1,0.14619045440744585
CC_CE93240526A9,0.3169950595125738
CC_CE980FCAB154,0.2992693499487993
CC_CEA0FAD348F8,0.08885680593276513
CC_CEA369A3451F,0.07248746631421524
CC_CEBA67081418,0.2162775758120759
CC_CEC0C00FE770,0.5541945110610422
CC_CEC3B21D2982,0.41190930990927926
CC_CECEC680F701,0.15410402070329493
CC_CEDB263DB07B,0.04285941546021517
CC_CEDF9C14DC79,0.25630403832739207
CC_CEF23255BE06,0.06179876485408569
CC_CEF8C71C4E8B,0.40841573301028344
CC_CEF91FDD41AE,0.38206373576202285
CC_CF0B68684C3D,0.09925785885813572
CC_CF149865368F,0.0900422475592565
CC_CF2A7A5582C2,0.19289004759134454
CC_CF2B3E37CF2E,0.3416347295914192
CC_CF2F163CE005,0.16893343325597984
CC_CF3C063DF626,0.15930449937292093
CC_CF3E91DB8220,0.37594726329334593
CC_CF3FB5744443,0.7153191287239921
CC_CF4991B8EFE9,0.11701061361905246
CC_CF53FD3AC9AD,0.03834542361699064
CC_CF5A140B279D,0.17227378805853236
CC_CF613A7162B6,0.13927757216199496
CC_CF6A8A460B19,0.0991990393727065
CC_CF792E77A16D,0.04851336563354194
CC_CF7BAF373E0A,0.043170879645754036
CC_CF8B1D0015C4,0.14742351455651745
CC_CF8D0517B79F,0.0693528638994582
CC_CF92037ACA93,0.22604806921304646
CC_CF960A300F40,0.3146074277511101
CC_CF96B6335E6C,0.17001773929898448
CC_CF9880D67A7D,0.20117690180238063
CC_CF9B249283A7,0.7210251855626846
CC_CFABF7407978,0.21307943286649988
CC_CFB2AE99EABF,0.15098606848240187
CC_CFC0BC440771,0.151212784159494
CC_CFC235739F25,0.5447525521390983
CC_CFC6E8954325,0.06162514174702832
CC_CFD37EDB214D,0.22656274945287308
CC_CFD93C04478A,0.5898188488179423
CC_CFE0AA5381FD,0.6171281287858392
CC_CFEB021AA137,0.05648016097242808
CC_CFF6E2A6A3F9,0.27485359656779446
CC_CFFDC4947256,0.16868566149830252
CC_D009368CE434,0.05396168252055898
CC_D02E59E08B02,0.054400722343345594
CC_D03848B7353E,0.0582363677889972
CC_D03A69B1563D,0.13495202847529175
CC_D0576802096E,0.09492423723308853
CC_D0582E0F3440,0.05807566772572311
CC_D059D0BEC5D5,0.3109682269152825
CC_D05C4A8F2A25,0.144650249026928
CC_D05FBA9B9040,0.7296760058295688
CC_D0653EA71CAD,0.17208160035751893
CC_D076A984B786,0.1478444432696357
CC_D08FC2D99CF5,0.19015247829442017
CC_D09942A02904,0.11498346922606192
CC_D0A8EA2D37F2,0.13022362034533966
CC_D0AAD35C800F,0.13942945348083927
CC_D0D666EC0244,0.10139030014583568
CC_D0F3F68F4452,0.5159729872071468
CC_D0FBDE8ABAA7,0.10272298672432094
CC_D103D50237D9,0.26418090548436846
CC_D11E5A30CF3B,0.25937839666680945
CC_D122B30AE7CB,0.5365311155998141
CC_D1679B40D83A,0.08701087937412144
CC_D1760785D631,0.25555342298812267
CC_D18088587757,0.22824151933654507
CC_D184160042B7,0.3311307875877925
CC_D1886485E8B4,0.12266022172871886
CC_D1893DD5B4D4,0.08105142494669658
CC_D18B60E035CE,0.737829565315845
CC_D191D099789D,0.0784974035071862
CC_D1BDB41E7FF6,0.09929810654656693
CC_D1BE2E6E9C9F,0.20388785204521748
CC_D1BFB29BF61C,0.08087908319693263
CC_D1C259F80E13,0.0922768129171192
CC_D1C63DA9CA93,0.11200466088677098
CC_D1C931E4F305,0.07160562966254679
CC_D1CE25F271BE,0.15303676703636376
CC_D1D2127A0C67,0.052346203304676237
CC_D1D31EA359F4,0.1561840843101345
CC_D1DB888BD9B0,0.11094838556031585
CC_D1E82B9DD102,0.1587501030294821
CC_D1EF68A649AA,0.13464354758438324
CC_D1F05E69F80F,0.0593448632175595
CC_D1F6FE158DCF,0.21991428655143253
CC_D205612FD566,0.6468270805187021
CC_D21474C31E3C,0.6913922351771068
CC_D2195A061A0E,0.6819606377316296
CC_D2199CC1CB08,0.03637876852127923
CC_D21FCD9DFE53,0.5183264688152793
CC_D233B2C8062B,0.40983965678002693
CC_D234CF2C21AE,0.6824043766166421
CC_D2373015DF41,0.05898722872230448
CC_D239CBE1012A,0.12058645174740934
CC_D2591377E980,0.7285042435139011
CC_D25E25C831B5,0.07246705758982237
CC_D262BB13DAAF,0.3026460014680543
CC_D272BC699F38,0.057116940451061825
CC_D2813C835750,0.7635981142941551
CC_D285B0D67016,0.0330631351342561
CC_D28FB525E310,0.23969504122822388
CC_D2AFEE04E96F,0.04230485281092249
CC_D2BBAA423304,0.1712190189416739
CC_D2BE8B4011D7,0.06358187907004069
CC_D2C49D2FEBF8,0.19029916897448668
CC_D2D09498D333,0.1443790474819075
CC_D2D187DA334A,0.13979115570541817
CC_D2D47A5386CE,0.24847793675953536
CC_D2E98F50621A,0.04883625022006028
CC_D2F265035F0A,0.04971967435124491
CC_D2F91355C6D0,0.16911645015111934
CC_D2FC934F8324,0.1395981577801487
CC_D3044C67CFFB,0.06411742315849515
CC_D313F2C49E46,0.3544059755040918
CC_D31FFB053D60,0.10515509041050174
CC_D336DB6323BB,0.33490220281421906
CC_D343A7CBA377,0.07899050380539926
CC_D345AF4C4B61,0.1478776065764898
CC_D34FA9410740,0.07151081940579848
CC_D354C5D1665A,0.1448788934564494
CC_D35E96480AF8,0.2561193807755432
CC_D3616386D6D2,0.14672853660165924
CC_D365173E852D,0.7851407003350143
CC_D3683C6CFC5C,0.6171199029743747
CC_D373463038E0,0.0569820441230975
CC_D379CF8E3FAB,0.7186765403707762
CC_D37B4CA7F3D8,0.06508254239074435
CC_D37B5B3CA4BE,0.6721338790447507
CC_D39265D7B6C9,0.05656364462590033
CC_D39E3F732408,0.06600575271615083
CC_D3A7B21165B3,0.23821481025758473
CC_D3A9028A4660,0.0534470166464072
CC_D3A948322BD5,0.6997865768666784
CC_D3B95DB5E6C1,0.28325439331129415
CC_D3C8C5014D5C,0.1991492046513787
CC_D3D80929AF52,0.10735015624613709
CC_D3F25136073A,0.2052177950449491
CC_D4102AD032BE,0.19469615819921557
CC_D416EFCEAD89,0.0504212842241696
CC_D41C5030494A,0.7052704304894409
CC_D42E477596A3,0.06191661307075355
CC_D432C89BADA8,0.1462407719861619
CC_D434638E9569,0.13231424008523088
CC_D4518F98BB77,0.0881688891693086
CC_D452847F2A4C,0.0852157763175128
CC_D454056F92E6,0.22685093272212892
CC_D461FB973AB2,0.7966139439966189
CC_D462250B13D3,0.35683614909419287
CC_D48E686A834A,0.6651856084981164
CC_D48FFD985E51,0.0849815521527377
CC_D49263A1BDF7,0.12472760951428055
CC_D49668C65C33,0.03581260615473907
CC_D49D9C57A849,0.08449617338084633
CC_D4A029A150E4,0.18981550273720124
CC_D4AC998C0BC8,0.716602138415247
CC_D4B02AAFC697,0.11465793443562086
CC_D4BDF0F4FE9E,0.10978027386790237
CC_D4BF2778371B,0.13813138452663198
CC_D4C0F4DB3501,0.16103164263363987
CC_D4C6DD8A364F,0.14750797990260434
CC_D4CDE2A1E174,0.14729306026314073
CC_D4E7EE35695B,0.13124722301297256
CC_D4ED652E86DF,0.29923706852512794
CC_D4F844B54B84,0.04579244002512436
CC_D4FA0055DB4A,0.04662799853299627
CC_D4FDCBAFEC74,0.7322082907367972
CC_D517D90E105F,0.08352052317704173
CC_D52B87A01028,0.20367540904470294
CC_D530C3D1DBF8,0.6619568999883619
CC_D5327E41EBA2,0.13245653484574113
CC_D53C8BCA531F,0.10149670330523666
CC_D540C7ABF683,0.6869607039132647
CC_D54105FC1349,0.3946407716831315
CC_D550CE8B9313,0.7166509872595652
CC_D55C5B432387,0.17728318958468683
CC_D5646FCC5E14,0.54856871745054
CC_D56F34613338,0.12199641847375338
CC_D573AF0F1674,0.11126895987494122
CC_D586E2C2B3EF,0.2051746624797508
CC_D589E388CA02,0.06027513069058002
CC_D58EBD954E68,0.2896171279594053
CC_D59AFE884BDD,0.38498580142765043
CC_D5AC596A85E1,0.16520714117149232
CC_D5B99B578573,0.04868298484232499
CC_D5CBF4A4D3B3,0.11027767496735577
CC_D5CE05EAA837,0.22717253506068638
CC_D5D36A6C8DB3,0.07285587067634405
CC_D5D8D545736F,0.0755025136626027
CC_D5ECFAF8C1A3,0.06991321621148376
CC_D605715F737A,0.11623231635267546
CC_D617428B4B0E,0.3857975956462634
CC_D61E8E5C4414,0.10546582993260539
CC_D652B5F05769,0.18188440950795473
CC_D6564D0CB9A8,0.1936084712851433
CC_D66183657419,0.07015180140580647
CC_D66BDD3E1AA7,0.13761747292598758
CC_D66DA331534A,0.10095980911807523
CC_D687A780C0E6,0.04779632838151376
CC_D6AE871A4C9C,0.11113408355350349
CC_D6B7AF1FBDD4,0.4702019995606628
CC_D6B874308353,0.5319071352110333
CC_D6B8F47FE484,0.3803228135666723
CC_D6CB1BFDCEEA,0.12690966822698616
CC_D6D47D7E1C51,0.04572314539283399
CC_D6DE060699C6,0.15277949311732428
CC_D6E06014457F,0.8438441031282276
CC_D6E8E17EA449,0.3195386001675499
CC_D6F216AB1C4A,0.1565137789000244
CC_D6F5E3A51C8A,0.11067198807193482
CC_D6FB3B76D7A0,0.6514607112557278
CC_D6FBCD4BA3DA,0.281883545270546
CC_D70918916097,0.4794242204229596
CC_D73B1B9B81A5,0.05433874951088252
CC_D73E9E24BB48,0.14049364282489507
CC_D74AA0F20466,0.12705646661454198
CC_D750070C44BB,0.7096729060822904
CC_D7529675CB7D,0.14701915309730948
CC_D75C8CDB510B,0.6083718263980383
CC_D76009C47709,0.312960908988714
CC_D771775A58F5,0.21189755060229082
CC_D77F9D613EF7,0.15766788385020872
CC_D7999C3EDE22,0.1681440184459309
CC_D79BF1D26499,0.18995662892584725
CC_D79C05885899,0.10367117687045306
CC_D79D4F15D10C,0.04687252448238456
CC_D7A11E3512D2,0.0531395283116494
CC_D7AD7A7279C4,0.1305437049748437
CC_D7B35055AF0D,0.20923204994819947
CC_D7D99409D57E,0.3010628918998944
CC_D7E403181D8F,0.10579834732832231
CC_D808C7BA9399,0.1276835031030468
CC_D80DE8B544F3,0.03966407630671117
CC_D81D19AEFB77,0.03743345001569053
CC_D81F317F6384,0.13400813016519622
CC_D844D9DF962C,0.09886089730544007
CC_D847D978387D,0.05077986068800332
CC_D85C7B85C440,0.29989324776761656
CC_D885591596E7,0.08290967082421137
CC_D887D07BDE23,0.38266137064317307
CC_D88ACC0CFDA5,0.11424890159863206
CC_D88BDD0F510C,0.05832127426632667
CC_D8956424CB37,0.3490937978442401
CC_D8959BB99A7F,0.23760244260891022
CC_D89A9A14B5E8,0.05255842069009546
CC_D8AD01F3CCE7,0.05449301630696939
CC_D8B4122DC296,0.1367531128247159
CC_D8C38B187875,0.7083407151997565
CC_D8E55509595E,0.05840482547452057
CC_D8E6B90C37A3,0.11230519208132644
CC_D8F1AECFCC2F,0.05871253969765859
CC_D8F7672C70D7,0.04148784927211491
CC_D8F7E904E7DF,0.18082736163932436
CC_D8FEF1C99F88,0.6980028917238973
CC_D90761F9E9C9,0.40605250722520286
CC_D90D9D5C8FEB,0.11147131393015648
CC_D912917A4F4E,0.7410811675540488
CC_D91ECE64FD0C,0.1243760441657061
CC_D9325E5695D5,0.05754428249644059
CC_D9563654A397,0.16575861597320193
CC_D95766A6C24F,0.12102939784527693
CC_D95939B1BBFA,0.061278428331039685
CC_D96729C38BC9,0.09483078864776334
CC_D9791EFF766C,0.2177696032166556
CC_D97AA7C54F6D,0.1240615317654674
CC_D98BA5CE8EE6,0.5077657247180947
CC_D991DAD5413D,0.16338552579177473
CC_D995C89AA359,0.2063237177326171
CC_D9A54F55AD6A,0.11773834660927084
CC_D9B87A96C353,0.2664924011819662
CC_D9C42B0B6A0C,0.19920943616326367
CC_D9D487E78FAF,0.6305102249694156
CC_D9D744A66B09,0.08666091461229547
CC_D9DA3F6E2E7E,0.13019493483969694
CC_D9E5792258E4,0.08360741572098838
CC_D9E6B9CBEB77,0.05637491141562841
CC_D9F0CDB02AC6,0.1361524013359857
CC_DA0201D1BCF2,0.09299140733265453
CC_DA0500AFE692,0.06448422726908984
CC_DA0E0BD3880D,0.30186886199381235
CC_DA10F53AE655,0.650574750211407
CC_DA1643A835A2,0.09901330431435357
CC_DA1C5BAB7E35,0.4773915404102591
CC_DA1DC6A6371D,0.20006449894160067
CC_DA1E6B31DD2A,0.6496980943992003
CC_DA1F282809D0,0.03647537616091206
CC_DA226442D919,0.7358873407377838
CC_DA31EC318B1F,0.0666761276002691
CC_DA33597C6459,0.12361645737969823
CC_DA43CFB5CC2F,0.19925851280828674
CC_DA481C72B8A4,0.21388447875957278
CC_DA55447636EB,0.046966326463020625
CC_DA5AE34842E3,0.09520042775308239
CC_DA6880B018AC,0.1782265838880088
CC_DA700A961616,0.18618454412517946
CC_DA7E65F1E6AA,0.0698191771115058
CC_DA80FAA7FE30,0.10408967282459763
CC_DA8DCCC1199D,0.32009925233583636
CC_DA8EA724C1D3,0.427087645134672
CC_DA8FA65D1924,0.052766866405126865
CC_DA99D1E41C3E,0.05868878504964438
CC_DA9C3BEFD0B3,0.15705799990565633
CC_DAA3B7FE1C62,0.07267589184272223
CC_DAACE4211B34,0.15706987172825163
CC_DAD239E56638,0.7745963664715095
CC_DAD4BC090253,0.08017911319360535
CC_DAEDBA26BA12,0.30509697072710973
CC_DB1EB08EB40E,0.14360551755414316
CC_DB2314ED6960,0.084031468823039
CC_DB25E05EC5CD,0.4269940919102036
CC_DB3BE0C87882,0.050250240164173274
CC_DB44628BC147,0.15376517864963987
CC_DB562E602BA8,0.13034534570472386
CC_DB61D7F5F8F2,0.6693775250820106
CC_DB6498598C32,0.1674291189152484
CC_DB6B59FB6E30,0.04363483660304862
CC_DB801B947698,0.2925628148502712
CC_DBB8C467FF1D,0.09787589154609298
CC_DBCD21C2C322,0.07189622740011906
CC_DBDB148E45DD,0.11625867498312475
CC_DBDF9BFA7E87,0.11235632788851498
CC_DBF5CD2D854F,0.1944033673350134
CC_DC0077DE6E39,0.19221905044095894
CC_DC23159A1F99,0.07612045857273445
CC_DC2458827FD8,0.21204382867447955
CC_DC2BE35D58AC,0.21428669839053432
CC_DC49C8D3F7EC,0.5479732059239846
CC_DC5DE66826E9,0.10968081981448893
CC_DC6063FC6464,0.07339107793778817
CC_DC771AE1B4BA,0.6724509174573751
CC_DC7DEBC30E17,0.4337212488213427
CC_DC978F3A711F,0.6711257595148685
CC_DCA2140C7BC4,0.19299380529827082
CC_DCA5CE7C9DC3,0.20326419436921012
CC_DCB5798049B2,0.12449623511107195
CC_DCD10C95C942,0.5026819874292529
CC_DCD145E8E729,0.29272024339210606
CC_DCE0BFC03B86,0.05546182020565098
CC_DCE75AE2FB52,0.05669334873217084
CC_DCFCEEF21BA7,0.34876548721796313
CC_DD12A8C462FA,0.07037006376000259
CC_DD14867350AC,0.15795050267208527
CC_DD232BC8881D,0.21071510368664534
CC_DD2473D34D68,0.20399459495246655
CC_DD2B5C4CD318,0.06000790360185584
CC_DD4EC06C3A92,0.2382188580963997
CC_DD5299DA8C1C,0.087197008100326
CC_DD59BFF18ABC,0.1476022164655423
CC_DD6777E1B05C,0.04979345297574772
CC_DD6EE1501B89,0.10205328594699228
CC_DD78B52AE022,0.13640417295860519
CC_DD7983A07B43,0.6865244537640868
CC_DD80B5CC495F,0.11117236651030339
CC_DD8956B71825,0.6411591926062219
CC_DD8D40E7E2A9,0.08923483632711943
CC_DD9972D0B63E,0.11721460726438779
CC_DDAE70634ED3,0.09534551567443242
CC_DDB4A9FF2B03,0.08900063626183272
CC_DDB68302DA2A,0.1718797466332215
CC_DDB9DEC9C037,0.07303586039413623
CC_DDC610D2B2F0,0.06676659609876652
CC_DDCAEC6BD9F0,0.20545321522973958
CC_DDDF665EBD93,0.28628819775978037
CC_DDE66EBF2157,0.06946385715297147
CC_DDE8B7E9C7F4,0.31842104033587154
CC_DE019FC36D28,0.3700007836947556
CC_DE07076B04D5,0.12768807949079786
CC_DE07AECD2361,0.0386625959098278
CC_DE08A4514010,0.5323268368219481
CC_DE093FAC5293,0.5017268235119821
CC_DE17BC1C2324,0.07803099570088852
CC_DE1B13B3E504,0.038592481981337544
CC_DE4264861B73,0.0996351642583828
CC_DE4810B88C51,0.29411423735226166
CC_DE4EE8A16896,0.13277943998005945
CC_DE523A2403BB,0.0863164880676565
CC_DE52860CFBBE,0.1655437786836225
CC_DE593193FB9C,0.16563774220621444
CC_DE5A9B499ED4,0.08321125479071978
CC_DE6AFFA63ABD,0.08191706101308331
CC_DE7CEC14CCD5,0.6589250967357403
CC_DE7D7B5BBB14,0.6254390441531549
CC_DE81AAB7BF48,0.0532709349086927
CC_DE8956D433E2,0.6387620462926401
CC_DE8FB8D1CB71,0.3131786847517003
CC_DE90D07B269D,0.2027495899725862
CC_DE9A62529780,0.13658019263486687
CC_DEA425EA8441,0.09717913222855326
CC_DEBE01582EFF,0.20302794764326776
CC_DEBFD4E79A38,0.042378898810866795
CC_DEC97F13CB8C,0.20173207823325165
CC_DECF1507C86D,0.1737125142890638
CC_DED24C8D047A,0.11127892311695564
CC_DEF4AEBD31C8,0.22670928742417215
CC_DF062F698349,0.11146208876342167
CC_DF13D5CB626A,0.11830572913961647
CC_DF15C526CDC5,0.04878165486132227
CC_DF1F6C68F7D2,0.1498935828798151
CC_DF3EB88F509B,0.12337611742325608
CC_DF4E332C886F,0.037574164124939066
CC_DF514171DC30,0.16144309970481607
CC_DF536CEAE5C0,0.053197935301981455
CC_DF5806CC2CFF,0.13670990352461287
CC_DF715690EF20,0.19856666368452672
CC_DF718A37AF15,0.09377224697404878
CC_DF7276DD74AA,0.11205664316042947
CC_DF750B2D6872,0.3276181730859152
CC_DF9FB6670627,0.06807616062004587
CC_DFA65A0125D9,0.05011562206699501
CC_DFAE355359B8,0.20664264980398261
CC_DFEA562F7BCF,0.29132957272034843
CC_DFEDAF0F0D6E,0.04032316624763455
CC_DFF6F74C64B5,0.641159734799753
CC_DFF87DF16763,0.13918750115254108
CC_E00D8ECE9FA9,0.15604254326887834
CC_E027E36615C0,0.5039718830921236
CC_E02E23CE49A8,0.07644004363550565
CC_E030B3AEBF19,0.14901000850950782
CC_E031A4C862C1,0.15684648942817647
CC_E0339B331F4F,0.088705861347401
CC_E038981B2FEE,0.14065193888250352
CC_E0463868968B,0.16692518439590567
CC_E05A8621B581,0.3196539033797658
CC_E07FB0312232,0.15092091991319834
CC_E088594E0624,0.19459545132049977
CC_E09AC3B1E534,0.10477001278700107
CC_E0AC29AFCF97,0.16749568861570885
CC_E0BAC6E0D0DA,0.07803455507769569
CC_E0DDDA07F0A1,0.14964154662127258
CC_E0DF45AB72B6,0.19553657447193232
CC_E0E1F8E7379E,0.09415215718452999
CC_E0EF095444A5,0.1569586502959511
CC_E102E4F7F8B4,0.2518858562563111
CC_E109B4CA6A8D,0.13981376392548323
CC_E11470A2D92C,0.410159736621746
CC_E117B8A6ADC6,0.034857922256818163
CC_E128015073F3,0.0913680167525897
CC_E131D5EB9237,0.19364938655714217
CC_E14A24095E9F,0.14003205495560364
CC_E14CADF89123,0.48294836606974245
CC_E16876025011,0.05266671969723759
CC_E16C71C15D04,0.7182812262885998
CC_E16F1BB83653,0.05245761362788122
CC_E17448FB08EF,0.546171144656199
CC_E17AAACEB07D,0.07891414490051198
CC_E1875522DC57,0.15902427758249607
CC_E18A0734641A,0.10748676959660101
CC_E18A22453843,0.08182783949810028
CC_E1B4E3360C0F,0.17307527145383472
CC_E1B5AE645169,0.05197892377374376
CC_E1B71F6B7DD2,0.25894964180168417
CC_E1D073F693A2,0.2719096954165224
CC_E1EA83C31C66,0.11004165050166118
CC_E1ECAE226485,0.2517278207605017
CC_E1F0C5076481,0.07985661305944626
CC_E1F78CE289D8,0.05349382705818407
CC_E1FBCECE0A54,0.22583621062678805
CC_E1FD46CA26D5,0.0960424496679947
CC_E20E7C7164A6,0.7535042016604686
CC_E211E2698C14,0.03807704704618179
CC_E21B4F587C45,0.15110903153099287
CC_E22A278A1386,0.06119955655537313
CC_E24078C03B7C,0.15033691150385275
CC_E2452737F950,0.14220004960224622
CC_E246119AA09C,0.6147087311613969
CC_E246942C7310,0.07656736902917391
CC_E2474A334F3D,0.09516979755992579
CC_E2489637D0E8,0.1433669800758661
CC_E2521AF9C2A2,0.08170258042299423
CC_E253F4AC4762,0.5853867851457729
CC_E257805D0F0A,0.21257962407711084
CC_E25A924EDB70,0.09518855303138846
CC_E25B5D5502AD,0.1035259855515664
CC_E2619E24BEDD,0.6744885317600997
CC_E274DAF3C064,0.07501811335509857
CC_E2787CBDFBF1,0.14122720642657746
CC_E28AE2E68BB7,0.7095381149704888
CC_E2C3E272D059,0.26388380569417647
CC_E2D653061523,0.4310802717441571
CC_E2ECDC7D23EE,0.1344272579382587
CC_E2F0E725C3AB,0.055165603642988885
CC_E2F7712CD056,0.19915872942363272
CC_E2FD7FCF0AD5,0.7795541056325522
CC_E308C7DFB2F2,0.1343326122453443
CC_E30B791D5F11,0.21910420147669105
CC_E315F7A94400,0.3441060734603206
CC_E31DAB1E73F5,0.057602751508004466
CC_E32034C97E83,0.2403026139696479
CC_E32DBED5EAC1,0.2464187740375849
CC_E32DDDDEE3CB,0.19455916024976602
CC_E343EC3EB052,0.6445254524818788
CC_E34A04E78D60,0.16980879970902046
CC_E3503B565AD0,0.24480057169246325
CC_E356B05ADD56,0.20835180334439757
CC_E35D02BE6780,0.030733072837043286
CC_E369AAECB2B1,0.4811156854699403
CC_E36ACDB4F96F,0.47298485548893904
CC_E36C7F0E1657,0.8354836020528871
CC_E381FD4674D5,0.037959707735251196
CC_E38E3835121E,0.051638755274201226
CC_E3A70438A0C1,0.23299954690213
CC_E3B5C76189F3,0.24241168676336225
CC_E3B7B7E57889,0.1666009639825417
CC_E3CCC0D886D9,0.16619158539860213
CC_E3DD8AD10171,0.2856935815298317
CC_E3E230CF20A1,0.19196515678581982
CC_E3E4B2543CCB,0.062014686851491
CC_E3E5DF01E014,0.16755580910998014
CC_E3EB157288A2,0.09483479904316139
CC_E3FBDA203EDF,0.16949375259621727
CC_E404FCA6CB2B,0.6882471108257098
CC_E4054F9C8442,0.30977940302177176
CC_E405D808772F,0.04447166119565595
CC_E4137B250609,0.3766259794863397
CC_E41482A7E968,0.07323138276344335
CC_E421FA1874F4,0.09887729897246883
CC_E42C38BBBD04,0.1982586055877021
CC_E42D90BFB285,0.05035154740441275
CC_E42EFC05C891,0.07082439756397405
CC_E430F3C75969,0.1310727961356423
CC_E4576D6B6478,0.10115465927358325
CC_E46B27A13728,0.3918213038185033
CC_E4783FB590D4,0.1820641716048139
CC_E489009C6500,0.16859432570970279
CC_E493CB46177D,0.09549352227171994
CC_E496AFA9B40A,0.2999409260477157
CC_E4A2FFE0EE1F,0.10882155966818674
CC_E4C553538385,0.325171055605353
CC_E4C7B5501ED1,0.1428896097495739
CC_E4C8A5A60F51,0.16085148413408845
CC_E4C94AB69214,0.4282464002393138
CC_E4D75244E8B8,0.16297306837138062
CC_E4D9A8EEDBAE,0.1943961209507787
CC_E4DF787730AA,0.14034166610579515
CC_E4E0DC070132,0.1659777150148491
CC_E4E3C08B7F86,0.052361806166797635
CC_E4FEEB4389C9,0.34424974025769733
CC_E50598344DD9,0.3789145799787579
CC_E50C634A9A18,0.03957246205911979
CC_E5107337FDD7,0.06770907543828414
CC_E511BFCFEC9E,0.6565940867496558
CC_E51318749E09,0.1369588426628258
CC_E53FE6708AD9,0.6591161373616307
CC_E54290FEA34D,0.10020096487551039
CC_E54B723C018B,0.046703922782567964
CC_E554618F383B,0.09325185306153881
CC_E557336955A2,0.11000526757927474
CC_E55B48E73651,0.24847785257063779
CC_E55D8DC645B9,0.05658688940180475
CC_E575DA02C575,0.2158009845839359
CC_E576BD98A727,0.17027223861009483
CC_E578DC77656B,0.14148493217261301
CC_E57F3EAFD9A3,0.12806470331592715
CC_E59A01603B7D,0.2642774070419047
CC_E59B2D974CB3,0.208265840903196
CC_E5A1C44F0F07,0.6617417935023573
CC_E5A8BDF6BFC1,0.17198117116574071
CC_E5B284DA0E5D,0.09288455693428538
CC_E5B8363BB378,0.5776864599732637
CC_E5D8BFFA5F88,0.058219990804839784
CC_E5DA04902EFD,0.26837875656022
CC_E5F53CFC20EC,0.07593402121954347
CC_E5FAECE63C59,0.4668322266530506
CC_E5FB6E872C58,0.08329503840865958
CC_E6045565E7ED,0.08253607723606812
CC_E60845ADC7F1,0.04265717579306342
CC_E61567D6B392,0.10568549291973674
CC_E62174AFA94C,0.17254158595704408
CC_E6247DD14641,0.08647257878546283
CC_E6289A61F0ED,0.10870828178270171
CC_E62E32FB6FBB,0.03237794956671336
CC_E62F6BE942DC,0.219239735171793
CC_E63E49B128AE,0.07724363897690348
CC_E63F89885A3E,0.7864611858835282
CC_E6466E6A92CB,0.2228957174436695
CC_E64BC95F8B2A,0.8262610386162724
CC_E64C652BBAB2,0.07058913719993196
CC_E659DB355476,0.20157355394956034
CC_E65C8BA5A7CE,0.06362454264222416
CC_E65F39446752,0.33063905108692687
CC_E67395791589,0.19666137298026348
CC_E67622A69EEF,0.07818174441359632
CC_E680830CAEF3,0.06606486539877181
CC_E6823643AC4C,0.6798697769497635
CC_E683F33931BB,0.11474727578900619
CC_E68841DEB163,0.08301233822920065
CC_E68B2C33D180,0.13437811038999173
CC_E68EE6EC2618,0.053471507480427914
CC_E69508D3D3F1,0.1892523046792397
CC_E698F1348426,0.21699624927455438
CC_E6A178F3709D,0.12660197535982354
CC_E6A4B6E8619C,0.6526599925615468
CC_E6B3887C66BB,0.2891337157353888
CC_E6B6BBBDBEDB,0.3167320601247643
CC_E6DBD0F9DC3B,0.06785583931279154
CC_E6F090F70DDD,0.2532494091065967
CC_E6F2D8CB45C6,0.08753811084994788
CC_E6F8FBEDA2A7,0.07854520632534584
CC_E70854CDFE9C,0.05947954812673091
CC_E71C05F07F85,0.06557015998444908
CC_E72797CABC60,0.09259851042432012
CC_E727C1153226,0.09703199084100013
CC_E73489D828C7,0.12376764413024939
CC_E7355465CE6A,0.07353647099895994
CC_E73CDBC743FF,0.21745715184259687
CC_E74F00E75A4F,0.06515101374660345
CC_E751F7E19192,0.142436670687628
CC_E7522AD6431A,0.5472213284710242
CC_E7523630D2D9,0.2654168487206457
CC_E767372DD95A,0.6402199985882209
CC_E76C5DFD3BA6,0.24002261730257413
CC_E77326438575,0.1892121775165361
CC_E77E29E11EB1,0.15679528180356953
CC_E78F20B3223F,0.6845158490074983
CC_E79A23E64518,0.09231926738869647
CC_E7AC69AEA182,0.685253311845703
CC_E7B754CA9668,0.05764756712402274
CC_E7BA60365AE8,0.15040625141271471
CC_E7C95D4A741C,0.07261985702054624
CC_E7D3D728EC5B,0.1652190203811406
CC_E7E4D5F851D3,0.06546274670398189
CC_E7EA49D37B64,0.35844137490891514
CC_E7EF11A24F73,0.7765827096099193
CC_E7F6F9A7EC65,0.07739894386828358
CC_E7FBC7F69DBB,0.1988521639752714
CC_E80B1A55A74D,0.1642483817950232
CC_E824AB0AFDBB,0.20834589467482761
CC_E826DAC92D9D,0.2250051899936995
CC_E83AB7100D06,0.12689724723610246
CC_E83E6D31EC76,0.24754147128585913
CC_E86650461FBE,0.18109833611702517
CC_E868A3754B11,0.8423010438100302
CC_E86A993F7D05,0.09565933902114511
CC_E87992FBEE80,0.6576334002108819
CC_E87B909C4DDD,0.24395440937102633
CC_E8828BA7EE08,0.1447464215800708
CC_E886157F6FBD,0.30721639311340676
CC_E88711C5C98E,0.10906377003904055
CC_E887680BB6CC,0.17668151387028214
CC_E8909BF77D8D,0.1234000460783745
CC_E8A82DA3A246,0.15572244010220476
CC_E8AC7545DBD3,0.07964980963534367
CC_E8BA6B224C3E,0.10155159045774137
CC_E8C6CA45BF72,0.21911219368199633
CC_E8D2E3126A8F,0.6688722951354209
CC_E8E55DAC4FF9,0.06287494081358148
CC_E8EB77AF3F78,0.7953055210364236
CC_E8F2C6905503,0.37871591752694167
CC_E90831F897A9,0.1709596780379094
CC_E90B14D51185,0.5281399969419323
CC_E9188329C9E7,0.07775277441131015
CC_E91E1C0C0C61,0.632341602823955
CC_E91E9D34C5F3,0.11848281484510419
CC_E91F555DBA96,0.14937871391586313
CC_E932CFF4B4A4,0.21464647831281486
CC_E93643CB34CA,0.180252573925136
CC_E937CA493910,0.16521416567569594
CC_E9409A50B4BF,0.49813740297872033
CC_E96711AD5512,0.060020046010342665
CC_E96A3E6912B4,0.4878834448788397
CC_E98AEE74B9BC,0.23870187806352355
CC_E992FB78BC2D,0.27919528789661074
CC_E9A3AECEE3A9,0.07903607071856654
CC_E9BDA7766728,0.3249646151628153
CC_E9BF1AFE86C3,0.17920735670903443
CC_E9CA055AD1A3,0.10829612893570532
CC_E9CA0A56E917,0.18366578018444854
CC_E9D3453F53AC,0.5956759650899848
CC_E9D46EFFA839,0.1998998222261368
CC_E9ED872B6037,0.04650353365207679
CC_E9F40C1B559E,0.1261852513702463
CC_EA06928C0AA9,0.26163359820169707
CC_EA0A46F64C80,0.14850354330535603
CC_EA114B15FC04,0.5642177024863516
CC_EA1F3F67BA2E,0.09085966358402585
CC_EA21618614D1,0.6645079520205592
CC_EA26B5A89181,0.21851119238232758
CC_EA26C6C27662,0.15481031748447607
CC_EA3B5AC76649,0.2034897639090381
CC_EA4E669C8528,0.08468178451209338
CC_EA6917E7A5C2,0.6994448546010568
CC_EA8A25862433,0.12450716987863573
CC_EA901D7CA670,0.15750052965850758
CC_EAA2BCE323EE,0.7151875428935689
CC_EAA6D5189190,0.10733205346247834
CC_EAAA8DD7FAAF,0.1503290938871252
CC_EAB7408CCE0E,0.29367802699642875
CC_EABEDB3C4827,0.1504421197234939
CC_EAC6D83D1BFC,0.041036770401944034
CC_EAD7F3E9DAD1,0.06264599321856273
CC_EADC7D8196C2,0.25081671255306803
CC_EAE608E24E29,0.04054558184570252
CC_EB05AD2C7C27,0.04860681612521718
CC_EB1DA337E2D1,0.13494687109377665
CC_EB1F425EC937,0.13065245380133184
CC_EB2FE764BF6D,0.13070115662170192
CC_EB55483587DE,0.11934258351174798
CC_EB569B3E2E12,0.5980572847163106
CC_EB57E6E6C96C,0.20625451403855177
CC_EB5A0FE0605C,0.10320104604464492
CC_EB64EC97D01D,0.13950444927784883
CC_EB691249B91A,0.15084837632929157
CC_EB7C50A7D4C1,0.5028272784212453
CC_EB7C52FDBEC3,0.15443545080795734
CC_EB86FED24535,0.2542504421229497
CC_EB89DECC2021,0.09845616188436036
CC_EB999F9D6095,0.2052971582065298
CC_EBA2F85924CE,0.07135339611847905
CC_EBAC5A53FD11,0.08785588220586514
CC_EBB109EF7619,0.16234341168482125
CC_EBBD00C18763,0.0657138094086013
CC_EBCA68C7854D,0.06461954506977538
CC_EBCBDE122879,0.13385205206874323
CC_EBDF6C88BBA5,0.060349696926698386
CC_EBEDAC91ED43,0.08837501169970217
CC_EBEEC4183FDE,0.04821576409554326
CC_EBFD9D007253,0.4335623641597425
CC_EC1ABC58E09A,0.18151427155126942
CC_EC26EABA68DC,0.7966781729286898
CC_EC2A485A3E71,0.1541685095884784
CC_EC3B9E2FE47B,0.0772252703049788
CC_EC505F03EE5F,0.03567480505738014
CC_EC5317EC6706,0.1634765072202682
CC_EC5B7FBD1EA7,0.13793205800944383
CC_EC5C7471FFC5,0.05548149812887052
CC_EC5D92B3617B,0.2303416274349149
CC_EC5E214BFED0,0.6673505755247483
CC_EC6406527201,0.10781827731875307
CC_EC79022358C6,0.31197567673096105
CC_EC831A90189F,0.08839086100515027
CC_EC87C131FADC,0.054396942837927426
CC_EC88785D6F39,0.17715243560497657
CC_EC9173F5284E,0.042976538860157905
CC_ECB7B3B6272E,0.06483411170095758
CC_ECBF4CED56D1,0.12131407226785533
CC_ECBF80B94EAE,0.7938827944030883
CC_ECC78B7AE3F1,0.540233281215106
CC_ECC7E9E691F5,0.14930403918843263
CC_ECC9235F612E,0.24995403880230485
CC_ECCB0BD557DC,0.15405474079360065
CC_ECCCB1B4EA8F,0.08551252289310925
CC_ECDDF4983DD9,0.05237414473820429
CC_ECEE93C4F564,0.5591749291342071
CC_ED07BD8B2CB3,0.05489957286296526
CC_ED0F4A02A01C,0.2795021960631032
CC_ED11D72A1D3B,0.06360464072998476
CC_ED165FC5A06F,0.05310435082000003
CC_ED2B6A40ABC7,0.27033577042123896
CC_ED390F22A931,0.0852509109978787
CC_ED40E7CE5177,0.19883463694705586
CC_ED4E4B13DB1A,0.03908635152782834
CC_ED4F22572419,0.13322396471016393
CC_ED5AE5CB1DC5,0.08122464273847214
CC_ED6090A4E6E4,0.20256893030702472
CC_ED645D91E6A5,0.12019355339736217
CC_ED6B045B6075,0.16089454159064728
CC_ED9313C71C57,0.15134643851638255
CC_ED9BCE7C776F,0.749118862303612
CC_ED9D4644716C,0.1759228531956589
CC_EDA794402358,0.23519360631714906
CC_EDAADACD4DED,0.11275696449235771
CC_EDBAD2E989FB,0.1274284302636782
CC_EDC98B474E76,0.3011660396372298
CC_EDD1FD49A66A,0.7686038931162763
CC_EDD448008C0C,0.6931146121248036
CC_EDDA3B790095,0.07171772232597484
CC_EDF95BF0E3D6,0.20167771343018268
CC_EE03D7C2BC69,0.06915985507180747
CC_EE0D95184E81,0.057231114240157074
CC_EE0FF690C214,0.43984297590933685
CC_EE2412C352D5,0.07951689638614254
CC_EE2A010019CF,0.0737858517435974
CC_EE2AC730827E,0.06370644208480407
CC_EE3236E6A9FD,0.12396234856395344
CC_EE3759EA49FF,0.16156603065583133
CC_EE38C78AD88B,0.3478666452176623
CC_EE3CE0FD6B77,0.5944252776273786
CC_EE6B7E58FC63,0.04464849721059443
CC_EE6E02464067,0.2640577454777804
CC_EE6E1FA7A753,0.13842005428957246
CC_EE6FCE6C233A,0.21158057856475593
CC_EE88C07B9333,0.10403027472473561
CC_EE9004165810,0.06923440530082232
CC_EE9BD17AD343,0.05614827940976954
CC_EEA608D5A455,0.14745325142657992
CC_EEAFDB1BB486,0.548404407402576
CC_EEB482736C41,0.20781827768807182
CC_EEBD9DA093E1,0.05007513592215121
CC_EEF23DDD2262,0.1204367755479196
CC_EEFBDC9AD94A,0.07693744467951179
CC_EF05000895F4,0.4839524864811925
CC_EF16B2CE0988,0.374528739976669
CC_EF1DD3F0CBDF,0.06477987000714278
CC_EF2D82085BB9,0.08858007145933411
CC_EF2DBE79D656,0.24497514860721037
CC_EF3000C48A4C,0.07228780585424129
CC_EF359AF608EA,0.044693285427629036
CC_EF362432D758,0.3225675659345629
CC_EF548B30F1B6,0.22983767028198443
CC_EF5B403DFD7E,0.10912264489548609
CC_EF66DA0DDF9C,0.29016379974042467
CC_EF70BA4AEEC4,0.15823257104987984
CC_EF83DD56FCC5,0.06405521587575715
CC_EF8B642A6F8D,0.07773142379998539
CC_EFA1EB27DA19,0.04236035057574425
CC_EFAE84EA9BDE,0.09430872652138526
CC_EFB26BEA106E,0.3449515979367365
CC_EFBB51CD8502,0.19348081675282608
CC_EFC18E9B3B55,0.12530942461953787
CC_EFC4B0020E2D,0.11777052753809579
CC_EFC9FA5108D9,0.13709855462640771
CC_EFE45D9B9D9C,0.05159195026503059
CC_EFF27FA98DF1,0.058724631024763455
CC_F000DA497736,0.23622336348573886
CC_F00107DE219E,0.646706748174667
CC_F009FC54A64B,0.7586545039076239
CC_F01DF28C6BFF,0.09228354250461636
CC_F037C91F63BF,0.13199428968910537
CC_F03FADA95A03,0.721635518989807
CC_F05235F3C894,0.1355024061791147
CC_F0649FEBFEB8,0.5199926143715603
CC_F066C78B5C0D,0.13702543473913442
CC_F07313626618,0.6347540071324873
CC_F0783F6A56F5,0.7827141279573473
CC_F0791523691A,0.1572973672519248
CC_F080750455CE,0.05594061851656574
CC_F0809EBB0B51,0.03493660297464573
CC_F08259F86E23,0.18590136196987742
CC_F0929F859702,0.1791290556337109
CC_F0A7203CCA39,0.13904111697165006
CC_F0CD4DD9C63C,0.17781803145829253
CC_F0D29AD328E5,0.15952416403681757
CC_F0D339E5B80C,0.06254526280108542
CC_F0D3BC14FA77,0.07771053240534971
CC_F0E16D28D49D,0.18125910867722167
CC_F0EBE2C00A7B,0.07772566670940527
CC_F0F137758DC2,0.060482035584644066
CC_F0F6BD40CA43,0.36070973466147654
CC_F0F6FCF6010F,0.16713434198276322
CC_F0FBC9D4ECA1,0.03541793480725665
CC_F0FEE924096C,0.2058974168871173
CC_F1074E035DE6,0.056005178431178027
CC_F108D26930FF,0.36062684232627523
CC_F10DB853B9DF,0.38905331478824423
CC_F10E06D52D76,0.14584304780674182
CC_F11F5F477B91,0.6827270528874153
CC_F14913B5BE1B,0.7416469362875838
CC_F156C1647E3D,0.07792500486948353
CC_F1598097E314,0.6612353858774236
CC_F1641E3AAB3C,0.053361930727883
CC_F166878FB959,0.05965508394922268
CC_F17540FE7C9F,0.10724554631725924
CC_F175BB08B29E,0.060175621504116775
CC_F1782AF286D0,0.3783678003219291
CC_F1796AD4B774,0.5699580647133945
CC_F17B3A3A5E56,0.6120145512857605
CC_F1858D6F0080,0.18065504658036696
CC_F18689FA8E29,0.07418852461957035
CC_F18A82B0F153,0.14569808512396767
CC_F1AE7142A128,0.10852204716309523
CC_F1B43DD57C9C,0.12034787461844443
CC_F1BCB7676492,0.09096082308494081
CC_F1C8B8BB90AE,0.13988984382997297
CC_F1E044CD2D75,0.2562221272092515
CC_F1FCB96B5E14,0.23139302321480723
CC_F2067E92A939,0.13825382365967123
CC_F21512554CC9,0.08095238353806056
CC_F243956B7575,0.08963381521136805
CC_F24FBC9FD3F7,0.36738775187514155
CC_F252EB3F208B,0.06995133363230419
CC_F25D793346CA,0.363282568160714
CC_F25EB1ED5AD9,0.06327160853195189
CC_F265A0AE845F,0.6620979297895145
CC_F274BB4AEBE0,0.08167201027083207
CC_F28BF2185131,0.10948899446072002
CC_F29077E45AF0,0.21129141364861928
CC_F2988560CAB8,0.36050711639791216
CC_F2993AB36C56,0.08439063535313977
CC_F29D6C65779E,0.060598104174744316
CC_F2D2BADD0000,0.06478233803880892
CC_F2E4AEB73D57,0.1387400936971756
CC_F2E630BAF431,0.04878261192687002
CC_F2EFCB40AE74,0.15820035322181644
CC_F2F085891915,0.7022651161973176
CC_F3030E2C80A0,0.19906518462619105
CC_F3044C7C16BB,0.06328495941927975
CC_F30B21CB4603,0.09936363200500635
CC_F3140FCE870A,0.08162250286879708
CC_F32A84B321FC,0.18227557940303551
CC_F339FF584607,0.2770206071147538
CC_F33CEE0F6DBE,0.45173500590203236
CC_F33DAF3E9CF0,0.13426414306600903
CC_F34EC3FF202F,0.08212638248445216
CC_F35A6C383B39,0.2072868723506712
CC_F360E0FF27CA,0.08031322346478334
CC_F36B7AEC0086,0.10151675504151385
CC_F370665BECB8,0.5513424328939392
CC_F373A60E53E8,0.03990495286430464
CC_F373BDAE18B2,0.0749302748482226
CC_F3745BC63340,0.07148649251154743
CC_F37DC9169301,0.17969627207592367
CC_F394E57C5243,0.23089029894153631
CC_F39E98FD418D,0.08839001581829017
CC_F39F51452381,0.04637282272492953
CC_F3A52465664E,0.06373402833044776
CC_F3A8CF761A0F,0.20814116363187637
CC_F3BF1709E29A,0.37960468293419425
CC_F3BF72C29211,0.06392509902843516
CC_F3CF35465CF1,0.05387296276086773
CC_F3E2186DBD4F,0.28806772793883545
CC_F3F0F9B9B56E,0.17071231868836154
CC_F3F185395BE1,0.11500488765783488
CC_F3F68E6599E7,0.07536311230894353
CC_F3F7763C9DFE,0.19075003713596894
CC_F3FFF13592CE,0.0652484171632034
CC_F410C3CE89E1,0.1639277005617566
CC_F410C8B811FE,0.06034585496452484
CC_F4132072D78E,0.12114109226776054
CC_F4157B8E5B32,0.5600367808714951
CC_F41CF067E828,0.1175406803176356
CC_F41DC456E539,0.04576600632197362
CC_F41EEF55A0EC,0.046796738734365524
CC_F426B5C1F07D,0.34069310084172705
CC_F437875F9000,0.19005660024927482
CC_F43C961F8A30,0.13990677961637363
CC_F43D9BF23472,0.06481536943049282
CC_F444BE033109,0.13985846339596325
CC_F4481124F17A,0.15551240021732937
CC_F44EAAF80F70,0.11468817350636121
CC_F4521F6D3492,0.5191400083065313
CC_F46BD9AB1B68,0.13545009763347057
CC_F4763AA0B824,0.537313057898321
CC_F47976F33E20,0.1998335962756264
CC_F47E588D4470,0.20703931680356352
CC_F4A2777912C2,0.11167824800036179
CC_F4A6C2B23685,0.0650314180935753
CC_F4B3EAEEEA8B,0.039364959196930775
CC_F4C6CD1E720C,0.0716141009517496
CC_F4D05DA98C83,0.06225081345004559
CC_F4D15889CDE0,0.1450942825663422
CC_F4DEC1E6173D,0.04721465058695444
CC_F4EFAD6AF8BD,0.2663495374470642
CC_F4F7835A1FA2,0.19383651079504216
CC_F500597795FB,0.1292792624840163
CC_F5197FA9580F,0.6889671300580019
CC_F5240F59146F,0.08718750228256415
CC_F534A0B87C3B,0.17186509247761075
CC_F536972BFE98,0.13949926587427974
CC_F54FDFE5A5C8,0.08244926499709214
CC_F55727F65F86,0.19105683559963513
CC_F558EBDCDD6D,0.13717147866507018
CC_F56D569AC51F,0.10630257677088582
CC_F5714D180EE1,0.09417535263447506
CC_F576ED9554AD,0.3968847601711427
CC_F57C2559358E,0.19632583079362015
CC_F5AA72FC0972,0.10057031612399067
CC_F5AE7DEA2B48,0.0752245233765848
CC_F5C6A5E9D495,0.17935206389855055
CC_F5E0731F2181,0.2500206002157836
CC_F5F4F3B03FE8,0.7708218023634045
CC_F604D7B9CBD9,0.1803740181540352
CC_F60F13391D61,0.161453081499873
CC_F618D72DF162,0.07378939174048
CC_F620B15ACC5D,0.07847223431340544
CC_F62D426D6614,0.1206060765337422
CC_F634999D5C1D,0.032764954019852015
CC_F636E5BAEE47,0.14310557620719452
CC_F6461B692240,0.7175907559456193
CC_F65BAD63AED0,0.22123656750753024
CC_F65DD2AC57E8,0.27546839700256287
CC_F66C6577674C,0.05530672082487688
CC_F670896FE959,0.1825621881667684
CC_F67376F272EA,0.6964018910882956
CC_F67FFE9E884E,0.21707394880940306
CC_F683C99F06C1,0.13688464223674635
CC_F68523E2CE7A,0.728982001060008
CC_F68E62F9AA0F,0.037020776660445
CC_F69604E05962,0.0793227967396816
CC_F6B8913740B3,0.10202066640521512
CC_F6BB4952DD35,0.299243711232749
CC_F6C0B7AC57B5,0.57451085627564
CC_F6D2B06E6E8B,0.5813126386502951
CC_F6EB30A84C9F,0.2785670181760865
CC_F70345A4792A,0.10658123309037837
CC_F7068C1F77B3,0.2882335024387185
CC_F70B0EA8C0E7,0.05830424272652666
CC_F71CC97FCE83,0.09296700750419586
CC_F722224A84F4,0.707135764694948
CC_F72D1046063A,0.3019712496071201
CC_F72DAB32A281,0.060703049213047776
CC_F733AA5C0ED9,0.07173738896957566
CC_F74043C1BBEB,0.05452817580550983
CC_F74A31E36137,0.06316623651279327
CC_F756B167634F,0.1646897457543543
CC_F75CBE8E1B92,0.4220927435651627
CC_F761F7EEAD39,0.13953370515976574
CC_F79303D62FCD,0.06406517206960186
CC_F795134B52E6,0.6538377002275236
CC_F79533E83ECA,0.07630747248268344
CC_F79F9A7ED432,0.7218414491483427
CC_F7B2FC73E020,0.04556822614691525
CC_F7CF24594B20,0.08318031080829917
CC_F7D31937AA89,0.04569107286985109
CC_F7EFD378035D,0.38190666383955946
CC_F8014B1E00D6,0.046339264717670595
CC_F80ADE95A7C8,0.06382109985203233
CC_F82E58E476A9,0.10718352472089028
CC_F82EB123CC19,0.24285156418022175
CC_F83088660331,0.09378020230649524
CC_F83C6DF6A815,0.5279123301382296
CC_F8620C4F7581,0.16120494990506185
CC_F869F4DA5077,0.7790807995109229
CC_F86B1C53EAF4,0.20793497559018523
CC_F87B7F26FF51,0.2340616846535553
CC_F8803D1C899B,0.06338104792561107
CC_F892E51AC9DD,0.05519680259339522
CC_F89C185743F0,0.10971202103032857
CC_F8A4D45C3769,0.07927046677894732
CC_F8AD68EA5A16,0.21586709639769744
CC_F8B4DBD0CE8A,0.34509272139367014
CC_F8F3E551F166,0.2719662439656585
CC_F8F9FE2C9B65,0.2698755155751663
CC_F912A50D0DD1,0.17109812362188362
CC_F91B7C2B1AFD,0.09459802971277403
CC_F925251D4BF0,0.39716275903794346
CC_F925ADD60E7B,0.04940780736785046
CC_F9282C144479,0.05439026470759722
CC_F92EE3287CC8,0.09352049930209702
CC_F93332608FE1,0.14463838618680824
CC_F94070DE3B81,0.06082357981240224
CC_F94C81428D20,0.188595149198465
CC_F95DFFDA9B12,0.41464124964292853
CC_F96A53B02447,0.5691107295241276
CC_F96A965CDCB0,0.6365999937370764
CC_F9721FEDBE9E,0.20917663523282934
CC_F97C3E145882,0.2529356132330216
CC_F97C64C64052,0.07962150671406494
CC_F98660A07E6A,0.7899713591662032
CC_F98BA4B13724,0.07924896380917422
CC_F9A3F3A76B1A,0.10851568389883365
CC_F9A8E2B3A703,0.13778852979619896
CC_F9B3E7E7F2A9,0.42392764219353013
CC_F9D7D0B1E4A8,0.6923302424078057
CC_F9EDA4EDDD44,0.05354909959045119
CC_F9F2176B12FE,0.0492121892978759
CC_F9F90E76CA5B,0.10614825474862866
CC_FA0157249C01,0.10690689873359949
CC_FA169BCA835F,0.09822327486999655
CC_FA19B61BCABB,0.13528231181391712
CC_FA1DD203C293,0.26658117400981163
CC_FA2E30269BC1,0.20368807558078705
CC_FA304CE8E045,0.20007200863365054
CC_FA310759A257,0.6579764691240269
CC_FA32397E7B8C,0.08038469989846161
CC_FA33D97B84D4,0.10645270835886086
CC_FA38991B9434,0.03873879066224526
CC_FA4079FFF1E5,0.24068211574536416
CC_FA716665CD8F,0.0843299570485232
CC_FA770268B207,0.1510509126278217
CC_FA7A2F59245B,0.43183653782314735
CC_FA8205104EBF,0.12186802407982299
CC_FA8370AF8740,0.0555098678851761
CC_FA858F1025FF,0.11237723728771562
CC_FA86320CF6B0,0.051577468683934466
CC_FA8B341CD3EA,0.18150704076493332
CC_FA9057AAF95B,0.1033493730445971
CC_FA97314C666C,0.053249072750339965
CC_FA974C1D91AD,0.3670301644504739
CC_FAA0E5BC9F44,0.6976525912211049
CC_FAA2694D8578,0.2790851940647395
CC_FAAFFC74BC35,0.6767240483073523
CC_FABA6DCF8E45,0.04084457109332905
CC_FABC53294AC1,0.15590322730729253
CC_FAC52B8E66DA,0.09202248966512155
CC_FAD284D8DAC8,0.8488948457270831
CC_FAE70CA5999C,0.13151126963575366
CC_FAF1CCB40132,0.08242678134812866
CC_FAF93D8B3B59,0.08378766633941795
CC_FB09E5481B64,0.09904413222962724
CC_FB150A1F7C3B,0.1299071794130913
CC_FB1808471515,0.37301294697109744
CC_FB296D823CF6,0.07179325370973043
CC_FB301E1FA7FF,0.04070417869709153
CC_FB33C958A19E,0.39775160899411416
CC_FB40D63FC3D3,0.19484823910162882
CC_FB45A1837AD7,0.09085761168337445
CC_FB45B79CED15,0.10857112746047146
CC_FB52260232E3,0.05654053577520716
CC_FB6A0A7B8813,0.26375593871781916
CC_FB6ED10D82D2,0.09516428788419276
CC_FB78DE84AF05,0.03883917118773234
CC_FB8DF8F93E7F,0.1677921688285424
CC_FB8F89048B89,0.07751956719003562
CC_FB9C3E77A49E,0.14726586187839408
CC_FBA40CEAEA18,0.0941143905040091
CC_FBA998938FE5,0.1681767327991427
CC_FBADBAFCD1B3,0.2579329181378357
CC_FBCB85E21ADD,0.15092402731080073
CC_FBCD00EE4402,0.13947048142070262
CC_FBD40DFBA5D5,0.23966362633237004
CC_FBDECF3DACAE,0.2270301523106277
CC_FBE4E2F652EB,0.24021854551364674
CC_FBEA9510C687,0.21154316452651156
CC_FBED1E2E1CC0,0.12361293137996247
CC_FBF54E48EB13,0.05697573107917737
CC_FC1E279EF320,0.05674097662208071
CC_FC2E1D460089,0.10581175479485928
CC_FC31CBD20CDF,0.15706084636297882
CC_FC41D8134A1C,0.08828080818503486
CC_FC44D7EF257E,0.053448437633349666
CC_FC4A649BDD07,0.22647894753578032
CC_FC51BCDBB6B2,0.12803608578569964
CC_FC57B6E79AAC,0.20073239329939516
CC_FC6AA879D9CF,0.14828841041734583
CC_FC7A926F3A64,0.6783658352375522
CC_FC83CB9C71CD,0.04288065886684791
CC_FC9E6D511294,0.14627954407397428
CC_FCA657E69930,0.3728419569229072
CC_FCB451237214,0.7707508782362857
CC_FCC7E51DF812,0.5005923583253664
CC_FCD42ECC012B,0.05634596241580682
CC_FCE8FAEAAEF1,0.12027579809909733
CC_FCFAE9BE2522,0.44418131195329047
CC_FCFDB5DFE5D4,0.09516418953430475
CC_FD24FC7961A5,0.08791153807074041
CC_FD2793DCB5EF,0.1173413646737092
CC_FD2EEF724088,0.12468653539007969
CC_FD3205367675,0.08331519647088434
CC_FD3A21CDCA7C,0.11072652975484365
CC_FD3C4C2FB68C,0.1325536274184649
CC_FD41687DC1A0,0.15055497722607536
CC_FD44B4E31EFE,0.07835503079043524
CC_FD5721556AB7,0.076183820802363
CC_FD643C174587,0.3088977113834236
CC_FD6BFA30DD9E,0.27668048923963895
CC_FD7C9DD7F11B,0.13464121583363584
CC_FD7F2D90CF8C,0.06866532618324264
CC_FD8C4F601909,0.05937373725926853
CC_FD90B45AA24E,0.09131417977284988
CC_FD95457772AB,0.061951048663263605
CC_FD9D9B58DB1A,0.20433535896952157
CC_FDA918AEB5D6,0.6113274622920878
CC_FDD4C2065540,0.34696822447495723
CC_FDE57A2C5156,0.22547730317747214
CC_FDE9920975F6,0.23809897455822313
CC_FDEC856F9C6D,0.06191768304912273
CC_FDEED2AA92A3,0.43389046028817224
CC_FDF5607ECC1B,0.06140138335014825
CC_FDFED3D7E70E,0.1462153522371674
CC_FE0324F99784,0.0959778340075961
CC_FE0A18D6570D,0.047566510986064854
CC_FE0DACAC84BC,0.2433242257373358
CC_FE16586C9FAB,0.25064434944481107
CC_FE16FBC86237,0.1809383347037811
CC_FE1C808C4515,0.07286404082504565
CC_FE1E64201B9F,0.10549946134182742
CC_FE33D60E29EB,0.03904064654914842
CC_FE3ACE674BEA,0.13965354722419793
CC_FE468E9AA9D9,0.036319162544414196
CC_FE5AA923C220,0.1587879391850787
CC_FE6C777DDC19,0.06189212672043146
CC_FE6DD8C8EC90,0.24794759570039762
CC_FE7A84AAA8F7,0.11645922675653286
CC_FE7DB6B410A4,0.11615819826459597
CC_FE8691B1F3D9,0.08855375868299682
CC_FE874279A94B,0.09520555186287681
CC_FEA61499305D,0.19090882014498708
CC_FEC22B334AC5,0.14410244874941852
CC_FF045F9508F2,0.2017934185286025
CC_FF0EFF711598,0.25760450362495113
CC_FF12F53D5676,0.0439164043915157
CC_FF13D426EC1C,0.17131857307997383
CC_FF16A7C8600F,0.1971588213415516
CC_FF2236DC115C,0.4199632426573569
CC_FF2725428B6F,0.08360666351609466
CC_FF3176D91690,0.1262665358879325
CC_FF393D295D66,0.048865979897947553
CC_FF4598202C5F,0.6305563384213514
CC_FF463A4B3D04,0.27140712643632525
CC_FF4703F7664E,0.06008911797892193
CC_FF86EC3C0851,0.47607283583266746
CC_FF8A580DD831,0.16620216096757373
CC_FF8BD8697ADE,0.13569902702376868
CC_FFA681A2054A,0.04920435517598315
CC_FFB6B2D2BB2A,0.35742195755077955
CC_FFBFA27643F8,0.1476433319173379
CC_FFC81CC80F9D,0.1421747955840267
CC_FFCC9C0763D4,0.10878788286858239
CC_FFD4E33DC920,0.533103862372123
CC_FFDE11143038,0.07447066840372955
CC_FFEF28047C4F,0.3762593347105586
