client_id,default_probability
CC_0012A082B7B7,0.12538751367774933
CC_0012BC27DFB6,0.12947439428541554
CC_001563B2143D,0.11456362818215719
CC_001B46930B6F,0.09546560024935079
CC_001D771E1C9F,0.0454377685822672
CC_0028BD91E759,0.08456146918877558
CC_0029971D7EF4,0.20295867063976325
CC_002B8C00B239,0.0465685515871295
CC_0035DFA86185,0.7466487607516927
CC_0042D11A6D0F,0.05473662372567545
CC_004D21A4ABB6,0.12497124028395777
CC_004EE05FC2EF,0.49212914982012773
CC_0050E546EDCE,0.6803842648364049
CC_005D7F31F785,0.0696063762298984
CC_0079996ED779,0.18663498001365145
CC_0082B4E1D9CE,0.0527555453515332
CC_00B01C73CEB8,0.178816500379943
CC_00B74FFEEA53,0.196239814256246
CC_00BF6791C18C,0.10764338668483465
CC_00C5E30B288C,0.3194543331120729
CC_00C68CE1CC12,0.3961135646069981
CC_00CC4148959F,0.17760044245459167
CC_00D428772D30,0.3391522165406942
CC_00D5806C7783,0.09709952990589346
CC_00D5C677C2AE,0.5158378033902258
CC_00DA781C4D66,0.07411163322763742
CC_00E7E2D6B548,0.19825231289267442
CC_012BC0A68DC1,0.07595498086293473
CC_014911033882,0.160722733795666
CC_014F7EF4E595,0.6560043315407018
CC_016501B25F2B,0.05194617360413333
CC_016767D9B049,0.047383523255923245
CC_017598512EA2,0.13986321103665322
CC_01941532C804,0.19305211148400833
CC_01A66C6E22FF,0.7766743252215913
CC_01A684355200,0.18079225562513127
CC_01AC62740827,0.11219737170592146
CC_01B0EFE5DB79,0.2110122885881288
CC_01B876B2988F,0.20646515977396968
CC_01CBB64C1DB1,0.3815709179238713
CC_01DBD993A1FC,0.06667597590601963
CC_01DC49D55C2D,0.05007299348980161
CC_01EF18A3ADBC,0.5202982393564812
CC_020252D37557,0.16960486258869156
CC_020BCDBCA8CA,0.3548001905093122
CC_021A6DD97ED4,0.1528777051005101
CC_022054506F33,0.07197751187854023
CC_0225D6231EAA,0.0638241957340081
CC_024B524B0176,0.03619402056317825
CC_0256303A6DC0,0.24057577837587016
CC_02589E6E4714,0.060985905156095005
CC_025927626E10,0.7278015863761101
CC_0283023DB294,0.03885079853210321
CC_02903C6FC0C0,0.18641553182157466
CC_0296E572CF21,0.05186347110514341
CC_02999E509460,0.5878789353397139
CC_029E835D91BB,0.07076127636898648
CC_02A32EC3526B,0.13229426898599728
CC_02A393632CD3,0.2738185434188449
CC_02A3E21B28BC,0.7134361586513002
CC_02A4B4644529,0.09197052497026506
CC_02B43865B30E,0.06301114817474143
CC_02B5A1A178A2,0.174546084952765
CC_02BC4785773C,0.2479735506594609
CC_02BEDD9627DD,0.6846940250129684
CC_02CD2C1EFBB0,0.11478933837292228
CC_02D4430492D3,0.34413595439523414
CC_02F79A06858B,0.11337960084224462
CC_02FA254C9D43,0.04789756446133553
CC_03062402B4EE,0.062156979831508405
CC_03072CF2EC63,0.3673055885376707
CC_0315369B079D,0.08490693079485699
CC_03199242A810,0.17838925523719562
CC_03214BA76DB4,0.20974361167148642
CC_032735A44CC6,0.06272911298431824
CC_0330340F2FE5,0.17015565078060937
CC_033236FAAFDB,0.1648885486157085
CC_0337298F948C,0.05089231986668218
CC_0341CAE5E2E8,0.18966603622790876
CC_03434E2371CD,0.3295276192683937
CC_03547AAB948A,0.23775228044231822
CC_0354D0453D8E,0.09912429430405909
CC_03592E51F427,0.7846529034438022
CC_0365DEB525A3,0.08460695567054037
CC_036782052BC9,0.36464305735715247
CC_036977A50F1A,0.13762812653086326
CC_03720D08B8C2,0.24837085011051033
CC_038AE599BCA8,0.3181098026164515
CC_039E67CDFE1E,0.298417218902289
CC_03AC962FC717,0.16405680118025429
CC_03B00DFA3A85,0.78499483669763
CC_03BC6380E968,0.5059753382682529
CC_03BC730E0B02,0.02774979701714026
CC_03BD4F22DA3D,0.13475897079403262
CC_03C7E1EF6F69,0.7997656491841613
CC_03C9FA383477,0.08347178979765789
CC_03D1AAE90CA6,0.06095060421459483
CC_03DBB9598F39,0.13948188713539436
CC_03F18B43797C,0.11006498131145535
CC_03F80118E46D,0.05943796755903211
CC_0405E0151A6D,0.18590578233454913
CC_041FEE6C805E,0.36305216919195354
CC_042F88EE269B,0.17111988991534705
CC_043D98ED7F98,0.1583429293203802
CC_044C3537B769,0.1609194599875688
CC_045932C46685,0.15850017930146157
CC_04629624AA8D,0.19258520783697722
CC_04690B4A6AF1,0.24177090683241353
CC_046CF40369FB,0.12119590486141715
CC_046D6EC816AB,0.4022993280725645
CC_0475CD95EDC9,0.11874291134676933
CC_04796F06B82B,0.12835872943209248
CC_04AC7C1CE736,0.3334583542157992
CC_04AEDD051B96,0.3136741981843499
CC_04B42AD0E01A,0.35855267719825995
CC_04BBD1DB360C,0.3030663035513763
CC_04C767FFDA0F,0.4498496375431732
CC_04C7B819B9B9,0.10138240613909555
CC_04D127A775DE,0.0932301157681287
CC_04D9ED00053F,0.06755663406559811
CC_04E0EFC4F548,0.2746778596792415
CC_04E6848903E8,0.03927764579324317
CC_04F69D03ECE1,0.2698909021087097
CC_04FA1CFA1DEB,0.2358383320369038
CC_04FA6842AC62,0.03944582003663253
CC_0502F3791166,0.3246986676850796
CC_050B514E15FD,0.15003800944250278
CC_051ADBD6D835,0.12599259720830436
CC_051B4644216C,0.0702519557322815
CC_051C0A644DD3,0.029008414960786624
CC_051CBF566856,0.04186573900952214
CC_051EEA9AE819,0.16454190442568234
CC_0520E27BE904,0.15994039418143305
CC_05224448D290,0.12772563892527272
CC_0525DE4744C0,0.05477821855492789
CC_052F5CD81EFE,0.19277926708165627
CC_05368FAD2E6D,0.06535526139884897
CC_053788B82006,0.09737985445404568
CC_05471A48C6F5,0.18662249068868275
CC_056DBA1A87BA,0.0702445729395225
CC_05901F3E7A0D,0.18289497342046168
CC_05906BC8ED3F,0.15867206238856585
CC_059D55E32C78,0.08953595491894158
CC_05A12EF84A86,0.5111470606901222
CC_05A42D035609,0.18105681816732666
CC_05AD75A5CE38,0.057103785037966676
CC_05BBD4B92613,0.5655887090985433
CC_05C8EF6500D7,0.7888885236596004
CC_05DDB7B07497,0.07449887659030352
CC_05ECAE6E0774,0.22850032227071013
CC_05F11F14DF9E,0.32670632344003747
CC_05FA9192590F,0.1346373169973325
CC_05FD764FB154,0.7578910069598043
CC_0608DBB4DF03,0.268607468101681
CC_06198383F6D4,0.12670893526410743
CC_06199EBE2B05,0.18977652920499635
CC_062A8881A331,0.06257611956572484
CC_062F74350907,0.0470247481822426
CC_0635AD30F004,0.7727628116578819
CC_0639F539946C,0.31971797006363617
CC_063DDB42CF5C,0.06653773668209106
CC_06405C00E240,0.2313536053539661
CC_064920FC9DAC,0.07741367047827527
CC_0650AB329174,0.7663869356254085
CC_066941B109B9,0.16126081379316953
CC_066AA16F5874,0.30414982227329374
CC_06732311FB8B,0.1553176512274422
CC_06780061F889,0.10861868273866856
CC_068A81B06B74,0.4366893070998195
CC_06A1C5FE269B,0.3107834131283475
CC_06AA7138DAF8,0.04034175149621466
CC_06C0DD0D066E,0.7572600081508544
CC_06C97CFBD476,0.12739234054759788
CC_06D15F523C05,0.19215373182273943
CC_06D35787AD65,0.04678369365733166
CC_06DA375201A2,0.08835344404123177
CC_06DB455FF19B,0.6916980722140335
CC_06F3674E7313,0.4559411484825323
CC_070232DF9996,0.14296200014687221
CC_07141FA77DBF,0.11643471875436574
CC_0715F11CC8CA,0.22181545857002002
CC_07168A9C843C,0.18325750927022127
CC_072AB9F855DD,0.04590275143182794
CC_07337AF6AC2A,0.1305508899516839
CC_07434E4E5C28,0.06659872459367337
CC_074381358A2C,0.04279694702210828
CC_074E7CA75E8A,0.26924766554913704
CC_075D0C618BAB,0.19408337968534872
CC_075D804F7851,0.09320418295651788
CC_0765961D818F,0.3984566968397524
CC_07698F10563E,0.05554825082812275
CC_0773B9BA9E18,0.29477115217495375
CC_0784ABDA7F8C,0.18639712248817392
CC_0790C9F9EC9C,0.08620083287948002
CC_07A996E6CA6C,0.232258852481816
CC_07B588ED677A,0.1572066479984651
CC_07B730FD7F82,0.16231678386169007
CC_07BE6961D039,0.08017311033433797
CC_07D23A6BAF5C,0.13273945990130387
CC_07E08196A3DB,0.051067242992042565
CC_07E4850039B3,0.11228754052773962
CC_07FAAF8B2D23,0.058545773238342105
CC_07FB3FD9BE0B,0.11176965050889603
CC_080CB94A724F,0.331453074336036
CC_0837C56711FE,0.0963856815388485
CC_084100A049EE,0.05057401093144888
CC_084113D0951B,0.2679807796846983
CC_0843DDCDD601,0.6575810970703299
CC_0846C14EAAFE,0.06044409007618868
CC_085091ADED2C,0.18452281863193462
CC_087943B4A5D2,0.16155419772303412
CC_08A97B98C405,0.16297278413907798
CC_08AA321BC4AD,0.18337007949022904
CC_08AA44ECBDD5,0.058802785448704584
CC_08AE2EE9D798,0.19652024702017162
CC_08B149462891,0.192050584990579
CC_08C71A8D2D58,0.05094756359635639
CC_08D645F7B257,0.05912684142782977
CC_08D80BF0B273,0.050532209648744955
CC_08F52B1BE431,0.21849019442237064
CC_0903571AC7E7,0.1513804050304086
CC_090D528C09D0,0.44570354805822177
CC_09106BA6CFC9,0.09124154649305331
CC_0915905A5D48,0.12390386914349824
CC_0918F67CDF01,0.1792488892775809
CC_0925D0B6276C,0.15191120638439617
CC_092A2830E36A,0.7979493766643295
CC_0951489C8F79,0.04182710486454467
CC_0951FA4D5513,0.1129455807152233
CC_095C712064EA,0.09221393793394121
CC_0969AA7BEC71,0.0756577999744562
CC_0974840BED49,0.7701828474998257
CC_097BD371F652,0.08466637518771758
CC_097C8139DBD1,0.0609289492970337
CC_0981CA4DBCE0,0.032168808183024956
CC_09A5D2F129A4,0.27660187390739566
CC_09A9BE38080D,0.08449203570025467
CC_09CDC42E000B,0.20767337554162343
CC_09D8DBAB2A42,0.12771651623187907
CC_09EBB1960580,0.05664214980049762
CC_09EBF206FEE6,0.20165280992417378
CC_09F2AE996181,0.08564582150081074
CC_09F45833F53F,0.14946854669700083
CC_09F4F5C5B4EA,0.7646350250339087
CC_0A04BF4005F8,0.20187595487014143
CC_0A0E563D1060,0.08407607583984827
CC_0A0F781A999D,0.23975006658609332
CC_0A1138C37BC0,0.1718907423127743
CC_0A334A16524B,0.0695675465567688
CC_0A359CD5D73A,0.06936075480490943
CC_0A3E2C273DB5,0.0688780190091982
CC_0A4705B1E08B,0.05195945047190097
CC_0A67EB7C5282,0.12777505258688018
CC_0A6CD64871E5,0.37424659956106654
CC_0A75643FDC7B,0.06286771706119225
CC_0A8066F501AC,0.04617307177147964
CC_0A83017D027D,0.18588889784478566
CC_0A9AB7441D5B,0.3183419501284907
CC_0AAA72FA148E,0.32197957381486936
CC_0AAC488C8AE4,0.465472911825864
CC_0AC2DB82398C,0.3312651866754639
CC_0ACA2C49A497,0.12822102130062443
CC_0AD4BBEA75ED,0.0437957704859767
CC_0ADCD6553B8C,0.06237215282396304
CC_0ADE56B56C41,0.04447019208593175
CC_0AF4B5B4162F,0.7189937015353204
CC_0AF9BD814AC7,0.10664733712220309
CC_0B083BE0FEA3,0.10012079157708889
CC_0B1384331163,0.051194144202959584
CC_0B216C6AF0F2,0.031895361955221954
CC_0B3465DB0684,0.5669326487683348
CC_0B442B91679E,0.11251166955863763
CC_0B455175F494,0.10260896270238114
CC_0B4C01B4002C,0.1674604539019459
CC_0B544A526D6C,0.0636621218050009
CC_0B5B19AFCD18,0.05446921127691201
CC_0B5BD2D224BF,0.07809686776300655
CC_0B6407C2C9BD,0.16861615078808093
CC_0B73F59991EE,0.0825382188241215
CC_0B7579216681,0.08136486315530624
CC_0B7F3B4B32C1,0.24812532850223942
CC_0B830A67900A,0.10879754329656662
CC_0B84250F96B8,0.2468894244100129
CC_0B92212B8E27,0.3141262506487444
CC_0BB43BC4B3BC,0.11751087472154834
CC_0BB992973640,0.05914981639312893
CC_0BBC41297846,0.09544979358530124
CC_0BDDB468A1E0,0.29464336474247155
CC_0C00A631C2B4,0.0667505749686329
CC_0C011AF6C857,0.35578122682248725
CC_0C0459AB67DE,0.13466064316286888
CC_0C18B07E451D,0.10995016093796402
CC_0C19EB845CA2,0.22542618859987856
CC_0C1A736F37CC,0.07506495048290772
CC_0C335C9D86F7,0.7774027355320616
CC_0C4C24D066E9,0.17550105910729522
CC_0C5499989AF4,0.20274323219646523
CC_0C95548CC1BD,0.1497951759745316
CC_0CA2DE660B41,0.24792184598572264
CC_0CA6D8CFCF2B,0.21827087115424312
CC_0CA9DF9C5C15,0.08145854060341838
CC_0CA9F52C92A8,0.19499618851677056
CC_0CAFB6C41CE7,0.11227542238301992
CC_0CB27D5313F1,0.5691580303987168
CC_0CC9DDDB8B44,0.05264187528367565
CC_0CCA18595BA5,0.22055073471551978
CC_0CD90568D3E6,0.2287415065248605
CC_0CE0D56B0584,0.08065905760436456
CC_0CEA028BF961,0.28326047620830563
CC_0CF67D68AF16,0.353253553303942
CC_0CFAA0FB0691,0.067441566982288
CC_0CFFD2785D2D,0.09660072070159176
CC_0D28AF91CE97,0.15026921519412328
CC_0D34E55A580B,0.10597560300184618
CC_0D3663B6524E,0.7248554279279263
CC_0D3C2864ACD2,0.32913222057540553
CC_0D5F4BE8132C,0.16473454635672566
CC_0D6D5ACB0889,0.23495083792336305
CC_0D7BFE8CC0D5,0.1416259353105815
CC_0D8852AAB481,0.19492233388417926
CC_0D97EF394C79,0.4285274971033097
CC_0DA8FDDE6DD0,0.06922873721059045
CC_0DABB89E37CE,0.09995362649073632
CC_0DAF0F2FAA86,0.10328048239299038
CC_0DB9E5F8EDAD,0.08089924143539796
CC_0DBC64F88C05,0.1558741308689913
CC_0DBDF018E822,0.10184695087391143
CC_0DC31A5A1096,0.04782902603573497
CC_0DC3870F23D0,0.04213083744467954
CC_0DD39F5D7C0D,0.08584601376855987
CC_0DDC2C18BBDE,0.054103809075083754
CC_0DE09CAA93E5,0.14400713282165667
CC_0DEA4477FDC1,0.1103736669491705
CC_0DED63EF6639,0.18734646696635746
CC_0DED7DBF26F6,0.27891616931813007
CC_0DF01CD21B9D,0.18230195151047282
CC_0DF6A478C01B,0.22543100999588353
CC_0DFE1A3FA5AE,0.14525284145261613
CC_0E07D5FB24B2,0.1277386447263059
CC_0E0CD9F23A5F,0.7472044510320301
CC_0E121FCB1D47,0.07180462211517362
CC_0E1423A4C263,0.18470516421289793
CC_0E16883EE8E6,0.45048569878720224
CC_0E1A2BA1C545,0.20348255107064023
CC_0E2B52BBA69B,0.06899731883053734
CC_0E40BAFC3530,0.1790004700677064
CC_0E48EE235179,0.07164878421798952
CC_0E4FA0FB9797,0.6184109186151523
CC_0E5162F59924,0.7532062019567755
CC_0E5E2FCAC8C2,0.27562679301230564
CC_0E68C2BE2A75,0.12130933724062548
CC_0E6C5A8D8CE4,0.10427275322867768
CC_0E6E9B0E674E,0.09188535741733246
CC_0E746EAD6CE9,0.0756747468420269
CC_0E968E7C22C1,0.3875211677441905
CC_0EA1483F50A9,0.1562547576754349
CC_0EA81362C7D1,0.17686198254010385
CC_0EAE97520873,0.3250163009094559
CC_0EBCF4228FF2,0.4737492915230556
CC_0EBDEFD0BDC2,0.0621979633568241
CC_0EC6AEDA63EC,0.3115117077288142
CC_0ED61DD76795,0.0929017241743512
CC_0EE33B1B71D5,0.14027194340525284
CC_0EE7EFF13EBA,0.054887772477272674
CC_0F0F136B0991,0.13074446962295042
CC_0F0FAF218BCB,0.05486424711641808
CC_0F125B48F175,0.09968749767711724
CC_0F292A238627,0.10736551600727394
CC_0F2949A1746E,0.08290078216133215
CC_0F2B71163121,0.08919215013001466
CC_0F393F1DE2EB,0.0743435706932924
CC_0F41B187053C,0.43127558974981584
CC_0F52EDC9D383,0.10380713720040267
CC_0F62C4F36236,0.09057000776893963
CC_0F6A29CE5D45,0.19662108872449985
CC_0F7C0515A6CF,0.16250756651319828
CC_0F8D6C89202F,0.1805942795462026
CC_0F933684CC08,0.16950694551029938
CC_0F9BA54F2AF6,0.05177126151053962
CC_0FA06CE7FAE8,0.04512503976789624
CC_0FD25AA655DA,0.14469878378997725
CC_0FF5570E06EC,0.7035303878414304
CC_10197FE0E34B,0.6767176131217644
CC_10355B5718CD,0.10567595683638242
CC_103A9D18EC12,0.16237846309541712
CC_1040DB6A21EA,0.11714746488655009
CC_104D2B84FC4F,0.04528647962058066
CC_104EA2802A11,0.0918791261403595
CC_105777B1BF91,0.06783017275952063
CC_1059F1B6C0C3,0.13394962730491028
CC_1061947FDD14,0.06231583132669658
CC_10689257E68C,0.3744947075091761
CC_106BFCFA7D7B,0.04533702487578496
CC_108FA04AC10D,0.1124916733785615
CC_1092915D0093,0.11798663952723
CC_10A30F88E157,0.17588843432002643
CC_10A657027AC9,0.7368978418799789
CC_10A6EAF27BF3,0.05155511835717257
CC_10B148BED568,0.37145736168975
CC_10BB7101F191,0.05275177857954155
CC_10BC5BC3A9AD,0.3504788913038392
CC_10F27C70AB99,0.12059351032685152
CC_10FADDF63CDC,0.17515470018746657
CC_1107D9301AA0,0.07647701633962153
CC_111A6DE5D9C7,0.7347712778473724
CC_111DC3B1756E,0.2758751874931352
CC_1131156CC6F6,0.1373871738916291
CC_113B66D5D5D9,0.13299632567883418
CC_1143254EFF36,0.05090096515801568
CC_1145E5277FA7,0.34173598938878286
CC_11521077BBB0,0.1397288859410602
CC_1154861ABCCB,0.5378923311675233
CC_115BCAEAE2A0,0.08507237740117682
CC_115BF13E8BFC,0.21881227157726088
CC_115EBE5044BD,0.35481465709891313
CC_1165AA07FC47,0.7382624341925292
CC_116EE8219753,0.05307438396185991
CC_1176FA3233B3,0.05491898790915157
CC_117C2A1587ED,0.08186311468507107
CC_118C0A1D14B2,0.2289362316707176
CC_118ECB589F3C,0.10348733436236131
CC_1190F13FB1FC,0.12638838778451447
CC_1192EEC65A1E,0.22511594298418697
CC_119B1FEC4D83,0.2382638306086386
CC_119C413C2580,0.1455660406262189
CC_11AB74142A2E,0.793828915108917
CC_11C8A291FD11,0.17376553709636022
CC_11D1E9C39E41,0.07761923769243588
CC_11D600EE1BD6,0.1905592011272346
CC_11D7539AC69D,0.1919026403931081
CC_11D78BB50016,0.1389830729869329
CC_11E0C583685C,0.10261081553080925
CC_11E0D2F15AA1,0.045659686551674704
CC_11EDFE67C719,0.6729261042581349
CC_11EE85F284B8,0.2248059729837846
CC_11F700202C6D,0.16626360956074804
CC_11FB668DF543,0.1122275852870558
CC_1209FA26609D,0.039545486765154146
CC_120CA1B916D0,0.11135623252746567
CC_1210186F4D33,0.08862295221808325
CC_121F621374FC,0.20522513668279405
CC_122532C1FBCB,0.12852292417824723
CC_122B19CBC88C,0.6600824173704924
CC_123C7F0111C7,0.624315711484156
CC_1241EE42F174,0.14225598944053697
CC_125B7100F1DD,0.12007833808358453
CC_1263B255B3B5,0.19527484430607367
CC_12878596E940,0.07891749507485742
CC_1298ED71A9E0,0.07229299898950822
CC_12B555C6F086,0.14145781710172092
CC_12D22C629874,0.17779354838582098
CC_12DD89EA0C14,0.16818821014100196
CC_12E24CDE2684,0.1780207654894044
CC_12F3B7309455,0.6078260360056206
CC_12F8E7A4BBE5,0.3588233271071665
CC_12FDEAE4873F,0.22075293854880046
CC_130F7B067939,0.40151037348973856
CC_13209EDC85EE,0.6758877167556554
CC_1332B6F0E543,0.21994833235316041
CC_1334E256AEBC,0.6244749825367673
CC_1337726B2AE6,0.09509489291572229
CC_1338237BF402,0.17501557480206884
CC_1341DF38D9C1,0.1853916023716254
CC_1342F868176B,0.6709558268284636
CC_134651CCD2F8,0.17392312762625242
CC_1363E3090578,0.062286290031821664
CC_13736493B695,0.05200107935892504
CC_1392DE633D4C,0.28505531592904176
CC_139ED2E0AD76,0.08282550996324879
CC_13A5383EA098,0.5996370799320694
CC_13AA272C6861,0.08626548105772615
CC_13B74E4EE3EF,0.20592393116003196
CC_13C437E86B81,0.5097749708330619
CC_13D61B077E7C,0.07279737594148926
CC_13D7115A8FCC,0.18548680950539106
CC_13DFE319B21E,0.79470003906717
CC_13E0F0B3FAE6,0.22439250023790752
CC_13FD88C2920A,0.6878641449338283
CC_1401CB818627,0.23029372513643998
CC_140B86E74F74,0.8135814960394661
CC_1452A0B69085,0.04629481523335855
CC_1458CA7329A7,0.2694836220618566
CC_1459E7125AFB,0.09532495917590934
CC_14633EC7F622,0.41439525602584604
CC_147B1B30DE7F,0.11642706841344778
CC_1484511F54C5,0.3512775496682017
CC_1489A941A69B,0.3046098283485224
CC_14A8B16706E9,0.07932157852574309
CC_14BE52BADB77,0.09680429162719704
CC_14D53413FBCE,0.32661917532031093
CC_14D59B58E51E,0.1542907308807932
CC_14D964327B1D,0.061897439952315676
CC_14F5D06CF093,0.13673766546477426
CC_1501D63D5A80,0.3405538639340765
CC_150E3A0E5084,0.21832654133973942
CC_15152312AC56,0.053829283130658136
CC_1522BA0411C3,0.06794129067722789
CC_1534B0241A1B,0.0521448834830419
CC_153BE2BEB74C,0.1527146067217204
CC_154BBCD4DCEA,0.2491805906674395
CC_1552EC27FC0C,0.6941581004745296
CC_1566BFF4BCDC,0.32918728822347987
CC_1579BD86A63D,0.3237712484689231
CC_1583CFD90530,0.2535797076499226
CC_1584385F38C8,0.06954318868631536
CC_159656F13BE8,0.11274838186555801
CC_159B6F6AAF1E,0.10336474357286404
CC_15A4934FD96E,0.11434841143380681
CC_15B2140CE869,0.07869681259782194
CC_15C0972DE384,0.6329059339337139
CC_15C0E30FF2DC,0.1258109546172357
CC_15D617FAB434,0.07189728750187067
CC_15DA0F4FFF0E,0.3190915875306814
CC_15DAE76D15DF,0.047290093779184326
CC_15DC7C139EBC,0.36990062500197923
CC_15EB741857ED,0.087566224096408
CC_15EC51F4C521,0.2880079077531472
CC_15F6259C7C53,0.06646761256107714
CC_15F7C012E10D,0.41129501224338405
CC_15F7C1BEC28F,0.17359774657902932
CC_15FF58854AEA,0.2836163364552608
CC_16035CDDC2F6,0.1535410659288542
CC_16095572722B,0.05794229385190808
CC_16109F1CE0A6,0.29183665504389267
CC_16150E74E4DA,0.172439755444062
CC_1629E47AFBA5,0.07643612634680087
CC_162F4582D06D,0.6786201595279225
CC_163194DFEDDA,0.048474609909374355
CC_1640F01B7730,0.09286714580558046
CC_16460554039F,0.04312728784443913
CC_164D308CDE41,0.21065263950472374
CC_1661041F819B,0.7876130756102561
CC_166829780A76,0.10780036718601907
CC_16798666E855,0.10931704440241051
CC_1684B5493414,0.18498820304775548
CC_168A8907C8F4,0.06669514970775339
CC_1690EC56D088,0.072379301362059
CC_169853EEAB4A,0.10140235951469141
CC_169B7FD839BA,0.1492023682499141
CC_16AED1A3008A,0.1195173091812703
CC_16BAC7837C73,0.17203376627638578
CC_16D57E1EEA01,0.12329255750100653
CC_16D833E56D7A,0.1876918185581728
CC_1702487A047B,0.18122179377020073
CC_17029F78E70E,0.06508607530126888
CC_1702F3E986AE,0.0618777670474832
CC_1707181BB559,0.04731910833632344
CC_17117BF03935,0.24504844565051231
CC_1723E40C3D40,0.2281686184770998
CC_174FBBE9ADD9,0.16146660871144308
CC_176E6E58FD1E,0.09827761201654969
CC_1783F37259BE,0.08290577998504423
CC_178B135605CA,0.09199938431274042
CC_179AA5165026,0.3420114746711685
CC_179DBA1C4CDB,0.3452773055118412
CC_17A1090B69C9,0.10521232723098202
CC_17AA1A4C904D,0.20132287723289866
CC_17B06C06FDC1,0.15335794541877784
CC_17B89AC1FD03,0.2442187641878743
CC_17DC33AA73F3,0.06936306552806036
CC_17DE4D267831,0.09700264100399324
CC_17E929BE0344,0.35186809435031985
CC_17EB83DECE5E,0.405225671043804
CC_17EC9982E5A6,0.15828112993059862
CC_17ED5555B4FD,0.2160594011746092
CC_17F4292DAF8D,0.11100303699427813
CC_1807B0980C86,0.08044388231151678
CC_181354A58B53,0.0961377992015222
CC_181E7266E018,0.08364878880455828
CC_182AAE7CC3CA,0.47775558958359987
CC_183EDEDC5DA7,0.09058100494037297
CC_184C47552665,0.225571370054935
CC_185A7392A475,0.2818719434980246
CC_185FEFD3233A,0.4033254252427117
CC_18676FE5FC07,0.0887512109734674
CC_18776C4FDE28,0.08647881662570993
CC_187A8AECEFBC,0.18463207759349887
CC_187E7D0B4E82,0.7237807453185328
CC_18839D393105,0.1406912961204044
CC_1888476F6CF3,0.10099424217470378
CC_188B1ED2AAA5,0.3284485182418372
CC_18A4257C3172,0.310963148637595
CC_18A7929D9FC9,0.26612985332264083
CC_18A8695F185E,0.1077469126593496
CC_18ACE64E8F74,0.18770496575631285
CC_18BF4A29BB38,0.12757257554060558
CC_18DE36F7D294,0.15612598402553957
CC_190EB07AC1FC,0.13416024157231402
CC_19219F2C60B7,0.1693626734972304
CC_192262DB0B0F,0.0822763240300255
CC_1929746E06CD,0.6297346229854895
CC_193356E72D61,0.6878303435501024
CC_193938E8EA40,0.17320455130832893
CC_193C60092202,0.4966054293050383
CC_193F669537D1,0.1494925977620878
CC_194E13150BE5,0.07040722570623616
CC_19556DDCCDB3,0.03833725173236122
CC_195A6E9B48A2,0.16151964836647567
CC_196DEC616B33,0.09683297626786955
CC_1978B23D64A8,0.11010481572848758
CC_198562A4BD86,0.13391228714755654
CC_19864C9572BC,0.1817915895174892
CC_19868B6887C9,0.11738388393455143
CC_19969E05AB2B,0.14107605998355222
CC_199FC89885C7,0.11440619681268104
CC_19A40411B404,0.23257458252579247
CC_19A6D9B60B29,0.6392437705215499
CC_19AAB010550E,0.06781552295976678
CC_19B4743DFEEC,0.07064562275821873
CC_19B95A61D757,0.1795718765796282
CC_19E6A00F6A5B,0.07349246644915694
CC_19E8DEC29F47,0.610182239795168
CC_19EA54976042,0.17164106848302604
CC_19FBBEA75B7F,0.1419047155675576
CC_1A039E58840A,0.058459497707721235
CC_1A075331756B,0.10420734501380935
CC_1A1E1302C432,0.17285142089824834
CC_1A37690EAEDB,0.1755957392074632
CC_1A3BF9F5BD42,0.15791366940070956
CC_1A4268FEB02E,0.18244633360434684
CC_1A5F8618A912,0.34840701357335996
CC_1A659D4D521E,0.41404878781762455
CC_1A879655902A,0.07181340082698574
CC_1A9F6DA46BC2,0.1145348508300473
CC_1AAB15E81743,0.039819685638769746
CC_1AAC389EF8A2,0.2677688750510016
CC_1AAD0CE365D9,0.12640922239669317
CC_1AAD9152C90B,0.04908433326846756
CC_1AB15BDA9296,0.08166119430454184
CC_1AB8BDA3041B,0.14713476062044578
CC_1ABB9CB074E2,0.717357737075135
CC_1AC1B1A3978D,0.05942584836205201
CC_1AD20D1F9C08,0.7144975161058759
CC_1AD881A90D1A,0.3432872483590609
CC_1AE9811724DD,0.6940039970164559
CC_1AF1AAAB9D12,0.7652630432725572
CC_1AFCC4D0ABD4,0.18493591924497163
CC_1B08ADAFD1C4,0.15092806833343847
CC_1B10139C7917,0.12278345541917901
CC_1B127133B948,0.10790484435901401
CC_1B25964EA376,0.15317776817905965
CC_1B27A85C7244,0.17969603520937533
CC_1B29F4378A34,0.11836367552425406
CC_1B2EC0BD0677,0.33805656579899457
CC_1B4AAF37FB97,0.07526524346753566
CC_1B5E792F6E6C,0.28953693217376797
CC_1B7166DAA790,0.15592544280761553
CC_1B89FD901C95,0.10403584340521094
CC_1B91E3A70338,0.08171127677686704
CC_1B9D9B7184F7,0.14661026197897228
CC_1BA3FDD92B1B,0.05907936902422577
CC_1BA9B3D67170,0.14241755425254585
CC_1BAF97E2BCF2,0.08825492840586775
CC_1BB7D8A54021,0.10392012089251715
CC_1BD548A5FEF3,0.12518204885221332
CC_1BDF1893ECEB,0.23497156008629283
CC_1BF117A8AF9A,0.07311788862385181
CC_1BFA7E407428,0.693688999866573
CC_1C0066F472E4,0.6923735889592666
CC_1C09CC2385AF,0.05476080802592545
CC_1C11467AB472,0.6521406443091715
CC_1C1627B7EE6E,0.046957573057371485
CC_1C3259B85E28,0.17735503043316794
CC_1C334ED885FA,0.05783944062477633
CC_1C376760FE39,0.07938089025503547
CC_1C39A1ADF3F2,0.167253789093632
CC_1C450FC77478,0.11896357699104125
CC_1C48409023DF,0.4181084828408338
CC_1C4D03324C60,0.34708735362235626
CC_1C5F1E1028DB,0.04866896258953206
CC_1C6681C0AA7A,0.7729009576537991
CC_1C84CFE19CDC,0.21083672257658065
CC_1C8B3F689C6D,0.23934633283922457
CC_1C95674B902D,0.045191180956999026
CC_1C9A4C11F28F,0.1445012415557025
CC_1CA3F50BABEA,0.09256481732598755
CC_1CBF42D35AED,0.6243285585000797
CC_1CC11BEADBD5,0.11403631890446322
CC_1CC3CE396A8A,0.22804426712080791
CC_1CD2B13C2E6B,0.09159952559367023
CC_1CE0B37CA670,0.0768674082396669
CC_1CF5A99FC068,0.1356455918651028
CC_1CF71AEB6671,0.07497498362450489
CC_1CFE066F5EE4,0.16202874510610507
CC_1D00B360809D,0.06480467357498691
CC_1D1173F82F2F,0.1009620061809828
CC_1D1E06E0B393,0.16406273509134525
CC_1D2789866B1B,0.07550500402496371
CC_1D2DD7DF781A,0.24758313546305724
CC_1D313498A2DF,0.19373278823777867
CC_1D68396533F9,0.3089812248009389
CC_1D7235BA1EAF,0.16350258793367148
CC_1D7ABAF9D080,0.047233715789221704
CC_1D7FA51D0D7D,0.46754458638430385
CC_1D8CFB3589AE,0.05882559705228966
CC_1D9421A6EB19,0.3232829322523638
CC_1DA0AC68719F,0.34626813158707137
CC_1DA366D588B6,0.10905652022430211
CC_1DACBFE0296C,0.10179690513568965
CC_1DBD6A716910,0.6255065731108383
CC_1DCB75B5CBDE,0.33488123444451684
CC_1DCDADBC0E90,0.4659206888029897
CC_1DD11FAF43E8,0.12885832470207054
CC_1DD8064E71C7,0.14773187974417815
CC_1DEC926EE25C,0.11247964951175722
CC_1DECBAE4FC5B,0.05456619973416723
CC_1DFF80E6D4DF,0.06470237516594664
CC_1E025C3597E7,0.28241324579644767
CC_1E082052CCBA,0.6533064909780221
CC_1E0E30441DD1,0.19248660989271607
CC_1E20E200611C,0.12964622456900451
CC_1E354C75EB9B,0.04349758790566151
CC_1E3B2C15EBCD,0.1649528915109619
CC_1E4DF11FAF55,0.14260806360105988
CC_1E4FE60DFD8D,0.717245352628679
CC_1E5A648D299F,0.1749537895387113
CC_1E6C0A8B3841,0.6702050591414255
CC_1E7FA6E807A3,0.21897486468529934
CC_1E93F760EC93,0.2346912469396495
CC_1E99F40FA03E,0.0706660458299991
CC_1EAD09DBC23F,0.22767987432233708
CC_1EB3D53252DB,0.24695502034987327
CC_1EC889E04D69,0.0953221784102019
CC_1ECCBF6853F6,0.4932440619193055
CC_1EEC4520436C,0.1735642381089551
CC_1F2827DC99C0,0.15535093184944193
CC_1F2C184C5227,0.09215973507079199
CC_1F3FA8091B02,0.11162161494032666
CC_1F4E07BFDC8C,0.05706324463487781
CC_1F4E0E9B54BF,0.0744359981320351
CC_1F55738A6A27,0.3152271905234844
CC_1F65276D0EF8,0.12087455047967606
CC_1F65C797BD40,0.04950811060390377
CC_1F668C0AE868,0.08545141053576497
CC_1F6B19A04BD8,0.053553368602843654
CC_1F945A60367E,0.4644318435200056
CC_1FAB6F11DFCA,0.6296125716921538
CC_1FACCCE95224,0.27439836681296503
CC_1FD010E5EA82,0.06555097399363269
CC_1FD2B7BCCD20,0.6850343664176377
CC_1FDAEC3D5CBB,0.10452174636471318
CC_1FDC65FE3DBE,0.12629422833070433
CC_1FE696D8A81B,0.06764402598176422
CC_20027685F59C,0.7601369543648633
CC_2009F3D77774,0.12672713642097533
CC_200C552C40F3,0.13490818190051718
CC_201459527065,0.1306508116101217
CC_20275029A688,0.08480523775576307
CC_2028DA597C34,0.20252457888804135
CC_204E557E5046,0.3866592841077657
CC_20542CFCFB39,0.04878775003869526
CC_2060F813C9B2,0.25905428103327255
CC_20813A9A7F71,0.1259839703462371
CC_208429A11E2F,0.16061378324908793
CC_208B0FE7CBAD,0.10603924948342675
CC_209A511030A7,0.0403350353626631
CC_209DD60421B5,0.07544065443359187
CC_20B26D646D62,0.18122608406201918
CC_20C47966B174,0.23427201489353916
CC_20CFE9681E4D,0.07222057485726581
CC_20D4DB0F3E3D,0.0502813496271244
CC_20DD84CE3CA0,0.10853387924896393
CC_20E57CA675DA,0.5824870071361831
CC_20F129FFBE00,0.23997296568524765
CC_20F4E0F62D2C,0.08274843944097768
CC_20FEE0B2130D,0.585854230859265
CC_2111B298C212,0.09172337263122791
CC_211315AD7633,0.21471907720630812
CC_211504721E27,0.14331143916019257
CC_2119919BCB4F,0.7577463112212094
CC_21375C9ED931,0.23151035483256058
CC_213D2A5355FB,0.19894048130488
CC_214B50E48E94,0.14048055174319973
CC_215F86D986BA,0.1069263930677274
CC_21600308F496,0.04275594691857065
CC_2166F3F6344B,0.13485770545240783
CC_2168BBB42053,0.12522988568978177
CC_217030CE0127,0.048446428115162865
CC_2179067B405D,0.04961292703669431
CC_219B59B67193,0.16306770823315045
CC_21A9E8DB58FE,0.17463511998287978
CC_21AE679C5E95,0.23861375573568616
CC_21B98D13174C,0.09924424840417417
CC_21C81BC15002,0.11206952641023658
CC_21C9B26CFEA3,0.09513136057784831
CC_21D22081A4CA,0.7700997101632251
CC_21D29CD736D3,0.32034479784153413
CC_21D3CEAF838E,0.15822222959915766
CC_21EF792A3811,0.6119743588747935
CC_21F04E996723,0.4558054372524874
CC_21FB6C8AB8BF,0.44454180456980374
CC_22067686F6C4,0.7081800715909927
CC_2207A39B7BB8,0.12456456909549371
CC_221053121AAB,0.17608966773904908
CC_222423774191,0.06707880344573157
CC_2230EFBC99AE,0.4398868465061491
CC_223BDED2A465,0.2556119670226737
CC_223E3CA7A07F,0.15929802214357924
CC_2250B42E48B2,0.12058519051009595
CC_225935E43583,0.12516297605668844
CC_22781E93CF84,0.16205529980453331
CC_22784AF3CB6B,0.48245771509607754
CC_22831690395E,0.1946858812732015
CC_228E6CBCC935,0.5998641568425664
CC_229338EBBA6C,0.08853706310624544
CC_229A63057E54,0.4750500254116245
CC_22A2D8A4B437,0.08719724828826347
CC_22ADE1EE9BC7,0.11630724472199369
CC_22B69E7C415A,0.047292095407482075
CC_22C590B43FEF,0.30536037900039825
CC_22F06379D8FD,0.03897224332473319
CC_22F282264A1D,0.12044675818718723
CC_22FBF5F0E1C0,0.23653970975806202
CC_2302088175A3,0.2512180340485909
CC_230672EAA654,0.035147592906711524
CC_230870B121F6,0.13969424924475157
CC_230A051B2B3E,0.055566218352543176
CC_2316F57AFB7A,0.08071017725968149
CC_231D091FCD1D,0.06586152471840624
CC_231FDED1781F,0.24336852057719854
CC_2320053D1183,0.08512415338460855
CC_2320AF507566,0.19287171683920404
CC_23321FF41C3D,0.25026216810210117
CC_233470D6BE72,0.6101067819694463
CC_233C8EBC95FC,0.3656670761247623
CC_235F99F13500,0.15654694344286507
CC_235FC02CA52F,0.1871650238342085
CC_236C80CAF53D,0.20901403554190456
CC_236E7222D97C,0.07509195912595132
CC_237B86FDC93C,0.06402384720771058
CC_237E7EB2D7D8,0.1137378015992027
CC_23830081EE1A,0.6130532613462374
CC_23894AAA08DB,0.5071977069971096
CC_238CBFD6E20C,0.4181017129710699
CC_2392A4A79C9E,0.04299036006055859
CC_23A474D43C73,0.19684856863963032
CC_23A9CC59BA0D,0.0318900450288696
CC_23B158D8306A,0.1323577987843456
CC_23D147F1870B,0.1860373473267024
CC_23D2E73DCFCF,0.1278320922090964
CC_23D9103D1EAB,0.03792059178237173
CC_23E142182F2F,0.6742542824996802
CC_23E43713A108,0.04582399319439577
CC_23EF2911610E,0.5023921757438986
CC_24056B76BD7D,0.05267972441037639
CC_2416ECE66177,0.13440334803922788
CC_241E65816FC2,0.07574669250483872
CC_241F7E97FBDD,0.06225575504051421
CC_24217201D7A1,0.32197714044969455
CC_242301FCCE50,0.05110768707661434
CC_242C69CF0B12,0.10296789000006501
CC_243B23702DC1,0.18858343494630989
CC_2456B9C796E4,0.1218186732223731
CC_2457D89CB88B,0.647284119415121
CC_24667210E2AF,0.2303761326957927
CC_2468D206CAEA,0.05869318232322313
CC_2469630A4F86,0.33606459425839913
CC_2469D83D9594,0.04186989956261262
CC_248C65EF54A5,0.6663751143081507
CC_24BCCA7941E8,0.09088801102105856
CC_24BDC1CE2A3A,0.19792383072474298
CC_24BFCCDF957C,0.04580447957739995
CC_24CC8A1B1CB7,0.13301231062791868
CC_24D4B1852554,0.21858307050620468
CC_24E65FA5A32E,0.153619333797536
CC_24EF3EDB6857,0.05868515805129147
CC_24F15A19D648,0.18273690746870636
CC_24F2410B5A19,0.15477182542811374
CC_24F27E7DE1C6,0.4690158860674739
CC_24FFFD0C983B,0.040845799860714196
CC_2504E9D5D5E4,0.16420399914791528
CC_250F6A0DB62D,0.06978671204570495
CC_2520E13DF0A2,0.7373915368560195
CC_2539C315029D,0.2728243454875183
CC_25519ED78507,0.1999669946781972
CC_255D49296DB6,0.12126835905165669
CC_255DC60FF5BD,0.05070543456110833
CC_2563C9EF9D55,0.07427392988626376
CC_25756EB9651F,0.12893803763016767
CC_257CC46D379B,0.4397555784204554
CC_258D5F80A933,0.6947313232484559
CC_259D87270257,0.2119628307194319
CC_25A41AB21C94,0.2482144072743205
CC_25ABCDCC8B71,0.12076556436226786
CC_25AF0D0569B5,0.06962513548544425
CC_25B61D393144,0.16087037723865408
CC_25B95D7288CB,0.39410712232787526
CC_25CE2F2F13BE,0.21743786871464635
CC_25D1A5971976,0.39621211263862394
CC_25D411B46F00,0.7441352900433679
CC_25E7A2DC5E41,0.06517860769516019
CC_25F4C8E51AC2,0.5214993275766552
CC_260323EFB122,0.5912831028145453
CC_260F10484312,0.054992486564845545
CC_2610D0F1D0A7,0.1720065416954692
CC_2615866F35A2,0.11801184727736239
CC_261DA4E8DBEB,0.11561396952845607
CC_2628F00B0745,0.37319764572298225
CC_26338E9AD15F,0.1415367253069596
CC_26346B99BDBE,0.6576416727741253
CC_26351DBC1AF6,0.13462477492478103
CC_2637397AA3F3,0.601667595167963
CC_26675C32611C,0.7145001105175899
CC_266E49E49071,0.19562689284183826
CC_2696368A4DC6,0.03866893195802833
CC_2698641B68A5,0.12034294774179939
CC_269C5AE6A1A3,0.6632482952984656
CC_26A06AD1206C,0.764135813038365
CC_26A358B0C10F,0.18694924206958832
CC_26B07CB02EA3,0.5917172927634456
CC_26B638BEA8CE,0.12416696496087211
CC_26C33B649FC9,0.07526336356539438
CC_26D5B969A36F,0.3662420628050155
CC_26E3A1226C2D,0.14612702135892772
CC_26EEA3F0224A,0.2449104495253763
CC_26FA5E5A718C,0.15490760912046544
CC_26FE119D4919,0.07226579140295232
CC_270B462BAEF3,0.039022889122606666
CC_270D929FEA9F,0.06462785781515591
CC_2731AD82BA11,0.14109796421011525
CC_274144AE3E86,0.13318992800119325
CC_274AE6E82879,0.1561576741149993
CC_2757A490C5E1,0.0883486046999149
CC_2766F6011BD0,0.3802372062795021
CC_2768E644C697,0.054907211230890714
CC_2770DF70328D,0.07448552365375984
CC_277503968C44,0.5668627318863739
CC_277CE974AA8F,0.3045714395128414
CC_277D246E39B9,0.20150948707405514
CC_27A1CC725B7A,0.06918371865280777
CC_27A798829CA8,0.7293305267231812
CC_27C938FC8DC6,0.4443348110374381
CC_27CA2D819E7A,0.05603819134513075
CC_27E3712F0E38,0.13628960315940425
CC_27F3B3F43FF9,0.04425359323885579
CC_27F9832EAB8A,0.46910765175674873
CC_2809CC131F3A,0.668213357003555
CC_2812523510C0,0.14991907489208575
CC_28151C75756D,0.04900392371852218
CC_28203CC976F9,0.10164510877301602
CC_282AFAE06F96,0.07908430381999342
CC_282C2404F4C0,0.06984677248632919
CC_2834BA2F19FC,0.18838473351188206
CC_28432E22F47D,0.5912011890806761
CC_2844882CC439,0.050643495255238064
CC_284F79726032,0.3748254455535558
CC_28544783AB15,0.4681809290743016
CC_2856104729EA,0.7121615650178338
CC_28625CD86761,0.18327975876181457
CC_2866BDB46FB1,0.10137717903662168
CC_2872415C6B36,0.07735460608827886
CC_28752737647D,0.6088171646700689
CC_2875C281EE88,0.05279561434216479
CC_287E3E9EDAC9,0.07918706603741818
CC_288A2C49D62A,0.05499332724527898
CC_288FA8CD819C,0.16321507935634508
CC_2891894CCED4,0.08059675480653805
CC_2895608A9699,0.13359776404462795
CC_28A2EF7926AE,0.6372970199428921
CC_28A7DBD2B710,0.18803408131271124
CC_28AD81DF2C51,0.12268752264775312
CC_28AEC29CEC25,0.12343638458530762
CC_28C1C3DF7928,0.09638846312541904
CC_28CA76962EC8,0.18666501811251804
CC_28CD47803B6A,0.07021741666575877
CC_28DF569DBBE5,0.07944474323949592
CC_28DFE611C657,0.08534744000569071
CC_28E11E6A6C8D,0.18105959492276216
CC_28F58ADC7CBC,0.11504901113596881
CC_2916479EBC84,0.13771242011210164
CC_2917C6CB0B2C,0.13358606323033362
CC_291C7830D4B5,0.3748342039410504
CC_291FE1744E5F,0.07889078558914621
CC_293124F1ACD1,0.13439150664539348
CC_293C2D704AA9,0.31460747493106234
CC_29432A6B2555,0.12140461403619238
CC_2944B427406C,0.18057579712431712
CC_29468B7035D6,0.11027882585841033
CC_294A9A24E473,0.07386703491464897
CC_294B94EB0E07,0.2372319335445394
CC_2967C29E4C3A,0.13114229729709861
CC_29716D5835F4,0.20145663229202176
CC_297179FF2BCC,0.43187454661855956
CC_29803690C939,0.22016912536563546
CC_29821539DC4D,0.14642683298754036
CC_2983C1D2A273,0.15267396907079234
CC_298CAC5A1868,0.6167072028611694
CC_299EBE0FB429,0.1486275574608388
CC_29A1C0073882,0.426052667082562
CC_29B6065F187B,0.3920597584902481
CC_29BC66C10F87,0.6410204559318735
CC_29BF3C3D9682,0.1862640175533537
CC_29C4425FB2DA,0.18234940237001748
CC_29C5D0D72D61,0.1409953718157398
CC_29D65E313500,0.1143843043495417
CC_29FD856F47A5,0.7324718335532612
CC_2A097F88615A,0.08851117666762935
CC_2A0CB4CE1A48,0.20210859531088746
CC_2A14C1652D6D,0.21018573020083842
CC_2A1F96F80938,0.15542364921470436
CC_2A23F71805A2,0.14236997379644975
CC_2A2BF2FD0498,0.15207576908719905
CC_2A358A1D3DDF,0.6476847135962739
CC_2A3E371F0DAD,0.22251070547540366
CC_2A423FC8A330,0.3183062446458368
CC_2A43368D54F9,0.4526456709034244
CC_2A47A21C0E07,0.6649841079853364
CC_2A4CB02E7A1E,0.14050966437502793
CC_2A510080BA29,0.16228354933636405
CC_2A5316E550F0,0.09107823920075257
CC_2A59695EF90A,0.578018472961081
CC_2A606D00CC46,0.07191750175209173
CC_2A6C69145AE0,0.08164163116778429
CC_2A6CD71471A6,0.11057531489557375
CC_2A70D6EF64E1,0.07679880583674793
CC_2A844754AE67,0.642204411190166
CC_2A85A7B242FD,0.1675672930905977
CC_2A9A51067D7F,0.15869922117855612
CC_2AAAD4020436,0.21488245159076763
CC_2AB62BCF3704,0.0811625541942498
CC_2AC1C8DE5649,0.12319684396690717
CC_2AD10D78793D,0.7320760103389151
CC_2AD26446A7AE,0.04152355443819828
CC_2AD2D35975D1,0.07663669659990113
CC_2ADA07B0211F,0.3122406508806078
CC_2AED2D284351,0.32098399995004867
CC_2B01FDE2552D,0.24084481091392973
CC_2B06DDFD7F8A,0.07708496016198159
CC_2B08FBC0A948,0.17359376146603447
CC_2B1914218468,0.7615458960018536
CC_2B1D93E12DC9,0.22391029461094444
CC_2B248C488918,0.08396631246683958
CC_2B256891C60A,0.5980148496019089
CC_2B2801591A25,0.358692663893358
CC_2B2B7CF1E40F,0.10484327754917505
CC_2B2F4204834B,0.20252337777879506
CC_2B5443C7AB87,0.07221693149712184
CC_2B5D780AC244,0.6449853644466199
CC_2B64E67CFF13,0.059345719515578974
CC_2B6B872C8D21,0.07319180792092075
CC_2B85D931F011,0.10122854254817192
CC_2B959EF030DD,0.1703447097584721
CC_2B973D1AC16E,0.1375330787523263
CC_2B98983C2687,0.05449228088509069
CC_2BA581E7B8D2,0.09890505085907159
CC_2BB2C432C369,0.09962456591045496
CC_2BBE19587CD5,0.08417353924699371
CC_2BCB838A9581,0.14714335159519248
CC_2BD0E9336EB4,0.08291656935325156
CC_2BD1633FD528,0.09192306972317223
CC_2BD58FC8C2B9,0.04368498266095134
CC_2BD6083CAB0B,0.794959731560227
CC_2BDD47B177E5,0.8001984770853232
CC_2BDE889EB05C,0.2918938837069148
CC_2BF8DB192A49,0.6330736490485169
CC_2BFDF46F3AC2,0.15092978695467194
CC_2C00CF2FAE22,0.126204552298621
CC_2C06DDBA1073,0.3546310572504064
CC_2C16C7838FAB,0.8029361203433512
CC_2C263A1A732C,0.1905517043005283
CC_2C34105831A6,0.17380467187736998
CC_2C43FFA06F31,0.08973597856427021
CC_2C4DEE4CA1CF,0.06172223147345164
CC_2C56DB55E40E,0.08935500685787794
CC_2C59F565C183,0.14103717384583303
CC_2C7F54E56925,0.16495031843678992
CC_2C8CFCC646BE,0.042650048690337346
CC_2C91AB1DB754,0.062177497316353005
CC_2C93356976AE,0.40017030637001794
CC_2C9DADC294C8,0.0617238604234423
CC_2CA94231028A,0.24614650697565546
CC_2CC8CB17283A,0.1705733677035094
CC_2CCD42AA2376,0.11376091118207124
CC_2CCFE560A79E,0.0726333203840452
CC_2CED227E5216,0.1046208030657002
CC_2CF326E90715,0.04791944501689504
CC_2CFEA03CC6A0,0.6612540111475423
CC_2D1D032137DA,0.11807990394374698
CC_2D258781011B,0.18456979127202888
CC_2D30260A1CEC,0.2000938406834571
CC_2D35C002A9F1,0.12722016707962797
CC_2D45DEA4EB25,0.14159275151752695
CC_2D5494C13FFA,0.07252488691588282
CC_2D5EA2953E81,0.18439683703004256
CC_2D6E7894EA16,0.6425981015174663
CC_2D7DA36360AD,0.2115677511120762
CC_2D7DFEACA38C,0.2974606438885175
CC_2D836654A121,0.15417971517373444
CC_2D9CDFC6C57E,0.7348386813156923
CC_2DAC67585B03,0.18775697159410715
CC_2DAE338809DE,0.26660856253947157
CC_2DB062A18C75,0.5214321503994253
CC_2DB2C55CF89E,0.7808266888164842
CC_2DBCBF870292,0.04317585403982792
CC_2DCBC03B4FA3,0.7299369519395592
CC_2DD78131B5A1,0.10656250456280131
CC_2DD7BCA75AB9,0.11570376484011681
CC_2DEB49017220,0.09963365680216617
CC_2DF6C71ED372,0.14816469351582476
CC_2DFBFA1A4FE8,0.1673926876506444
CC_2E12A41F7733,0.07126987753641692
CC_2E1A348EB1E6,0.09626530971035317
CC_2E23CB0F6F7B,0.3699858470631084
CC_2E3634587158,0.051984654951630745
CC_2E3F4B14D8DF,0.3543543068078937
CC_2E3FDDBF4F48,0.18645280158564692
CC_2E61C46BC16A,0.1798279785066186
CC_2E62AEB14351,0.2905159291513488
CC_2E6F1C0ADEB8,0.152159340572537
CC_2E7415FAB62E,0.08189648824435598
CC_2E77F7444FDF,0.044153097860034754
CC_2E78431BE3DB,0.0733379810424427
CC_2E7D44FB8075,0.1579188714325685
CC_2E7D8539BDA6,0.3563549608969644
CC_2E7F248874AA,0.728597719612981
CC_2E85BB8F3BB5,0.09297531152269044
CC_2E8897E4D9BB,0.29441556525447565
CC_2E8CCDE89E2D,0.24683939561091967
CC_2E927D910813,0.1376259155668922
CC_2E9891F5A2D5,0.11067755120225514
CC_2EA56A7EAC04,0.2963666635193719
CC_2EB45D13B248,0.11194808648513693
CC_2EC924B0EAAE,0.10467361872792891
CC_2ECC248C96B7,0.049913796430451324
CC_2ECF0C98B06D,0.4047611844179223
CC_2ED3F6481454,0.1421308253957089
CC_2EDDF0B40ED8,0.14030375459356986
CC_2EE2A139642B,0.14212348572723707
CC_2EEE072DA301,0.20941229124268818
CC_2EFEBB85DAEB,0.14163984930843165
CC_2F133BEFAA69,0.11152350510101608
CC_2F1AAE3B81F2,0.07758236994484762
CC_2F1BC47CC90E,0.05225972164635719
CC_2F2128FBBDDC,0.1671735936396538
CC_2F3D3342834E,0.06265987647963907
CC_2F42D39F710B,0.6248317310541865
CC_2F4AFE398419,0.7046901074697287
CC_2F4C24B38EE6,0.06455724872918721
CC_2F508C0838A6,0.0853280599515447
CC_2F50EC193942,0.21480863051212293
CC_2F5BD03D4900,0.07252581194117319
CC_2F73AF6728BC,0.05751008179371595
CC_2F7EBEAB9CF2,0.18127237900989598
CC_2F9AD2BC25F5,0.05800248435086082
CC_2FA3172ED3FE,0.7061386444694933
CC_2FBEF8808F48,0.17083200755664732
CC_2FC014F0EA3C,0.07724890065918094
CC_2FC3AD2EC986,0.2348263399950612
CC_2FCC82AC097C,0.22242809200644395
CC_2FE2ED7D464E,0.25280317384153095
CC_2FFCC9802D2A,0.18666343796650517
CC_2FFE32627DF8,0.19734746322589247
CC_300BEA90EF3F,0.14912785036540824
CC_3017B64D0364,0.20086841839002395
CC_3017E5E87C94,0.13215490587033724
CC_3028375CC87E,0.7770716941400817
CC_302A48CFCEDA,0.07879001023452703
CC_3031F96196BD,0.44906787096651496
CC_30328ADA0AE8,0.08868278265808406
CC_30451015D913,0.03617950178650386
CC_305D33AC15A9,0.7436904327125404
CC_306015CFB66A,0.1481438023679915
CC_306413849CEA,0.3800882470534661
CC_306EF0BC7CB3,0.0374372262319583
CC_3075C5B861A8,0.12161556223409348
CC_3083D9B76858,0.0575500446626811
CC_3096994A495B,0.20677635810598105
CC_30B106BC1657,0.195046726683231
CC_30B967417C42,0.18294945652870803
CC_30CABAFF5453,0.10304761358868579
CC_30D68208FB23,0.3536587294534667
CC_30E2A90BACAD,0.17801545144064837
CC_30FFD856443D,0.5741011365679721
CC_311EF26786A8,0.08438095755106399
CC_3129843EADE6,0.7471395260404797
CC_312C34EF683B,0.05236933586034556
CC_31302B64C078,0.11772393304200014
CC_31344A25B569,0.038952300887028515
CC_31397A399AD5,0.08078413127144582
CC_3145B5EAD7AE,0.2125923366001136
CC_3146EE0BF81A,0.12054725792106462
CC_314D02632843,0.23561071571099246
CC_315133406E42,0.2845721310445399
CC_3180D1C6FB7E,0.1834235393884921
CC_31827EE8A968,0.29008340701863133
CC_319BE06CC27F,0.041727985249997934
CC_31A0A97AFFCC,0.43560214901418487
CC_31B22116E36C,0.16183952338648216
CC_31C78D9B6494,0.36990903324519697
CC_31D3FA367B41,0.109587394904129
CC_31DAAB3E6DA7,0.15214311423162466
CC_31E36F666FB7,0.07413811463110509
CC_31E72EA14FE4,0.13659121912216587
CC_31FC6DC9482C,0.2190283757388709
CC_32076DA6AE23,0.15602025927727614
CC_3209FA12D938,0.31339942762256656
CC_320E17F947CD,0.4131436069333218
CC_3223C706DD92,0.23103988822183916
CC_322EFB2E377D,0.09396638728177194
CC_3248EB928073,0.0912210527039973
CC_325D5DC52B1F,0.09730900003998683
CC_32662A6DB78D,0.1625077913548941
CC_328DD3BA068A,0.2530866747032896
CC_328DF7798F91,0.18972720159025533
CC_3295CFEB188B,0.0852229676904945
CC_329DC79286ED,0.6287846612344928
CC_32CB77D55C73,0.12293398645156506
CC_32D129B9E651,0.09832646207820214
CC_32DB12551D37,0.6561857433141266
CC_32F00D77D5CD,0.10323330529343516
CC_32FF5F6892D9,0.19891163944017065
CC_3301EF60877F,0.15220211278923584
CC_330F334BD816,0.11258436843738147
CC_331285B3494C,0.21822138403934985
CC_331364283D5C,0.15344638231172456
CC_331718E0F54F,0.15689537687007474
CC_33194D48FF66,0.0981906191261793
CC_331E8B8BCAB8,0.07890408660054833
CC_33254134ABA9,0.7848542614041665
CC_332E42439579,0.08536475682004818
CC_333102AB964C,0.14517679383933066
CC_3338AC0E8112,0.256303202845242
CC_33656EEDE6F2,0.45203316671734184
CC_336777D934E0,0.484519362647392
CC_336DBFE464D1,0.5178915325560141
CC_3382BB2F3152,0.15120497857253556
CC_3387207793E4,0.048156857086298306
CC_33992C973839,0.19087570382430408
CC_339C36703675,0.10319579557343474
CC_339CA5814519,0.10802440668130413
CC_33B157F2A921,0.09461086933657449
CC_33BBD10F239D,0.0651417053507173
CC_33D3B12EE56E,0.08830522092763823
CC_33DB68EA27CB,0.09823307679517027
CC_33F0B95E70CE,0.23523216114428638
CC_33F40275D630,0.05231839331955844
CC_33FD5DE22692,0.07803992155340993
CC_340961106343,0.12381095951578637
CC_340BB1F4CEF0,0.13601992923184775
CC_3410B11F1FA3,0.2169765546311718
CC_3424972707B6,0.630209230148964
CC_34452758A645,0.03668517862078308
CC_344D239879D6,0.1352133393187686
CC_34503B6891CE,0.20380093400048108
CC_3451722A3813,0.09152542271236402
CC_34517B513D8E,0.49875297054832707
CC_346ECB4CF2F8,0.11267390712521921
CC_3478E8B6B56A,0.06345448069754236
CC_347AFDE16722,0.09155769922605445
CC_347B1A01467F,0.04977502731797557
CC_348AA62FF484,0.3263520098692533
CC_348D3F098A4D,0.07917696783139877
CC_349290E4D0C9,0.16087222017998673
CC_349347D553D1,0.2626156912081743
CC_3495CE27BB05,0.21500730994361777
CC_34B10A654721,0.15161658802323946
CC_34BD2C5130C8,0.13782155096016505
CC_34C433439160,0.052301850108212165
CC_34CA271F73E3,0.3107048348114104
CC_34CEBEA3B15A,0.06596102042278316
CC_34E58CF793A0,0.16132800629393781
CC_34E6909B6027,0.5747744802585998
CC_34F4292A8B5C,0.21749501144229091
CC_34F6DD223594,0.047909085637090454
CC_3508A7A5E9EB,0.16584285338132948
CC_35094977DD75,0.12864752961799847
CC_350DE157CE6D,0.18342559599700353
CC_351BD5C2EE8B,0.032815371898958424
CC_35486249EDEF,0.2066764429721713
CC_354C9ABE6DDE,0.07105861473812089
CC_35578162927A,0.13565251474206258
CC_357C3E7518D3,0.7501171896005066
CC_3584C15BF11F,0.05129593972950166
CC_3588C5166872,0.08060178941548825
CC_35A68306B19E,0.25529581411137675
CC_35BFB3093D02,0.05320884687973004
CC_35C085ED37BD,0.5043380808475937
CC_35C695C13279,0.08129830726354888
CC_35D1668A4C13,0.23776746435089244
CC_35D27495E0CB,0.7913696393485771
CC_35D562E1DBE1,0.6435777831950301
CC_35DCDC74A757,0.4963454333194858
CC_35EC2AB1D1EE,0.137343294369713
CC_35EEB90317B9,0.5956425603872143
CC_361A9EAF7706,0.24165134543081174
CC_361B968FEB98,0.30667271947993946
CC_361C9FA031A7,0.788158902410108
CC_3620C5D1B3E2,0.05737545175752854
CC_3622D7221940,0.06277618422536238
CC_363175E92F74,0.32238092052481276
CC_3638C9146BFC,0.13588233823925955
CC_3643A4C7EC5C,0.05462994232047576
CC_36690A9AE112,0.7344355486061254
CC_36719170F638,0.10344324111649779
CC_3673466BA7A7,0.0899751258156371
CC_36847054DF52,0.37732204284852944
CC_3691CE792752,0.7563144697708823
CC_36A27FE53743,0.5125197470413679
CC_36A3FB06D1D8,0.7866043143932819
CC_36B0F2AD5413,0.06241935222445386
CC_36B1B7BF5F75,0.155930650699693
CC_36B68E66951E,0.3802046519015743
CC_36D3F09AD810,0.4813649649248727
CC_36DBD8424220,0.5968112273655535
CC_36E5645D8018,0.06584861496888193
CC_36E6592E4E23,0.14830764303272895
CC_36F143AEC864,0.11648169705230535
CC_36F2A735DF73,0.1518629104939086
CC_36F81C003E8F,0.04937215456046273
CC_36FCD55EE425,0.48991440100606704
CC_3701D5DB7FA1,0.09071801120767115
CC_3706E1EB2587,0.5245159301555217
CC_370E0F8EF86F,0.5545416029961636
CC_371D47444D5B,0.707152033012071
CC_372CFE308EA4,0.6284167502776608
CC_3731D90357A6,0.3052393433148019
CC_37322F66C543,0.04387200230069547
CC_373539DE38C5,0.1333727359132162
CC_375225700242,0.3681757321371311
CC_3762D0B6F3C2,0.11618534554722257
CC_377A277E831A,0.15590054676551215
CC_377B6066B91B,0.24046840175477496
CC_378D71726B5E,0.07114983340389582
CC_37A46BD0DCBF,0.04750137977360196
CC_37B447368F02,0.7404213547752673
CC_37BFDFE369A3,0.2301177081816173
CC_37D09FE492BD,0.07740637636215425
CC_37D3F4C07235,0.24403203610270396
CC_37DDACE48E3C,0.13323452465192065
CC_37DEF85C0A37,0.3389111259923587
CC_38020CED9EEF,0.08501525432770782
CC_382207621EC5,0.7897388034935532
CC_38374AB27F95,0.10019229768600403
CC_383A5544DD5C,0.13168559283128858
CC_383C129A5B96,0.2484800326183423
CC_3847AAA649C7,0.10900072865775748
CC_3849D992C1E3,0.08031122077122232
CC_384BB17F0F0B,0.5886249699867623
CC_3851177E5E76,0.07129733488812512
CC_3862F88850B8,0.27499696417399005
CC_3867CFCFCC94,0.22719882612230427
CC_3872ED018F85,0.17821657277715217
CC_3881A587C072,0.12540477724338214
CC_3882F8EB5EEB,0.5943696785027676
CC_38911341EA6C,0.08531788709172432
CC_389E5B71E254,0.5589162902204116
CC_38A0DBCD3728,0.10183058309745902
CC_38B3E9142747,0.11581364776897939
CC_38C1B8860300,0.055391665312356515
CC_38C8CF250B60,0.03278439110116072
CC_38D32B790B4A,0.1269215371369257
CC_38EB304A9915,0.18000061315138616
CC_38F26461C872,0.7256461915784254
CC_38F942257E28,0.5410463526455521
CC_38FA5D78A8A7,0.04909141455057637
CC_3903D7BCCA95,0.07400129733501488
CC_39043D7ED04D,0.21357924510454893
CC_39098B256732,0.0613473843480693
CC_3909A2E4C679,0.14212432864991598
CC_392344DF8D55,0.3230514935867597
CC_392628C8AD47,0.07706415359390306
CC_39285F4C42BF,0.3768107626575538
CC_392A376EA1A2,0.08940755582323727
CC_3932E086F150,0.15069038486297673
CC_393D1D3640D0,0.06412965053581628
CC_3943B3490B49,0.686850489098343
CC_394DE164DBCD,0.12658101315833759
CC_395600E84A54,0.12596937636467118
CC_395D181A7E1F,0.09245034421533124
CC_395E8CACC437,0.12845051686074768
CC_39635AC6A70E,0.055769608307505165
CC_3969352E3ABC,0.0969673657885244
CC_3985C0DF9CB5,0.5367855006849012
CC_3989F2C6A9F8,0.2046105774179379
CC_39A82672A1B2,0.07522403148224505
CC_39AA15DAE17D,0.655540767043251
CC_39AA2A3D98CC,0.03872305023387424
CC_39AC257B00C5,0.10150033258098146
CC_39ACC63CDAEE,0.10889046495046723
CC_39CE40784C2C,0.22463207352105308
CC_39E1A306D418,0.13991354249819332
CC_39F2B11C46D7,0.1007273034759449
CC_3A10F5F50A27,0.04785882941261573
CC_3A27CF9D162A,0.5487045749049118
CC_3A297424A7F7,0.11933332085156441
CC_3A39F7930BF3,0.08545288223195355
CC_3A57566F9977,0.552250460562713
CC_3A61121254E6,0.056011982831556055
CC_3A81C568A7F8,0.16008582923665474
CC_3A82E7050A4D,0.04948421314639709
CC_3A860AADE6CE,0.16132140385591792
CC_3A8B3FC29C9E,0.11580333001681209
CC_3A8E9056A5A2,0.09028462403819332
CC_3A9617A5777D,0.4247959216872088
CC_3A99D25777CD,0.1371033388200097
CC_3AA9E8D01340,0.5558566219840831
CC_3AAEFC09C290,0.744701729154016
CC_3AB5E579843E,0.2488046284935268
CC_3AB77A30AD40,0.19727540579376898
CC_3AB7BA36A414,0.29822417709328286
CC_3ABA830A5BB2,0.11260153700551381
CC_3ADDDA550A57,0.1095708851091955
CC_3AE7B1151DC9,0.13672534657060795
CC_3AE9A209EE00,0.05283683794397129
CC_3B06FCD75C98,0.055123675892843935
CC_3B0722FB5E8E,0.2788323071444462
CC_3B1C51DD7429,0.17821311175703844
CC_3B1F4696D710,0.5830451339338191
CC_3B224413A072,0.23471224226245255
CC_3B35C3783CCD,0.23362608156435166
CC_3B3626F3DF9F,0.20761544645785673
CC_3B4405C7E486,0.5607836914202076
CC_3B4C4A9C9D99,0.33890356508450176
CC_3B72F0E9E3F8,0.19992802144174165
CC_3BB02A95C6C1,0.7187796028518441
CC_3BB8B675C2BC,0.4360030175634113
CC_3BC51B069218,0.12839953096543313
CC_3BCA5BD201AC,0.14787004553523858
CC_3BCAC9793441,0.28883103579071917
CC_3BCBC867AC4A,0.04259332229708037
CC_3BE51412ABE7,0.4081342713097011
CC_3BEA98B401CD,0.6507018479271984
CC_3BED6DF1ABF1,0.16156434190175825
CC_3BF0BF7CF827,0.8248496416058726
CC_3BF110035599,0.6371573990944944
CC_3BF213810DEE,0.6557891718482631
CC_3BF21CA88D3C,0.4837154331898228
CC_3C0E29764C71,0.07417186714957652
CC_3C19509D4636,0.1560944686838709
CC_3C1B038BB068,0.16542888968348204
CC_3C594CADCA2E,0.20519486730114073
CC_3C5D909498F7,0.6406504149452994
CC_3C68D5179A01,0.1015804281358975
CC_3C83955704BA,0.778870630461635
CC_3C93218F41B2,0.35554950416279335
CC_3C9CFC8FB4D1,0.738166462578822
CC_3CA266EB55BE,0.11403498115581627
CC_3CE49C937F7C,0.10654800361730055
CC_3CEEB9C04F0B,0.38068045876566087
CC_3CF504AD4DD9,0.08048869413099045
CC_3D1092DBC5C2,0.21644581598715001
CC_3D185833E7BB,0.05363707263794117
CC_3D2309981121,0.33202041457837633
CC_3D27A0086AA6,0.18088491869553283
CC_3D3BE7D0F4D8,0.10908788359774581
CC_3D412B5EA919,0.10054735611731011
CC_3D47650C6F30,0.0803587963003186
CC_3D55D1FD8457,0.0510281118927918
CC_3D599501BA76,0.07234297791375148
CC_3D6181EE3C87,0.6474272794766562
CC_3D65CC165F44,0.14807815716103925
CC_3D6CF6DB8014,0.38785140893566233
CC_3D7C14801D40,0.17657700003243043
CC_3D836BDBF866,0.6104417502770549
CC_3D8DF3A3DB71,0.7561115117499775
CC_3D9309851089,0.18530425960815217
CC_3D9ECB4274C3,0.11947086033475986
CC_3DC8A9A92802,0.33292885798116784
CC_3DDD3813D1D4,0.09299861996331188
CC_3DF3FFB3CFC7,0.13772581414080873
CC_3DF88701601B,0.1471826660644012
CC_3DF91A482CFD,0.32203876340758913
CC_3DFD6349D046,0.6013954583705667
CC_3E0D54125AE0,0.19125638905457593
CC_3E10CFE1DD57,0.05407906847238956
CC_3E13CB98572B,0.13015944716547098
CC_3E142C8ACA6F,0.09000652580018075
CC_3E1BAC4E5B90,0.05696333786875233
CC_3E2DD0D1E2D8,0.1400177632780665
CC_3E403BF08A45,0.10444717506601982
CC_3E46368104AE,0.10152704082767872
CC_3E48A086B5C7,0.27899556374761336
CC_3E54451B0F6D,0.08610909400338188
CC_3E6335ED3F4F,0.09024453353355903
CC_3E87A65C50A5,0.15829793079395335
CC_3E91109E2090,0.062191401273067444
CC_3E92A1EDA618,0.2280712899703415
CC_3E94684FE270,0.5179312150134372
CC_3E9DB402F352,0.17296329076402608
CC_3EB5A15A6C04,0.7935789271663723
CC_3EB8A9A6C49D,0.1208255222248006
CC_3EC96BC884F2,0.1178832268632681
CC_3ECA9E44B90F,0.24319900365810748
CC_3ECE4EF16A44,0.194970033236324
CC_3EDDB8E70F57,0.20881076795301934
CC_3EDF137D0E1C,0.1406801138493317
CC_3EEEE844410D,0.3612762556723004
CC_3EF4F348C967,0.12631992920298638
CC_3EF91DD11A81,0.14732185240812315
CC_3F08C55E7A40,0.20736650470148257
CC_3F171CED0CFA,0.03583287036243219
CC_3F2544EFA753,0.11377066614225777
CC_3F28F3286CCA,0.07840293047635125
CC_3F379CB37B0D,0.1807660859751869
CC_3F42D798AB1D,0.6489814484311318
CC_3F48724540D5,0.17421700448194605
CC_3F68068E2D5E,0.11902083636703989
CC_3F7FBE71B77F,0.07372149601681684
CC_3F80017B8599,0.05957532239666206
CC_3F8B17953200,0.07212340118486843
CC_3F964BADC4BC,0.7204557738188354
CC_3F9767602FCB,0.18914928902171446
CC_3FA84F0B23CE,0.06287497189593942
CC_3FB4B189143F,0.15743770659628673
CC_3FB7C976EB26,0.4542551550278729
CC_3FBCEB2F36D5,0.11874838212359673
CC_3FC4FE843245,0.11990065104756498
CC_3FD52E32FE8B,0.6494840826811147
CC_3FDB44EC6254,0.055256266887864953
CC_3FEFBD6DC62F,0.22275237909819165
CC_4005466D00ED,0.3088866539082086
CC_40095FFBC1A2,0.060999299519600494
CC_400F1887A662,0.11752336901490362
CC_40133FF3069C,0.10122907915993283
CC_401C6F0EED5A,0.11411468911959918
CC_4021AD03FA01,0.15158066187342042
CC_402E91F3A56C,0.11949074853458654
CC_403754B6988D,0.10225028733947213
CC_4052DFCB1656,0.225409212082955
CC_40579C5C13D5,0.7836313896919506
CC_406937FF97E7,0.09180291003076196
CC_406C4233347A,0.21076154718040357
CC_4073E42E11E4,0.17759516800838906
CC_4077BB12A5F4,0.09908365656548832
CC_4077DD5B5C4F,0.1376362937737355
CC_40824D899215,0.07882162630945867
CC_408D79189FBF,0.31442007911271586
CC_40A3F1D5EA0F,0.33522185364662377
CC_40A852A592FB,0.12155918035125349
CC_40AADA91D560,0.19927279449954705
CC_40B39CB2CC58,0.04121912967045962
CC_40CE2030F058,0.06123025359234596
CC_40EA2F8481E8,0.15991641651180316
CC_40EFD7778F98,0.13735445961619977
CC_40F278D49681,0.25372028330773094
CC_40FFCF631F19,0.4035245577838466
CC_4101D1B82788,0.22225234220621803
CC_4109B79A4B06,0.0384411154879872
CC_4119348F051A,0.12188280693918135
CC_41206EE45803,0.07856480320726283
CC_412DF740DA62,0.15006798201648452
CC_413AB4CA7451,0.08643274037557484
CC_414C06C60FF7,0.6892027539932816
CC_414F50748A51,0.06599373376025691
CC_415C65EA66AA,0.055530373670422475
CC_415CED95F7CA,0.1431923291382284
CC_416584250060,0.10842909930495076
CC_416B3A1F0F0B,0.08283690876778863
CC_41735021FC7A,0.2067470647812882
CC_417858CD20F4,0.11592099154897509
CC_41902EFB3974,0.04962325672681334
CC_41A27790EFBF,0.13140744869023718
CC_41A4A223F39D,0.09941720862967562
CC_41B464757ED6,0.11472167846646805
CC_41D1A87E1136,0.46482175210173177
CC_420FE297808E,0.04077957859401556
CC_4211096D5588,0.1782874726160128
CC_421F4D78128B,0.4623466306933704
CC_422F2780C85A,0.3359097417410324
CC_423B0296BE24,0.07524248176911363
CC_423E78000AA5,0.16393184284331655
CC_4246081DD359,0.10203845072969504
CC_4249EDF2FDCC,0.8058458593579252
CC_42568C67F412,0.4002980984747376
CC_426A25EA9E21,0.6971586274808198
CC_427ECDDEECE6,0.30089511450209794
CC_4289EEC8F0A2,0.17780678216131104
CC_429A7158AD07,0.11633249138179698
CC_429C51AE729D,0.04748008263483203
CC_42A0DE1E5E80,0.08731108706165054
CC_42A7D0F5388F,0.08469325243896632
CC_42B23C8C9F66,0.16256102952471016
CC_42BD3999AC3E,0.28253304226150167
CC_42C95B199130,0.4134408663410231
CC_42CD6CE97523,0.4358985462571762
CC_42DA114F12A2,0.27295968999463793
CC_42E2736AA331,0.17433006992621627
CC_42EA825C351B,0.46457377510584635
CC_42F1B2B4D258,0.5172305853921983
CC_42F4588EB38D,0.2894428066892726
CC_431F29A12E99,0.18794144335317195
CC_432EB78A198D,0.22746681225584442
CC_43383344BC72,0.174874858690093
CC_4339187DD10A,0.06771285992713731
CC_4344A2E7EA1F,0.4985451876231873
CC_4347468ABE51,0.5635504351797864
CC_434894BC2577,0.06374297123109875
CC_4362DB93FC92,0.0840031562314762
CC_436850DDC704,0.13672832371349422
CC_43698E2EEA0A,0.10294876879291197
CC_4387F73F131E,0.11204668847655419
CC_43A33C994C70,0.37106948103280346
CC_43ACD82B5514,0.3069920362097516
CC_43B37131B8FA,0.2100774318059566
CC_43BFCAF8BD20,0.1558350747731081
CC_43C060E01266,0.2123756276861351
CC_43C41AF27375,0.059641625742723345
CC_43C5AFA48B93,0.08756131840906246
CC_43C767A44C55,0.19483023756775444
CC_43DECAB53552,0.05085105049811737
CC_43E6D931158D,0.36811007875730056
CC_43E9F88019F8,0.06821091651047777
CC_43EBD6EBD675,0.07721141129517824
CC_43F81C577002,0.33390822285592825
CC_443C4E041687,0.07680261701165729
CC_443F63BF238A,0.10166230420746163
CC_4463776F9AA1,0.11737546239842872
CC_446F1EDF03C8,0.06663514613148977
CC_447BAD4F7820,0.8381871203985682
CC_447D02F917B5,0.06176523929866584
CC_447E705746E2,0.16027105140340636
CC_44A017104F93,0.6371422363520954
CC_44A1E58CDBC0,0.05782082712920351
CC_44ABCC04C418,0.08662697661364004
CC_44BF6BCCFC2E,0.05352686123918758
CC_44D0671A3B87,0.12200230225739259
CC_44DBEE3A7D81,0.16540608685168487
CC_44F7DD6A88A1,0.2404543903561163
CC_45080C42280D,0.19981279437801397
CC_4524AD74135F,0.41019441576146914
CC_45262103231F,0.21032386168888748
CC_452D8C5D039C,0.8084591604689897
CC_452DECDBC90F,0.0862062368233794
CC_453C9B3A5992,0.4667289604921381
CC_4542AACA1FE4,0.11809634109836052
CC_455209549D3B,0.7958331904690273
CC_4555C804C4D0,0.07900025111283566
CC_4581E4190B2E,0.10552850991962177
CC_458912F91D6F,0.461128177563202
CC_45913E1BE65C,0.32015321650596
CC_4594791FB40D,0.13085915533202652
CC_459B49073E2C,0.3217275097582501
CC_459EA8E0E2EF,0.128901792547201
CC_45A4A38557E9,0.14662382737020738
CC_45ACE2B1DB6F,0.07988430824000016
CC_45C1A92F0E8D,0.10709735596565127
CC_45D0673EDD20,0.12862978148163057
CC_45D70DC84DA0,0.10543635269444464
CC_45D96479EC1E,0.062297108479413846
CC_45E8597BF74E,0.07595571606771008
CC_45E97246F83A,0.2960633954309625
CC_45EC44761309,0.12334522405035968
CC_4603A6F83E2A,0.0660146420544986
CC_46045CEE8330,0.07404050500461609
CC_464E17187A4E,0.37942010927010716
CC_4659FB4B8536,0.13203152344925595
CC_465EF4F9B68F,0.19349876414438696
CC_4663FDE62E3A,0.2647807676213652
CC_466D54BE0809,0.07676476028074831
CC_466ED9BD34B5,0.08192564712000004
CC_466F7908E13D,0.18340252098067727
CC_4695A5525A11,0.15981253001487805
CC_46BBB8A4854A,0.061514675536956616
CC_46BC61EC8F2E,0.21017004067577533
CC_46C0DFA660B0,0.1267516269275743
CC_46C2DCF84CA0,0.10946004679039924
CC_46C38B9F0D8E,0.08350154044550673
CC_46CAB9AE7C87,0.5299184144169746
CC_46D0D1ADEA59,0.1610473712652765
CC_46DFC1AA0821,0.7985377217738115
CC_46ECA5976180,0.11410232131375028
CC_46F5F6D27991,0.08422807978738163
CC_46FE9F226120,0.23922945687879935
CC_47130CC63FC5,0.18444991380051823
CC_472330768F5F,0.10362492067488298
CC_47292EBB8BD1,0.1455262280127005
CC_4734AB1281DA,0.05773397211727878
CC_473989E6BA47,0.2768161821114975
CC_473AE07014DC,0.17450644266535692
CC_4741EF45C3DB,0.24033069227005113
CC_474586BE49EB,0.1446645012357931
CC_47490BF44944,0.2654905865221635
CC_477213DAED38,0.07395870193779339
CC_4778086276B7,0.12871770712885833
CC_47910B073CF3,0.1564989937037849
CC_47939776FDF6,0.7084177176519801
CC_4796F6A64420,0.06739242164807861
CC_4798549B52ED,0.2975799092096057
CC_47A3714E7D2E,0.31892213132150704
CC_47CE219EBAAD,0.18742300800012254
CC_47CF9074E03E,0.13447452201701282
CC_47E4537A53FD,0.12346815633930637
CC_47E8BC938FA1,0.14290988694373263
CC_47F134D17818,0.13955436756140238
CC_4812FBE05C7C,0.3646116738545701
CC_48152725FAB1,0.5713338818486782
CC_482256495FAD,0.6464977681505613
CC_4829FF15D21E,0.13441138156057642
CC_482D26D81935,0.6616622750742371
CC_4838990A8D02,0.06898573303058111
CC_4862EA9CD1DD,0.047225242320891675
CC_4862F8C1B0AC,0.08039695113947605
CC_486CD67D26CF,0.16004758459106622
CC_486D8F9AE549,0.29691481976477596
CC_4877D1BDB737,0.10532778091683256
CC_4885E34F0B26,0.12454844981711258
CC_48928CA8082E,0.146818547119466
CC_48A74FF0E6C5,0.08862338716362456
CC_48E0791DDD62,0.07169052890809022
CC_48F620B6A472,0.10291277953323864
CC_48FDBB1D7493,0.12876189346609823
CC_4910EC928152,0.1306676417513636
CC_491C18C17767,0.06297426306134302
CC_492F65EF8D9D,0.7966952941067577
CC_493DDD53B97E,0.05342639851000773
CC_495F82AA5B9B,0.16330970914953272
CC_49618412FF86,0.08236965222219247
CC_496A7CFA344D,0.7313495658093814
CC_4983EBABAE3F,0.08349942733740984
CC_4992C1915957,0.547892018090687
CC_4993B31028A7,0.08283820598573809
CC_49945441A644,0.19384669876695096
CC_49A80692BC68,0.12111483706808204
CC_49AB67613A58,0.1706053452146474
CC_49B05CADDD95,0.5581838615493455
CC_49C6F9AD111E,0.10402369229007886
CC_49CEB94F0B3B,0.04596655430407113
CC_49D3A79B55CD,0.08664623606320934
CC_49D6671DAE8E,0.10105581500638985
CC_49E6C539B1CF,0.051923592838911084
CC_49EEDF0DA684,0.03786112976467423
CC_49FC290E33A7,0.17601361727713094
CC_4A01CF2F67D2,0.7283723452987241
CC_4A16DC668832,0.5353178875047155
CC_4A212461781C,0.06995691297359719
CC_4A237A8E6706,0.16204956130681122
CC_4A3DFA0E27A4,0.1429421684793357
CC_4A513D39DCE3,0.07021393840787893
CC_4A532B0E6165,0.14789024958272362
CC_4A5FA9F1C804,0.10030699267701852
CC_4A7BDEC665FF,0.05855483683999832
CC_4A7FC9B23222,0.31736597278552287
CC_4A8A7080FA25,0.22642585507430218
CC_4A8EFD589879,0.06368642876272497
CC_4A8F7D2B857C,0.17983418287998285
CC_4A91E8D4289D,0.36428654342777944
CC_4A93163A12F4,0.32248719589929314
CC_4A9FEF48EA65,0.10484301890664363
CC_4AA73D751AA5,0.31987731913386414
CC_4AAED0C85F70,0.14553153252330717
CC_4AB1DEF044AA,0.04444247913514051
CC_4AB5AE299217,0.21212368854334487
CC_4ABA0CDC2270,0.18571376914326077
CC_4ACFFC2F295F,0.6232271337251946
CC_4B0490BAB1B9,0.07491307085175819
CC_4B28B03CEFEA,0.08830532661517652
CC_4B420765EB9A,0.11144290420287636
CC_4B47C16D9867,0.12200301418377459
CC_4B494C4D7D03,0.41048013923569027
CC_4B4C84B015C2,0.05421056630511085
CC_4B607295E983,0.056564700231706955
CC_4B6D24E81483,0.07766722761492025
CC_4B77AF6FAF2B,0.6627191368142138
CC_4B7EC3F2FFBA,0.05299494914751522
CC_4B85318DFA50,0.12586857315854422
CC_4B9B36B36DA5,0.7348402638182219
CC_4B9E0AD5D692,0.5028200390576095
CC_4BA041C9678C,0.10684778748268832
CC_4BB40F2129A6,0.08535555899148793
CC_4BB8FD274E2A,0.07749419040418827
CC_4BBB8118FBBB,0.13852491868029118
CC_4BC8CB91719F,0.12746820413732887
CC_4BE447D54BB8,0.14577844672983598
CC_4BE85B1BDB62,0.3316078760849783
CC_4BEF3C7F6395,0.22400153373918022
CC_4BF03FF61B97,0.4544497997139042
CC_4BF4C38EAE8D,0.27026543558475336
CC_4BF95B8140C8,0.11856533299378769
CC_4BFE0CB61B5A,0.37758844066040276
CC_4C2A3F254101,0.36255322842539855
CC_4C351DEB6230,0.21944691685468187
CC_4C38031A2A9E,0.11131952366114979
CC_4C3E35875F03,0.11182947076718437
CC_4C4D79F933B2,0.12921705957871962
CC_4C56497F4AB0,0.6986893717622074
CC_4C827B493CFD,0.13026710230574817
CC_4C849C6073AF,0.11326528232197992
CC_4C869E6F618A,0.15154790345135202
CC_4CA21C15763D,0.11220792614135429
CC_4CB2F1CAE684,0.0971275365510814
CC_4CC0265E0778,0.04972768937618285
CC_4CC5483903E9,0.5874492816090737
CC_4CD7C76FE235,0.4309386897224557
CC_4CE2BFED4F4C,0.08699965048181946
CC_4CE751CB58FA,0.45751051287214844
CC_4CF3E184C500,0.04970118852901363
CC_4CF668E60D64,0.29512187178663324
CC_4D1A1AF53E18,0.05515099996372772
CC_4D29155FCF33,0.24766988976635212
CC_4D2CC7618AC2,0.5174139723638687
CC_4D350FF7402B,0.3512195214939544
CC_4D38AE84E3CB,0.1934781701482177
CC_4D4140E1056D,0.10074009560163098
CC_4D5545FAB130,0.5625444882411739
CC_4D55E218946E,0.09146511192361961
CC_4D5E14BD6AFA,0.08873713884940634
CC_4D78935D66E9,0.06400820053730784
CC_4D883AAAC6C9,0.041825457201932495
CC_4D8D8108C51E,0.6180132380580027
CC_4DB40331777A,0.7874349909606646
CC_4DBC8652D26F,0.09143795013772082
CC_4DC0E154EBB0,0.7120925164084224
CC_4DD5B8780C4C,0.10335065099903215
CC_4DE0070FF683,0.14638465922597044
CC_4DE688CDBC27,0.08497448228076536
CC_4DF37857FCEF,0.07238109698663729
CC_4E20F0249BC6,0.7553464273100129
CC_4E2F01B7B9EE,0.17848394886046237
CC_4E41C247B4E5,0.17626762467571183
CC_4E479F6989A1,0.06372678186948484
CC_4E48AF17BC29,0.09362565656851236
CC_4E6BE67E3C4F,0.04077389879978559
CC_4E70939C5933,0.4852976458411079
CC_4E70FB172717,0.1547984814788862
CC_4E726EE8C026,0.2886795739430037
CC_4E76F48DFDEF,0.08769323805764305
CC_4EA180B2B913,0.03255044691764582
CC_4EA67A160C3E,0.5974491634512967
CC_4EE41FC91AD2,0.18211293633712378
CC_4EFECC6C2E36,0.6617304634617205
CC_4F22CB97C34F,0.05487987634397833
CC_4F2444DC6C75,0.8232484322229695
CC_4F2B7F512DD5,0.06828812199721487
CC_4F504A9744FB,0.11095813829714005
CC_4F6FEE589187,0.13367737781299568
CC_4F71AAF96C32,0.07987455930458102
CC_4F76E57C55EF,0.3461875256997897
CC_4F88D3E5AA2E,0.045330488754695655
CC_4F8A4384F6DE,0.1383212420928372
CC_4F8D83DCCF25,0.20216666392286314
CC_4F956AA47816,0.6614947974698842
CC_4F99FCEA10E8,0.09926714036018526
CC_4F9F10A183F6,0.08361955739455622
CC_4FA766935F14,0.10855567250655908
CC_4FB0B9E398F2,0.32729864431321076
CC_4FD0DF6CA3AA,0.06013758501768743
CC_4FD902F7ADEC,0.08258080485011486
CC_4FF1155E3A6B,0.33682309200631855
CC_50103368F241,0.09053737766005822
CC_5012B9991935,0.1244136129826747
CC_50172FF2C2C1,0.12469669576018523
CC_5017C9BA7773,0.060393433948630594
CC_502C3D0EC4CA,0.09417643224158509
CC_504157951119,0.05538858636211383
CC_5042938B5A9A,0.45311840432939526
CC_504A57293FE4,0.8073004093320436
CC_505812CFE43B,0.33814413971344404
CC_505A6EB06E39,0.3236724458712163
CC_5064CCE0EF29,0.227962293426284
CC_507BDF639FB5,0.17366945391731092
CC_507E53684AB6,0.11524821371214418
CC_5087A0D1765D,0.2333565805626044
CC_509229AEC221,0.21201488740813848
CC_5092D3A72B03,0.2135834369775604
CC_5092DF691F74,0.5588521553991709
CC_5094BB59416F,0.2258910984267878
CC_509926B384D8,0.7649641177265798
CC_50A6C96DA7D3,0.05495585429015499
CC_50AE75A10F3B,0.2860652401836566
CC_50D4BB93EB1A,0.07175606591538329
CC_50DF7B02E356,0.18776619781330278
CC_50EB53CFE7F8,0.06150325631805026
CC_50FC7D563CE4,0.155159169524461
CC_5100E6EAA3FF,0.18554019916368994
CC_510F2944B2A0,0.1173711196037921
CC_5128881AAD54,0.14736448123009788
CC_5138941DB7A2,0.15474236026544944
CC_5139EF8BEAFB,0.16654544713518354
CC_513E5EEC6B04,0.11903450152970749
CC_51427EF15375,0.31162889499925894
CC_5147B281DA64,0.3812685474675239
CC_515D968ED36E,0.09385898993770658
CC_5176FF858154,0.0980497316453139
CC_517CB40FB016,0.09086797775587745
CC_51884D5F3E4D,0.10692676956635314
CC_51AE98263438,0.13219185390484672
CC_51C9CE782368,0.15890217107680524
CC_51CC80D1570F,0.062089270795419156
CC_51D2E3476902,0.06333423586663973
CC_51E05E706D64,0.11911253343973391
CC_51E5A5E9801C,0.06258487583539112
CC_51F5DA44F9A0,0.48108771082162843
CC_51F6BDD355F4,0.060568619070154095
CC_51FE657FE212,0.10695428628801455
CC_520950C9BAA3,0.05602889952773702
CC_520B1D31AB99,0.11537324208093255
CC_522550E1761D,0.771421534291265
CC_524CD519E76B,0.105006094983594
CC_524FE9E3DAD3,0.4802386517916439
CC_52629A025048,0.12184890475205139
CC_526765FC100C,0.23527734350922128
CC_526E56249FFA,0.2625169040650103
CC_528B42A34966,0.24316075598621326
CC_5292B36E4882,0.1767124757825692
CC_529A2F110236,0.14386924201263881
CC_529BC4ADAD6A,0.19511517210637574
CC_52C1C5A6F887,0.07972024464837588
CC_52C3B674FDFD,0.26613371476256975
CC_52CCBB8F9964,0.08459242885087614
CC_52D21FFA24DE,0.7336145095283013
CC_52D32EDBAA78,0.1928885419984795
CC_52D7821A8363,0.142344024950223
CC_52D9087EBCD6,0.801816023961107
CC_52DD62E1AC2E,0.1838092885114371
CC_52E8B04F0FA0,0.12560594347985832
CC_52E965E9E2C3,0.14061518672837575
CC_530BA492842A,0.3123442707060352
CC_530F6E906D6B,0.04943652636700292
CC_531FCFBE3B13,0.12557098249511825
CC_5320DFEAD897,0.17530915431440053
CC_53319AE7B829,0.6288706215022366
CC_53481151859F,0.04338740408827081
CC_534D4FC05F82,0.19088412178085115
CC_53687DA8C9E5,0.346746425658406
CC_53795A7B7751,0.06591802669649834
CC_538328A6B3BA,0.4495046644606566
CC_5385266461B1,0.18737762854433354
CC_53891CB35BF8,0.15192930982624528
CC_53A6E1083B13,0.08923295331759176
CC_53A77DA726A4,0.08632446348025784
CC_53ADBC2F6E34,0.21712781831569927
CC_53B249809561,0.08914048730313676
CC_53B2DF5B019C,0.061001597922331494
CC_53C1F3E031A3,0.13058754593820907
CC_53CBF2E8AD05,0.49352267256530213
CC_53D04793ED9D,0.0706973632001584
CC_53E23A9B6F74,0.06562940139381972
CC_53EB59C99100,0.405586674009259
CC_53EB9AC04311,0.11864617723755412
CC_53EC732C9B30,0.03617256198801219
CC_540122E71534,0.14678599043747
CC_5405C89DF8BD,0.720223927484287
CC_540D69F5BA23,0.138225398142815
CC_5414446319CC,0.684344648496625
CC_5418410F95A2,0.0650160914946468
CC_5431A01C30E4,0.06790709590675191
CC_5452437FC605,0.40344685621756987
CC_5452979BF98D,0.07475192028391593
CC_546EE83F84A4,0.47658204650161656
CC_5473268241FC,0.1545263021454883
CC_5474EE64D859,0.2934433965616831
CC_5476E2B2FCA0,0.13841468016888978
CC_54892024F98D,0.20982638294935932
CC_54B33C66DCF7,0.09054801526935233
CC_54CF66B660B4,0.4522184684254192
CC_54D3A35EC69F,0.06357314843464479
CC_54D6AE2665AA,0.09480840697554396
CC_54D93974E62F,0.2562739065172514
CC_54F5F552A0F2,0.14545865559949284
CC_54FC3B361BDA,0.09977530078541469
CC_550135E8FAC6,0.13019619301367644
CC_55020AD0D117,0.15160462951653078
CC_55094AF7EFEF,0.09907508189228695
CC_55126E23462E,0.05383389761983978
CC_554C21CCAF3E,0.10602253772036056
CC_554C912C7DBE,0.07198577134968302
CC_556B02A2B401,0.3304263155325345
CC_557A0B0CD0F4,0.1663756454754824
CC_559A14E729EB,0.312908451270426
CC_559F0DD4E4A7,0.2923546396246979
CC_55A82B4E57F6,0.14709663197962558
CC_55A98ABE4C75,0.12127123480997691
CC_55A9D45EA466,0.042046665728913524
CC_55CB872FF50B,0.2077644891105752
CC_55D9E3D58435,0.2199715372138637
CC_55DFF3C3BB46,0.09764425728530937
CC_55EDC3996984,0.13616132857680718
CC_56013299D8C5,0.08560299577539689
CC_560B519C1F50,0.09247527542820941
CC_560CABF0F5D0,0.15361438059015967
CC_56178AD87948,0.2501744902769112
CC_5619A7BB54EA,0.10504706220658716
CC_5624319D7B28,0.11679223175205976
CC_5625119D6C37,0.1901118895859286
CC_562BE7245E1B,0.6942757057345712
CC_563684010DF5,0.5725002622122443
CC_563EA9A29338,0.10851012397200832
CC_564590AFB575,0.03866945171674049
CC_565E01191BF6,0.63599828361764
CC_56612A039382,0.055375365695628155
CC_5665FB827721,0.5436765130897552
CC_566932C3CC97,0.1139911181445907
CC_5671D59B2A51,0.13310222089428334
CC_567E7DD24A97,0.08764589277620757
CC_567F47F37683,0.04166724248525945
CC_56847A91065C,0.1124405582041656
CC_5698480F8634,0.06656805322016594
CC_5698B024CECC,0.6107044497555202
CC_569DC051A2EA,0.10107912806071087
CC_56A322152604,0.3508147156036286
CC_56BFD9A8335D,0.3490478665642085
CC_56C9379BADB6,0.04392016287253623
CC_56D410FD8F56,0.3501006178816912
CC_56D4549919EA,0.15847731784125013
CC_56D918CA6353,0.13085175276516348
CC_56DB30CE666D,0.15623056128927898
CC_56E760C3206D,0.2359145769832876
CC_56F73F905615,0.7993470111337025
CC_570683C088DB,0.16482027701011345
CC_571C6AFD00ED,0.39488993081441826
CC_5725663C3B89,0.11662277934986642
CC_57291D7667C8,0.15381479137170614
CC_57313F6E7927,0.18555801120532875
CC_5735F9B859AF,0.5855002373860811
CC_573B34826B2B,0.6567267439152351
CC_5744447CAF7A,0.07043054576376942
CC_574CC0FC7B05,0.11002714830812882
CC_5759E2982909,0.096916169225859
CC_575CCCCDD7B6,0.6556448660557588
CC_57603A37D19F,0.04447526610916561
CC_57639D4995CF,0.24511088185791724
CC_576E6676FD55,0.05612877370927199
CC_5775C148E05C,0.1322523041270421
CC_5798E560E9F3,0.7871241374689916
CC_57A486F61065,0.48604554565224484
CC_57A726458B99,0.06402293796453849
CC_57B0D41BD7D3,0.34358446096614687
CC_57B501E60C35,0.08271039690771603
CC_57CA90509CB1,0.7468913154961738
CC_57CB7673547B,0.09668278563701775
CC_57DE479CB61A,0.7329213857261382
CC_57E7F1A6B895,0.04325524072130883
CC_57F13C4115FA,0.38482032635687274
CC_57F480CA9A42,0.08249539887972071
CC_57FDFC6DE726,0.23527101092113556
CC_5810468B76BE,0.14647361487159216
CC_5810F212B2EE,0.378428099481414
CC_5817759E7007,0.14830084012854142
CC_5818B5089B3C,0.08491540398859163
CC_582C78363EB6,0.09905144847688671
CC_58391600720C,0.11894746236425728
CC_583D7B177F85,0.10679375549832215
CC_584C11014F63,0.1257768085132994
CC_584CDC12578D,0.06398616288614298
CC_5852F443C55D,0.0762513333359792
CC_58565AF0F70A,0.5139067947711936
CC_58568DF9AECF,0.22234130436546168
CC_5859EE6309D5,0.436623363122359
CC_5872B45E1C19,0.7425225003023229
CC_58797A417EEA,0.19682526882092602
CC_587A4844B482,0.21855044896631667
CC_587C0CC3DD82,0.6700969063323583
CC_5881A04052CE,0.087268709148423
CC_589A4E02EF81,0.1550447120498405
CC_58AB46E5655E,0.15401670090705227
CC_58B0CFC9F3D2,0.0714524017858363
CC_58BEFDA6B4C6,0.11730498596163443
CC_58D95C7247D5,0.06305840204343673
CC_58DBF3409D48,0.07419411757273778
CC_58E35A47B880,0.1827646174931927
CC_58E40EFF57CF,0.3502398337344312
CC_58F551219BD6,0.07611749672093934
CC_58FA76C6C45C,0.6061022849899282
CC_59018149723B,0.057446834250843314
CC_5904459ACECB,0.7660611981744133
CC_59088B2886E8,0.04246049351098534
CC_590D2E0AD18E,0.6023354376127752
CC_59146CA05E8C,0.09543148236608795
CC_592592397DC2,0.4960967971689423
CC_5926F5B4E054,0.15304918597074615
CC_592A5A163624,0.3694595084418316
CC_5941C323917F,0.08293723036620501
CC_594E4E86A1C6,0.2075564533326481
CC_595ADAA76A32,0.08315067616561697
CC_596A20270C3D,0.18129663629563073
CC_5970E93E11DF,0.28800699772929145
CC_597AD111527C,0.10634861840391319
CC_597FDFFA265C,0.11021920221115965
CC_599C287D2BAA,0.4384367831772825
CC_599E345094D2,0.1310692591354718
CC_59A4741B5A92,0.16940857488193461
CC_59BB3A5BA2A3,0.5834702997826351
CC_59BFD1200F6B,0.14922890843583056
CC_59C07CCAF4E0,0.20915674020802333
CC_59C49474B501,0.12832721985822498
CC_59CFBC2CA471,0.5991598781237166
CC_59D62BE0C0C6,0.12499389247085672
CC_59D86F572716,0.117572877941918
CC_59DF71FBA4B0,0.042494418654118335
CC_59ECB7465DCD,0.06208676681862307
CC_59ED43A803B3,0.038751357541172315
CC_59F5E81F4EA0,0.13537189710028544
CC_5A10371BE7B1,0.7893138896452475
CC_5A2F9A594A05,0.5758522306455451
CC_5A38E46246FC,0.47248900940317085
CC_5A3F52B0A07B,0.2157152283730596
CC_5A5507A49F6D,0.09358340696991835
CC_5A58A5E6DE82,0.08607172848678867
CC_5A5BB6DC1018,0.21394943832081828
CC_5A5C0DF50E01,0.11435877899583678
CC_5A633C535360,0.08865361919069793
CC_5A67E62D8D5E,0.678340532966582
CC_5A6BA0007593,0.1249232676792301
CC_5A7513434C72,0.03913366214870224
CC_5A756D8AE60D,0.18853172438779636
CC_5A7C13841B7A,0.6321598778507206
CC_5A7CBB6E8716,0.229982250766407
CC_5A83A1E25A2B,0.37208648855590076
CC_5A86EB53A14D,0.7433046173534749
CC_5A89E13CE597,0.20166235404795968
CC_5A9466D0CF9F,0.12221838118188223
CC_5A95331BD0C5,0.14054888281081215
CC_5A9F63C3E428,0.05609717802728523
CC_5ABC76FF707A,0.05685710857937916
CC_5AD0F1B43457,0.09849991426613973
CC_5AD82250C271,0.04750590847744044
CC_5ADD27165E38,0.7072606511542602
CC_5AF32E5C8018,0.03923291263248855
CC_5AF3690FA0B0,0.1816132036471129
CC_5AFDFAA63B45,0.14210097133765415
CC_5B025DA26FE6,0.04849455694126216
CC_5B07C7DE7E7E,0.19834765892900083
CC_5B08171A6880,0.22033594497838496
CC_5B09FB1A0BE2,0.06894402938403665
CC_5B0D6BA12702,0.46501628862917477
CC_5B0EF2D4C3CC,0.16325315124874204
CC_5B195D88C182,0.35158362422122114
CC_5B1F6FE71A38,0.062245013471673064
CC_5B247961602E,0.05966008056029792
CC_5B276421F4CD,0.05380249921324678
CC_5B289AFA1662,0.2760715500547358
CC_5B3A16421A31,0.04697706228741724
CC_5B3E78897EB7,0.06720353341858763
CC_5B480B44A9B1,0.12417458326933975
CC_5B546C3A21F8,0.16113419423222716
CC_5B5BC4023EE7,0.1477325315867123
CC_5B6D63DD34B7,0.10211742326604988
CC_5B6E868912E6,0.07403513106665212
CC_5B818D2581FB,0.13957892471463318
CC_5B82E8BB921F,0.2549477581132042
CC_5B8E8DA14EE6,0.1609427324731261
CC_5B900A135A69,0.08804004529175871
CC_5BB64BDF3C99,0.09194555018722564
CC_5BCB2C79D1CA,0.24722338040604275
CC_5C072DB8586F,0.06053685252138446
CC_5C0BEC2A0850,0.10579447282958832
CC_5C24010127D1,0.295773469053613
CC_5C2DAF5E0EB7,0.4220556576331721
CC_5C3E8DB90978,0.13269292694949306
CC_5C4A7CE69975,0.31212950757905605
CC_5C5766F933B0,0.451731976264155
CC_5C5808240054,0.0932126077312887
CC_5C5D6E15EA27,0.18127680357686526
CC_5C60C4545922,0.15636684715078217
CC_5C626D70F6D6,0.16148472258308383
CC_5C670F0622BF,0.08484352981989529
CC_5C799E57EF53,0.05772409277538808
CC_5C7B44735AF4,0.1589120479982138
CC_5C7D8DF047E9,0.1814681260623554
CC_5C80F394EFC3,0.1295114849032692
CC_5C99E6189441,0.0847746139184336
CC_5CA9AB4A6AB4,0.10685401445493026
CC_5CB78ADD2432,0.15040017644341655
CC_5CDE37CE08CF,0.048887579273544854
CC_5CE258D12432,0.34574517965248525
CC_5CEEF006ABF9,0.06349641591230036
CC_5CFD2850E277,0.2562191323658946
CC_5D01F71B9FAD,0.12157667906899063
CC_5D065A455A45,0.21559121711994758
CC_5D0AA7D4954A,0.2559864580956904
CC_5D242448B812,0.12495778277930336
CC_5D2C5115BDD2,0.18486784735189643
CC_5D3273E039AF,0.6571919267304606
CC_5D398BB3365B,0.08179524969246355
CC_5D3C1CE64952,0.08743567851554962
CC_5D4B0EBB5CD6,0.10125404128639563
CC_5D5E897588D3,0.1054776860671901
CC_5D65F25FFB8D,0.0588277475143091
CC_5D665A86C465,0.11648386189262883
CC_5D80C353E475,0.09778943334832386
CC_5D8895A0AB4C,0.1783112165889405
CC_5D88A673BF50,0.22543466453185979
CC_5D89688B69A9,0.34472805726877487
CC_5D8AC8E18A8E,0.06904381343822369
CC_5D8E7DC2FA6A,0.5454669628379359
CC_5DA29AD9E85E,0.053647160259128836
CC_5DB286EAC626,0.2837082302685464
CC_5DBC1BB95B84,0.7905969228734654
CC_5DC0A465470D,0.06176286330427318
CC_5DF82CB03C3F,0.0964995663241694
CC_5E001C93F359,0.07537363393391798
CC_5E029094A55C,0.6929101528373741
CC_5E0808121A65,0.15410949166760882
CC_5E1117E4E593,0.12131330550058447
CC_5E1541060A97,0.7158366488545365
CC_5E1C11540C0B,0.10024987253387364
CC_5E1DC0E143F2,0.13722456152403775
CC_5E206AC277E4,0.23193206080506304
CC_5E22B4BC8B12,0.08496685991909536
CC_5E22D889B6BF,0.14062376947734456
CC_5E38425EC99F,0.7349661028294334
CC_5E3A70C2077A,0.15040686865848144
CC_5E5607D275CA,0.12730342713360374
CC_5E73C3D2B3EE,0.1514311232563877
CC_5E7F23A07A71,0.11116606124753611
CC_5E80A96974B8,0.22118056150036983
CC_5E8C0453B9B8,0.32726062403623757
CC_5EA599FBA5E0,0.524832151279862
CC_5EB379BA6C7A,0.10509544823336446
CC_5EBB96F65AFE,0.395183594533444
CC_5EC41568C2E1,0.09366565705657406
CC_5EDB5C924107,0.3350171061722572
CC_5EEE5D0FF8D3,0.15274093047342513
CC_5EEF07FFC243,0.0685181218716304
CC_5EEFD690759A,0.09096472082979787
CC_5EF2176F01D5,0.12727496465724067
CC_5F17CA33D26B,0.0691460354073476
CC_5F20750D6658,0.15820673979086033
CC_5F2CE32A6EC3,0.13142051868647375
CC_5F328EE757B6,0.04950472078215838
CC_5F35B8D87D06,0.19837113451992755
CC_5F390BA40E83,0.7039530281427052
CC_5F59092CA9B2,0.10228543859187607
CC_5F5916E96E19,0.15573620091051443
CC_5F5E835B9E6E,0.10064055200249272
CC_5F648D39D67F,0.5503683150360732
CC_5F6D4104C808,0.1703825020010572
CC_5F72EBE104D4,0.0480775812730476
CC_5F765C41F051,0.06227510311442432
CC_5F8859A6F0DB,0.04101892011902636
CC_5F88ACC7C384,0.14724797808762302
CC_5F89DFA97B7C,0.5443359336320628
CC_5F93A3E31DD6,0.6555056045482126
CC_5F9A44423DD4,0.13039588506368358
CC_5FAA7965BD71,0.13811301102169182
CC_5FAFA265CA02,0.3677649283246804
CC_5FBE1A34704F,0.14824153576050933
CC_5FCAA919577A,0.21906712799531405
CC_5FCD208ADD77,0.19973514243892937
CC_5FECD2BB0094,0.10492829905306522
CC_5FFDE52E6B7A,0.10066159523098311
CC_6002BFD3F26A,0.17714843011800224
CC_600311592F72,0.058443656244874874
CC_600AE12112D6,0.26644907644070287
CC_601C3178E38D,0.1797337365748992
CC_6037EEA42F2C,0.3892976059940549
CC_604C08F76272,0.644589672633752
CC_604C72AC662C,0.14085085179590046
CC_60510AFA8A87,0.16822579437141102
CC_605E2E26E52A,0.21251415540615418
CC_605E3904CD8E,0.13728346335644084
CC_60611B935106,0.13268752456978078
CC_6061787228F8,0.1349806438279231
CC_607270A72DFD,0.24977151058280894
CC_60738E418DB3,0.11953248243170664
CC_60961DF8A134,0.13528691685662342
CC_609B7A7FA165,0.07432876513095121
CC_60AC5C892D01,0.11176636684573478
CC_60C09FF84412,0.16840571906482263
CC_60C87349D73D,0.2929663169043695
CC_60DA2FBF1FBF,0.11309662615981143
CC_60DA539A39FD,0.1782283270616596
CC_60E974A0B278,0.06767476949499678
CC_60EF7D647EFC,0.05421330627976504
CC_60F525A39898,0.037026946338436735
CC_610009B69EBA,0.6650739312377267
CC_610FDDF5FE54,0.1276656329732489
CC_612C06CB5FF4,0.0996542009799155
CC_61307D82CC26,0.6388425951231342
CC_615030FD33CC,0.6930092788343358
CC_61649241FE59,0.1963676858656601
CC_6170051A606A,0.21464424274459318
CC_6179A630658E,0.08485372835192583
CC_617BD59427E7,0.11843403399605511
CC_617EC8BD5153,0.19253177265488317
CC_6191E14D21BE,0.060481944078880794
CC_61A798B8D222,0.0532437597473054
CC_61B4A983D1A1,0.08181412527102454
CC_61C9732AA682,0.7211431287501981
CC_61DC64E37471,0.05889074880416494
CC_61EAF14033DB,0.1024497718991172
CC_61F18E0C218F,0.07006346564023012
CC_61F1A1263F5B,0.13591641316023306
CC_6209EA426553,0.0443099255214209
CC_622BD8CB3807,0.28921531226865627
CC_6234A9617A7F,0.0893826151734184
CC_623AC074EB25,0.1504034973443711
CC_623FAACE8A80,0.05718534524242105
CC_6244E2935407,0.2586104912836479
CC_624535E11F69,0.06113807317186926
CC_624EA2917CDD,0.6438690137158686
CC_62565D08DDDD,0.7425882815334396
CC_6268ACD3F95B,0.5367278952276169
CC_626B61F4789A,0.6338858661245249
CC_629193C2A090,0.2485239690494345
CC_62933641AC43,0.2320743063275413
CC_629480877536,0.3609528436717989
CC_629CB045D9FE,0.09383043616425135
CC_62A84BC400F0,0.34483632703533906
CC_62C36DF81797,0.18905912757097681
CC_62CC835CAE4A,0.6813403681962643
CC_62D4192F126E,0.7733879462571921
CC_62D7A3C9483D,0.06666889991406401
CC_62DF1B99B4DA,0.1073118483098077
CC_62ED7BA3E620,0.05402101172937665
CC_62FC001AFC78,0.08802859894098576
CC_630412B4AFDA,0.1806958777804361
CC_630903AD39C1,0.040274512516102534
CC_630938DCC1B5,0.055660399252167585
CC_630ACED773E9,0.4287025417463938
CC_631E1690D913,0.06416121244815044
CC_633A7C7FC25F,0.2720169677580965
CC_6342051D8FEA,0.2714421548968334
CC_634CE4E8AE49,0.16008995376112556
CC_6359692F5EF6,0.13833354177322282
CC_637278423A6D,0.2414484438061187
CC_6377AB848081,0.13708797982523818
CC_6381A65E0A3D,0.10143313997238539
CC_63871B4814E2,0.11282375818202914
CC_638AD269F05C,0.03685762209520474
CC_6391AE0FB83F,0.13814693053989346
CC_639703EE2ABD,0.04480892570917377
CC_639750C87A7A,0.7481026068715253
CC_639B1DCECD2F,0.17198825359764358
CC_63A869443AC0,0.46824155982443894
CC_63CCEE26BCAE,0.0617288422685095
CC_63D51CECB6D2,0.23729537190808425
CC_63E53402FC02,0.04017199618295632
CC_63FC6895901C,0.13746621715688778
CC_63FC8A97D9C1,0.11994052229081134
CC_64117B93EF73,0.353994791802409
CC_642D9C325F1D,0.3384188955337123
CC_6436B950E22B,0.1872839077272274
CC_6445BD3DDB6E,0.03755092659992613
CC_645C15569E42,0.11176172588005594
CC_646472AD66EF,0.09036377301137032
CC_646B8254357E,0.14340893985629294
CC_647F4BB4983D,0.6355785151681407
CC_6489ECEEFD0E,0.09196511768241368
CC_64946E57306A,0.04251630982697498
CC_64976830B0B7,0.3149549433508534
CC_64BA10F3FAA1,0.09335147001717937
CC_64BA39A0DFC6,0.08734215719968692
CC_64CF9A79EBFC,0.08130128654780192
CC_64F0E0473D1E,0.08024164555878543
CC_65006C2AB2D4,0.7664181958078876
CC_6500BD19FA06,0.2933877039563854
CC_6504DCAA90E1,0.09147898949807425
CC_6509C7361994,0.18561729015657136
CC_651486189673,0.08993988787899475
CC_65194BAE506A,0.19239243000345005
CC_652539353439,0.18124479128508095
CC_653CE5FA5A76,0.24712868347896136
CC_6560C2F4EDA4,0.15678870856635155
CC_656137F98187,0.6420092040032199
CC_6575B4B39113,0.038971551721283595
CC_657F629D31E2,0.20948868588053296
CC_6580B7583ADE,0.21515963707914304
CC_658477BA75D6,0.04319436166334879
CC_658B7867BE7C,0.12049259895441912
CC_6593FE5349F2,0.08957246486035916
CC_659EE0F05A75,0.34105569361571036
CC_65A0D8134410,0.24654882219560612
CC_65ADD5A19F64,0.10632751868339224
CC_65C3F0F73BB1,0.08803672483846184
CC_65C47521C285,0.04730120188586355
CC_65C4EE0B737C,0.23499670251333202
CC_65CB68404333,0.1877945630742247
CC_65D6DFF1B766,0.10218669564995611
CC_65F1545C35E1,0.1993267646004881
CC_6602547E2FCF,0.2220119626229603
CC_6615D7044816,0.25731869788496375
CC_66244D4B72EA,0.10644280670035297
CC_662E5AAE07A8,0.052984100346471406
CC_66322B339E84,0.05911413297505781
CC_6634FD4B1CD5,0.7620468574523637
CC_663DCEF4923E,0.1877199239634008
CC_663FE5BF918D,0.4442663498311751
CC_6645798E740D,0.09404008400634882
CC_6649736C8321,0.7868646295074081
CC_664E1026C4D9,0.30618428966721345
CC_665603C4A33B,0.06949176857372175
CC_665BDD9C8039,0.43883438511639883
CC_665F2AD58363,0.19981608421009686
CC_666767444BC3,0.2373383045255031
CC_666C0A2A8674,0.06512428239622382
CC_666F2BCDC7D7,0.1788608275078213
CC_66775178B226,0.06230516730456242
CC_667B6F8C846A,0.6136012387984988
CC_667E909835A4,0.22232111173030414
CC_66809C278FCC,0.17545228728582724
CC_669CCC44CFCD,0.06217871683496055
CC_66B0BD3F6516,0.32960422781170956
CC_66BF02C05DD8,0.14402690888390418
CC_66C491256BE4,0.0743225653559807
CC_66CEFA65F912,0.3633708062886046
CC_66E025DB3282,0.6202936450259087
CC_66E7B423A32F,0.7094262942235277
CC_66ED26E7BAD9,0.09150539055977487
CC_66F7FF7735C3,0.23583686914524749
CC_66FD0CE6D57B,0.0541512185559702
CC_66FFFE05C2E8,0.08612005689593348
CC_6700012A39B8,0.13144159864639224
CC_670FC6A064F0,0.19529072177416462
CC_672932B65802,0.09890995654440853
CC_6742C6478F98,0.1878740678842384
CC_6745321663BF,0.05860036704091284
CC_67579CF57290,0.16928897628831066
CC_675F7483FB90,0.17144705599888396
CC_676ACFAA6131,0.672078202298539
CC_676B423C495A,0.5777669180074446
CC_6771C0D1CB1F,0.054413293178185704
CC_677EE0369CA7,0.071401048017408
CC_677FE35855A9,0.17477842524453494
CC_678091614A14,0.12873561608048975
CC_678A43ED0803,0.6492817725772174
CC_67955C210226,0.0897399005367726
CC_6797E0B01112,0.28007111429727444
CC_679D90941842,0.12296682330999982
CC_67C05273700B,0.13494370189181223
CC_67D5172B6450,0.19123583078442
CC_67E8CF412D93,0.10447576948115465
CC_67F6576A6836,0.23421630466044527
CC_67F985A00A12,0.06946106712587757
CC_6801AD1D4478,0.07594552660664874
CC_6803BFA94B17,0.058601175404659964
CC_680B16E5E240,0.14861756725988504
CC_680F2D0F4F6C,0.09935096566160646
CC_68221E1393E1,0.09306393206289625
CC_6822590B968C,0.19988609800126286
CC_682D8EBCEE94,0.23204299774634216
CC_68429B4AE401,0.42353138426620285
CC_686B26BDD061,0.06285705699049825
CC_687518442359,0.37030863139164644
CC_6875DA61F422,0.2089198402748695
CC_68A3D749608C,0.1547643806592041
CC_68A9C3CE2557,0.09173553495699542
CC_68B9F8C6D9D6,0.6497973606096136
CC_68BC65E3C84A,0.3606267576378258
CC_68CC4D1D898F,0.07611258635201075
CC_68D0ACBD2D0F,0.042469488671727895
CC_68DA8D5488B3,0.07987229503645679
CC_68E675A69AF3,0.19006387763142812
CC_68FC9E6FA27E,0.1927724253930472
CC_69322F7C4CE3,0.1248210778270564
CC_693710EAD59A,0.2049013108589793
CC_69387752F41F,0.491246127196845
CC_693B71DDFE67,0.14571977183959647
CC_693D4AEDA3A2,0.11384729258014713
CC_6952171BCD2D,0.14065699796798856
CC_69547DEB412A,0.24111441391543995
CC_695E80DBA42A,0.0815903437120991
CC_69717E76CFAF,0.4432492005034933
CC_69741BF89A2D,0.1265443700254042
CC_69825C70EEE9,0.23203020484506798
CC_6985C268DC74,0.47466208279627287
CC_698886C4AD90,0.13272061111954225
CC_6999901A6060,0.1692850710942201
CC_699ABD34646F,0.07221691101339549
CC_69A98DC7A907,0.06277687604180053
CC_69AA6E0DDE10,0.22867277218093068
CC_69AD5A48A78B,0.20460412345602288
CC_69BA7BFF98E2,0.11319677400022858
CC_69BBE365C097,0.062024809328817765
CC_69CD95A00D9C,0.04868927352459446
CC_69D328691680,0.07481160595663922
CC_69D39C9F36F2,0.2598918761750622
CC_69E09390CD64,0.09562992292449303
CC_69FD49E90AC9,0.3466684576332359
CC_6A099AFE73BC,0.18252332002819094
CC_6A099E6C91BA,0.30600785722988844
CC_6A19EB191A81,0.03369148827792649
CC_6A39017046FE,0.10439131518320639
CC_6A4A401F2920,0.367181594357255
CC_6A5261180031,0.07101960058460395
CC_6A7432494840,0.1689345171776733
CC_6A7963180D20,0.3715341788464436
CC_6A7D7E5F814F,0.5740054540863782
CC_6A8B8BBA749E,0.15462458489543826
CC_6A8DFDB0621D,0.13559614296871453
CC_6A93C436E2FF,0.10587442712313584
CC_6A97F81D9A0A,0.1387232854176238
CC_6A9D1622B4DE,0.29194307336827535
CC_6AA6589445C1,0.6814083997706669
CC_6AA7A87F59FD,0.1811657135780181
CC_6AADD44C0B52,0.0821332279827322
CC_6AB4A5EBA3F6,0.2286917736321824
CC_6ABA7D0ABAC5,0.1166684234760806
CC_6ACF1E52BE8E,0.12950856112518902
CC_6AD3513459CB,0.09744411540617914
CC_6AD4238EE77D,0.1819732321242041
CC_6ADD0FE5DD74,0.663424139954032
CC_6AE2737BD3A8,0.08609976547766365
CC_6AE48C1F2448,0.14032826135511486
CC_6B00A666A420,0.6508815349890268
CC_6B07C3992304,0.07175621722749045
CC_6B0A72BBD800,0.6430713530820064
CC_6B12B975F2EC,0.38643284017455115
CC_6B12C9507F32,0.19388065291294118
CC_6B34719D93AC,0.5746006535052468
CC_6B34740DD355,0.15945472057927101
CC_6B41081727AD,0.22024256715419824
CC_6B4902892E70,0.0942102207639045
CC_6B5BC2D89077,0.7382716895598352
CC_6B65242C2CCC,0.1464071618621416
CC_6B823BACBE75,0.33761141859695276
CC_6B83E1A959C2,0.27494814882882995
CC_6B84FB3DE604,0.04196582257782687
CC_6B8AABAA752E,0.1902610077289694
CC_6B8AC0DEE990,0.37836529412080017
CC_6BA45C072D40,0.16895938916271672
CC_6BA72ECB5027,0.1042842615729187
CC_6BB560F020BD,0.07083073179361966
CC_6BDF0B68C126,0.030483846860430895
CC_6BF0A9437728,0.12158521328506595
CC_6BF3B9097199,0.15387958426869872
CC_6BF7A1EF31B9,0.20573898620951714
CC_6C29DF49246A,0.06479551739164724
CC_6C3C86C2125E,0.08318599450306761
CC_6C42FF6D7218,0.6846492800791516
CC_6C541A482CF2,0.22603395526097542
CC_6C585A6BFE01,0.8075907606018978
CC_6C5CE36700D0,0.21620387265279747
CC_6C62C2094733,0.09143304301286656
CC_6C66539A9D02,0.28812018712639936
CC_6C684505E498,0.07241548738692
CC_6C6E40927C35,0.04671015774213071
CC_6C7736F51C12,0.6763040499614088
CC_6C781CEB6F52,0.09416949080113368
CC_6C7E39BF4744,0.14670173731598485
CC_6C9EE9BAECEE,0.08277024617788381
CC_6CA0F076091A,0.09758292446081034
CC_6CAD299645B0,0.14729039704167116
CC_6CC3C50BA394,0.09463343209725833
CC_6CC593C5385D,0.04456748969629963
CC_6CDA4B24C602,0.2891027813526091
CC_6CE31AFF7813,0.06609995407387316
CC_6CECB68DE9C1,0.31119641593601
CC_6CECD3DBA212,0.14669294841428956
CC_6CF17D012682,0.16823662442580217
CC_6CFCDF903310,0.1497445132708758
CC_6D08B5E62654,0.0938432885822695
CC_6D0F60667273,0.3149359932687209
CC_6D127EE83945,0.0517101147714044
CC_6D134DB29068,0.3601017383434097
CC_6D141A49D94E,0.5974154368462267
CC_6D148C0A624D,0.15591920321340066
CC_6D1EFDDE2EED,0.06719948327373164
CC_6D22B938D7B9,0.07597604144794015
CC_6D27409F4956,0.09284212760133928
CC_6D2F0EBBCA4D,0.21624044647764257
CC_6D43BE30E8B8,0.26005042001707535
CC_6D4EDEAF67C7,0.19383463154275546
CC_6D72571304DC,0.4844525260153153
CC_6D7C62C7C161,0.06277056530065463
CC_6D8A18C28AF0,0.07530597405146539
CC_6D8B35007242,0.08316009318324902
CC_6D93A9E49E3B,0.18817723352081406
CC_6D9C644A082B,0.09761202333764535
CC_6D9F52BD4D0E,0.09986284342700148
CC_6DA058F9B631,0.2720587358389365
CC_6DA1F8DF9CDC,0.25934623491526987
CC_6DB000AEF16A,0.08595606049145206
CC_6DB5025899E3,0.2140414327541615
CC_6DD6FA2FA0C6,0.10346548460312167
CC_6DE4E4C1A31D,0.1697399789099829
CC_6E09CBC15C94,0.48637419273216104
CC_6E353816938F,0.05693036489606586
CC_6E3AB992A5C9,0.16247568997327783
CC_6E420A2FE490,0.1535421693146995
CC_6E46D01888D5,0.15884307021258243
CC_6E4702162475,0.0585478724137679
CC_6E548AF15091,0.22660925983298727
CC_6E5C9A2DA27E,0.04786819203528615
CC_6E610F3976CB,0.20702225706444508
CC_6E614FF9BE02,0.6541985564690133
CC_6E68D46447E2,0.10836161175145514
CC_6E712C21215D,0.043947458049498025
CC_6E84DED41B8B,0.1409977850850876
CC_6E8557E30DC9,0.5725839768409322
CC_6E8963475D35,0.20138696526770314
CC_6E9880CA0BF9,0.30549187944265244
CC_6E9FCD68ED52,0.6782354849919315
CC_6EB194A93F60,0.13688946605706342
CC_6EB370F511F7,0.06677244267493584
CC_6EC722B2BC2F,0.16898819963649378
CC_6ED1B0EE4B6C,0.21293178282241076
CC_6ED65E7CABA2,0.11560758844060672
CC_6EDA84B653B8,0.33579119227890264
CC_6EEE8E7C1D1C,0.20545270523515408
CC_6EF17801ADD6,0.12885692096830514
CC_6EF337CC4BA9,0.26207829506570296
CC_6EF464EC9FCF,0.11610885991207992
CC_6EF6B8AE7DCD,0.04452486575326643
CC_6EF8C59D8395,0.8390767012987331
CC_6F2146FE362E,0.06886291474981952
CC_6F2408B665A6,0.3594058226030158
CC_6F2B8E925D59,0.035075907835769526
CC_6F3034E96848,0.11370498680133471
CC_6F3559ACC2F5,0.04832075926456252
CC_6F46C5897DA8,0.4096016723372167
CC_6F49ECAE902C,0.07366114658658829
CC_6F4B818665D3,0.12622869160334282
CC_6F4E696A1F88,0.24384582279427852
CC_6F54BD66C0EA,0.17199818456863947
CC_6F786C433998,0.09011002066866189
CC_6F78BF56B0C0,0.09136964470762136
CC_6F8346F138C1,0.4499655475119103
CC_6F86CFDB23D6,0.06042754167313082
CC_6F8E30AE9457,0.15097344637226842
CC_6FC25B27AC26,0.07623063023933363
CC_6FC8BE007FE9,0.14492939929528262
CC_6FC8DA40122A,0.20592611350481918
CC_6FD8BAB1DA3E,0.0682459689334119
CC_6FE4FD09A9D8,0.07927129224031014
CC_6FE78CB02174,0.03573246414632851
CC_6FEB8EDBF2A4,0.16901713579396338
CC_6FFCF2DAD0A4,0.0819449336809779
CC_7002034B0979,0.08960474099547266
CC_7006523D45E4,0.08420477488950798
CC_70097151A773,0.06482924463795935
CC_7011BC95A91B,0.04068089452466192
CC_7020F3C11A3F,0.1661263392145291
CC_70306409A3E8,0.290756317277131
CC_706B18DA7204,0.12243864127974409
CC_70703A59C070,0.18329212497850841
CC_70749DDFF595,0.12735953807054445
CC_7079CE5127A3,0.04039277326398148
CC_7087A46F0AB7,0.09981298301399998
CC_708B73EBD939,0.16814945812755466
CC_709315667BCA,0.07668409333020668
CC_709970475B6D,0.603060003765862
CC_70A56ADAC199,0.05444799032690756
CC_70ABB244502D,0.05022399182032538
CC_70B0176647CE,0.14995022587874152
CC_70D3353DA1C3,0.07094909486332511
CC_70D652DF4E91,0.12888744491591841
CC_70E3121BFDC4,0.09448653043486675
CC_70E5FB8B072D,0.05305328009613083
CC_70EFECA3FAEB,0.17059357076086262
CC_70F59DA18BCA,0.4537803143905275
CC_7100129A0AFF,0.10232938132610736
CC_7113554E33B9,0.06978829957833822
CC_71260405461D,0.0692849204129112
CC_712677251322,0.19369022166793254
CC_712D31B2785D,0.08826013467536081
CC_713052DB1E2E,0.0622719523981729
CC_7139C2D6F1AC,0.0955747540258214
CC_71427FC8FA49,0.23209580332095178
CC_714912E93A71,0.1467644168523125
CC_717A5C2ED311,0.2218159644325388
CC_717C94F5C8F1,0.07373734081969592
CC_718F067F4DA0,0.04677764826614555
CC_719E714DD38C,0.06890461167988465
CC_71B169C874D0,0.15820574746883317
CC_71BB5070615C,0.11182808587347504
CC_71D37D6D19C6,0.20367135272441877
CC_71DC80205F42,0.14242193046069587
CC_71DEB636B8CD,0.6076317024476662
CC_71E4CBAA1211,0.1395984185994546
CC_71E787049755,0.10118765551305002
CC_71F1EF5575AC,0.09946514109340061
CC_7201DD8EB33B,0.2030579802454555
CC_7202C8CE2317,0.3049067174230988
CC_720B06583C57,0.03910215628785017
CC_721DEC038BAF,0.07613349465148572
CC_72219BCC83E3,0.1557472754753776
CC_7223DABA7E98,0.09793152992557874
CC_7233459FF7B8,0.26225119008896763
CC_7238A8A6767A,0.15402934186609438
CC_724559551664,0.6731337947240196
CC_7248EB4B76CF,0.05816873885223587
CC_7259B5314D92,0.08831461968147906
CC_725CA03102FE,0.0464673184035681
CC_726E05E5A555,0.11485976086455937
CC_7276AEED6D4A,0.07745770353830829
CC_72A18E8D6670,0.05116609809486714
CC_72CDBC38202A,0.43232257688891673
CC_72D8B2ABA2D1,0.7550365068288418
CC_72E4590D362B,0.4011525411777636
CC_72E8542AE4BA,0.049146574806918066
CC_73010B6E55DD,0.6049618136801839
CC_7309A4693D52,0.14714473777697495
CC_730C2A3FF1BF,0.15592038494797011
CC_731C1BCED024,0.6033511982917851
CC_732C325832D8,0.14305620646415845
CC_732DFCAA0A75,0.19360675583233355
CC_73322A6A24B1,0.7728439257906357
CC_7336B19A18AB,0.1908615820896913
CC_733AF1D123B8,0.3226685924124419
CC_7344A0E90AFC,0.12014454510058308
CC_7348C2B475B7,0.12353878512241459
CC_735E1A78B058,0.08281745530343969
CC_735ED2A02DC4,0.13869294669261797
CC_736015DE4E3D,0.36670580187089324
CC_736A42761E55,0.10002649896243411
CC_736C0436B98D,0.17801831111397612
CC_7379212919FD,0.07823094581218043
CC_73859CD59E75,0.5652537796538509
CC_738B201B1CF9,0.11908874676395545
CC_738DCB11942F,0.06865873615215527
CC_739198ACE582,0.11958519594740484
CC_739D093D7B69,0.114886642678891
CC_73A7FC903662,0.1671878392214616
CC_73A8927DCEB9,0.09725696906353438
CC_73B575BBBBE3,0.1488449249642263
CC_73B6B9AD2002,0.047924961872074325
CC_73C28D72A5A3,0.4765547647538153
CC_73C38DBDF9A7,0.10310658874100088
CC_73D44BEF6754,0.36677521090219134
CC_73D4C1D7C022,0.07536824622686362
CC_73EF383F3C2E,0.17263459134550926
CC_73F34B1607C1,0.07484138775596869
CC_74137206902D,0.12019875781054161
CC_74198E5EC366,0.061185325881487236
CC_744FB5804A8C,0.6355159316882733
CC_7451E64B6D47,0.18365081759605623
CC_745A64878AF1,0.09861761278142195
CC_746B196CECA1,0.16401293552598908
CC_746C06898D5B,0.6166062196033436
CC_746DE1EED0DD,0.19133313751118886
CC_7476938CF6A0,0.5366678691252125
CC_747CFDB7E305,0.08522974050677536
CC_74845374E870,0.751232771138987
CC_74AD8D3B192C,0.7051124017289128
CC_74B90A15B270,0.10101353970509494
CC_74BA5D46E909,0.6883593020835537
CC_74BE0AD5E21D,0.14636204565573982
CC_74C33B66F002,0.15353661959842033
CC_74C9C3F17421,0.06458066924727905
CC_74E4BD5C07D2,0.07337817304564465
CC_750D90249EFD,0.12207768986880606
CC_750DA21B7EDD,0.30888609871367184
CC_750E6537383A,0.28272902737387706
CC_75137D6F9DCB,0.10433309980916401
CC_75173A8A11D1,0.3548412892013194
CC_751DDC1FC2AD,0.10631275037543905
CC_75357E0206F5,0.09106196602992654
CC_753D160E3A58,0.11373807538490403
CC_754447632F75,0.04584742195652852
CC_7549363C5D36,0.08027239273008312
CC_754F3894627C,0.09027713080444122
CC_7562CD43897F,0.14340673696972198
CC_756A077EC614,0.39826879123254355
CC_756D3492443F,0.2866788276396976
CC_75783B3E6C6E,0.04437031460515409
CC_7598068A716C,0.04725115284842902
CC_75A37D8C1F6C,0.5918804820343838
CC_75ABDDA24C26,0.11379219172532916
CC_75B287424E59,0.38204324305210674
CC_75B2B88876B6,0.11284306959789067
CC_75B324FCDD4A,0.22818033984220848
CC_75C1466E61E2,0.23993136629333506
CC_75CCCD9D4568,0.11797350351434613
CC_75D2DAF4491C,0.33129112020447216
CC_75D54090AAD4,0.10728037290198882
CC_75F1927E5941,0.683630042903798
CC_75F99AD6844A,0.3120118440194423
CC_75FBA505C727,0.2789183512186466
CC_7615CC930B76,0.12110762896196081
CC_76168488EBB0,0.4804000617816359
CC_76197A77D666,0.03970401837349105
CC_761F48F8E962,0.215675615653641
CC_764C6ADC6D1A,0.10016402650513677
CC_7658A6B0910B,0.052273989867872205
CC_766347951B7B,0.5647057279786871
CC_76857712D8F5,0.3064175565238326
CC_76A0DF2549B7,0.10419992754005368
CC_76A636414AEB,0.2655516993903933
CC_76B01540CDD1,0.1837916920009191
CC_76B420FC66EB,0.11746984668424487
CC_76B6BCD2EBAF,0.07045414761268794
CC_76B7A0029620,0.11803428892494312
CC_76BA435EF2AC,0.13692836051615784
CC_76BCC1AFDA4D,0.08557411245087275
CC_76C35913E797,0.1698310610776952
CC_76DE3DF1DEE3,0.18418155485836607
CC_76DFA4CD068B,0.09948037782425107
CC_76DFE3568C72,0.27931719073885447
CC_76E201F1E036,0.34681364886727517
CC_76E83166FE0A,0.13801021435738436
CC_76FD9E9D9ED0,0.1242504597941799
CC_7720BBD06736,0.34786988622652215
CC_77340228F356,0.7015398378982384
CC_773CBBCBAFFE,0.10366064264957105
CC_773E9B092923,0.09802630733398235
CC_773F22C3E42F,0.04415233847924011
CC_774ED295BF96,0.1599544746761332
CC_7751ED6DF76C,0.05852484820753075
CC_77571749B970,0.14766057745221947
CC_776F8B3BAC08,0.12930338910463857
CC_777889F9694E,0.04492032046886362
CC_777D08513AE8,0.0776714201900997
CC_777E3D988EFD,0.2463198975046382
CC_7795BEDE05E8,0.2699074917731338
CC_77A9EA3A6784,0.08979579680518864
CC_77B1AB7960A9,0.19537930040838533
CC_77B6EA810549,0.2871228203785142
CC_77B9889C9BFD,0.2095998385373124
CC_77BC55DC92B6,0.13728711661154575
CC_77D1DFCB0A8B,0.054736034706568855
CC_77D9AC43DFE1,0.20129547532930758
CC_77E6EF1CF2F7,0.12252734771269382
CC_77FFA8E6B36D,0.10756058042443332
CC_7801661A9DC2,0.16665656557785583
CC_78069B1BD931,0.12169645190795206
CC_780828B48716,0.11391571705104621
CC_782130B98F34,0.10031864537477554
CC_78273789B3C5,0.7613772643935427
CC_78296783E4EA,0.17893522867635972
CC_782B06291D87,0.0620526196524377
CC_783A2D4C89F9,0.41430337719453714
CC_784407E16923,0.09864511937208392
CC_78491B6255F2,0.4284070212918401
CC_784F17AC712F,0.06574514471866405
CC_7852FC3BBADB,0.09115436823421101
CC_7866E4CE528E,0.7560812367502306
CC_7867E7C01013,0.1945794859492965
CC_7869F609EC2E,0.20457723918622492
CC_7874F14ABD7F,0.1467245469932628
CC_78774E05FF12,0.17036842722705658
CC_78815A352067,0.09705957291032824
CC_788FF4549766,0.2822448687556361
CC_789977501322,0.12180944672111586
CC_789B2BA880E7,0.044727318359043325
CC_789D87F51AA1,0.06631035619403258
CC_789DC3C358CB,0.2267077333786984
CC_78A036DF6320,0.7120465019020422
CC_78A3EA63B7EF,0.0439199495261401
CC_78BF1B8FC1CA,0.1262513260816623
CC_78C96E7015BA,0.6479288961194873
CC_78CC84FA2CE2,0.1835986790896066
CC_78F0087076CF,0.18518403156517213
CC_78FAA95F5B5F,0.12360777362986994
CC_79033EFDE096,0.1231004013469883
CC_79086C18A963,0.10541671779561505
CC_790DA2ED9F5B,0.11295139450944272
CC_7928811F7D86,0.10317267238747053
CC_79345478FCE5,0.2089187894667304
CC_7936C8D65B95,0.1333133830262011
CC_7948C5509411,0.5179434177934377
CC_794ADB0677CD,0.12617271308425143
CC_794FF8E7F876,0.04580922008736581
CC_79500EA652BC,0.5837822001581626
CC_795083A66DB5,0.043653654694601765
CC_7950D4B773CF,0.14515340716489866
CC_7955AEB49759,0.1534770756563782
CC_7964F862DFA3,0.37557230663302654
CC_797A700CF967,0.4679085125663211
CC_798180DDF677,0.3315279965134137
CC_7981ABA9C370,0.10751168256024778
CC_798B2DC03C5A,0.07447322978481975
CC_79BD986C23CA,0.06715504696689668
CC_79C6BA680815,0.5518433427425313
CC_79D694E6F5AF,0.22904625092707903
CC_79ED9A0F6E49,0.44265567772358716
CC_79FA2512E5A2,0.1678660623986752
CC_7A0024F6FA60,0.19632666755763442
CC_7A193A453F27,0.03938704386671829
CC_7A1F071DC5D4,0.38742083771679275
CC_7A5D96BC99AA,0.7345715335604331
CC_7A6B51562949,0.22372534140246605
CC_7A6D7F9654DD,0.41346175253199874
CC_7A778E010F33,0.24882322454205388
CC_7A7FB841B669,0.5691756103575537
CC_7A91013D31E1,0.13895700046155485
CC_7A9117596769,0.06675323343007496
CC_7AAF340DCE8F,0.19641119524490103
CC_7AB146267981,0.23689135441036452
CC_7AB2A9CC8424,0.2663273300458907
CC_7AC1DF18CBA4,0.2603717935456762
CC_7AC4240DD225,0.3043165840117677
CC_7ACB325BD924,0.1806071189930751
CC_7ACB88002397,0.47862723264554613
CC_7ACD4F370AED,0.19398173282289916
CC_7AD4072A9F82,0.05461661374025267
CC_7ADEECDE4D73,0.214293837875912
CC_7AEB48D8C5E0,0.08958513078736616
CC_7AFA5CD2B29E,0.10102207181676577
CC_7B092786DDB0,0.05732666863286867
CC_7B1B35D5628E,0.06093262664283355
CC_7B210557F04A,0.10621390011973407
CC_7B369A7C1D3F,0.14399278858776893
CC_7B4002591821,0.6778956064483725
CC_7B42BD80D79A,0.1864352266863233
CC_7B44FDF08B93,0.1318640946779307
CC_7B501C32CAE5,0.07624141818988985
CC_7B88520D4FA2,0.3674428130356838
CC_7B8ABE6E552B,0.18499695876557398
CC_7B8D2E07908E,0.3401727246370885
CC_7BA150468D19,0.5895913228988291
CC_7BB159FCEB53,0.23602755340811074
CC_7BDD72710831,0.060471881386603796
CC_7BE02C65B967,0.1694323249208672
CC_7BE382988C1C,0.6433012876363351
CC_7BE6110DBAA1,0.3430033329075308
CC_7C0B14BB0573,0.14399353823108293
CC_7C0CF5558904,0.714874560047399
CC_7C13E7F561DA,0.6862158725156469
CC_7C46F7F667F3,0.11299782171068115
CC_7C510CE0521B,0.08299360228104272
CC_7C61B5D39E49,0.4680136444597033
CC_7C6770DDA182,0.11466302198021415
CC_7C6DBF78A610,0.09783936136093532
CC_7C7B0438E3AB,0.1724842051021414
CC_7C87DFBC3176,0.10356082805157027
CC_7C9528E94215,0.2495618310154831
CC_7C9ADE65CF81,0.104350343854662
CC_7CB6CD1B9DD0,0.06004028295395267
CC_7CB7C7E55BE6,0.1484053789679226
CC_7CCC3A690325,0.17110125907961868
CC_7CE5689488DB,0.06333856207234558
CC_7CEB758A9814,0.05207644028308178
CC_7CF7443D923A,0.05730127084946519
CC_7D0D597690BF,0.12455836106635473
CC_7D0EA0307817,0.045266966126922534
CC_7D12E6FF25C3,0.13534988405401932
CC_7D28D39AED1F,0.6417553986900844
CC_7D2D19D832FF,0.06770381474042526
CC_7D34A67E1369,0.0715454549452337
CC_7D4388B41EB9,0.15045883347638261
CC_7D46FE573D79,0.07421229551494658
CC_7D7810799F2E,0.054937298440666915
CC_7D79241150C8,0.13678452162925597
CC_7D7B92EF2655,0.1490762343571153
CC_7D8C2495C1F7,0.06985017554416743
CC_7DA4F1BA24A1,0.6543686121417112
CC_7DAF18939084,0.06816502953612155
CC_7DB8BA427410,0.06214133417228929
CC_7DC9456F1161,0.04201320959105539
CC_7DD2CBE0F0BC,0.22545061901922062
CC_7DD495158BFD,0.6289865648665398
CC_7DD5411F7A14,0.3140937462986443
CC_7DF099A7A092,0.2276795819488432
CC_7DF27D2AC111,0.05834230892390609
CC_7E0CA072EF93,0.0721735640979652
CC_7E0DA100F5F2,0.16518469568016073
CC_7E1086EFDED5,0.04356078860414054
CC_7E12E0F3CF6D,0.11473621076851359
CC_7E178CE78FB8,0.07891635809886847
CC_7E1C1A6D0E9A,0.15681862666008073
CC_7E2A76850DF6,0.7928694061618069
CC_7E3ACB15C69D,0.09794494311284598
CC_7E3F3373A73D,0.7227785678916531
CC_7E42A3D0737F,0.11309764600924402
CC_7E4679C534D7,0.22803190948134616
CC_7E53FEEB19B1,0.25595550598585803
CC_7E71CE7FC603,0.19162471494122935
CC_7E8333DBAEB4,0.3444373622636258
CC_7E843438DE4A,0.055603411614346364
CC_7E8E4747C0D0,0.6396403980480617
CC_7E952828C1B5,0.10242282360772441
CC_7EA6431FE6F5,0.12438211071217563
CC_7EA7BA7621C3,0.2651492760992631
CC_7EA8F24B3010,0.09178007455874111
CC_7EAB28B0309C,0.06214526296004317
CC_7EB4A5BDA97E,0.07377435477321496
CC_7EB4B0A36534,0.09374541179388496
CC_7EB791F4AB2E,0.1168521452997668
CC_7EB883C9D5F9,0.04316690341088489
CC_7EC59C577F02,0.06338763325141401
CC_7ED2683D26DD,0.10045653187419129
CC_7EDB3440E0AB,0.5958160370111663
CC_7EE12013C7DF,0.15467575465646183
CC_7EF824CC0D3C,0.13678846417799032
CC_7F09C6F6321D,0.7325244940689459
CC_7F1AD40DA179,0.1671799412754603
CC_7F1D38A39164,0.08170771658667567
CC_7F22B7D326CC,0.19916244080808856
CC_7F2614F1AAAE,0.22783267843022237
CC_7F2CDC7C1634,0.04911337529643223
CC_7F2D46DF9BC7,0.15876444986185154
CC_7F57A90B69E0,0.2677979105973571
CC_7F633226A676,0.28553001136568035
CC_7F753D809267,0.6683227615943849
CC_7F7EBF25AED7,0.04299254130837726
CC_7F8496CC5779,0.04510286808376767
CC_7F88D9C5D258,0.0905924304287101
CC_7F8AB4DCA794,0.13066882428771612
CC_7F8CC9509418,0.2663679988166608
CC_7F9069571F79,0.2801660629675207
CC_7F9AD27E079E,0.17242594954187976
CC_7FA281AC1C7A,0.10329671095690726
CC_7FA389E90548,0.09649364686944187
CC_7FBF4A48AF55,0.06266975448573649
CC_7FC40175A8E1,0.2684333201991099
CC_7FD58EE7029D,0.08662837089224246
CC_7FD7F635C341,0.05652078917318509
CC_7FDD458DA059,0.2093393271236533
CC_7FE85C259E03,0.08997257254415188
CC_7FE8CD30D7E0,0.10167333387828795
CC_7FFA32DE7B04,0.13992981653001466
CC_8014F1E2C5BF,0.05025640767602815
CC_8015895C1C29,0.20212405633385064
CC_802BA7E39A13,0.06271854596121136
CC_80300D23C3FE,0.466469200944409
CC_80465303B6E2,0.20179454688216275
CC_805ADFD46B84,0.06178443127671681
CC_8060F40D9522,0.1734135475943994
CC_80621E822131,0.06383083688238492
CC_806654B580B5,0.39469236876983904
CC_806CFD6A52BA,0.04320399367447314
CC_807935BBEB7F,0.05551102148696698
CC_807C57E626E4,0.07106959272921277
CC_807C91C98684,0.04130063320912786
CC_8096B589BB07,0.13908365182231244
CC_809D60155E9D,0.07490496134661792
CC_80A2189E5125,0.4994945939527674
CC_80AF87F62770,0.16825472051250137
CC_80C03DF9CC57,0.1900310438018844
CC_80D9B6563750,0.552130916030075
CC_80E9638ABD4B,0.05127184571194927
CC_80F7171B71CF,0.09795134005503917
CC_80F9983BC18B,0.05743135965366064
CC_811109A98EFF,0.11170494226925408
CC_8129480B056D,0.31215601477650856
CC_8134E5DA9FEB,0.5765230587888375
CC_8140399AD344,0.11115635952457947
CC_8140E278B6A0,0.24112591084177698
CC_814E0F756757,0.43445790701731973
CC_815FAAABFC91,0.1974644451153979
CC_816B28807CED,0.08123274083279532
CC_81821F9F2307,0.5547190144304717
CC_8186D7991EB8,0.056997124180809725
CC_819E203180C8,0.7957695646550389
CC_81A5E3141BDA,0.5557653933969358
CC_81B5CED8EE79,0.14673172153773895
CC_81B91198E00D,0.7326697789918302
CC_81BADC379C8B,0.1849868917568082
CC_81BF8EA390F7,0.055835679953447244
CC_81C5FC962C72,0.07866464086615432
CC_81DDBFAF1CB6,0.059494413911887575
CC_81DE637E6138,0.03887722021516463
CC_81F389DEC9C5,0.08110213950409598
CC_81F647806849,0.1616901446306678
CC_820D491B2903,0.7614487630758062
CC_82172863AA45,0.34770366288838433
CC_82195FBE9366,0.06268505878874218
CC_821F503DA953,0.09437753557241774
CC_8221AF9B0B93,0.7492553935757859
CC_8222D1C47857,0.06623030654849171
CC_824BB6CD2B25,0.07532300560997299
CC_825192411933,0.09513241532034937
CC_8270E213EDF5,0.19027600936463301
CC_82839CC161E8,0.05997476439560602
CC_828A0B6D7291,0.13377367698010204
CC_828EDE22A438,0.04243864468655184
CC_82928B5ABD45,0.3059752640078345
CC_82A7FE954659,0.18160890700981572
CC_82ABE1FFFA1F,0.13829489543147558
CC_82BDFA01C41F,0.1321999180110866
CC_82C20057CB4A,0.0808002587657752
CC_82E52529A567,0.19821773817621471
CC_82EFBFCF68AB,0.13303427913819224
CC_83092F58B321,0.13616540281861056
CC_83098B4BBD4A,0.12781748601190554
CC_831F9E623C5F,0.1848754720375594
CC_8326C8A3D569,0.11340113836880589
CC_832730F42A18,0.11273804996408228
CC_832A44C3F2A0,0.06612591856971642
CC_832EBAE498AE,0.6400881495489837
CC_833B196A70F3,0.7065856908405491
CC_833E14DFF4C6,0.13672604402816438
CC_834092035687,0.3831264343413692
CC_8351244DE3CB,0.06449297293973943
CC_835B90025058,0.07045083289859481
CC_836534CEDFD3,0.14423147420195861
CC_837ADC1EA55A,0.2005951721405491
CC_83884D799788,0.18147237708695865
CC_83947255841B,0.12468115278889275
CC_83A5A3022ADF,0.7864941315961618
CC_83ABA98906DE,0.087668530050011
CC_83C75D07414A,0.3984521592028297
CC_83CBA767432F,0.7280518919296424
CC_83D342F53F36,0.13752917085986846
CC_83D5CA2A23C2,0.04586401710197657
CC_83E002D6D82D,0.19074500740450911
CC_83FE1BCC83E6,0.27161054175006843
CC_840E5B830DB4,0.05464026196559753
CC_842525788FC1,0.17707730307569475
CC_843076C8EB9E,0.29048361688559404
CC_8442C97EE91A,0.14231122618407274
CC_844C3C30ED67,0.09575499710171972
CC_844E345D2636,0.17332586196337868
CC_844F26E92B12,0.18542032654079432
CC_845032D8A261,0.29824735274784636
CC_845223F606E2,0.31398156179999137
CC_846F5B19B110,0.36580336439686695
CC_84797EA9ABF9,0.20422292517906354
CC_848D59D48081,0.18476780922842462
CC_84AB057BFCCA,0.055243234629975164
CC_84B0BA112537,0.07639858153475355
CC_84B8FCEDADD5,0.08359757542652278
CC_84C61A6BE99D,0.11099471269135051
CC_84CDF830F68F,0.07183823704477657
CC_84D5B88572DC,0.23594673314589623
CC_84FABECED186,0.13672524476950404
CC_8503F43FB29C,0.18807030906595837
CC_850ACB004EE2,0.08746649177637328
CC_850B114489CE,0.1058795461145056
CC_850CC17BB13B,0.10165679181840856
CC_8518C159BDE6,0.1361865817155844
CC_85299261146C,0.0853804644598426
CC_853986C52A17,0.0476644986754003
CC_853ABBECF2E1,0.7875123032039306
CC_853BF4485D85,0.17936656265011872
CC_853EED03843B,0.06646444596129263
CC_853FD1B551B1,0.17005583361193577
CC_854AAA98CC0C,0.798981165293198
CC_854F8AB5F1FE,0.04724327134523769
CC_855E2A785BAA,0.10556564248227375
CC_85614CA68432,0.049378020499888646
CC_856B92B23BB5,0.7985832061145296
CC_856DF4A30E13,0.7210577428556935
CC_858704DBD5A6,0.061586116784498074
CC_859EF0AAA74A,0.04944213466412762
CC_859FB710961E,0.1345064498566134
CC_85A0EB3C9884,0.5929092458471171
CC_85C887BB996A,0.07955402378028736
CC_85D9A6C9CA60,0.14174119000485985
CC_85DAF10E61A1,0.5439154743562942
CC_85DEF8ECB524,0.13928816346960543
CC_85E2E0B8B15F,0.6925998019294912
CC_85F018DC47FC,0.2508916597490698
CC_85F376B33951,0.1764120597596602
CC_85F745E1D307,0.13720601266562407
CC_85FAFB430486,0.2600487242135011
CC_860D4B868C17,0.03465592227027148
CC_8614E30C9FCE,0.41339334154992374
CC_861F5DC22035,0.05467552912301994
CC_8624ABB391B1,0.18749541462079414
CC_862BAB422756,0.31518078912953
CC_8642F98E5504,0.19311355333834798
CC_8655B8862C81,0.15121179323387254
CC_865FCEE75A8E,0.036189921623926875
CC_867372811CCD,0.44312626450498277
CC_867695B5C296,0.5638033055457792
CC_8682B1F914ED,0.14850885467166813
CC_8691DF144B92,0.49541008298464434
CC_86AD259FA5B1,0.1268609132259508
CC_86AEC21936BB,0.7460213874368415
CC_86B1D15F8424,0.05766611953184472
CC_86C2A6EC5712,0.7118356193133426
CC_86CF816B494B,0.09061381680563174
CC_86D4D58B1D0C,0.13679998957660755
CC_86E2C4E17CB6,0.052197049660020124
CC_86E9E191E3CA,0.3874093654762984
CC_87000C16C856,0.09486225823566323
CC_8703DD5FA02C,0.17092544672527882
CC_87065B1F429D,0.11049608384957453
CC_87434BBA1CE7,0.047656012621795425
CC_87450EA8CD55,0.6451496977909756
CC_87480F785786,0.06508904661741204
CC_8777EA6EBFD4,0.04847471066616527
CC_877A35E76904,0.08707801433163506
CC_877B37D01563,0.1323575927761407
CC_879759A5EFB8,0.3538890448573006
CC_8798AF2651BC,0.1201543967970728
CC_879989FB3B92,0.5775351803145623
CC_87A3BECEE5A4,0.1383081116104941
CC_87B7CDF4BDDE,0.042394960089010086
CC_87C13E620006,0.26782419332985535
CC_87E3AFB080F8,0.10848676997589947
CC_880044F77ACC,0.11290705001665428
CC_8809BCAC74A9,0.0449864082281438
CC_880E0019DB5D,0.036830707024852645
CC_880F027D886E,0.1199164248133537
CC_8812BC579F7D,0.07752076554613961
CC_88225FE57D82,0.23639233208040175
CC_88315318E9DA,0.34414656570075025
CC_883864E584A8,0.07451342020025163
CC_88469BAD58C4,0.055304213476797884
CC_8854EE679596,0.0786663288273786
CC_886273CC4072,0.07785342702889483
CC_8866B6D4524F,0.286269969232389
CC_88A943606806,0.29194088746895797
CC_88E916A3F984,0.8248806908409722
CC_88FDC55C31A4,0.10777135529052242
CC_890D5EE59076,0.03924101409628599
CC_890F721517F2,0.09769608958380974
CC_89129D16418A,0.3155787668208505
CC_8917F02F9326,0.14655582080360138
CC_8920B6584A43,0.077721830451023
CC_8929DF270419,0.7046653013197326
CC_892B119F0E5C,0.15215561327344476
CC_89302456B9D5,0.661098241740564
CC_893FAA6D1F04,0.7344570340009966
CC_895AF697BFBB,0.2648090567385587
CC_8961FF892F79,0.03598050669479515
CC_897674493060,0.07940753063083575
CC_898AFCD28B03,0.12707345919764337
CC_898CC919D10F,0.1976463329398562
CC_89A711195EEB,0.14342600606444594
CC_89B4DF07DF12,0.08173696571019505
CC_89B941079E10,0.09454414760958701
CC_89B97E9FF67A,0.11561008343924761
CC_89C5162E8055,0.19986822582891692
CC_89CA0F1E2DBF,0.23898598438473165
CC_89DEE29A78AA,0.11231961481397561
CC_89E089707730,0.13830990030498802
CC_89F0B865A6D4,0.12629516863390963
CC_8A04C5D4D02D,0.0676219603096015
CC_8A081AA1FB92,0.37976625413898735
CC_8A0C640E7A89,0.55945040402955
CC_8A12B68246A6,0.04526291746892936
CC_8A14A46B280C,0.15579992333788947
CC_8A165A18560F,0.26244970031025205
CC_8A19196788FA,0.07772777077534387
CC_8A25FA445037,0.10829079122244485
CC_8A29EA87B295,0.13506016408588634
CC_8A2AC87CB22A,0.06056344904475741
CC_8A34634E7423,0.6040649893658571
CC_8A38BC1AFE57,0.07556312015581604
CC_8A4CAF0CD0F3,0.1012330241638057
CC_8A5A0429CAB0,0.13914595968086532
CC_8A6E60FAE870,0.07795846446572713
CC_8A7DA054E397,0.6906204584500671
CC_8A7F5FF4B421,0.2638045337929822
CC_8A8249A44847,0.14703975726938853
CC_8A8BCE16DF45,0.10756198788150956
CC_8A8EC764734B,0.07831933324702224
CC_8AB553BFA00A,0.09729325172189579
CC_8AB57DC077EE,0.6586258211110183
CC_8ABA5808D313,0.06890755231800359
CC_8ABDD9A05C87,0.37425170428784965
CC_8AC7520DBCCF,0.15756210941955795
CC_8AC7F8BABF28,0.07342099095616955
CC_8AD67FB3A5CC,0.7633660819932077
CC_8ADDCF5EDCC1,0.10768580354091921
CC_8AF1C3A0799E,0.7199735828595272
CC_8B388FAED0B6,0.12213434774236966
CC_8B46CA903D09,0.03572331138373595
CC_8B5819403FC8,0.7101189505362691
CC_8B581B8207A9,0.12655503647574892
CC_8B6DBEF19F46,0.14574725245758682
CC_8B8326C4C229,0.11135347485533738
CC_8B850FDCFC83,0.08052065044184906
CC_8B8F41F19B72,0.07436354891136888
CC_8BAF98C60957,0.1309204905377901
CC_8BB0824B181E,0.05530878912451289
CC_8BB963DAD9E2,0.18953147261459763
CC_8BBF5F939D7C,0.1327334800361041
CC_8BCBDCF4DFF1,0.12631070725183438
CC_8BCE343561CB,0.7585239899860552
CC_8BDA87361657,0.09617731026472924
CC_8BE68A4DB87C,0.07818369436803106
CC_8BE9BBD879A5,0.05240646048274103
CC_8BED85B91011,0.34471941320183996
CC_8BF68E552DA2,0.20385801453319122
CC_8BF832E6464E,0.8128558824444718
CC_8C1561920E84,0.22033592101146623
CC_8C2A7D9A667A,0.18635336411352604
CC_8C3A5DFE70B9,0.17196171513463188
CC_8C534CCBDA4C,0.21750708126146343
CC_8C6472A3EEAB,0.06039852291800999
CC_8C6B4854D16C,0.21987023407714434
CC_8C76DE4F58D4,0.06376974315216805
CC_8C7DA3F4F88F,0.061621079492691376
CC_8C8527DE7DD7,0.08234099866328558
CC_8C9416612FDE,0.37224350423351005
CC_8C9973F02AD6,0.3858415499223477
CC_8CA1DB61A2AC,0.06286899558984194
CC_8CA59CAE22F6,0.19035075260756726
CC_8CAFD04A6EDD,0.10474344540772457
CC_8CCCC389913B,0.644758588173249
CC_8CCEF12DC7B9,0.1802386769136299
CC_8CDCD714BD1F,0.7536256081100297
CC_8CEC7987D1B1,0.08638338048162596
CC_8CF621ADAC0A,0.21740197312385978
CC_8CF8FE2A4B82,0.40245180999138525
CC_8D048396D9D5,0.11864544455770415
CC_8D1089C58563,0.49946761212184293
CC_8D35A37FC4B1,0.14263069584116503
CC_8D41E12FE5B6,0.16470885697926094
CC_8D4A859839EF,0.14505145938456748
CC_8D4AD431C55F,0.08530843852647703
CC_8D4D882CA579,0.12356120227631005
CC_8D6151025078,0.10571382576975029
CC_8D637233FE54,0.15046648078114083
CC_8D6AEBA2D7EC,0.07891836379932105
CC_8D6E16DED971,0.17550991687075876
CC_8D7329F79BBD,0.5376577966518833
CC_8D7B7307C43F,0.1032765978643943
CC_8D7B9D4936EC,0.7332898704659491
CC_8D80B1B44AE1,0.45954402889374646
CC_8D9516D61143,0.4395345980830242
CC_8DBB8445786A,0.10297916187009584
CC_8DC5B86D9DCC,0.7374134117333427
CC_8DC6465998DD,0.21031743918029158
CC_8DDD0EDA9CB2,0.1553555095542163
CC_8DDEF0265CB4,0.06076769614673358
CC_8DE06BEB95A1,0.08578568011590917
CC_8DEBB5B14A14,0.15108813539867716
CC_8DF5BE7F759C,0.0666829106092144
CC_8E0ADCC71F85,0.053388943127197705
CC_8E0BD86F6F0E,0.10774738548500151
CC_8E143BFCF3E5,0.1080227702198513
CC_8E170A60D71C,0.36280088016817647
CC_8E1C3A21FAEE,0.11194118375464063
CC_8E408E18F060,0.1081312579912212
CC_8E42FB163DA5,0.8139050241796337
CC_8E47536D29BE,0.2872056705591134
CC_8E50AFFC5BBD,0.05060017355067974
CC_8E5FB1035354,0.17444088467754826
CC_8E7B9B8DD1A3,0.10238525079672055
CC_8E85B08196AF,0.041031445391227994
CC_8E96FC75AE5A,0.08266628347854908
CC_8ECAB5A6C7B9,0.06819321848766323
CC_8ECC4C7A6638,0.5393801388305675
CC_8ED6F13C35F5,0.16224020713270923
CC_8EE5E9467038,0.16006271806442857
CC_8F037E5AE692,0.05196235292191426
CC_8F1A418D96B3,0.2502655702022865
CC_8F1C4014F91A,0.11993449707535835
CC_8F30A5FC9D49,0.10690069461009603
CC_8F3456F298F7,0.22815061696130362
CC_8F393D485C29,0.11048591568697964
CC_8F4A41130110,0.05033813853461457
CC_8F7AA6E4D486,0.12290580140855503
CC_8F887BE25314,0.1387278486675485
CC_8F90CD1A5E00,0.15855269154069743
CC_8F9B26042C4A,0.10564948832221738
CC_8FA9423E65C6,0.09724543470250827
CC_8FBA6C32E0A5,0.3047160664105926
CC_8FC1C50C41E7,0.08606543441600639
CC_8FD005425792,0.06989606735015048
CC_8FD6A223135B,0.15330220592449223
CC_9002450E1B5A,0.05302559466239032
CC_901CE62199C7,0.3773619075129381
CC_901D2136E1F9,0.14559545038735386
CC_902648F62345,0.161586218566724
CC_902BF0612E70,0.11363658367694442
CC_9036F7423277,0.1638036753873887
CC_903AD2767BAE,0.7260945126102767
CC_903E4BA690FA,0.2763096252761985
CC_904386E31210,0.061447875517695295
CC_904EA6C846F8,0.4209804580097206
CC_90549DD3CC39,0.1380961621751849
CC_905739E5494F,0.08578401346405864
CC_906F852C69D6,0.658061441597833
CC_907911F4930A,0.28769623307908476
CC_90798A7273BD,0.15666869527649596
CC_907F3A8AFCFB,0.08513568893347646
CC_907FA7722881,0.10344415537342891
CC_90812D9F30FE,0.10867949140431046
CC_90870A89F310,0.0489119858616295
CC_90894CA021C3,0.6556842626029494
CC_9092C5EBF5F6,0.05567301529917751
CC_90A10D649D9C,0.6707346159409604
CC_90BF8E127519,0.6044859784170588
CC_90DBB385A7F3,0.7321972732212562
CC_90EAD308012B,0.31706108237984976
CC_90F4BF0B868D,0.1501251534338247
CC_90FA39516EAF,0.0856890857098762
CC_9117894F31C2,0.20074229412392883
CC_911ED63BB556,0.3433470345190025
CC_912730AE6E8F,0.27902336919088677
CC_912CA7EE4C26,0.11375063140126673
CC_912DA46AAED2,0.10257172038829868
CC_9132E67EA479,0.14624930820098656
CC_913D95FB31E0,0.17269843111611963
CC_91529F20D461,0.7743564052645817
CC_91586318C780,0.04637596962306459
CC_915F2708219D,0.16008834676955216
CC_916CCF9CBC08,0.03587586495477567
CC_916CF77A29CC,0.10275889410666904
CC_9189E4FF82C5,0.1452452546941086
CC_91A27CB6139A,0.15435374562540313
CC_91B7A4A15A37,0.6291785219984797
CC_91C2077BA6D7,0.07446155587609211
CC_91C4CC43EEE5,0.16130464409052322
CC_91C55BE33AC7,0.05845276801914801
CC_91C81BC58B49,0.06882420266841763
CC_91DE12EE18A7,0.37367288871847865
CC_91DED13CDCD9,0.12875745438224373
CC_91EF639761F8,0.1386384145170414
CC_91F23A7E743A,0.3773442443163273
CC_91F4C5E889C7,0.7229567629117932
CC_920E91EB28A7,0.17089488877665482
CC_921481F5F77E,0.10312029392896378
CC_92221DB27176,0.17843924496912786
CC_9224D5677C66,0.12560852094743272
CC_9230B9656F93,0.18968660797259307
CC_9231D0F8A993,0.7074451492621787
CC_923727159A8F,0.05626468199043511
CC_9248706729D9,0.04823859362256138
CC_924AEB5DD991,0.16649182753955627
CC_9250BA851692,0.30970467662223866
CC_925BACE3417D,0.10569362696652368
CC_9260CD0D7C0A,0.12047870910648963
CC_9285EB21B38A,0.1098347555669024
CC_92A09F03DAB5,0.7938776173662386
CC_92BC35D7F9CD,0.10921347803782315
CC_92C5FE9E5B12,0.6877353518639443
CC_92DC8CF8C902,0.10176893979820532
CC_92E006664648,0.20764891417108694
CC_92E4EFB9F0DD,0.12202494144182442
CC_92E621E0298E,0.18757601319555656
CC_92F412AC7D22,0.08112522742561533
CC_92F42886B7E4,0.2164819754532033
CC_9301E23D376D,0.6109469000734833
CC_931133320380,0.19462924444022273
CC_9314B6D8B7F2,0.06824334206244015
CC_9337E3B43211,0.19692524958163854
CC_933E044F26DB,0.07270854792988192
CC_934BB89938A3,0.1157110996910374
CC_935296A995DA,0.1351854575358663
CC_935326AF26E2,0.19080794850995308
CC_935B72B8E7F0,0.05636895427970881
CC_936FF3C9BE68,0.04584534125726851
CC_937FFE1718BC,0.04280516304975296
CC_939F92AEE460,0.8017851321041227
CC_93A4365B25CF,0.8064012485767477
CC_93AB9D6A7EFA,0.07346173999856788
CC_93C719738590,0.8148089247421287
CC_93CB48930B37,0.19944691883732713
CC_93D24FAFD21D,0.0945734163438449
CC_93DB5F477493,0.08946477560832004
CC_93E1CAFAD44D,0.07627285684144142
CC_93EC9F853123,0.20324160601610797
CC_93FEAF515A8E,0.055055140204946805
CC_94063A67F136,0.31036207844424163
CC_9406E32819F5,0.06313414459821771
CC_940971CBC1A4,0.11722701732540626
CC_940ADC8DEA3F,0.14883751505922488
CC_940C7E8E0C52,0.22101766383789656
CC_941DD2E1DE56,0.15497828827801396
CC_941FC1FD0D55,0.19423304748121212
CC_943B720DB5BB,0.11690858466330833
CC_9440309323A0,0.09000043948308274
CC_944B461BC558,0.07851192005364833
CC_9453654BACE9,0.19353833834517042
CC_945888CEAF10,0.322630895158676
CC_9458D4A483A8,0.10892834904590012
CC_9464BA7E98B9,0.0920793622157993
CC_94794B478A5C,0.3775173076310725
CC_947E58EFF90A,0.07365597073398628
CC_948537FC17AA,0.735291011265153
CC_949576D25153,0.08670672161954959
CC_949B8CEAD619,0.08724563631896759
CC_94B4E05906A9,0.13825893787850851
CC_94C3B6F3B0CC,0.15910374733694876
CC_94C3D9D8FBF3,0.6453600814919708
CC_94CD530B2099,0.07720922344308848
CC_94E9D1E527E6,0.04944699251023477
CC_950450C0845E,0.3593424204195563
CC_95169A4360C6,0.050129234659215614
CC_951A69571676,0.05279345815334803
CC_95232636844F,0.17260064630438623
CC_953A5913EDD3,0.1510685483971424
CC_953B678083F9,0.07859459176654933
CC_9541BD0604B6,0.1515135336291925
CC_954404C1BEE6,0.4018837502482375
CC_95444ED71872,0.08862370363344653
CC_9544B86C78A6,0.7462688226966089
CC_954AD7E7C8F1,0.13944495032086748
CC_95525CC6C854,0.15678405527524264
CC_95573B318A91,0.039495134311143876
CC_9569309DC18E,0.0866599596643817
CC_956A2DF28600,0.21303545906511656
CC_957C7A0D7B72,0.3306237402574295
CC_958BECCA0BAB,0.4266219989002895
CC_95A6C4DA2F12,0.6165358265662355
CC_95AB75B5BBBB,0.11806207736488243
CC_95C1274DD7DF,0.03848574882586123
CC_95CD8F6A8CBA,0.04236228489323829
CC_95DD4DC604BD,0.17668669612937746
CC_95E1AC08266F,0.1284536677441304
CC_95E3DDCB74EF,0.0654020775706285
CC_9601384AC971,0.46274684999347737
CC_9608A73A8025,0.14705452645379904
CC_961F3BFBDDAC,0.8425185622161785
CC_96206C1277EB,0.2778137473038432
CC_96396AE6347C,0.1572540057406195
CC_96416D2A937F,0.21380549325186132
CC_964C2E0B00C1,0.2146577257712154
CC_9657A2A04BAF,0.23541684079671918
CC_9662D713B7BB,0.21787637973108273
CC_9664F83B7F1D,0.216835703896959
CC_968AF836D0C4,0.05669475801196507
CC_96A6735A4317,0.06980045940652621
CC_96BC62A4A0AD,0.19990714155016384
CC_96CD75668A6C,0.07966373800730717
CC_96D928252719,0.38107469167251184
CC_96E40BDE9A6C,0.12390940125513536
CC_970116768415,0.2332161159970637
CC_970E94875C2B,0.7422779554608088
CC_9721C8A61D80,0.08143905348754846
CC_972313B0F814,0.15531609884388514
CC_972FD8FFFF63,0.5177190163717325
CC_97478A77EC17,0.18825192114820025
CC_974D14774BD8,0.065816019400973
CC_974D86BD39FD,0.05776270096253749
CC_97508465AB76,0.13144721572709547
CC_975689C0CD6E,0.06883485858626076
CC_975967702106,0.04768496776648513
CC_975F3F07ED23,0.05590092130941237
CC_976E0D9A64ED,0.38063095195099395
CC_977145B2B363,0.42680291751503685
CC_9772CABFE1D2,0.7863341016327386
CC_9773C1E6AC8B,0.6291442094159518
CC_97832657396B,0.454654677535299
CC_97963C337FD3,0.5307400726143877
CC_97978B581F20,0.18531870431606776
CC_97A9ECF23955,0.19990689582562718
CC_97ACD6D965F3,0.1134040165460687
CC_97C69AF6E34B,0.7470796115660248
CC_97D0E7256861,0.6475653606678649
CC_97DEBFBE2BDE,0.3055321248594746
CC_97ED469F2950,0.11696774142158925
CC_97EE84ABA6BF,0.24548341635483134
CC_9801B22BF375,0.12111854161965098
CC_9803B6D4D780,0.2605470837548137
CC_980E90C8A301,0.1203149619431083
CC_9814B3D08A69,0.06756058832861349
CC_9821BD45BB0D,0.17266257459733175
CC_9829FA0350F7,0.04312156336937805
CC_982CAA309A38,0.17821815146699088
CC_98346EBF382E,0.18243658384278114
CC_986698CCC6AA,0.11429287727522187
CC_988FC580CD50,0.11382093973904941
CC_989795BA3DD2,0.07933036845711687
CC_9897A1DFE807,0.07937779165134756
CC_98A2C8F4E956,0.07336414013821681
CC_98A3E6CDC707,0.1523040885553846
CC_98CE15EE1565,0.0785122214673182
CC_98D036D16215,0.07046179620077024
CC_98D09B14EE3D,0.4267314178396324
CC_98DB782DF852,0.0593227753845781
CC_98E2EA67BC97,0.06497349097774444
CC_98E6E7CF74AF,0.0750370756644176
CC_98EEEB2A83DF,0.6895405527680526
CC_98F3D3194788,0.11243126481134123
CC_98F8A8CF4F9C,0.34731540935571753
CC_98F91BAB57EE,0.17689070016196007
CC_98FA377070FB,0.16223998789656055
CC_9900D0479959,0.2837140825924205
CC_99061A735C6D,0.19332357858402247
CC_99093EC1A2C2,0.11797345332752568
CC_99376CA4DC26,0.040709878918341734
CC_993A588895DA,0.12549707246053252
CC_993EE6417CED,0.08973774649311421
CC_99559319913F,0.04773712026613663
CC_9970123DCC41,0.35964628755844097
CC_998BB6848FDE,0.10330367755075646
CC_99958287B2A9,0.505813573788232
CC_999BAB2D16FA,0.3547810144019055
CC_999C7029261D,0.6833126548763325
CC_99AA61D1896E,0.07400296169854939
CC_99C03E7D99CE,0.05123818310100036
CC_99C62022794F,0.0887967743231019
CC_99D46BE6593A,0.15670699225651258
CC_99D5A5371B39,0.16214805842816155
CC_99D79709AD9F,0.7413775597579264
CC_99D7DDAA460A,0.13763429953095543
CC_99FC44B3C58A,0.11227922551206915
CC_9A02B2A17C07,0.08738952983104338
CC_9A05DE55D408,0.1657294233471034
CC_9A0C42AA09BD,0.403160493810965
CC_9A2B390551F6,0.05297504867614958
CC_9A2D66206BD1,0.533413142625286
CC_9A366E181FA0,0.1469964898445856
CC_9A39365FA850,0.6085411491439918
CC_9A42833BA860,0.050728660070400305
CC_9A4911A0140F,0.08995248671479422
CC_9A4FE1E8E0C5,0.41093061903520417
CC_9A51017C734F,0.35829541742110654
CC_9A5DCCD62D0A,0.3127502718880823
CC_9A602F492510,0.15364645816760708
CC_9A66BDD34B89,0.05137756754153796
CC_9A6AB0AB1E67,0.05746028529510256
CC_9A7049ED5656,0.5788307593040845
CC_9A7AF31828E5,0.09361153215003415
CC_9AA750377C6F,0.0993199771816029
CC_9AB359C82202,0.06029737296328719
CC_9AB7BF77EE83,0.7722407962221006
CC_9ACAC8474B9F,0.03599640710281061
CC_9ACCA4FB9101,0.05661666660053252
CC_9AE1529AF9E0,0.1436907154336307
CC_9AEE181F1156,0.2512030675844144
CC_9AFD130D3725,0.0966225347595485
CC_9B09C3353732,0.09022232924494668
CC_9B0D37817EBB,0.10178573548628807
CC_9B290B59155F,0.3572031426419019
CC_9B2D487C64B0,0.11776357153669403
CC_9B3DEC76ABF7,0.05786685662857712
CC_9B4F778D0A6E,0.14356031473936576
CC_9B581A92C2A3,0.41449511026410124
CC_9B5CA8C38414,0.1825906845034278
CC_9B6E82167593,0.2025532804651793
CC_9B6F6B2BCC05,0.3056392880637546
CC_9B7FC3DA1594,0.36647247927642806
CC_9B957DC280F6,0.1903071414490656
CC_9B997DF20042,0.35525012666845424
CC_9B9BC4B83736,0.08133448855280052
CC_9BBE1A16C04A,0.1597226391899902
CC_9BC63F1A568C,0.28474473300834824
CC_9BCB0166227D,0.2202262119843938
CC_9BD3DC96ACC5,0.1548257005702898
CC_9BDC5A0E43C7,0.4179710064264519
CC_9BF9485A3F9D,0.24292735456319953
CC_9BFE93FF2145,0.24486200093269864
CC_9C0470A0536E,0.20855141239281214
CC_9C205AF09E47,0.5282584065094609
CC_9C30DC5C1E46,0.06234939111939045
CC_9C325B6CAD11,0.05367817263926471
CC_9C4A200D0BFB,0.45865841555354314
CC_9C5EAF238007,0.2527970879821855
CC_9C601C6BBD37,0.06617483323544691
CC_9C606C2C92CC,0.06725228794184175
CC_9C6192D3A16B,0.07246206206470827
CC_9C84FB9B1469,0.06520576418971925
CC_9C989433D637,0.214328047099558
CC_9C9B2FEB4937,0.18013374635270366
CC_9CA7FBE1DD54,0.13695280696547502
CC_9CACA50F80F2,0.1739513989240191
CC_9CB40D552388,0.0676025954763954
CC_9CB8127D17F0,0.04544133212156432
CC_9CB9CE2989CF,0.7060829742796377
CC_9CCE51CD83ED,0.8290343439295833
CC_9CDD2F3D0BE7,0.04805500873631189
CC_9CDEC693AA99,0.39885096855624613
CC_9CE9091AA9A9,0.22286723638197667
CC_9D007C60D29F,0.08304606778929637
CC_9D017774D4FC,0.6249304369233919
CC_9D095EC1F232,0.279485627702687
CC_9D1A1281C8FB,0.3392426214898401
CC_9D23F42B7996,0.46228812655233786
CC_9D2FBC479646,0.6711192921808434
CC_9D363365CAFD,0.08508288786393599
CC_9D44E4543573,0.15982656642014692
CC_9D45F67E3B01,0.07964327536023191
CC_9D535DD207D2,0.07920223357246757
CC_9D53ED53A15A,0.5594855495711817
CC_9D5D97AEE98B,0.5469343998661287
CC_9D5F2A5B6913,0.07985884969149341
CC_9D6BC1C470B0,0.4705317938209925
CC_9D71FBDE765A,0.04883534806259323
CC_9D73939E357F,0.15835711373700528
CC_9D82F401BD88,0.6229200610948689
CC_9D8B4454BE84,0.2830633639655658
CC_9D92537645DB,0.07683659964877436
CC_9D95ADE03ED1,0.16107170101943988
CC_9D98FE7A1809,0.05002617780638728
CC_9D9D59757786,0.057228259149220174
CC_9DAEB38616AC,0.1584543681094935
CC_9DD55CC0E928,0.031037823492379484
CC_9DD6B460CDFB,0.2860424375661536
CC_9DD80B5E3729,0.09412704128509616
CC_9DD82B4310AC,0.38188239055012246
CC_9DD9389E8AE0,0.08944396762493151
CC_9DDA8ACEB3D8,0.08462830707049124
CC_9DDCD898D01D,0.11787923359478356
CC_9DDD90B42A27,0.80929908559601
CC_9DF1807A4316,0.0453525282312107
CC_9DF786FD2620,0.4664018844508845
CC_9DF7B9B3C8F8,0.08621217178600847
CC_9DFF6E2AC586,0.14779082549489903
CC_9E0546BD7BD6,0.13600390789519431
CC_9E0BE8227931,0.10791383700036053
CC_9E1A205BA261,0.4137448754956465
CC_9E2967559B00,0.06341062491653182
CC_9E323A031449,0.7228755126246412
CC_9E377CC03D51,0.05964782069841632
CC_9E3B83584C12,0.1357766693573258
CC_9E3D46FF5709,0.5768833612346712
CC_9E4FA91B86A9,0.08318083968113507
CC_9E53534DCD6B,0.14449869453169592
CC_9E73656FC8C0,0.6990927154124336
CC_9E7430675033,0.21875176424066492
CC_9E84CACDD7B6,0.40122966752398825
CC_9E84E0E4C5BE,0.29943320428941794
CC_9E9C65275B4C,0.08672304302356043
CC_9E9CB6473D59,0.22291532033612513
CC_9EA4F11BE6C2,0.15459016732934697
CC_9EBE3F26F2FB,0.06983368383151083
CC_9EC23AB6C573,0.31981547999119964
CC_9EC34DDD0E53,0.06022430300098767
CC_9ED8EDFE8C55,0.08782645039852213
CC_9EF352F179D2,0.11011970703219526
CC_9EF505400F8B,0.6492744844151236
CC_9EF66D83B743,0.32974480343742935
CC_9F051572BFE4,0.21691651645385276
CC_9F151A782BAC,0.25335975540121525
CC_9F1A5DF4619C,0.4889422116518163
CC_9F1BF78ECD7A,0.08189954930029796
CC_9F263092AD72,0.14296097639029065
CC_9F36EC36A9E6,0.09777930204739438
CC_9F3D52242888,0.15448263520608882
CC_9F41F312CDBB,0.33764360163866897
CC_9F425167F9ED,0.17421210250334088
CC_9F6981E0009A,0.2919418807075641
CC_9F706DFE0AE7,0.03719675498369701
CC_9F7B525DD52D,0.3424092940973668
CC_9F8D5A5A9DAC,0.17715135714548177
CC_9F8FAE57E6A8,0.11121268559011813
CC_9FD1AB8E65FE,0.05048256844160508
CC_9FD2689202D5,0.1493663112415796
CC_9FDBB5C2CD09,0.04458626062609381
CC_9FE52BD71CA2,0.094288870259416
CC_9FE8E62EB24D,0.09241845989672214
CC_9FEA59AEA00C,0.25281555334090433
CC_9FEA77B36A29,0.34999817065831523
CC_9FEE9701D16D,0.2432287814213632
CC_9FF35BA60E6E,0.2884123761133135
CC_A0003F08B22E,0.1485186358040187
CC_A00AE2543224,0.05297176180330793
CC_A02A29DECDC6,0.08569323447325825
CC_A0336C21117C,0.6612633922103146
CC_A053B42BBE0B,0.07403654938982303
CC_A0591F16FA37,0.03712521072729756
CC_A05F962C80FF,0.16163295363019559
CC_A07B0549E53F,0.06977547289256456
CC_A09F230CCF5D,0.6451115995330939
CC_A0AED6346ECD,0.1783321791273799
CC_A0C4A796643F,0.11913426723117357
CC_A0D6DDFB430F,0.06612284032702861
CC_A0DF672F9C4E,0.12084558183874684
CC_A0E8C7C5558A,0.2909324074378185
CC_A0E9269DF22C,0.43009699483550634
CC_A0F1DB5CB28C,0.09674267230572493
CC_A0F42B26F8F0,0.052355243661139216
CC_A0F8F80EDFB0,0.06929910859302926
CC_A10AD9550E4D,0.0354406596599023
CC_A10EB26E5EE1,0.15730617796934476
CC_A111B065F623,0.06841754634298315
CC_A113D95B4AB2,0.12986101016527263
CC_A1320C0F0129,0.7542029821042545
CC_A1348D850EFD,0.743683656231546
CC_A13D08B372E8,0.05849189869206035
CC_A143E64BD9D6,0.34039680065219025
CC_A14B0A24DC3C,0.11264791562488646
CC_A15137F25F7C,0.07615520952286887
CC_A152DBEC5BE7,0.05772983952169691
CC_A1591CFF6D81,0.052515989715171976
CC_A168CCB582C6,0.3465295954646915
CC_A17DC38133CE,0.7690599231452634
CC_A185D5EA3DE8,0.6257609786883374
CC_A19C842508E0,0.1273332045323815
CC_A1B648DA406D,0.03698754333104973
CC_A1BF7028CAA8,0.03266145125295168
CC_A1D035FA36E1,0.09835606439329878
CC_A1DD653D41A7,0.09432676936946509
CC_A1E3AD4B934C,0.2873259745591321
CC_A1E58421CE87,0.06623108040623114
CC_A219144EDEFE,0.07448551248067166
CC_A21FCEEBB3C3,0.4576734081177544
CC_A220E4278D79,0.06510192581461038
CC_A2231BDC961C,0.23073312849594732
CC_A234E219EFC7,0.3838194719398154
CC_A239B1BD81FF,0.07651787253317044
CC_A23D8CFFA31F,0.07887322559697174
CC_A23F463F4B4D,0.04896367818095672
CC_A23FFDC4A7A4,0.08831088161864137
CC_A2423E273F84,0.10694015991743247
CC_A2493E6036AD,0.3082645478499601
CC_A25C54470CED,0.1022487390215369
CC_A25FA690BBBC,0.1143432707490767
CC_A2636CF7C075,0.10962117935350729
CC_A26C22870E3D,0.4560948271791353
CC_A26F6A272B3F,0.10393810292604032
CC_A27CDC9BCBAA,0.1794822814889133
CC_A27E5269DA60,0.12965729849402002
CC_A28D4A46B6FA,0.11485593631405111
CC_A28EB319030E,0.05586729296377429
CC_A294D3A59462,0.7721268865955201
CC_A29D8034C304,0.08068955655059384
CC_A2A109409963,0.05562096235900974
CC_A2A4FA5F9962,0.10889399612346538
CC_A2A7E30C59D0,0.16116753063229455
CC_A2B5D2D4E269,0.5633114256033649
CC_A2BB24180208,0.2722379516685244
CC_A2CF1DFEFE46,0.4475643230837753
CC_A2D6090EA5B8,0.130768801827836
CC_A300BC40BC9D,0.04544425424125427
CC_A3212501F639,0.203966200793605
CC_A3278A566572,0.05796971505457439
CC_A327EBE4F783,0.1823754266503007
CC_A32FB6659B01,0.08306375149829176
CC_A33915EE72B6,0.13078222493516484
CC_A33D350BE79E,0.16874933670847264
CC_A3553B8AA8F6,0.09192815799464914
CC_A36EB077BF3C,0.036238062600286364
CC_A3753EB66DEC,0.10983215170866854
CC_A378342AC9BB,0.17780022928414904
CC_A379E9455C60,0.18416022795825426
CC_A387ADBD7249,0.09672745477122503
CC_A39E961FC29F,0.19945196794017203
CC_A39FA1EF0B16,0.2825296386919141
CC_A3A4E39FB04D,0.18070388479029867
CC_A3A751BE68D2,0.05083642946989137
CC_A3ABB3C5E9D5,0.6665501847647981
CC_A3AF9C2C68F1,0.18493307602233583
CC_A3BEA14873AD,0.1296299611251698
CC_A3C2FEE13C37,0.11962791097215741
CC_A3D6435D5F17,0.15228400369360817
CC_A3E3E51AD0E7,0.04862001879561663
CC_A40566694D53,0.23723053382584508
CC_A410C0DC7125,0.046616790292093854
CC_A42168D2B94B,0.07927418482446123
CC_A43CED9AFEF5,0.43820522819805735
CC_A4475A788D13,0.12036308856136949
CC_A44D677C0C07,0.05276794895089375
CC_A44E2673E71E,0.04762328054098004
CC_A44E79A96425,0.30720279223936736
CC_A462CA147DB9,0.12514801168894743
CC_A4660E424386,0.21398714635462193
CC_A476C9F116F6,0.15581655113401718
CC_A47C83B6EE2B,0.12627986991613688
CC_A47F8594678C,0.25750697922185417
CC_A48A7592F96A,0.05332732043531524
CC_A49195E659EE,0.06855823346790228
CC_A498A936AD21,0.09772810962439157
CC_A4BE6692361C,0.6304291547433677
CC_A4BF2115580C,0.07020927050229116
CC_A4CACCD14A0E,0.1312048333555331
CC_A4CE57A1AB74,0.07620515049641907
CC_A4DE4F1B5F93,0.15793030473859485
CC_A4E300558DAB,0.05589768222619048
CC_A4E972915D89,0.7309711919409141
CC_A4EEA04CF3D0,0.2054263371232843
CC_A4F400E9A0ED,0.059072991789595866
CC_A4F550D7F95B,0.20760211561639652
CC_A4FB91B1BF31,0.2278176523168693
CC_A500C1ED0A33,0.22592964653830355
CC_A50471962A96,0.6852977007470291
CC_A5161D8AA57D,0.12472413602333099
CC_A519C84307D2,0.07761224274309166
CC_A5277A9BE02B,0.671134461989862
CC_A53578FCEA71,0.12433732305074753
CC_A54EAD1CCE27,0.14598555445713388
CC_A5512DA239BF,0.1729022988261295
CC_A5545DF298BE,0.07477464471084268
CC_A556EEF3010C,0.4378324324655109
CC_A56756C65136,0.33154647898850326
CC_A5852E06D2D5,0.2838505459230254
CC_A5886994671C,0.1687839392542566
CC_A594D8B41A99,0.05805012035162462
CC_A59C6A6B71C3,0.06333862025379192
CC_A5A06987AF5C,0.1919280479606992
CC_A5A1512FEEFD,0.18098166618230496
CC_A5ACE4284283,0.15422480752746684
CC_A5B10F07BCD5,0.08493140551127011
CC_A5BC9ACDB4CD,0.08337775605391959
CC_A5BF8B260922,0.4580733671938249
CC_A5C52379AE06,0.2531737023425545
CC_A5DD4441568D,0.036966087554634125
CC_A5FE3BE2949D,0.05413119875688673
CC_A60EF94F09C4,0.3406704932211354
CC_A628BE74CB45,0.1248980675627902
CC_A6292E9B43AD,0.06733096389047592
CC_A638610BF8F8,0.11407068431182683
CC_A63BBA86CE9A,0.26971747921780437
CC_A63BDDAC43CB,0.0654455901937356
CC_A6409E37A735,0.14534024356266467
CC_A655EC341406,0.10832875090131948
CC_A6562E47BFC7,0.1804278404580447
CC_A6563A22D668,0.6934686650856337
CC_A6601278C1BD,0.11111320761751138
CC_A683678AC9FC,0.34951503892485475
CC_A6864FE80A94,0.10382983221205205
CC_A69117CC3C24,0.1364657912893766
CC_A69928C7D217,0.17376209062794643
CC_A6A8BAF7124A,0.24448556249154932
CC_A6B7DFC69AAE,0.5783744439826194
CC_A6BB595B55AA,0.08218406571985577
CC_A6C5284C4586,0.10072410413904573
CC_A6CB0D0191D3,0.1101640848082936
CC_A6FA3FA9F0FB,0.12249067833354219
CC_A6FDADD23BD7,0.0431262233840024
CC_A6FE3938F001,0.1807985446576236
CC_A71DB65F0BBA,0.6688296683727946
CC_A730F4964FD4,0.11228279597976705
CC_A73C02C58DDA,0.10421362317568053
CC_A746BC2289C7,0.314762592745592
CC_A766C3608214,0.1091408340260996
CC_A76F48111A8D,0.10997296891062608
CC_A77AEC8AD2D1,0.029971816651350614
CC_A781174166B3,0.19112286340230247
CC_A79024286DFF,0.07046841533315205
CC_A792720B875E,0.08725548800018715
CC_A7952C2BC5B6,0.06534588083959572
CC_A7954EE1A1C4,0.06314068860230398
CC_A7991E6B3CAD,0.19852961514478257
CC_A7B141DF4AAF,0.06460140845122324
CC_A7BE2CED0B93,0.04929642280953729
CC_A7CF446093DD,0.22582717071703468
CC_A7D1C6692090,0.08237114587305894
CC_A7D6CAB54328,0.4531292707496896
CC_A7D8D1DA4EA6,0.1254634689279313
CC_A8102BA6933F,0.06388034944202435
CC_A81C1EDC5FE0,0.08276957210454464
CC_A82C0FDDC303,0.26118097870557083
CC_A83F92C0CABC,0.13413889328742182
CC_A849B0F60EEC,0.06356652434260943
CC_A852AAB180D7,0.04678179529527896
CC_A8536626873D,0.1741948758989735
CC_A85F953FFD40,0.31791497459367496
CC_A865A3F1E28A,0.6598302691354773
CC_A867253FC73C,0.7043617850206277
CC_A877592FE1AF,0.06124445919147349
CC_A8AE26057851,0.16671036230114586
CC_A8D50530622B,0.1262781658437293
CC_A8D5C834B061,0.7673338031877469
CC_A8DF49EED27D,0.7934362896221745
CC_A8FB53A944AA,0.08575723861170308
CC_A8FF19BCFB18,0.15957191588293726
CC_A9042AA97760,0.06141122023484615
CC_A917D68B7F33,0.07014906748004433
CC_A925B3023F01,0.13958552003577102
CC_A93A49678A0E,0.690599862109965
CC_A944C14551E0,0.14524657629471924
CC_A949A4D6CFDF,0.03581649889000626
CC_A96085AAACBB,0.4818389937541456
CC_A968E7B519AC,0.5704715949205881
CC_A96F61DA3920,0.26956259970403557
CC_A98AA461487F,0.059137995329539214
CC_A98DE37F48B1,0.03532016757538972
CC_A99526CAE7B8,0.09698426528126974
CC_A9997F50D935,0.11922297713001226
CC_A99C3B09B728,0.05335001849547269
CC_A9A0DADE60F5,0.2541535433131223
CC_A9E27E0F8BF7,0.10397235006323162
CC_AA06B8C44B08,0.5795931831612838
CC_AA078692F54D,0.05742300603025933
CC_AA3181148667,0.1025638676770767
CC_AA36C8AD0AD4,0.09635740549029362
CC_AA36F0397FF6,0.07837834639227266
CC_AA3A8989A632,0.7015996710864407
CC_AA4A1B7522D9,0.08755847913815676
CC_AA4AE0378324,0.22220804997631352
CC_AA5E4D5A692F,0.16168523207439967
CC_AA68EABEE4B1,0.07636670274865082
CC_AA6B5A7A5B67,0.1010360222306223
CC_AA6BD423C239,0.39466309725017923
CC_AA7074B42A4C,0.5171512769305555
CC_AA7A7F3159DC,0.09138580019921316
CC_AA7BDEB972E4,0.12287782792153414
CC_AA83426311A1,0.07361470636871781
CC_AA8F7D307212,0.1291543279015036
CC_AA994120654B,0.07302027133001997
CC_AA99CC1D0A77,0.09938454075127802
CC_AA9DF917E958,0.16718093879092266
CC_AA9FC6678135,0.3372185896877864
CC_AAA47EC0D4CE,0.08231741672958433
CC_AAD9F600283C,0.12277706571200263
CC_AADF003A3927,0.08096789835141453
CC_AAECFE806C8D,0.19214696189017522
CC_AAF2022B9CD1,0.17139894137873268
CC_AAF445E4CCF4,0.06825556854979631
CC_AAFDCAA5CA06,0.6323124470598629
CC_AB0384E131D8,0.19015447032823346
CC_AB0A4F4A2968,0.1844901998943313
CC_AB108580856A,0.07244483475793215
CC_AB10FED15FC0,0.7963239175327554
CC_AB176233A184,0.05651752319121209
CC_AB250982887C,0.10006354125190338
CC_AB25C565EA6F,0.06352468368499112
CC_AB31BDAE74E0,0.1925012738477688
CC_AB38A76F5698,0.37643307612284876
CC_AB38F588BDD4,0.18729278634781035
CC_AB3DB55C9A2E,0.1331038824146946
CC_AB42A7DA8FAE,0.16988159498280844
CC_AB486E8855F7,0.09875172583752047
CC_AB4A79BF0F21,0.042325006279085226
CC_AB7472FE1C8B,0.06485535114364341
CC_AB78F64D1DA0,0.14087959504746192
CC_AB821E2FB031,0.056446305388412686
CC_AB873276D910,0.06040549349870457
CC_AB8CF3C05B61,0.11965351852686004
CC_AB8DD8448ABE,0.3366539839962397
CC_AB953366A38C,0.09485078501409974
CC_ABB193697B23,0.5967452849603364
CC_ABB3F0A040BD,0.12477895122485347
CC_ABB618AD3E52,0.2627975602192344
CC_ABC0DA7DAFA5,0.04143261969244258
CC_ABC49E43DF40,0.5970406759882598
CC_ABD89F61734F,0.10740887259551535
CC_ABE04CDC2866,0.5824016545940309
CC_ABE98746DB91,0.5158794782180921
CC_ABFDF22BBD97,0.07248279939669759
CC_AC0498A54CAD,0.17335440030689536
CC_AC1C23EA2767,0.34016205728231824
CC_AC1E028B2A1A,0.0938457793619739
CC_AC255B902EEB,0.15602339516487407
CC_AC44A88F7869,0.07273675546351877
CC_AC51CBCACA63,0.12752034163213166
CC_AC723E5F5EFA,0.044634110997308844
CC_AC7994A5FDC4,0.12646844388550826
CC_AC7EFDBCF2E8,0.7139954687104572
CC_AC8A45716CD8,0.13673715213496007
CC_AC8FB78319A0,0.04079482550222608
CC_AC95C517E726,0.08118856241550872
CC_ACA4C6C9316D,0.05878799186378674
CC_ACAD97A186F4,0.07445262785317525
CC_ACC12168D6A9,0.15218446043461484
CC_ACC53294D3A0,0.08578538132032469
CC_ACC6A74A8BEC,0.07794855620069727
CC_ACD94D2B1200,0.062282732742442955
CC_ACD988315902,0.043269641282738205
CC_ACDA59536C9B,0.104463433300448
CC_ACE5A4081F6E,0.19958972154001528
CC_ACF4F9A2CCFC,0.18138761433424153
CC_AD0D7D212968,0.32495434528970385
CC_AD131D09EB0F,0.12965525706506337
CC_AD13C87CF26E,0.21844750761584814
CC_AD2050A0C79D,0.16746978546544652
CC_AD276D71D3A7,0.3115365648096656
CC_AD2C54521FE4,0.19448550633286896
CC_AD2E59624FEC,0.3782493300987528
CC_AD3A36AF2840,0.2684285748513571
CC_AD3D286D0B68,0.19135029276274665
CC_AD46818E459F,0.60670366274369
CC_AD4BB2E22EA9,0.23659838875159944
CC_AD4F7F88242F,0.32059204824339577
CC_AD58ADCD54CE,0.6775443054483685
CC_AD71619FA389,0.12029274072535329
CC_AD84592B950B,0.07432565943962484
CC_AD9898C0E8D2,0.16211050623179857
CC_ADC70A21D661,0.3526787883384419
CC_ADCF16189AF2,0.226892118624577
CC_ADD894E6E4F4,0.33030531177305233
CC_ADE899835555,0.13982706344694507
CC_AE0D73A1EE19,0.3793546726062692
CC_AE0F08EA3935,0.1857290587211377
CC_AE23B59E6FC8,0.2854282740537199
CC_AE289E013D60,0.09816882274932541
CC_AE34D3F7F224,0.7660764389090332
CC_AE4069D8B4F6,0.1925333825834923
CC_AE4896E2BE76,0.6905045541671011
CC_AE51DCFE0671,0.07576766405085111
CC_AE69FEA8DA68,0.17730832850197745
CC_AE7C129CC90F,0.19310623904272348
CC_AE7CD49F20AB,0.16439889087230325
CC_AE89526E0335,0.15047426104408895
CC_AE8D62CF30C0,0.11241454665327649
CC_AE8D9CE8D6FE,0.05460255308157419
CC_AEB019CB9065,0.1548300741616268
CC_AED1D50AF584,0.11123505207181231
CC_AEE546316FB0,0.22400726735755158
CC_AEE5FA00FA6C,0.3774562774115158
CC_AEEC765D157B,0.044644103566252015
CC_AEEE44D6C8A4,0.031868288745075496
CC_AF14FF3EF570,0.3487184999642159
CC_AF1C3ACBA6B2,0.10338765345529981
CC_AF1E911C98B6,0.31420862847069686
CC_AF337F410520,0.09752133580213124
CC_AF3C7BC3BA40,0.10432920370516265
CC_AF41E4075C87,0.21598539460931712
CC_AF6B4405276D,0.7367575357781568
CC_AF78FE0BDBEE,0.08499665293065849
CC_AF8238D9082F,0.08531999471584437
CC_AF8CA6EE53C3,0.06754167955114847
CC_AF9AFA7C49A8,0.09471103523511663
CC_AFA1E3D3C685,0.16271991063014257
CC_AFA680030CB4,0.6221889779423323
CC_AFB351270B8B,0.04274094515725265
CC_AFC405AE0029,0.06785682019448759
CC_AFF90422E4FC,0.34363180564666246
CC_AFFBE2744B87,0.76366519369461
CC_B0043CA53FCE,0.09774219273830899
CC_B01B2BD4EFD7,0.2411718811300018
CC_B01E87EB9940,0.11329812919042563
CC_B0273E66E2A5,0.17546861665457889
CC_B03E98085A9F,0.08863665299938073
CC_B0420D8C42DC,0.4812136590464703
CC_B0497BEB9F6B,0.14815081358998108
CC_B04A5E60B69D,0.07083879961658039
CC_B04D5517A193,0.11440844094085298
CC_B05FF3A960A0,0.215869101553217
CC_B06A532EC131,0.2597377434112765
CC_B06D33A6761F,0.14211321266484606
CC_B074D4472CE4,0.04755720811464424
CC_B07CE95BCD88,0.3279204137131448
CC_B07D79368225,0.09836077576178555
CC_B07DD1ABABCE,0.7230117541622982
CC_B086C2D77820,0.1502182025735615
CC_B088DE9C9E3B,0.2869117761778887
CC_B0CD7932067B,0.119126470977033
CC_B0CF90073A5E,0.6328283949983594
CC_B0D397D86639,0.629926723447234
CC_B0EF4FD19FEA,0.10715420239615603
CC_B0F2F9514AA3,0.0925872512449531
CC_B0F3B79F51C8,0.15316124725214644
CC_B0F4041B1C76,0.03738771727397806
CC_B10FE31C61D5,0.11349868659039358
CC_B114E8F19D65,0.16706494308823605
CC_B117F0E3CAAE,0.14540746592395606
CC_B11D58F331A9,0.04257133910351067
CC_B1262188BC41,0.0863668017082191
CC_B12FFB2FF21F,0.08876409694000621
CC_B13253F34A9F,0.04374973697894574
CC_B137E2BBB53B,0.08740752343387527
CC_B13FEA7CDB99,0.05740636640968437
CC_B1481ED21111,0.0467288321899281
CC_B15BE5C9976A,0.24735666314517651
CC_B15EB6933578,0.06904812434614052
CC_B163CCB3BE4D,0.13392782311304388
CC_B16DC354FD71,0.3753354524023172
CC_B1777349EB15,0.15303510976858853
CC_B17C6CE0231F,0.27546567097516456
CC_B17CA8C22E5C,0.12212561500334258
CC_B18F3C9C30E4,0.12906749821078545
CC_B19CD93DDC96,0.07123427838416584
CC_B1A647674B84,0.11750847750381709
CC_B1AEC2E5E33B,0.21625909625255932
CC_B1B5C81AC0A6,0.05964812359153118
CC_B1B932EFD646,0.15073798391784252
CC_B1C3C0B52B88,0.25443564662118295
CC_B1C7216344F3,0.08424348686183725
CC_B1C982DBBD12,0.3414416880757346
CC_B1D81F8197B3,0.3465307931890552
CC_B1DF1DCBDC7E,0.579563818298576
CC_B1E2C36607CB,0.07202812916450746
CC_B21351C93D8C,0.15010792062905154
CC_B2174860AB11,0.7307821473359685
CC_B235818E6A04,0.16663500369611403
CC_B23CDE30F00B,0.07507106388873994
CC_B23DE4971DF0,0.4449049774660503
CC_B23ECF574D8E,0.06837880853636479
CC_B24C41DDFBDA,0.2172417342145378
CC_B25EC73B9510,0.13792422501560775
CC_B25F69904D0F,0.07492220838701844
CC_B25FB6C11D05,0.6513292287062665
CC_B264F2B92259,0.564641570326532
CC_B26B8FC23F1B,0.06402366645664677
CC_B272E29922B5,0.14904241295717682
CC_B27AA8E27BE7,0.1093226487447988
CC_B2A68FD3C236,0.08694191756977505
CC_B2AC50C00979,0.09359988868564276
CC_B2B16D7B821C,0.16401943219350873
CC_B2B32F1511E4,0.13211579086527947
CC_B2C241A93527,0.08224092531605913
CC_B2CB104FED6B,0.6397734061410648
CC_B2D352013F92,0.1251045419559883
CC_B2DF694BAB08,0.10484405353544472
CC_B2E993A9343F,0.20361786063014023
CC_B2EF61C93AB6,0.1361596151527371
CC_B2F94405EA89,0.1104992996473133
CC_B2FC07BF6251,0.05679180672951643
CC_B301A65B4164,0.12488422137830192
CC_B313E3A208A2,0.1659027983910576
CC_B318FF5D976D,0.1438993995773933
CC_B32AEF0A2299,0.06939514448522997
CC_B33BD3C618EA,0.09361625319556635
CC_B348627365A2,0.12356706669859278
CC_B35109450BDD,0.03949965827046061
CC_B3528B870544,0.10179003345914889
CC_B3530E7CF8F5,0.13886585353575784
CC_B35C5B1DB9C1,0.06912824276533498
CC_B35FF59389D4,0.21422646065369272
CC_B3812C6700F2,0.6339798194958348
CC_B38280B483B8,0.12303208591840689
CC_B38B694A18EF,0.4757546673560939
CC_B392BDECD913,0.34054682802487457
CC_B398DF1ABAD4,0.04016596264540307
CC_B39E75E151A1,0.12845009112052727
CC_B39FD0E249E8,0.05252536225966355
CC_B3AA0891CA5E,0.40162967232484326
CC_B3B1C8EBE5C1,0.12737437091929696
CC_B3BBA28E2D39,0.41641836321335884
CC_B3C4DB0303A7,0.08980437592529594
CC_B3D32FE823B2,0.040511235313356014
CC_B3DA429C6C8F,0.08905279942074638
CC_B3DC5786AB0F,0.18201913305419756
CC_B3EA537531A3,0.15452952164890368
CC_B4096D3A38CE,0.04431335491205999
CC_B41EADCCC95F,0.06539205828994535
CC_B421940B9A48,0.6404906219612251
CC_B42B3B83935C,0.8288676014310429
CC_B436B1CA6B2F,0.05898667731182213
CC_B439B06AF274,0.1999443380963655
CC_B4482E7879F4,0.06255368473986943
CC_B4660022C612,0.11096486231869883
CC_B46B899B4A63,0.10939272547831703
CC_B470280A580D,0.11651363996422083
CC_B471D3BF0C72,0.5367175221554289
CC_B4751DEE43CD,0.1561345713543692
CC_B482C254BAA5,0.059482616243862085
CC_B4889D036D3C,0.728436859346938
CC_B4950F811C90,0.14127938942166776
CC_B49A6DE7A340,0.2926631069082262
CC_B49CD4C13DE8,0.349628662330159
CC_B4A90370CA96,0.49006014587216595
CC_B4ADE6BC8A10,0.6863886141223073
CC_B4B6F805888C,0.047912771183320935
CC_B4B8F66BF4ED,0.6468573576872756
CC_B4C6F80DEE44,0.04879564617289408
CC_B4CCE78C09EE,0.17186856156946984
CC_B4D68D1C1C55,0.19954851608156565
CC_B4DAED63089A,0.14871030003804578
CC_B4DD9841E6FD,0.1997646814289819
CC_B4EF6743DDCF,0.08228041861780637
CC_B4F67F73D097,0.09519854855308027
CC_B50EB15EBA18,0.09454598290428824
CC_B51DCAAF4549,0.15792647864299572
CC_B51DFF8702D0,0.5360351656598417
CC_B520A001BF69,0.09812219504657003
CC_B529919BF24E,0.631297529976463
CC_B542342650A1,0.06461984155046077
CC_B54A106E91E4,0.0442106036251289
CC_B54CFFC21F2B,0.11255647776942304
CC_B55C134C04A5,0.2001229794099767
CC_B55C2DBF6D3C,0.21526977813334347
CC_B569705352B4,0.1090644366187648
CC_B56E74A967C3,0.05146059710343151
CC_B57519F33EEF,0.04401904809575232
CC_B582E4405D85,0.0880942931251523
CC_B585A11F7BA7,0.14130184360558315
CC_B59726D36AEF,0.17493153560755567
CC_B5995E4F1A21,0.11862301085396719
CC_B5AC2AAF871B,0.7508274601549446
CC_B5AD19125E1B,0.20958607115436306
CC_B5B1E42858AC,0.06398199233430316
CC_B5B7599E8BC6,0.07485240038204471
CC_B5CAE0595637,0.21225863115506868
CC_B5D49843A799,0.3359950130034372
CC_B5DDFC7AEE78,0.11652741023739366
CC_B5E29344F63C,0.20755572747988374
CC_B5EE5AE6378A,0.5664254398326178
CC_B5F2A93AD996,0.08680502169713414
CC_B5F611613A78,0.06798089485901287
CC_B6055039255A,0.7500391750780758
CC_B607B2B0AFB7,0.049228360566570324
CC_B60CFD0F39F9,0.08015670214940145
CC_B620087B1C52,0.366646651496939
CC_B6203BBBD151,0.10445769906523464
CC_B622662E664A,0.15565097676987757
CC_B62C9A2BC846,0.1492480536953284
CC_B636210548E5,0.36347025334935673
CC_B642C6714501,0.07435632796206194
CC_B64F81B8A263,0.14683724825815317
CC_B65CA581B9BD,0.15387560043286588
CC_B65D1B9B6F67,0.13670918574091265
CC_B661A8FCA431,0.048143524383511396
CC_B66AC40957D6,0.14224610759154263
CC_B672B35D1162,0.7450757751903313
CC_B68379D197F6,0.09374152260792891
CC_B6923D10FDA2,0.15524900121821544
CC_B69CC776BBE6,0.23551741208166393
CC_B69E50D76B29,0.09655835406864556
CC_B69EAA8C296F,0.23491540675806435
CC_B69F7CB8CDA0,0.08065604802362518
CC_B6B4AD157354,0.1605415374785344
CC_B6BD764CB8B9,0.2164471719889781
CC_B6BEC3F4BE91,0.14183674354723436
CC_B6C13F4A610D,0.2840411762530376
CC_B6C1C3B5766B,0.10727857526690526
CC_B6C72241926C,0.13955950083654511
CC_B6CB40E245D7,0.6166595172930219
CC_B6EE58A108C5,0.07146229849191833
CC_B706F631F5BA,0.04154837473678394
CC_B71DC1206985,0.158260878474398
CC_B72284CED807,0.1785880219015572
CC_B727865A5B5F,0.5854984956988277
CC_B72FD7EFA6BD,0.186221671129331
CC_B7365B5A3392,0.7533309897767545
CC_B73820D308C9,0.11948669386802885
CC_B743560D847F,0.08783842040743921
CC_B76EF26F7C9A,0.3373898929648123
CC_B7764FC130E8,0.4444907715871794
CC_B77B73B95532,0.12862644497482198
CC_B77D6653C7D4,0.04526163003609413
CC_B77DA6B77DEB,0.2697354031719123
CC_B783AE19622D,0.17795640508424831
CC_B78761738CAF,0.029213998652064227
CC_B787BA135B5D,0.32483973822065515
CC_B78B4449EA19,0.11058944749459036
CC_B78B4B7F80B5,0.22874683354096814
CC_B78BEE888CA6,0.092050125122364
CC_B791FEE1CF37,0.04313748112511974
CC_B79A58AA4441,0.10039882281185966
CC_B79BEC538198,0.13567261816953113
CC_B79DD53178D3,0.08086389048366838
CC_B7A7EFD85149,0.20862459935385674
CC_B7B5F2A15C41,0.11875242594976552
CC_B7BC46A7D4DF,0.0925212722903673
CC_B7CBC65D9AF9,0.5565659158758873
CC_B7D40C5C891F,0.07270928084730871
CC_B7D4337C4797,0.2900806725809525
CC_B7DA04826165,0.2823634127359621
CC_B7DC19DA1440,0.1601878312064262
CC_B829EC622F0D,0.5533178219134806
CC_B82B9C0C7B85,0.6501278992316921
CC_B82C55DEE5E6,0.3075823529806592
CC_B8475B977AD2,0.6578993524243275
CC_B84BD2F4EB01,0.2127786967706348
CC_B86DA7D69F20,0.0628551601871244
CC_B87989F406EB,0.18814185816431023
CC_B88B702183E7,0.038828774055196816
CC_B89B80945ADE,0.16027832525978142
CC_B8A3A44BFE8A,0.4274735575246916
CC_B8A7A6548AE6,0.17233085393317776
CC_B8A8FB83065B,0.1793670449467508
CC_B8AAC20D626E,0.19075633621910404
CC_B8AC99873641,0.07151469308154726
CC_B8C9673B7834,0.08198854379132396
CC_B8D5FEB15CC8,0.07542640001439133
CC_B8DA64A33076,0.6103948807334844
CC_B8E912A01706,0.6267847799982219
CC_B90869280808,0.12959568588692755
CC_B908EC99951B,0.2753379586906029
CC_B90CBF2A6775,0.07045670436406543
CC_B91080C1ADA5,0.3344845454779131
CC_B918FB42AFD2,0.19490803536605633
CC_B92CA425080F,0.10977916018023867
CC_B937F632B71D,0.15813258294730403
CC_B94477C20476,0.32965950595008203
CC_B9483A5C922C,0.11533366463927289
CC_B954EC1C63B5,0.31297924375854597
CC_B95580F93537,0.05716516023942573
CC_B96086044329,0.07290610882858037
CC_B96EB0A91589,0.1879180345787307
CC_B98357C70A41,0.6421981439995189
CC_B9929A66C2FD,0.6733277769470096
CC_B9BB52E4C529,0.10612788233082864
CC_B9BD45744855,0.7878400370936207
CC_B9BFDE4662AE,0.09500418003448416
CC_B9CEAF324145,0.04385538586406587
CC_B9E89F42B509,0.2107715879449629
CC_B9E8A3887223,0.21475400226743213
CC_B9FC67268C45,0.2165298827982936
CC_B9FE9DFEB3DC,0.10569080062970707
CC_BA041E14DD98,0.07114141209872
CC_BA0619F54427,0.09947930681850556
CC_BA15072C4EC2,0.2021626307505304
CC_BA183CDC5429,0.8266442695380256
CC_BA43646012D2,0.4526272898362054
CC_BA4F7E494E71,0.43906908286745877
CC_BA557F75E2DD,0.17958501040150282
CC_BA740903CBDF,0.12697568698448228
CC_BA77722A827A,0.5353544999364461
CC_BA78E47BB021,0.2220854657177786
CC_BA8C427054F4,0.03963533834782763
CC_BAA19F8D2563,0.0932954975884622
CC_BAA1BBFF8C6C,0.29912331302625117
CC_BABA44B5FB12,0.08389168201787864
CC_BAC25BCCEAD2,0.07008201629758429
CC_BAC74D0014D3,0.4580029265148809
CC_BAD99E36CC71,0.23750291383753505
CC_BADE7EB1D16D,0.7616666408477867
CC_BAE7410803AC,0.14363991517673583
CC_BAEBBF8054FB,0.1287387680578846
CC_BB054686B6F2,0.04959185797402587
CC_BB05D9DF72BD,0.06124126470797571
CC_BB0D54068D07,0.7767411372141402
CC_BB15DE5E0DA0,0.7543932304746395
CC_BB1A57AA813F,0.1446115617364695
CC_BB1CABE261EB,0.16721361050920158
CC_BB2BC46FCF61,0.2250866383278631
CC_BB2E5437EE04,0.04725676501210171
CC_BB2EF1FF6131,0.08115233512999608
CC_BB2F56C6BF57,0.1071562435324566
CC_BB35CEC5314E,0.09057585306207967
CC_BB39E3597B61,0.04723885408118464
CC_BB3A9EECD51E,0.08316775879709233
CC_BB44CDEE5103,0.19737520772486913
CC_BB458116ABA4,0.34799140176842924
CC_BB5F6936F6FE,0.20238057628362552
CC_BB666F8A551E,0.07038470202665573
CC_BB7355E735D2,0.11385990076464421
CC_BB8A2F186D6A,0.06939067218312724
CC_BB9FDED12C65,0.696920357963638
CC_BBA8C316C8F8,0.07968773340932832
CC_BBADC7DC73EA,0.20412073243108358
CC_BBAEA7980B09,0.4606766249654667
CC_BBBA078A6429,0.7711889590393608
CC_BBBFC3EC2C72,0.3960313374075401
CC_BBD34B3225EE,0.0357713284478236
CC_BBE6C58C59A4,0.4124877104684922
CC_BBEBBE1E226D,0.11570710419542127
CC_BBED56D34D38,0.1074275612797303
CC_BC0244FBDAF6,0.17836386666655915
CC_BC099E880236,0.13473121448602415
CC_BC0F05C89E25,0.12050319214850709
CC_BC1BD06C1085,0.09562878368518114
CC_BC21E8824A34,0.45102048568674447
CC_BC23655B2BF4,0.06256358154698412
CC_BC24F9024F49,0.06442006984044364
CC_BC2A58939715,0.08818709393487063
CC_BC2B90F226E0,0.19927898999343294
CC_BC31382964E4,0.05131121786449854
CC_BC31DA3EAFFF,0.11480626111597927
CC_BC3A6CF6FD16,0.1320153297947892
CC_BC410BDD9ED8,0.2483076940316819
CC_BC458960887E,0.1474634524843208
CC_BC484C329704,0.13678503581016865
CC_BC4D6D6D4553,0.3491720361173687
CC_BC5A59D88AFC,0.09625903038507323
CC_BC736DA19A00,0.1943138411256565
CC_BC7B9D13978F,0.1996736129833341
CC_BC84BF34D69E,0.29257831017748726
CC_BC95D473C9CE,0.17768754303997467
CC_BC96FC9DCFE7,0.0952205727721409
CC_BCA0D6159C23,0.19528030443915134
CC_BCAE73132BA2,0.07791458727112359
CC_BCBBF055366F,0.049440303847409627
CC_BCC94F494979,0.089894964833592
CC_BCF75F8B9A5D,0.12553090374140824
CC_BD10F4F15094,0.0820391016924651
CC_BD1A2052ACD5,0.7999187029285741
CC_BD217C39702F,0.3276014504979445
CC_BD2A9D4B9FAA,0.20313437493528794
CC_BD3EDD1630E8,0.05416913225023856
CC_BD4AAFE9EFEE,0.06597560652030708
CC_BD59D1252975,0.09972742511957951
CC_BD607BE97C17,0.10565071970681642
CC_BD889F165227,0.08909441610414733
CC_BD900B6BCF65,0.1774897814128369
CC_BD9967660461,0.41748394193115873
CC_BDABB99ADE2A,0.15069210975469474
CC_BDB07C66EDBD,0.4515764732236676
CC_BDB71DAAE50B,0.11158774428931997
CC_BDCB91FACECF,0.13759467671649347
CC_BDE1E398B4E4,0.05712335324435862
CC_BDE8D325637B,0.670164559078898
CC_BDE9E7F390AE,0.09530411553140952
CC_BDECF392D7F9,0.13966223217245202
CC_BDF401C3BBCA,0.1350337895921285
CC_BDF53C42C5BC,0.2459167809495498
CC_BDFE5778530F,0.3355389326961593
CC_BE05EB5976EC,0.757239916190014
CC_BE08A6D5E76D,0.05139885058331052
CC_BE146CE5BEE6,0.12240044241661074
CC_BE24C1EE877A,0.1115222614410669
CC_BE27E98C4BED,0.07913364632563774
CC_BE32DACBF6C2,0.11195410524640535
CC_BE3F52F9C9EA,0.13155484770356077
CC_BE3FC1024389,0.14925000453859816
CC_BE4595898BF9,0.10410226999014968
CC_BE4F1F53F4B6,0.0915710297115458
CC_BE648663620C,0.20106212178789049
CC_BE6627F3B9EE,0.6384947917297553
CC_BE673F70B591,0.32706785152482815
CC_BE704640727F,0.03716441386454085
CC_BE7295B354DA,0.35068616259527
CC_BE760A430ACD,0.16413995246147906
CC_BE8A340F3876,0.046519491558496905
CC_BE9CB8845101,0.23489500466426474
CC_BEA12286E57C,0.14183601395448442
CC_BEB24EB997CA,0.10953112123486466
CC_BEB80CCF2ED0,0.05508844485000052
CC_BEB86014B5BF,0.18260333903720014
CC_BEC035C8801A,0.12865354680167715
CC_BEE1B858F0C3,0.2778170710612275
CC_BEE664893442,0.17995690448700638
CC_BEE75A33F038,0.07318322888184678
CC_BEF22728402F,0.6860905213957984
CC_BEF8AB2DF19D,0.35043126965987514
CC_BF03683CC755,0.09903843867527089
CC_BF066CB8F7A0,0.15827977483100533
CC_BF154A9FEE8D,0.1512967709712006
CC_BF17E635C67F,0.09040969504032317
CC_BF196AFA6AE6,0.16786160533420866
CC_BF2012FCFE14,0.17998109410664004
CC_BF3733356D4B,0.46826473322985196
CC_BF376C8D14ED,0.5000696234016698
CC_BF3BF8B9F646,0.10392619647987289
CC_BF588A5FF18D,0.6752870528629169
CC_BF7C643B8874,0.0570088139215577
CC_BF8919F14394,0.14889141907443693
CC_BF8B759EE1EF,0.07079823298375891
CC_BF971FA7A950,0.17898856653752904
CC_BFACE960372A,0.10468970681925076
CC_BFBF917EFEB7,0.5895990113106421
CC_BFCAE2959708,0.04954603919215382
CC_BFD80ECB739A,0.22254736260962582
CC_BFDEC7E68821,0.06786522022940271
CC_BFE3AD881F4C,0.049712587828759564
CC_BFE511C0F9F3,0.5667891789237175
CC_BFEE9CF8A6E9,0.07926664782960559
CC_BFF8E82FE4BE,0.13140374755188958
CC_BFF9E8C0FE28,0.6219242671390973
CC_BFFCB2882E26,0.04424910079441597
CC_BFFDCACC1E4F,0.11694013100323979
CC_C003A15648F3,0.0848867905468558
CC_C004160ABB18,0.15824994835049094
CC_C012746F45D6,0.1095545095841113
CC_C033B4EC89DA,0.1321265450280127
CC_C03578357D0D,0.35641147330771605
CC_C040C14F27A0,0.059671263371466395
CC_C0474C48C443,0.1377655319566726
CC_C04A1EF46A13,0.24558606252314447
CC_C067DA2C5F99,0.40479253920401426
CC_C0731DB0CD7F,0.6269332237157491
CC_C07C70AA1AF0,0.14219638523425684
CC_C0877F4DBC62,0.1023610009621962
CC_C0896CE6B4E2,0.08270357634657766
CC_C089B0517E81,0.08679883475969433
CC_C08B9066A5BB,0.1729780851611302
CC_C08DFB22BC71,0.08586150512997404
CC_C0A2108BEC82,0.18811964252533742
CC_C0A6B0787F91,0.0997238867797899
CC_C0B29B279C90,0.12129003790961038
CC_C0B7151247C2,0.10762618462474345
CC_C0BEDCC974E6,0.11828468368387665
CC_C0C6F913C2CB,0.7000755290175994
CC_C0C7EAB055B1,0.20112720048739713
CC_C0CCCF588BEB,0.24763131994549956
CC_C0D65A1BC1DF,0.621419157357311
CC_C0D6ADDF1E0F,0.08134578828011337
CC_C0E49708EB44,0.20977803874242884
CC_C0F32BA57D17,0.05270693420983036
CC_C1094828B26C,0.31115188106934666
CC_C124E4C094F3,0.2361256812491353
CC_C12ECF48FA03,0.17963127252672537
CC_C12F5F7E5C54,0.13452249715048736
CC_C131509731A1,0.20284735109077426
CC_C14173B64C58,0.18460479586375783
CC_C14A4D39F494,0.3899493180093111
CC_C14DC9106B7E,0.24401650732032268
CC_C1624A910E58,0.03467669499985948
CC_C1645FA6EE7C,0.09453192494445987
CC_C165A26E7C1D,0.7018497963365158
CC_C16824A69631,0.05397939624644119
CC_C177831DEDC2,0.08419506727256473
CC_C1815DD481ED,0.704165242608451
CC_C18313F97FC1,0.2680394884017095
CC_C18A7BC23071,0.24754938985535951
CC_C1941883C762,0.11191313406129369
CC_C1A0989CDF23,0.036026526250110526
CC_C1A8C99D910A,0.11211452913784666
CC_C1B057BAE0BB,0.2712989640181553
CC_C1B5D9A95708,0.10611738938851217
CC_C1C28181E30E,0.13871781473115682
CC_C1E8CA45E983,0.10819174001694505
CC_C1F4DD05F5FB,0.21051565921370335
CC_C205BAC0D181,0.07286316391120853
CC_C208790016F7,0.07967592733170899
CC_C219E603FD0B,0.07234233019399952
CC_C2323893E922,0.11842896834336364
CC_C236A614F73D,0.10679224188450435
CC_C241491551A8,0.13059544474756857
CC_C247E0377048,0.0998473479616977
CC_C24FBA584039,0.2436004640614385
CC_C25078D044CC,0.1753437011082532
CC_C255BE787955,0.19698106481276467
CC_C25ECB5C5FD8,0.06886525062694104
CC_C276E722FB1B,0.32013463406258336
CC_C279090E1F74,0.777000274522014
CC_C279CA96D14A,0.13637464116403267
CC_C283330B9999,0.04634978589078419
CC_C289AF57EB24,0.26765313049262485
CC_C29558864857,0.1220473339502122
CC_C29846DE78AC,0.6316018631805852
CC_C2AEE09D92AD,0.10289691608627108
CC_C2BBFB603032,0.3209860163984289
CC_C2C2B2EEBA69,0.04090598525190678
CC_C2D1CBB42952,0.1612612795939012
CC_C2D4587A871F,0.7289102243415557
CC_C2D583F20739,0.35060182339709123
CC_C2D9086A8C67,0.06312491485725133
CC_C2E8FA308586,0.18239363708203504
CC_C2EA104630E3,0.10680639628341732
CC_C30ED2C6265A,0.047864360729707116
CC_C31BA9FD4FFF,0.2561014186799981
CC_C31DC3117984,0.1820939667647591
CC_C33142B2E26E,0.41978238579300836
CC_C340668CE604,0.09853697564585248
CC_C36580241000,0.15228289619679553
CC_C3664AFC710F,0.1324634879917941
CC_C3676D2ADC91,0.2092908691688448
CC_C368AC6AE19C,0.05014403232737467
CC_C38B446B7432,0.2060643326288221
CC_C38BE6D69E61,0.05513251330474591
CC_C38FB634E7B9,0.07431935840354091
CC_C3913A125FC9,0.137774572462478
CC_C392AC1AABDB,0.12958524741005695
CC_C3A37C3EDCC5,0.38286084620483835
CC_C3A42A96D260,0.22722762024233945
CC_C3CA355F78BC,0.10405117742085182
CC_C3CD972B25E9,0.1542392428277085
CC_C3CE9FCB05EA,0.049012645418008566
CC_C3DA12B31CD5,0.09372699028920357
CC_C3EF46D2CF29,0.19083321957815047
CC_C3F301EAE202,0.17262782989620562
CC_C404C200B723,0.10426221601010822
CC_C40BEE2EAD73,0.252553077773157
CC_C40CA3E960D9,0.1462191462734196
CC_C40E0EEBA53A,0.16106487676880363
CC_C42183D7A586,0.10371291844163565
CC_C427199DAC5F,0.45904532665745634
CC_C445AEF194CA,0.0796798191887723
CC_C45051D20EC8,0.1406544862097206
CC_C47FCA703A69,0.2710900465305272
CC_C4965C6C6935,0.2946071055751123
CC_C498BD798847,0.05449422813368666
CC_C49A42D1C3CA,0.08892143157187787
CC_C4A2F5B06976,0.07331112393176523
CC_C4B632AEB96F,0.15885591290241627
CC_C4D194378554,0.03716526429670254
CC_C4D90E9CA5E9,0.13585999841772473
CC_C4D941D5A5F9,0.13391407470747385
CC_C4EB2486A9B1,0.2172939849373526
CC_C4EC2923D96F,0.3139446098111986
CC_C4EC9ACAE8C4,0.7511671087157343
CC_C4FB2ECB13DD,0.2853559656334808
CC_C50467EBCC58,0.08182436790716471
CC_C50C5E2A77CA,0.1576354846874147
CC_C50D7FAA75C1,0.05537546551681177
CC_C51FE3F4D2F3,0.16708893252718443
CC_C5234F4713B7,0.0808545336665271
CC_C55110310E14,0.09822744321959333
CC_C563D509181A,0.0767545004482164
CC_C5736F4887D6,0.7346056779006275
CC_C57C4F09442B,0.09375995463190513
CC_C59D2CA55CAD,0.8034076571077103
CC_C5AD04ABF022,0.09445958132719136
CC_C5AF7BF4B951,0.04141699256279388
CC_C5C5FD9FCFE4,0.6705976448281783
CC_C5D9A89022EF,0.2069625265595244
CC_C5E1FA10BD6B,0.17314396089704392
CC_C6039EF0459B,0.16340468141371287
CC_C6133F44EB0E,0.09119385136723622
CC_C637C1142503,0.7683353962949745
CC_C65496C86EAE,0.15752525973650136
CC_C67C2B86A807,0.1387069735765948
CC_C690CF8AF3B4,0.10117154106421167
CC_C69204FFED48,0.3225608639766961
CC_C69DD80E5055,0.09260301833080556
CC_C6AE389CA79C,0.08903628667119344
CC_C6AFA8AF33BB,0.09382600939672106
CC_C6B56B2869A6,0.3866172281320361
CC_C6B61E03B42D,0.1902008649248817
CC_C6C2B357FDF2,0.11225126649193204
CC_C6C4A4A318E4,0.13457949681136683
CC_C6DECDCC7956,0.1946773162692599
CC_C6F134ABD932,0.5344043839836085
CC_C6F24128D8D3,0.17869518795207
CC_C6F8C5E3D746,0.10456268196044062
CC_C6FB2BDCC78F,0.38865508519661107
CC_C70DBEB08378,0.8299244574617684
CC_C71AAC6F9607,0.09638666086799162
CC_C73D1C53BEC0,0.33154492883534026
CC_C7423B380FD2,0.06481556155018803
CC_C747ABF2B4BC,0.07937945154103007
CC_C74F0C45C093,0.13818367635102177
CC_C75307665BCF,0.22055685187881813
CC_C76473DBFF83,0.3317622677846392
CC_C7652C2D1CC7,0.19053876707468628
CC_C77B38900325,0.20981789875567805
CC_C782A94E6754,0.048312361802714726
CC_C786E0FDA098,0.7588651998055251
CC_C794632B3AAC,0.37981422867872827
CC_C795250A7B3F,0.11498784788691535
CC_C79BF5794AD9,0.05954920129211828
CC_C7A2A7BF85C5,0.06489552870710606
CC_C7A2CEDA36CD,0.49272231904326996
CC_C7AAAC514CD0,0.07960209264759434
CC_C7B39AE8206F,0.11717467667955722
CC_C7BA884F8DCA,0.14298653374631268
CC_C7BC592C11DB,0.04621349469544861
CC_C7CB29EBCEE1,0.05224515880366024
CC_C7D2BE35C77A,0.08047989085869899
CC_C7E56C7FFA19,0.18278404630694484
CC_C7ED63E403A8,0.08116513574399363
CC_C7EFF4BBEE1E,0.07662490408554753
CC_C7F1C90A261F,0.12181630100431089
CC_C7F38C2DEDFF,0.20310972996776755
CC_C807F881A35F,0.2394160033545466
CC_C808346EF2A7,0.0497715845914787
CC_C822401D05A0,0.12953457249536054
CC_C82D0EB32984,0.11306752962184073
CC_C82DE4520088,0.1931750958734616
CC_C84080607284,0.06695483703972444
CC_C85DEB66D6EC,0.2542022888769148
CC_C8601860B3AB,0.3103939644184569
CC_C86B56E5B000,0.10969064599700624
CC_C874E7D8B96A,0.0687420982097634
CC_C88F02C38654,0.1457066783427834
CC_C895990DF270,0.12156385813254295
CC_C896D6E93110,0.3786380347202528
CC_C8A57920FB6B,0.08784439894221831
CC_C8C2CEAC6750,0.5015986971257078
CC_C8CBB38CF4B6,0.42385496213156015
CC_C8DF2AEC8023,0.172395320246015
CC_C8E24B1925A2,0.2060058150351646
CC_C8E2F0CA5050,0.6923434463507601
CC_C8E875AAFD58,0.3141556604871826
CC_C8EF7366016A,0.08281439323458498
CC_C8F1FB9C56E5,0.08985843714388166
CC_C8F2FF7E6DAF,0.15888054820047404
CC_C916DC82A00B,0.3192207697770147
CC_C91FF308D57A,0.07360300344263984
CC_C9297D88CD26,0.3063176309533411
CC_C932D885E1AA,0.2060188640428473
CC_C947A66A6A34,0.13491770742922468
CC_C953D19C82A6,0.2844949567427098
CC_C960365C1125,0.2111958737326332
CC_C96221203852,0.2249861453477201
CC_C967937FC81A,0.7057235285066066
CC_C97434767545,0.21676598757604112
CC_C974620D4D4F,0.29549712470407224
CC_C9749B07E3CC,0.12201298932409223
CC_C979F86EC4EB,0.06808799248261976
CC_C9882357496D,0.07244522328123584
CC_C98B5F2B994A,0.10344690958168588
CC_C98CA453DC7F,0.11291257711398846
CC_C996515164AF,0.6719751314695876
CC_C9A1B8F512F3,0.4412200387175336
CC_C9E008678B77,0.08263560258756647
CC_C9E89E3728DA,0.21470504197493426
CC_C9EE0357CF4D,0.1609441343993048
CC_C9F15C15BA6A,0.12418257378399321
CC_C9F3BB887EB9,0.22444299474179227
CC_CA0906B9B58E,0.062136473324881175
CC_CA16B9133E4F,0.37201366047899403
CC_CA2524A5C7AF,0.28866396356446394
CC_CA2A17C9CD44,0.43914671386733567
CC_CA32C61E255B,0.09673463566619792
CC_CA37F92A8BC6,0.14649721053142284
CC_CA3C9D0F42A2,0.5557002925749274
CC_CA4669FF2379,0.12131924904477898
CC_CA486E08F176,0.06471664895653412
CC_CA5CF069C36C,0.06817231505483345
CC_CA6AB58D2C8D,0.21686510934788747
CC_CA6EDCBFA9E3,0.1734691932796222
CC_CA6FB58C11F4,0.08153496339489874
CC_CA7902338F91,0.16428216169026907
CC_CA7BE11DCB92,0.11924868525666095
CC_CA87A148C386,0.07868896182854226
CC_CA8E7E45347C,0.15869947634153583
CC_CA9214D0E170,0.15062949393416433
CC_CAA07EABEF71,0.05937659274339633
CC_CABC0190A9BF,0.4868800333347948
CC_CABF171B8582,0.5345939494617479
CC_CAC2F989A2D6,0.24772874888945365
CC_CAC50FF13A43,0.4555281022316287
CC_CAC9C52B6FB8,0.24061233607210702
CC_CAE19DE8446F,0.07800220185802385
CC_CAE5F6D8328C,0.4362792126884507
CC_CAFA0C6DBCEB,0.06209238309501074
CC_CAFE5D6E3E1D,0.10809698569317545
CC_CB02A97FAC1F,0.22970730028633324
CC_CB1155AAC7EB,0.12467766214937923
CC_CB1B2FC5769C,0.17786523583817762
CC_CB1BD3C19303,0.17520250049543484
CC_CB2423DD4809,0.8192789672089448
CC_CB33381406F3,0.6587881730413694
CC_CB3CBA971E97,0.08475691744302563
CC_CB45CB5C940D,0.18629839934674342
CC_CB4A2667F8CE,0.2076754756906449
CC_CB4EA92BE238,0.06356984695308251
CC_CB4EE5CC0B09,0.17038043569234948
CC_CB50BDD92A4D,0.2273323838779009
CC_CB6A55831080,0.07889640945682937
CC_CB6CE149111A,0.14090956332091883
CC_CB6F9DA78019,0.04350989651239923
CC_CB722FAA608D,0.194727889099872
CC_CBA786C05C1C,0.7656621552747952
CC_CBA9A6206DCB,0.16353078125387313
CC_CBB7AE2847B6,0.18584113395512802
CC_CBB9DDEAC819,0.03684107603033778
CC_CBC30D127BA4,0.07853179710708788
CC_CBE67EF0D3C5,0.50462188463231
CC_CBEC318365B3,0.37675821424453454
CC_CBED6669EDA7,0.06690353140291604
CC_CBF1B052FA7E,0.06933215698104178
CC_CBFC7EFF2F94,0.1260681099381461
CC_CC27394B5E35,0.08252213682285552
CC_CC2A7B3D7A55,0.13136912751923716
CC_CC34B2523794,0.1580393446210581
CC_CC34E9023873,0.6902043480345127
CC_CC37D81F02A7,0.6152909771670991
CC_CC4822AEDB83,0.6594812384620571
CC_CC5D6CAE5ADB,0.2231498721798608
CC_CC6D27804EF0,0.08363388730544724
CC_CC71D4876B90,0.13236730650625325
CC_CC75EA7F2C8F,0.10785936140258533
CC_CC9214A5C0CF,0.09044683872761579
CC_CCA2B8D2446C,0.4271198493240632
CC_CCAB3E56FD92,0.17019558558479614
CC_CCAF321D46D7,0.045881031359671844
CC_CCB46EA56584,0.23150126796732473
CC_CCB60CB8754C,0.1457050003996958
CC_CCD759553325,0.06609095322681179
CC_CCDC28D49832,0.16617680709555677
CC_CCE55029E621,0.6589486586645182
CC_CCEA133D7268,0.5533249912561299
CC_CCED6CEBC3D6,0.32940814497951315
CC_CCEE76415B51,0.3191961434839273
CC_CD1326D52AE1,0.6862422432268698
CC_CD35EEA81CE8,0.32555918328935474
CC_CD373485942B,0.08255401498002914
CC_CD379DD39658,0.329358493090307
CC_CD37D5CF0EB0,0.18847112933658325
CC_CD380545A7A4,0.06883247040642558
CC_CD3A378249BA,0.2471234959469526
CC_CD415B1C7741,0.04478291523553062
CC_CD4976814F28,0.040645020509800234
CC_CD4F5F1C357B,0.2525979315219479
CC_CD54829713AF,0.08010098680603422
CC_CD5E3556D5AB,0.17416943834524032
CC_CD6C797F3C4F,0.0719727786542868
CC_CD7BA8F6C4BD,0.10245945110860127
CC_CD8352F0478D,0.1802589931575138
CC_CD972E578564,0.8176702084854166
CC_CDA1B20179B6,0.11140825278149569
CC_CDA2A36B81B4,0.22949325909989635
CC_CDF6354EC332,0.06526869120223847
CC_CE01E17132E0,0.04051919113242209
CC_CE1280B30475,0.13770480558233236
CC_CE134F878294,0.06331484611069321
CC_CE229894AC00,0.13263728215316475
CC_CE26907B9D30,0.4571276214939578
CC_CE2755B42DAC,0.07893565531225744
CC_CE2BD7F74421,0.2750217469072827
CC_CE3784121355,0.12012153199426948
CC_CE41F9FF509E,0.1653008679740981
CC_CE5AF0E9A157,0.07730005956093246
CC_CE5EA019DCAA,0.09148426220095175
CC_CE6460FE39F6,0.12780948369655692
CC_CE72D1734761,0.6170817200651698
CC_CE7FC560768D,0.32802679857579065
CC_CE871DB3950F,0.32074803194681134
CC_CE8D1564C4F1,0.1464675866326906
CC_CE93240526A9,0.31405943429835714
CC_CE980FCAB154,0.29840515416461455
CC_CEA0FAD348F8,0.08798727892325409
CC_CEA369A3451F,0.07335531500645785
CC_CEBA67081418,0.22026849471465387
CC_CEC0C00FE770,0.5477793206268752
CC_CEC3B21D2982,0.4085874810569862
CC_CECEC680F701,0.15613714467848513
CC_CEDB263DB07B,0.04246874186042922
CC_CEDF9C14DC79,0.2583573204815007
CC_CEF23255BE06,0.06189515999286674
CC_CEF8C71C4E8B,0.40695929449098267
CC_CEF91FDD41AE,0.3793611425335898
CC_CF0B68684C3D,0.10172081153784053
CC_CF149865368F,0.09118251431650425
CC_CF2A7A5582C2,0.18987424299225572
CC_CF2B3E37CF2E,0.344112432643611
CC_CF2F163CE005,0.1683299074394488
CC_CF3C063DF626,0.1574878150104526
CC_CF3E91DB8220,0.376384825561441
CC_CF3FB5744443,0.7136823685648556
CC_CF4991B8EFE9,0.11795635365983918
CC_CF53FD3AC9AD,0.038509637609729246
CC_CF5A140B279D,0.17411906117541812
CC_CF613A7162B6,0.1401661230681264
CC_CF6A8A460B19,0.0987103592489755
CC_CF792E77A16D,0.04917024473474109
CC_CF7BAF373E0A,0.04258305734789402
CC_CF8B1D0015C4,0.14652061109493442
CC_CF8D0517B79F,0.06940578941589015
CC_CF92037ACA93,0.22073736046165066
CC_CF960A300F40,0.3189723814954527
CC_CF96B6335E6C,0.1717859430368274
CC_CF9880D67A7D,0.2021924297564844
CC_CF9B249283A7,0.72279570004425
CC_CFABF7407978,0.21505477905477943
CC_CFB2AE99EABF,0.15570528844071257
CC_CFC0BC440771,0.14984318465752977
CC_CFC235739F25,0.5455185329908843
CC_CFC6E8954325,0.06287213212262634
CC_CFD37EDB214D,0.23066251353137834
CC_CFD93C04478A,0.5870803758951586
CC_CFE0AA5381FD,0.6274130441933797
CC_CFEB021AA137,0.056338167312741626
CC_CFF6E2A6A3F9,0.2748854176755307
CC_CFFDC4947256,0.16583147581016916
CC_D009368CE434,0.05415868250290021
CC_D02E59E08B02,0.05443660115137439
CC_D03848B7353E,0.05889394070648038
CC_D03A69B1563D,0.13432246139533047
CC_D0576802096E,0.09327260592147239
CC_D0582E0F3440,0.058809933631481716
CC_D059D0BEC5D5,0.3162986064985996
CC_D05C4A8F2A25,0.14338439493371938
CC_D05FBA9B9040,0.7304679033992961
CC_D0653EA71CAD,0.17218018886149036
CC_D076A984B786,0.14977177285047463
CC_D08FC2D99CF5,0.1905474162121981
CC_D09942A02904,0.11376690022650864
CC_D0A8EA2D37F2,0.1308285707841077
CC_D0AAD35C800F,0.13696357877170015
CC_D0D666EC0244,0.10518105050903032
CC_D0F3F68F4452,0.5098146880424721
CC_D0FBDE8ABAA7,0.10104361375415555
CC_D103D50237D9,0.26047626414935193
CC_D11E5A30CF3B,0.2581705443590936
CC_D122B30AE7CB,0.5379004803834444
CC_D1679B40D83A,0.08815407545496488
CC_D1760785D631,0.25593475564477497
CC_D18088587757,0.23066266349379064
CC_D184160042B7,0.32839629405081805
CC_D1886485E8B4,0.1239105586190972
CC_D1893DD5B4D4,0.08108068713783154
CC_D18B60E035CE,0.7401408081834809
CC_D191D099789D,0.07877718374859281
CC_D1BDB41E7FF6,0.09549529615387624
CC_D1BE2E6E9C9F,0.1972057177403661
CC_D1BFB29BF61C,0.08008714572379583
CC_D1C259F80E13,0.09179985335187156
CC_D1C63DA9CA93,0.11216899800512779
CC_D1C931E4F305,0.07216008369723981
CC_D1CE25F271BE,0.15266475575712327
CC_D1D2127A0C67,0.05224475149722574
CC_D1D31EA359F4,0.1541553642732715
CC_D1DB888BD9B0,0.11214358566378968
CC_D1E82B9DD102,0.15844758402408465
CC_D1EF68A649AA,0.1332586586705352
CC_D1F05E69F80F,0.05954902261606614
CC_D1F6FE158DCF,0.22488640632503357
CC_D205612FD566,0.6453511553707882
CC_D21474C31E3C,0.6973160444564783
CC_D2195A061A0E,0.6835372311972131
CC_D2199CC1CB08,0.036441935196716305
CC_D21FCD9DFE53,0.5211625549830954
CC_D233B2C8062B,0.4140305254255176
CC_D234CF2C21AE,0.6854270177873691
CC_D2373015DF41,0.05944326306683774
CC_D239CBE1012A,0.12235159363969564
CC_D2591377E980,0.7309682162769052
CC_D25E25C831B5,0.07269384609975257
CC_D262BB13DAAF,0.3008395335794521
CC_D272BC699F38,0.05665486223290958
CC_D2813C835750,0.7638210643885616
CC_D285B0D67016,0.032737069655798444
CC_D28FB525E310,0.2378949928321598
CC_D2AFEE04E96F,0.041211669724678726
CC_D2BBAA423304,0.1630149522679593
CC_D2BE8B4011D7,0.0625210325587378
CC_D2C49D2FEBF8,0.1935165396578487
CC_D2D09498D333,0.1422580341007846
CC_D2D187DA334A,0.14173547746347392
CC_D2D47A5386CE,0.24770914152121362
CC_D2E98F50621A,0.049083152692757835
CC_D2F265035F0A,0.05024797419377159
CC_D2F91355C6D0,0.16628763173564376
CC_D2FC934F8324,0.13951699922292932
CC_D3044C67CFFB,0.06341381262123387
CC_D313F2C49E46,0.3530763092326285
CC_D31FFB053D60,0.10684835339822463
CC_D336DB6323BB,0.3319962641469152
CC_D343A7CBA377,0.07989513855378447
CC_D345AF4C4B61,0.146783441973984
CC_D34FA9410740,0.07209018253744778
CC_D354C5D1665A,0.1444167828081109
CC_D35E96480AF8,0.2559410697118557
CC_D3616386D6D2,0.14470238449005368
CC_D365173E852D,0.7867787954032489
CC_D3683C6CFC5C,0.6201504859789935
CC_D373463038E0,0.05651016158609921
CC_D379CF8E3FAB,0.7180522562969114
CC_D37B4CA7F3D8,0.06419137181152924
CC_D37B5B3CA4BE,0.6699120392644629
CC_D39265D7B6C9,0.05710895134436229
CC_D39E3F732408,0.06665573420553596
CC_D3A7B21165B3,0.2374246075914913
CC_D3A9028A4660,0.05254263156629394
CC_D3A948322BD5,0.701778733691259
CC_D3B95DB5E6C1,0.2839996883188812
CC_D3C8C5014D5C,0.19936912211419014
CC_D3D80929AF52,0.1064311524255836
CC_D3F25136073A,0.20286796212675592
CC_D4102AD032BE,0.1932147950392815
CC_D416EFCEAD89,0.051357414934651825
CC_D41C5030494A,0.7053316921992505
CC_D42E477596A3,0.0621729912815931
CC_D432C89BADA8,0.146432833612974
CC_D434638E9569,0.13438968104527188
CC_D4518F98BB77,0.08711253099871528
CC_D452847F2A4C,0.08566693345125478
CC_D454056F92E6,0.22669454700394884
CC_D461FB973AB2,0.7977752545865826
CC_D462250B13D3,0.35810377365148227
CC_D48E686A834A,0.6699643362349368
CC_D48FFD985E51,0.08520693979141838
CC_D49263A1BDF7,0.12767153870753942
CC_D49668C65C33,0.03516881121325168
CC_D49D9C57A849,0.08540057414195264
CC_D4A029A150E4,0.1866338710578509
CC_D4AC998C0BC8,0.7141847779238311
CC_D4B02AAFC697,0.11590227314536751
CC_D4BDF0F4FE9E,0.1101309590248059
CC_D4BF2778371B,0.13770656369202827
CC_D4C0F4DB3501,0.16050039576402514
CC_D4C6DD8A364F,0.14670444363842636
CC_D4CDE2A1E174,0.1479566849975406
CC_D4E7EE35695B,0.13285740530900747
CC_D4ED652E86DF,0.2958390367451726
CC_D4F844B54B84,0.045956408526837314
CC_D4FA0055DB4A,0.04595038893815555
CC_D4FDCBAFEC74,0.7290164389937926
CC_D517D90E105F,0.08456347056893168
CC_D52B87A01028,0.20511084164846471
CC_D530C3D1DBF8,0.6565456913330796
CC_D5327E41EBA2,0.1320946569456785
CC_D53C8BCA531F,0.10290124685822216
CC_D540C7ABF683,0.6885029695281386
CC_D54105FC1349,0.3927975037847763
CC_D550CE8B9313,0.7118588462566657
CC_D55C5B432387,0.17577597822038715
CC_D5646FCC5E14,0.5505085113570891
CC_D56F34613338,0.12441260348143994
CC_D573AF0F1674,0.11092028718189167
CC_D586E2C2B3EF,0.20278132261250054
CC_D589E388CA02,0.0608050728552539
CC_D58EBD954E68,0.2939421402913168
CC_D59AFE884BDD,0.3885805068127659
CC_D5AC596A85E1,0.16487618417733166
CC_D5B99B578573,0.0478880369954102
CC_D5CBF4A4D3B3,0.10911246486533704
CC_D5CE05EAA837,0.22537770408139132
CC_D5D36A6C8DB3,0.07328670976379814
CC_D5D8D545736F,0.07726398020486507
CC_D5ECFAF8C1A3,0.07087225394338234
CC_D605715F737A,0.117118900048506
CC_D617428B4B0E,0.3824724503310302
CC_D61E8E5C4414,0.1040483089512387
CC_D652B5F05769,0.18065740640283176
CC_D6564D0CB9A8,0.1933807024813406
CC_D66183657419,0.07091755755104255
CC_D66BDD3E1AA7,0.13349361560953463
CC_D66DA331534A,0.09988716904227388
CC_D687A780C0E6,0.04827205273432813
CC_D6AE871A4C9C,0.11310146943922719
CC_D6B7AF1FBDD4,0.472101278917753
CC_D6B874308353,0.5321468495783068
CC_D6B8F47FE484,0.38230573989276323
CC_D6CB1BFDCEEA,0.1294529203725125
CC_D6D47D7E1C51,0.046135018623681696
CC_D6DE060699C6,0.1505679792151362
CC_D6E06014457F,0.8466551393362146
CC_D6E8E17EA449,0.31894052634250314
CC_D6F216AB1C4A,0.15706411718404908
CC_D6F5E3A51C8A,0.11049462169581935
CC_D6FB3B76D7A0,0.6490702520678638
CC_D6FBCD4BA3DA,0.27923343862837735
CC_D70918916097,0.4761100509107693
CC_D73B1B9B81A5,0.0556029090985256
CC_D73E9E24BB48,0.13626833976592898
CC_D74AA0F20466,0.12747562789456424
CC_D750070C44BB,0.7108928380329291
CC_D7529675CB7D,0.14471617323633573
CC_D75C8CDB510B,0.6162420269810844
CC_D76009C47709,0.3182922474403921
CC_D771775A58F5,0.21109186066087104
CC_D77F9D613EF7,0.15931280692290922
CC_D7999C3EDE22,0.16847682664908947
CC_D79BF1D26499,0.19132395982874667
CC_D79C05885899,0.10499240190753421
CC_D79D4F15D10C,0.04719137445908409
CC_D7A11E3512D2,0.05250368732950126
CC_D7AD7A7279C4,0.135232444881367
CC_D7B35055AF0D,0.20629818883725648
CC_D7D99409D57E,0.2992343874646544
CC_D7E403181D8F,0.10644335425671855
CC_D808C7BA9399,0.12744491433607763
CC_D80DE8B544F3,0.04030576670155324
CC_D81D19AEFB77,0.0372085199916779
CC_D81F317F6384,0.13408877608311728
CC_D844D9DF962C,0.09944531202393603
CC_D847D978387D,0.05051011671704037
CC_D85C7B85C440,0.2956908990261369
CC_D885591596E7,0.0834853977570363
CC_D887D07BDE23,0.37634042417011165
CC_D88ACC0CFDA5,0.11514247055989005
CC_D88BDD0F510C,0.05816741902140015
CC_D8956424CB37,0.3562857675242844
CC_D8959BB99A7F,0.24478848489646923
CC_D89A9A14B5E8,0.05277778717818378
CC_D8AD01F3CCE7,0.055177366782784946
CC_D8B4122DC296,0.13527792766193436
CC_D8C38B187875,0.7103950278473586
CC_D8E55509595E,0.05841096745918935
CC_D8E6B90C37A3,0.11244066342731585
CC_D8F1AECFCC2F,0.05819437475716717
CC_D8F7672C70D7,0.041731207795130884
CC_D8F7E904E7DF,0.1786240165142915
CC_D8FEF1C99F88,0.6998099118212797
CC_D90761F9E9C9,0.4064486698815852
CC_D90D9D5C8FEB,0.10966138392780769
CC_D912917A4F4E,0.7422214547824829
CC_D91ECE64FD0C,0.12280614331998047
CC_D9325E5695D5,0.05747909621479075
CC_D9563654A397,0.16731533117491373
CC_D95766A6C24F,0.12249293221090897
CC_D95939B1BBFA,0.06157803239840253
CC_D96729C38BC9,0.09568814844578502
CC_D9791EFF766C,0.21571384363329116
CC_D97AA7C54F6D,0.1217919104701228
CC_D98BA5CE8EE6,0.506136104437401
CC_D991DAD5413D,0.1609988011567997
CC_D995C89AA359,0.20285820942816732
CC_D9A54F55AD6A,0.11708192755877847
CC_D9B87A96C353,0.26682403866362164
CC_D9C42B0B6A0C,0.1965792291814613
CC_D9D487E78FAF,0.6321143993868054
CC_D9D744A66B09,0.0867048509864649
CC_D9DA3F6E2E7E,0.12949934347651748
CC_D9E5792258E4,0.08362159996789571
CC_D9E6B9CBEB77,0.05754537679082617
CC_D9F0CDB02AC6,0.13471297268162297
CC_DA0201D1BCF2,0.0931665545432329
CC_DA0500AFE692,0.06402903796173487
CC_DA0E0BD3880D,0.30690807757679917
CC_DA10F53AE655,0.6472194180809563
CC_DA1643A835A2,0.09868216787903844
CC_DA1C5BAB7E35,0.4810427461532457
CC_DA1DC6A6371D,0.20251481990353457
CC_DA1E6B31DD2A,0.652342496712822
CC_DA1F282809D0,0.03591380881072802
CC_DA226442D919,0.7353892889361799
CC_DA31EC318B1F,0.0650721627496364
CC_DA33597C6459,0.12471122972606237
CC_DA43CFB5CC2F,0.19619755261915414
CC_DA481C72B8A4,0.215318229965161
CC_DA55447636EB,0.046738127781948025
CC_DA5AE34842E3,0.09745309836517396
CC_DA6880B018AC,0.17680231977213778
CC_DA700A961616,0.18394035843652873
CC_DA7E65F1E6AA,0.06954926446646714
CC_DA80FAA7FE30,0.10460507525672637
CC_DA8DCCC1199D,0.32001430557439603
CC_DA8EA724C1D3,0.4274700956243598
CC_DA8FA65D1924,0.05226431540288893
CC_DA99D1E41C3E,0.058836680552385195
CC_DA9C3BEFD0B3,0.15534143045947937
CC_DAA3B7FE1C62,0.07198604190620309
CC_DAACE4211B34,0.15541894220164842
CC_DAD239E56638,0.7742645123303407
CC_DAD4BC090253,0.08014632403625306
CC_DAEDBA26BA12,0.30306478769820033
CC_DB1EB08EB40E,0.1422062969188695
CC_DB2314ED6960,0.08529805680953437
CC_DB25E05EC5CD,0.4326914263732003
CC_DB3BE0C87882,0.05068529570012007
CC_DB44628BC147,0.15517036770136955
CC_DB562E602BA8,0.1280730071572278
CC_DB61D7F5F8F2,0.6718153759786536
CC_DB6498598C32,0.16712843661166815
CC_DB6B59FB6E30,0.043507991795094125
CC_DB801B947698,0.2941391616989214
CC_DBB8C467FF1D,0.09759120679347823
CC_DBCD21C2C322,0.07181470606020546
CC_DBDB148E45DD,0.11559207706767037
CC_DBDF9BFA7E87,0.11253841927876462
CC_DBF5CD2D854F,0.19314654935671738
CC_DC0077DE6E39,0.19334293332267297
CC_DC23159A1F99,0.07853371397182
CC_DC2458827FD8,0.2112805964557081
CC_DC2BE35D58AC,0.2201481649425135
CC_DC49C8D3F7EC,0.555128647197589
CC_DC5DE66826E9,0.10957897609772313
CC_DC6063FC6464,0.07376660564727171
CC_DC771AE1B4BA,0.6737891242913927
CC_DC7DEBC30E17,0.43523681331391095
CC_DC978F3A711F,0.6719725417727962
CC_DCA2140C7BC4,0.19690148524069764
CC_DCA5CE7C9DC3,0.20374710398218085
CC_DCB5798049B2,0.12520627061409112
CC_DCD10C95C942,0.5058302974296618
CC_DCD145E8E729,0.2909702076320113
CC_DCE0BFC03B86,0.0546671668450743
CC_DCE75AE2FB52,0.05633573832526177
CC_DCFCEEF21BA7,0.34494222002102065
CC_DD12A8C462FA,0.07147324547858201
CC_DD14867350AC,0.15233309712404075
CC_DD232BC8881D,0.20861327600441162
CC_DD2473D34D68,0.20511521356197365
CC_DD2B5C4CD318,0.060686014626033034
CC_DD4EC06C3A92,0.23989170781030256
CC_DD5299DA8C1C,0.08690486194626643
CC_DD59BFF18ABC,0.14533449114523342
CC_DD6777E1B05C,0.04975717291890833
CC_DD6EE1501B89,0.09886968974781168
CC_DD78B52AE022,0.13755434723221174
CC_DD7983A07B43,0.6865058658124937
CC_DD80B5CC495F,0.11082309053705298
CC_DD8956B71825,0.6434041890080928
CC_DD8D40E7E2A9,0.08986762110378911
CC_DD9972D0B63E,0.11760032950229546
CC_DDAE70634ED3,0.09602233132242612
CC_DDB4A9FF2B03,0.08993004175379775
CC_DDB68302DA2A,0.17112525688207197
CC_DDB9DEC9C037,0.07223707069379011
CC_DDC610D2B2F0,0.06939805626223178
CC_DDCAEC6BD9F0,0.20650080168288854
CC_DDDF665EBD93,0.28716389391295005
CC_DDE66EBF2157,0.06895379295821416
CC_DDE8B7E9C7F4,0.31658210060567943
CC_DE019FC36D28,0.36931699121233397
CC_DE07076B04D5,0.1292722585573387
CC_DE07AECD2361,0.03832922596946363
CC_DE08A4514010,0.5262529060567691
CC_DE093FAC5293,0.49704717920283376
CC_DE17BC1C2324,0.07833394005406144
CC_DE1B13B3E504,0.03875292051549346
CC_DE4264861B73,0.10183404584089963
CC_DE4810B88C51,0.29339976982840404
CC_DE4EE8A16896,0.1345418818738368
CC_DE523A2403BB,0.08741737141984948
CC_DE52860CFBBE,0.16686997587529592
CC_DE593193FB9C,0.16453311152680153
CC_DE5A9B499ED4,0.08283199693022401
CC_DE6AFFA63ABD,0.08186264471913325
CC_DE7CEC14CCD5,0.6581872396739391
CC_DE7D7B5BBB14,0.628286566823227
CC_DE81AAB7BF48,0.05340655950723853
CC_DE8956D433E2,0.6399453324137024
CC_DE8FB8D1CB71,0.31226812450731134
CC_DE90D07B269D,0.20384352065564193
CC_DE9A62529780,0.13807287767095744
CC_DEA425EA8441,0.09838352736333708
CC_DEBE01582EFF,0.20040340610671342
CC_DEBFD4E79A38,0.041906172812141054
CC_DEC97F13CB8C,0.19920169389784928
CC_DECF1507C86D,0.16931186911149135
CC_DED24C8D047A,0.11283728618860522
CC_DEF4AEBD31C8,0.22320968042638592
CC_DF062F698349,0.1125290335762607
CC_DF13D5CB626A,0.11718130916585455
CC_DF15C526CDC5,0.04866580304711525
CC_DF1F6C68F7D2,0.149233617635707
CC_DF3EB88F509B,0.12395378805417162
CC_DF4E332C886F,0.037605812393320365
CC_DF514171DC30,0.16102711599384306
CC_DF536CEAE5C0,0.052614887426480676
CC_DF5806CC2CFF,0.13973991637339356
CC_DF715690EF20,0.19706817591809545
CC_DF718A37AF15,0.09318805058927156
CC_DF7276DD74AA,0.1110179479808677
CC_DF750B2D6872,0.328003799072012
CC_DF9FB6670627,0.06642430639100226
CC_DFA65A0125D9,0.05020963079144983
CC_DFAE355359B8,0.20592904203811377
CC_DFEA562F7BCF,0.2907275145075756
CC_DFEDAF0F0D6E,0.03980123855017723
CC_DFF6F74C64B5,0.6427513191509796
CC_DFF87DF16763,0.13858422883440166
CC_E00D8ECE9FA9,0.1523131547243562
CC_E027E36615C0,0.5108094662550491
CC_E02E23CE49A8,0.07691165093682459
CC_E030B3AEBF19,0.14931133847788355
CC_E031A4C862C1,0.15971786315861491
CC_E0339B331F4F,0.08934990606929677
CC_E038981B2FEE,0.13911315413055395
CC_E0463868968B,0.16490783863883143
CC_E05A8621B581,0.31964994580151557
CC_E07FB0312232,0.15167368802771788
CC_E088594E0624,0.19205078623403887
CC_E09AC3B1E534,0.10360544871351365
CC_E0AC29AFCF97,0.16540053202651706
CC_E0BAC6E0D0DA,0.0768944441028802
CC_E0DDDA07F0A1,0.14969818131518123
CC_E0DF45AB72B6,0.20048851090777225
CC_E0E1F8E7379E,0.0946765408461812
CC_E0EF095444A5,0.15624139399620723
CC_E102E4F7F8B4,0.24638092005133416
CC_E109B4CA6A8D,0.13869586353317417
CC_E11470A2D92C,0.41431287490775526
CC_E117B8A6ADC6,0.034349054916042905
CC_E128015073F3,0.0940192372677965
CC_E131D5EB9237,0.19416600108626558
CC_E14A24095E9F,0.13729265038463911
CC_E14CADF89123,0.4899381151112879
CC_E16876025011,0.052488539499871284
CC_E16C71C15D04,0.715121243686979
CC_E16F1BB83653,0.05281456156162724
CC_E17448FB08EF,0.5547977587725982
CC_E17AAACEB07D,0.07787940089876248
CC_E1875522DC57,0.15719172698846567
CC_E18A0734641A,0.10744117113560521
CC_E18A22453843,0.0833866917265127
CC_E1B4E3360C0F,0.17256275378156047
CC_E1B5AE645169,0.05286076980060052
CC_E1B71F6B7DD2,0.25898597363418674
CC_E1D073F693A2,0.2743042193510435
CC_E1EA83C31C66,0.10886425431939488
CC_E1ECAE226485,0.2549698688392369
CC_E1F0C5076481,0.08013863971097195
CC_E1F78CE289D8,0.053453146410250216
CC_E1FBCECE0A54,0.223992306281781
CC_E1FD46CA26D5,0.09729734037193653
CC_E20E7C7164A6,0.7516766914728359
CC_E211E2698C14,0.03852211182133604
CC_E21B4F587C45,0.1482448504844515
CC_E22A278A1386,0.06174587715749876
CC_E24078C03B7C,0.14987561662682142
CC_E2452737F950,0.1441131746546756
CC_E246119AA09C,0.6183576068731871
CC_E246942C7310,0.07656631023984617
CC_E2474A334F3D,0.09444219127921548
CC_E2489637D0E8,0.14154747426056796
CC_E2521AF9C2A2,0.0820478337790925
CC_E253F4AC4762,0.5877139269228361
CC_E257805D0F0A,0.2106235251468138
CC_E25A924EDB70,0.09615246423173347
CC_E25B5D5502AD,0.10338278187359565
CC_E2619E24BEDD,0.6744874381997518
CC_E274DAF3C064,0.07530890072358179
CC_E2787CBDFBF1,0.14085220090879813
CC_E28AE2E68BB7,0.7114589898967789
CC_E2C3E272D059,0.2649737142759223
CC_E2D653061523,0.43244928693905293
CC_E2ECDC7D23EE,0.13306197844140089
CC_E2F0E725C3AB,0.05568362751441882
CC_E2F7712CD056,0.19676925908859963
CC_E2FD7FCF0AD5,0.7798883655754555
CC_E308C7DFB2F2,0.13765882777271424
CC_E30B791D5F11,0.22508426931998834
CC_E315F7A94400,0.3437802555971915
CC_E31DAB1E73F5,0.05677714399802159
CC_E32034C97E83,0.23599214469129204
CC_E32DBED5EAC1,0.24689526199169756
CC_E32DDDDEE3CB,0.19163751197694232
CC_E343EC3EB052,0.6445941344948717
CC_E34A04E78D60,0.16813490080003796
CC_E3503B565AD0,0.24902669411993197
CC_E356B05ADD56,0.21078353433881386
CC_E35D02BE6780,0.030119692326689963
CC_E369AAECB2B1,0.4788173116218221
CC_E36ACDB4F96F,0.47378000520483976
CC_E36C7F0E1657,0.8365299245690527
CC_E381FD4674D5,0.03786182586516436
CC_E38E3835121E,0.052271892910214675
CC_E3A70438A0C1,0.23240385780654227
CC_E3B5C76189F3,0.243847079394437
CC_E3B7B7E57889,0.16410862964152706
CC_E3CCC0D886D9,0.16812132966865706
CC_E3DD8AD10171,0.29065444164999965
CC_E3E230CF20A1,0.19189729738370753
CC_E3E4B2543CCB,0.06217332134414813
CC_E3E5DF01E014,0.17063989026233026
CC_E3EB157288A2,0.09544307457338483
CC_E3FBDA203EDF,0.1694074442488479
CC_E404FCA6CB2B,0.6891826468913731
CC_E4054F9C8442,0.30996260531325054
CC_E405D808772F,0.04398109080152515
CC_E4137B250609,0.36870557101251755
CC_E41482A7E968,0.07388330697322719
CC_E421FA1874F4,0.09763680027647186
CC_E42C38BBBD04,0.1956195021110506
CC_E42D90BFB285,0.05069985523583685
CC_E42EFC05C891,0.07247814495901625
CC_E430F3C75969,0.13013050671971288
CC_E4576D6B6478,0.10352584847065205
CC_E46B27A13728,0.3887034881845046
CC_E4783FB590D4,0.18293605288160347
CC_E489009C6500,0.1679656481274185
CC_E493CB46177D,0.09588382337152752
CC_E496AFA9B40A,0.297935575339814
CC_E4A2FFE0EE1F,0.10873579139815995
CC_E4C553538385,0.32941136010363986
CC_E4C7B5501ED1,0.14230905691956694
CC_E4C8A5A60F51,0.1633744396400881
CC_E4C94AB69214,0.43233201468548094
CC_E4D75244E8B8,0.1606480987278993
CC_E4D9A8EEDBAE,0.19803147648713906
CC_E4DF787730AA,0.14022494433444674
CC_E4E0DC070132,0.16139021332080464
CC_E4E3C08B7F86,0.053598168777796676
CC_E4FEEB4389C9,0.34677979372863904
CC_E50598344DD9,0.38178479048675895
CC_E50C634A9A18,0.03879747092499703
CC_E5107337FDD7,0.06600710078805158
CC_E511BFCFEC9E,0.6558177259365517
CC_E51318749E09,0.13623896260506607
CC_E53FE6708AD9,0.6645473021011455
CC_E54290FEA34D,0.1027264386003859
CC_E54B723C018B,0.046696382973364335
CC_E554618F383B,0.0925426696161753
CC_E557336955A2,0.10960646382807794
CC_E55B48E73651,0.24669739476056177
CC_E55D8DC645B9,0.05654648032969443
CC_E575DA02C575,0.21490493103685232
CC_E576BD98A727,0.17273053121337506
CC_E578DC77656B,0.1440892261546527
CC_E57F3EAFD9A3,0.1285859719249356
CC_E59A01603B7D,0.2621331701441524
CC_E59B2D974CB3,0.2082182919040588
CC_E5A1C44F0F07,0.6626826747215477
CC_E5A8BDF6BFC1,0.1718648675096206
CC_E5B284DA0E5D,0.09335578803598757
CC_E5B8363BB378,0.5811151555152049
CC_E5D8BFFA5F88,0.0592105306421389
CC_E5DA04902EFD,0.2684753811033874
CC_E5F53CFC20EC,0.07567627212022379
CC_E5FAECE63C59,0.4727119158611635
CC_E5FB6E872C58,0.08017755995064015
CC_E6045565E7ED,0.08335892601942096
CC_E60845ADC7F1,0.04299691474341347
CC_E61567D6B392,0.10771112434692764
CC_E62174AFA94C,0.16823134398805512
CC_E6247DD14641,0.08704187433085585
CC_E6289A61F0ED,0.10481868651997518
CC_E62E32FB6FBB,0.031925156187909934
CC_E62F6BE942DC,0.22122395243635326
CC_E63E49B128AE,0.07687739293819344
CC_E63F89885A3E,0.7878760994826807
CC_E6466E6A92CB,0.22446051170403944
CC_E64BC95F8B2A,0.8265606723915315
CC_E64C652BBAB2,0.07075761630549546
CC_E659DB355476,0.19863726468170548
CC_E65C8BA5A7CE,0.06436823769669595
CC_E65F39446752,0.32714208025003144
CC_E67395791589,0.1942326634811845
CC_E67622A69EEF,0.0790984656908354
CC_E680830CAEF3,0.06680895095703354
CC_E6823643AC4C,0.680912230078281
CC_E683F33931BB,0.11583600003033201
CC_E68841DEB163,0.08184346670828253
CC_E68B2C33D180,0.13470969222965284
CC_E68EE6EC2618,0.05388353423254843
CC_E69508D3D3F1,0.190383645852668
CC_E698F1348426,0.2160806583131923
CC_E6A178F3709D,0.12807603366032583
CC_E6A4B6E8619C,0.6509460416626511
CC_E6B3887C66BB,0.2870875473576705
CC_E6B6BBBDBEDB,0.313627701726236
CC_E6DBD0F9DC3B,0.06920263880771088
CC_E6F090F70DDD,0.2536138869793762
CC_E6F2D8CB45C6,0.08910523171937028
CC_E6F8FBEDA2A7,0.08147052647673632
CC_E70854CDFE9C,0.05993214951534776
CC_E71C05F07F85,0.06652348809395497
CC_E72797CABC60,0.09243773073790516
CC_E727C1153226,0.09852227339534
CC_E73489D828C7,0.12358736178689927
CC_E7355465CE6A,0.07193973405029756
CC_E73CDBC743FF,0.21455378266779285
CC_E74F00E75A4F,0.06431348391885913
CC_E751F7E19192,0.14019804653195353
CC_E7522AD6431A,0.549335596354531
CC_E7523630D2D9,0.2619019844515378
CC_E767372DD95A,0.6336404485850131
CC_E76C5DFD3BA6,0.2374917997914968
CC_E77326438575,0.18882063187652723
CC_E77E29E11EB1,0.15612051906857746
CC_E78F20B3223F,0.6851926224271863
CC_E79A23E64518,0.09146095655503472
CC_E7AC69AEA182,0.6877310387863004
CC_E7B754CA9668,0.05822687743244608
CC_E7BA60365AE8,0.1483237657238507
CC_E7C95D4A741C,0.07334555089784268
CC_E7D3D728EC5B,0.16629903066817914
CC_E7E4D5F851D3,0.06532161589850295
CC_E7EA49D37B64,0.35555554479094525
CC_E7EF11A24F73,0.7773181073388433
CC_E7F6F9A7EC65,0.07651607059789015
CC_E7FBC7F69DBB,0.19743460278354868
CC_E80B1A55A74D,0.1616025883792988
CC_E824AB0AFDBB,0.2051237069814144
CC_E826DAC92D9D,0.2248590006937896
CC_E83AB7100D06,0.12532467679174733
CC_E83E6D31EC76,0.24740841475570996
CC_E86650461FBE,0.17953699802608117
CC_E868A3754B11,0.8434929597542812
CC_E86A993F7D05,0.09551565539323846
CC_E87992FBEE80,0.6550143938776598
CC_E87B909C4DDD,0.24165712987751922
CC_E8828BA7EE08,0.14405428811288032
CC_E886157F6FBD,0.30869279769318403
CC_E88711C5C98E,0.10952821140342837
CC_E887680BB6CC,0.17714204962336996
CC_E8909BF77D8D,0.12274461842259937
CC_E8A82DA3A246,0.1576626839193088
CC_E8AC7545DBD3,0.08103782777145853
CC_E8BA6B224C3E,0.10141580215240718
CC_E8C6CA45BF72,0.21995582867308167
CC_E8D2E3126A8F,0.6723466836926932
CC_E8E55DAC4FF9,0.06329696120209372
CC_E8EB77AF3F78,0.79716943008166
CC_E8F2C6905503,0.3728513255682148
CC_E90831F897A9,0.17242528745187308
CC_E90B14D51185,0.5256032326299014
CC_E9188329C9E7,0.0786618181657519
CC_E91E1C0C0C61,0.6415923595853488
CC_E91E9D34C5F3,0.11633833635749052
CC_E91F555DBA96,0.14836742884877435
CC_E932CFF4B4A4,0.2149953322657246
CC_E93643CB34CA,0.18048352029410852
CC_E937CA493910,0.16353443695201236
CC_E9409A50B4BF,0.495947406629833
CC_E96711AD5512,0.06168966914003117
CC_E96A3E6912B4,0.4798122551467368
CC_E98AEE74B9BC,0.24038427429732448
CC_E992FB78BC2D,0.28174330489854876
CC_E9A3AECEE3A9,0.07749934823236497
CC_E9BDA7766728,0.32831620605058515
CC_E9BF1AFE86C3,0.17817445443258134
CC_E9CA055AD1A3,0.10758593908555782
CC_E9CA0A56E917,0.1841096837202342
CC_E9D3453F53AC,0.5963774643094314
CC_E9D46EFFA839,0.19960406266200859
CC_E9ED872B6037,0.04700307710762617
CC_E9F40C1B559E,0.12828212393363495
CC_EA06928C0AA9,0.2637366573578234
CC_EA0A46F64C80,0.1491010008872745
CC_EA114B15FC04,0.5598100105783166
CC_EA1F3F67BA2E,0.09113893965898053
CC_EA21618614D1,0.6653764646049348
CC_EA26B5A89181,0.21389093634292647
CC_EA26C6C27662,0.15651665295164013
CC_EA3B5AC76649,0.20353375969528112
CC_EA4E669C8528,0.08456760498694836
CC_EA6917E7A5C2,0.7065461687268706
CC_EA8A25862433,0.1207759304730639
CC_EA901D7CA670,0.1571791419809072
CC_EAA2BCE323EE,0.7183196841120688
CC_EAA6D5189190,0.10673045817582975
CC_EAAA8DD7FAAF,0.15127880802091262
CC_EAB7408CCE0E,0.2924728570054819
CC_EABEDB3C4827,0.14979204634323245
CC_EAC6D83D1BFC,0.04001102319442932
CC_EAD7F3E9DAD1,0.06317281016410074
CC_EADC7D8196C2,0.25485450509155094
CC_EAE608E24E29,0.040537480284481654
CC_EB05AD2C7C27,0.04849747440470259
CC_EB1DA337E2D1,0.13493746430151798
CC_EB1F425EC937,0.13253067934747792
CC_EB2FE764BF6D,0.13078305109907498
CC_EB55483587DE,0.11915226566377561
CC_EB569B3E2E12,0.5940000910166023
CC_EB57E6E6C96C,0.20411139193027983
CC_EB5A0FE0605C,0.10430590923730078
CC_EB64EC97D01D,0.13732541351590954
CC_EB691249B91A,0.14749366178285955
CC_EB7C50A7D4C1,0.501438933750262
CC_EB7C52FDBEC3,0.15439594549936
CC_EB86FED24535,0.25431124931013716
CC_EB89DECC2021,0.09978029343046453
CC_EB999F9D6095,0.20331497280428693
CC_EBA2F85924CE,0.07300974496616595
CC_EBAC5A53FD11,0.08742858793560244
CC_EBB109EF7619,0.16383677671196165
CC_EBBD00C18763,0.0636000894418247
CC_EBCA68C7854D,0.06559269657702117
CC_EBCBDE122879,0.13315190384707468
CC_EBDF6C88BBA5,0.06094380740974783
CC_EBEDAC91ED43,0.08796098238703348
CC_EBEEC4183FDE,0.04800937626963234
CC_EBFD9D007253,0.4379527662673262
CC_EC1ABC58E09A,0.18062535385821876
CC_EC26EABA68DC,0.7974891307177188
CC_EC2A485A3E71,0.15335727309268415
CC_EC3B9E2FE47B,0.07884507775959372
CC_EC505F03EE5F,0.03473509154158858
CC_EC5317EC6706,0.1628088023998945
CC_EC5B7FBD1EA7,0.13575162919040104
CC_EC5C7471FFC5,0.05641166436527852
CC_EC5D92B3617B,0.22751700364858163
CC_EC5E214BFED0,0.670095269432381
CC_EC6406527201,0.10949039143040498
CC_EC79022358C6,0.3163198502192062
CC_EC831A90189F,0.08791220885991924
CC_EC87C131FADC,0.05364830761898105
CC_EC88785D6F39,0.17910150548719647
CC_EC9173F5284E,0.042012042809887684
CC_ECB7B3B6272E,0.0657380962445306
CC_ECBF4CED56D1,0.12314571817131158
CC_ECBF80B94EAE,0.7938164192877675
CC_ECC78B7AE3F1,0.5424262265196298
CC_ECC7E9E691F5,0.14696599877372546
CC_ECC9235F612E,0.24921411032284332
CC_ECCB0BD557DC,0.15118217365775644
CC_ECCCB1B4EA8F,0.08555763165203863
CC_ECDDF4983DD9,0.052506953762344835
CC_ECEE93C4F564,0.5642846831194019
CC_ED07BD8B2CB3,0.05576987253812096
CC_ED0F4A02A01C,0.2735922435725545
CC_ED11D72A1D3B,0.06423262828910999
CC_ED165FC5A06F,0.053345004953593095
CC_ED2B6A40ABC7,0.26484816551871887
CC_ED390F22A931,0.08671983552570071
CC_ED40E7CE5177,0.19526383179148538
CC_ED4E4B13DB1A,0.039228708713730964
CC_ED4F22572419,0.13240358908474079
CC_ED5AE5CB1DC5,0.07702265059593943
CC_ED6090A4E6E4,0.20508642226650656
CC_ED645D91E6A5,0.11923167115102422
CC_ED6B045B6075,0.16229096599605128
CC_ED9313C71C57,0.14928852338466447
CC_ED9BCE7C776F,0.7468872649571802
CC_ED9D4644716C,0.176626653846806
CC_EDA794402358,0.2378961093512422
CC_EDAADACD4DED,0.10894099865498297
CC_EDBAD2E989FB,0.1289152942855778
CC_EDC98B474E76,0.2960089514896044
CC_EDD1FD49A66A,0.7667484223875329
CC_EDD448008C0C,0.6927830253207834
CC_EDDA3B790095,0.07084720369191534
CC_EDF95BF0E3D6,0.20142757786133453
CC_EE03D7C2BC69,0.06955427603736009
CC_EE0D95184E81,0.05679363303453251
CC_EE0FF690C214,0.4357862252578933
CC_EE2412C352D5,0.08100569667986933
CC_EE2A010019CF,0.07412821197826118
CC_EE2AC730827E,0.06411302610665306
CC_EE3236E6A9FD,0.12221041976534025
CC_EE3759EA49FF,0.16348928287956654
CC_EE38C78AD88B,0.3528896780799854
CC_EE3CE0FD6B77,0.599956371330072
CC_EE6B7E58FC63,0.045760841119363724
CC_EE6E02464067,0.26413601815122945
CC_EE6E1FA7A753,0.13570854617415307
CC_EE6FCE6C233A,0.21299553948757946
CC_EE88C07B9333,0.10375698129293129
CC_EE9004165810,0.06931317116133046
CC_EE9BD17AD343,0.056259409616456646
CC_EEA608D5A455,0.14926452253819897
CC_EEAFDB1BB486,0.5483013410391198
CC_EEB482736C41,0.21280277355312796
CC_EEBD9DA093E1,0.05000888270064322
CC_EEF23DDD2262,0.12211398632104936
CC_EEFBDC9AD94A,0.07763323007275648
CC_EF05000895F4,0.4857533851640101
CC_EF16B2CE0988,0.3712183667175478
CC_EF1DD3F0CBDF,0.06645763527232017
CC_EF2D82085BB9,0.08883563747697622
CC_EF2DBE79D656,0.24797420320873056
CC_EF3000C48A4C,0.07281091653499319
CC_EF359AF608EA,0.044431469288772896
CC_EF362432D758,0.3167698364747127
CC_EF548B30F1B6,0.2288315543987972
CC_EF5B403DFD7E,0.10999524495405542
CC_EF66DA0DDF9C,0.2946849994130594
CC_EF70BA4AEEC4,0.15712996773555818
CC_EF83DD56FCC5,0.06389431084779448
CC_EF8B642A6F8D,0.07624554541558322
CC_EFA1EB27DA19,0.0428325182077378
CC_EFAE84EA9BDE,0.09276340723628373
CC_EFB26BEA106E,0.35171275931856993
CC_EFBB51CD8502,0.19459822448175104
CC_EFC18E9B3B55,0.12373973451103948
CC_EFC4B0020E2D,0.11968870989816746
CC_EFC9FA5108D9,0.1374651181460198
CC_EFE45D9B9D9C,0.05157322780731572
CC_EFF27FA98DF1,0.05970525944059789
CC_F000DA497736,0.23633631789159176
CC_F00107DE219E,0.655077274572277
CC_F009FC54A64B,0.759638038951302
CC_F01DF28C6BFF,0.09200240812941023
CC_F037C91F63BF,0.1330304408005312
CC_F03FADA95A03,0.7217783446248809
CC_F05235F3C894,0.13226237841019003
CC_F0649FEBFEB8,0.5170880047834128
CC_F066C78B5C0D,0.13711199827645426
CC_F07313626618,0.6301013425020641
CC_F0783F6A56F5,0.7822909083245531
CC_F0791523691A,0.16025948446643296
CC_F080750455CE,0.056693566893694196
CC_F0809EBB0B51,0.03497675207072627
CC_F08259F86E23,0.1849201599039831
CC_F0929F859702,0.17743577762588128
CC_F0A7203CCA39,0.13933511580795163
CC_F0CD4DD9C63C,0.17325270518817246
CC_F0D29AD328E5,0.1597917195803776
CC_F0D339E5B80C,0.06435099663076325
CC_F0D3BC14FA77,0.07768698851842668
CC_F0E16D28D49D,0.17979374224399675
CC_F0EBE2C00A7B,0.07656150696780478
CC_F0F137758DC2,0.06247456945474859
CC_F0F6BD40CA43,0.35639489871045565
CC_F0F6FCF6010F,0.16677858893935876
CC_F0FBC9D4ECA1,0.03568877414225228
CC_F0FEE924096C,0.20557251191096276
CC_F1074E035DE6,0.05640970613566159
CC_F108D26930FF,0.3545590675446631
CC_F10DB853B9DF,0.3875098165127872
CC_F10E06D52D76,0.14691689648845033
CC_F11F5F477B91,0.6802150683469315
CC_F14913B5BE1B,0.7435769344377012
CC_F156C1647E3D,0.07857127667367943
CC_F1598097E314,0.6554709784253824
CC_F1641E3AAB3C,0.05417660615087269
CC_F166878FB959,0.0599901186898616
CC_F17540FE7C9F,0.1065447700467197
CC_F175BB08B29E,0.059945380886219146
CC_F1782AF286D0,0.37607208404433434
CC_F1796AD4B774,0.5824651206341879
CC_F17B3A3A5E56,0.60922772228272
CC_F1858D6F0080,0.1762812941852214
CC_F18689FA8E29,0.07310054538382979
CC_F18A82B0F153,0.1453821765558181
CC_F1AE7142A128,0.10688291743515704
CC_F1B43DD57C9C,0.12164348292538768
CC_F1BCB7676492,0.09194168975601635
CC_F1C8B8BB90AE,0.1418762872989145
CC_F1E044CD2D75,0.25994899916045133
CC_F1FCB96B5E14,0.23327722569637738
CC_F2067E92A939,0.14066949134998658
CC_F21512554CC9,0.08109550486197391
CC_F243956B7575,0.08929312738610623
CC_F24FBC9FD3F7,0.3641494122596804
CC_F252EB3F208B,0.07023994872299168
CC_F25D793346CA,0.36227925479601236
CC_F25EB1ED5AD9,0.06421562326007542
CC_F265A0AE845F,0.6664310362380225
CC_F274BB4AEBE0,0.0780432543666301
CC_F28BF2185131,0.10624615544698385
CC_F29077E45AF0,0.21475124675263454
CC_F2988560CAB8,0.36022831541364886
CC_F2993AB36C56,0.08509236987888552
CC_F29D6C65779E,0.06121057000084336
CC_F2D2BADD0000,0.0645328765459483
CC_F2E4AEB73D57,0.13869288995222226
CC_F2E630BAF431,0.048259340024005996
CC_F2EFCB40AE74,0.15671070470948253
CC_F2F085891915,0.7033884377453591
CC_F3030E2C80A0,0.19846357532033412
CC_F3044C7C16BB,0.06358184965236581
CC_F30B21CB4603,0.10141090186097114
CC_F3140FCE870A,0.08137317778204732
CC_F32A84B321FC,0.17830268454039527
CC_F339FF584607,0.2804853918466757
CC_F33CEE0F6DBE,0.4500695087495131
CC_F33DAF3E9CF0,0.13268292799471942
CC_F34EC3FF202F,0.08340146285096708
CC_F35A6C383B39,0.20743603686144643
CC_F360E0FF27CA,0.08064459842224182
CC_F36B7AEC0086,0.10201564564491006
CC_F370665BECB8,0.5561819731040702
CC_F373A60E53E8,0.040229283205762786
CC_F373BDAE18B2,0.07518619020030325
CC_F3745BC63340,0.07307008263188708
CC_F37DC9169301,0.17831737959619232
CC_F394E57C5243,0.22882500583863538
CC_F39E98FD418D,0.08835239410878673
CC_F39F51452381,0.045553176848281404
CC_F3A52465664E,0.06384631910939328
CC_F3A8CF761A0F,0.21132303851061948
CC_F3BF1709E29A,0.37905632202462164
CC_F3BF72C29211,0.06378939952387759
CC_F3CF35465CF1,0.05486902601438801
CC_F3E2186DBD4F,0.2854483569739392
CC_F3F0F9B9B56E,0.1682565123367584
CC_F3F185395BE1,0.11332530563524705
CC_F3F68E6599E7,0.07550354210186305
CC_F3F7763C9DFE,0.18736302743926833
CC_F3FFF13592CE,0.06539150262181498
CC_F410C3CE89E1,0.1636680055122093
CC_F410C8B811FE,0.061280800181467164
CC_F4132072D78E,0.1179736619827688
CC_F4157B8E5B32,0.5603945703431138
CC_F41CF067E828,0.11716405149417794
CC_F41DC456E539,0.04669473402476312
CC_F41EEF55A0EC,0.04706090378462702
CC_F426B5C1F07D,0.3391013316269799
CC_F437875F9000,0.18986713774816938
CC_F43C961F8A30,0.14009876177468913
CC_F43D9BF23472,0.06400476685026124
CC_F444BE033109,0.14401518739285163
CC_F4481124F17A,0.1575053299416343
CC_F44EAAF80F70,0.11511946707148069
CC_F4521F6D3492,0.5160003734853401
CC_F46BD9AB1B68,0.13350202465866046
CC_F4763AA0B824,0.5472033360076071
CC_F47976F33E20,0.19676957867216863
CC_F47E588D4470,0.20698683429734357
CC_F4A2777912C2,0.1126672754142804
CC_F4A6C2B23685,0.06682407501102455
CC_F4B3EAEEEA8B,0.03979104372297299
CC_F4C6CD1E720C,0.07194397532739016
CC_F4D05DA98C83,0.0631286602239014
CC_F4D15889CDE0,0.14520253809336484
CC_F4DEC1E6173D,0.04785122772426592
CC_F4EFAD6AF8BD,0.2712720589365811
CC_F4F7835A1FA2,0.1932805258515981
CC_F500597795FB,0.13124533544401018
CC_F5197FA9580F,0.6843091660977049
CC_F5240F59146F,0.08710316209280806
CC_F534A0B87C3B,0.17114163855536177
CC_F536972BFE98,0.14061303099727845
CC_F54FDFE5A5C8,0.08221621732790735
CC_F55727F65F86,0.19210050744718588
CC_F558EBDCDD6D,0.13546891614777332
CC_F56D569AC51F,0.10713261841313236
CC_F5714D180EE1,0.09349928491172893
CC_F576ED9554AD,0.39632727312731447
CC_F57C2559358E,0.19740022008454752
CC_F5AA72FC0972,0.0979332376640613
CC_F5AE7DEA2B48,0.07685509901274679
CC_F5C6A5E9D495,0.17783741210072576
CC_F5E0731F2181,0.24984154056197358
CC_F5F4F3B03FE8,0.7698046726125514
CC_F604D7B9CBD9,0.18171904959832336
CC_F60F13391D61,0.16208260936234392
CC_F618D72DF162,0.07392054926504867
CC_F620B15ACC5D,0.07822996105868547
CC_F62D426D6614,0.12146149822271707
CC_F634999D5C1D,0.03214371187669419
CC_F636E5BAEE47,0.14852364050586567
CC_F6461B692240,0.7148286543611743
CC_F65BAD63AED0,0.22017293045985403
CC_F65DD2AC57E8,0.27366083028243005
CC_F66C6577674C,0.055213434413452056
CC_F670896FE959,0.17877936232720731
CC_F67376F272EA,0.6947749960876783
CC_F67FFE9E884E,0.22260914676935942
CC_F683C99F06C1,0.1361926099996895
CC_F68523E2CE7A,0.7296710087436269
CC_F68E62F9AA0F,0.03673793560873267
CC_F69604E05962,0.07674014241440334
CC_F6B8913740B3,0.10205823619883224
CC_F6BB4952DD35,0.2962857824242158
CC_F6C0B7AC57B5,0.5763142803005572
CC_F6D2B06E6E8B,0.5817923458421588
CC_F6EB30A84C9F,0.2767048130298528
CC_F70345A4792A,0.10812872649512896
CC_F7068C1F77B3,0.2890436576260526
CC_F70B0EA8C0E7,0.05931320483302079
CC_F71CC97FCE83,0.09385118644551907
CC_F722224A84F4,0.7069608226454916
CC_F72D1046063A,0.3026346473400492
CC_F72DAB32A281,0.06104192655537115
CC_F733AA5C0ED9,0.07192380763352957
CC_F74043C1BBEB,0.054668072097682596
CC_F74A31E36137,0.06385124430805458
CC_F756B167634F,0.16671872609327862
CC_F75CBE8E1B92,0.4226069955687883
CC_F761F7EEAD39,0.142081827564981
CC_F79303D62FCD,0.06298685892386266
CC_F795134B52E6,0.6512286013224421
CC_F79533E83ECA,0.0772870232798261
CC_F79F9A7ED432,0.7217423300860007
CC_F7B2FC73E020,0.04612074488659412
CC_F7CF24594B20,0.0815916853743462
CC_F7D31937AA89,0.046213808455566344
CC_F7EFD378035D,0.37679566111596596
CC_F8014B1E00D6,0.04655485388246495
CC_F80ADE95A7C8,0.06326706116676044
CC_F82E58E476A9,0.10912108919843008
CC_F82EB123CC19,0.24208462029063998
CC_F83088660331,0.09225197730442553
CC_F83C6DF6A815,0.5304531567589977
CC_F8620C4F7581,0.1603917313707394
CC_F869F4DA5077,0.7813712764972833
CC_F86B1C53EAF4,0.20569838021509945
CC_F87B7F26FF51,0.23681900991331614
CC_F8803D1C899B,0.06372976932531074
CC_F892E51AC9DD,0.054095520988820874
CC_F89C185743F0,0.11136776633431944
CC_F8A4D45C3769,0.08158136625653882
CC_F8AD68EA5A16,0.21486534229624338
CC_F8B4DBD0CE8A,0.3415454602223321
CC_F8F3E551F166,0.2704941550161285
CC_F8F9FE2C9B65,0.27109394770262407
CC_F912A50D0DD1,0.16934782326152306
CC_F91B7C2B1AFD,0.09602114343381146
CC_F925251D4BF0,0.399647325191606
CC_F925ADD60E7B,0.04985336994628186
CC_F9282C144479,0.05490600277598745
CC_F92EE3287CC8,0.09515801875814682
CC_F93332608FE1,0.14331935554183653
CC_F94070DE3B81,0.062167153158725036
CC_F94C81428D20,0.19114366395284335
CC_F95DFFDA9B12,0.4071323174408846
CC_F96A53B02447,0.5683358722033286
CC_F96A965CDCB0,0.6374457837002286
CC_F9721FEDBE9E,0.20541299156246343
CC_F97C3E145882,0.2503195908868703
CC_F97C64C64052,0.07988592431360851
CC_F98660A07E6A,0.7902897026977901
CC_F98BA4B13724,0.07884372252015419
CC_F9A3F3A76B1A,0.10869632079887442
CC_F9A8E2B3A703,0.1374045832921643
CC_F9B3E7E7F2A9,0.42011013723387575
CC_F9D7D0B1E4A8,0.6894129303290406
CC_F9EDA4EDDD44,0.05408571016917881
CC_F9F2176B12FE,0.049294536511289185
CC_F9F90E76CA5B,0.10584647781026699
CC_FA0157249C01,0.10766963996837947
CC_FA169BCA835F,0.09724488434768826
CC_FA19B61BCABB,0.13483727133921475
CC_FA1DD203C293,0.2624985211348036
CC_FA2E30269BC1,0.20403698591424266
CC_FA304CE8E045,0.19885731093646877
CC_FA310759A257,0.6594087065881427
CC_FA32397E7B8C,0.08150715820135998
CC_FA33D97B84D4,0.10585786562651663
CC_FA38991B9434,0.03819695926013267
CC_FA4079FFF1E5,0.2382487696619073
CC_FA716665CD8F,0.0826228446018687
CC_FA770268B207,0.14979639842021933
CC_FA7A2F59245B,0.4302691660585825
CC_FA8205104EBF,0.12014080967043927
CC_FA8370AF8740,0.05573506554517482
CC_FA858F1025FF,0.11327309185900031
CC_FA86320CF6B0,0.05092470217250373
CC_FA8B341CD3EA,0.18698761668405545
CC_FA9057AAF95B,0.102340974765289
CC_FA97314C666C,0.05295728244521256
CC_FA974C1D91AD,0.3635165131709242
CC_FAA0E5BC9F44,0.6983598615928879
CC_FAA2694D8578,0.2819431843789267
CC_FAAFFC74BC35,0.6800284666030919
CC_FABA6DCF8E45,0.039797899324039286
CC_FABC53294AC1,0.15641679747564927
CC_FAC52B8E66DA,0.09265064281300492
CC_FAD284D8DAC8,0.8514409422048209
CC_FAE70CA5999C,0.13118331310997902
CC_FAF1CCB40132,0.08396941988560709
CC_FAF93D8B3B59,0.0815628468538923
CC_FB09E5481B64,0.10352764354840008
CC_FB150A1F7C3B,0.1297070900433125
CC_FB1808471515,0.37428131337040815
CC_FB296D823CF6,0.07253174119596842
CC_FB301E1FA7FF,0.040618691156392696
CC_FB33C958A19E,0.3937688177819059
CC_FB40D63FC3D3,0.1927425597732633
CC_FB45A1837AD7,0.09168004745997502
CC_FB45B79CED15,0.10941633733393706
CC_FB52260232E3,0.05625080858088054
CC_FB6A0A7B8813,0.2634109728152482
CC_FB6ED10D82D2,0.09657921396258551
CC_FB78DE84AF05,0.03851949524703412
CC_FB8DF8F93E7F,0.1695540433669568
CC_FB8F89048B89,0.07722425775263603
CC_FB9C3E77A49E,0.14647190796275414
CC_FBA40CEAEA18,0.09454680830840978
CC_FBA998938FE5,0.16876321168146058
CC_FBADBAFCD1B3,0.25957556028781437
CC_FBCB85E21ADD,0.15113577872527814
CC_FBCD00EE4402,0.14041901226694337
CC_FBD40DFBA5D5,0.24314458057418914
CC_FBDECF3DACAE,0.2279951529791817
CC_FBE4E2F652EB,0.24029380810214787
CC_FBEA9510C687,0.21774882673828386
CC_FBED1E2E1CC0,0.12398133248786405
CC_FBF54E48EB13,0.05621262126070236
CC_FC1E279EF320,0.05671518795907867
CC_FC2E1D460089,0.10650722069475313
CC_FC31CBD20CDF,0.15627970122639848
CC_FC41D8134A1C,0.08689222680277028
CC_FC44D7EF257E,0.05319685820188791
CC_FC4A649BDD07,0.2244804457620812
CC_FC51BCDBB6B2,0.1294724198422975
CC_FC57B6E79AAC,0.20088230961665912
CC_FC6AA879D9CF,0.14468837555577535
CC_FC7A926F3A64,0.6768810680354078
CC_FC83CB9C71CD,0.04317336444290829
CC_FC9E6D511294,0.1460174295688773
CC_FCA657E69930,0.3727486113790508
CC_FCB451237214,0.7732177318479636
CC_FCC7E51DF812,0.4944681190628795
CC_FCD42ECC012B,0.05633889944894325
CC_FCE8FAEAAEF1,0.1187533677891465
CC_FCFAE9BE2522,0.4401700910994297
CC_FCFDB5DFE5D4,0.09536022877514178
CC_FD24FC7961A5,0.09014051824324941
CC_FD2793DCB5EF,0.117758761443064
CC_FD2EEF724088,0.12539306945984036
CC_FD3205367675,0.08147352623273188
CC_FD3A21CDCA7C,0.1112585920905389
CC_FD3C4C2FB68C,0.13246088262263944
CC_FD41687DC1A0,0.1502901939093379
CC_FD44B4E31EFE,0.0785048454879695
CC_FD5721556AB7,0.07620189579296358
CC_FD643C174587,0.30864550320489786
CC_FD6BFA30DD9E,0.27089510085290464
CC_FD7C9DD7F11B,0.13474357764752778
CC_FD7F2D90CF8C,0.06726303000799426
CC_FD8C4F601909,0.05886939536398015
CC_FD90B45AA24E,0.09199752797389735
CC_FD95457772AB,0.06279790999146884
CC_FD9D9B58DB1A,0.20297162522621998
CC_FDA918AEB5D6,0.6112745106655276
CC_FDD4C2065540,0.3450538092582346
CC_FDE57A2C5156,0.22117055342542435
CC_FDE9920975F6,0.23934656564021958
CC_FDEC856F9C6D,0.06299207558767381
CC_FDEED2AA92A3,0.4337760471255785
CC_FDF5607ECC1B,0.06274563253690377
CC_FDFED3D7E70E,0.1476965143738349
CC_FE0324F99784,0.09773623501078539
CC_FE0A18D6570D,0.047898655170435005
CC_FE0DACAC84BC,0.2445566082714985
CC_FE16586C9FAB,0.24659597990336796
CC_FE16FBC86237,0.18351023250095322
CC_FE1C808C4515,0.07193417896762286
CC_FE1E64201B9F,0.1076658868954309
CC_FE33D60E29EB,0.038754305582432376
CC_FE3ACE674BEA,0.1399247700894129
CC_FE468E9AA9D9,0.036764682558321896
CC_FE5AA923C220,0.16118130874612024
CC_FE6C777DDC19,0.06324858139384167
CC_FE6DD8C8EC90,0.24888120571344488
CC_FE7A84AAA8F7,0.11696079439197231
CC_FE7DB6B410A4,0.11581289226235772
CC_FE8691B1F3D9,0.08858061685489943
CC_FE874279A94B,0.09648022683920153
CC_FEA61499305D,0.19306273954691608
CC_FEC22B334AC5,0.14577228327457112
CC_FF045F9508F2,0.19855389026876433
CC_FF0EFF711598,0.25505969264952677
CC_FF12F53D5676,0.04400259317518792
CC_FF13D426EC1C,0.16975094768288126
CC_FF16A7C8600F,0.2020037304905467
CC_FF2236DC115C,0.4177753508939336
CC_FF2725428B6F,0.08368076569633133
CC_FF3176D91690,0.1232413874716687
CC_FF393D295D66,0.04903196239203122
CC_FF4598202C5F,0.6274012001350867
CC_FF463A4B3D04,0.2729283237246112
CC_FF4703F7664E,0.05980302022467309
CC_FF86EC3C0851,0.4776702519078769
CC_FF8A580DD831,0.16646787869630417
CC_FF8BD8697ADE,0.13714924406729875
CC_FFA681A2054A,0.049631554270041976
CC_FFB6B2D2BB2A,0.35446507286315265
CC_FFBFA27643F8,0.14766415908959563
CC_FFC81CC80F9D,0.141546259941082
CC_FFCC9C0763D4,0.1085070150959429
CC_FFD4E33DC920,0.5336411172422092
CC_FFDE11143038,0.07389158574405291
CC_FFEF28047C4F,0.373348754193522
