client_id,default_probability
CC_0012A082B7B7,0.13945233382359482
CC_0012BC27DFB6,0.1309785055492425
CC_001563B2143D,0.12533595650996335
CC_001B46930B6F,0.1034469936978326
CC_001D771E1C9F,0.054216003075181825
CC_0028BD91E759,0.08819161425930773
CC_0029971D7EF4,0.20725995072126296
CC_002B8C00B239,0.04482902164416197
CC_0035DFA86185,0.7365331201818017
CC_0042D11A6D0F,0.05480034588839336
CC_004D21A4ABB6,0.13404314053632943
CC_004EE05FC2EF,0.5152160732162128
CC_0050E546EDCE,0.7273728186753303
CC_005D7F31F785,0.07073289456186391
CC_0079996ED779,0.15667682283683754
CC_0082B4E1D9CE,0.04986783294220117
CC_00B01C73CEB8,0.17492070384620786
CC_00B74FFEEA53,0.17173753661188254
CC_00BF6791C18C,0.09597444306813357
CC_00C5E30B288C,0.32348540273781334
CC_00C68CE1CC12,0.40492178226826964
CC_00CC4148959F,0.18986030100666149
CC_00D428772D30,0.36553077925841787
CC_00D5806C7783,0.10921462600898074
CC_00D5C677C2AE,0.4984467620484735
CC_00DA781C4D66,0.08455551687232923
CC_00E7E2D6B548,0.21637828906816003
CC_012BC0A68DC1,0.06936152409130487
CC_014911033882,0.14899300090639223
CC_014F7EF4E595,0.6028621690769919
CC_016501B25F2B,0.05581346966666188
CC_016767D9B049,0.04553611376340844
CC_017598512EA2,0.12945755928683012
CC_01941532C804,0.15692227269185402
CC_01A66C6E22FF,0.7717375201434757
CC_01A684355200,0.18144657981567386
CC_01AC62740827,0.11134652469472182
CC_01B0EFE5DB79,0.22427402546757827
CC_01B876B2988F,0.2124455681718608
CC_01CBB64C1DB1,0.35991080223378363
CC_01DBD993A1FC,0.0727681239193793
CC_01DC49D55C2D,0.04571086820160341
CC_01EF18A3ADBC,0.4500994427085976
CC_020252D37557,0.1660950192054434
CC_020BCDBCA8CA,0.3651873122702964
CC_021A6DD97ED4,0.14402943608757923
CC_022054506F33,0.07248728337801616
CC_0225D6231EAA,0.06590173806845846
CC_024B524B0176,0.03815460927900153
CC_0256303A6DC0,0.24762335582714862
CC_02589E6E4714,0.07552082839036581
CC_025927626E10,0.7356955512680357
CC_0283023DB294,0.04136394377409108
CC_02903C6FC0C0,0.17980240674819942
CC_0296E572CF21,0.06091767151107163
CC_02999E509460,0.6277561338319183
CC_029E835D91BB,0.07364647530758145
CC_02A32EC3526B,0.11910584677705816
CC_02A393632CD3,0.2334711271669656
CC_02A3E21B28BC,0.7233293656749663
CC_02A4B4644529,0.08936537092506543
CC_02B43865B30E,0.05768206075510001
CC_02B5A1A178A2,0.18822576180148748
CC_02BC4785773C,0.23548547472340248
CC_02BEDD9627DD,0.6991890886967769
CC_02CD2C1EFBB0,0.11553947189762427
CC_02D4430492D3,0.3438013728326703
CC_02F79A06858B,0.12850581709691858
CC_02FA254C9D43,0.0432997143408326
CC_03062402B4EE,0.0567243594349239
CC_03072CF2EC63,0.3927435680182965
CC_0315369B079D,0.09606046639718373
CC_03199242A810,0.20352608295737054
CC_03214BA76DB4,0.244100345484274
CC_032735A44CC6,0.06739827895108834
CC_0330340F2FE5,0.17236433196372772
CC_033236FAAFDB,0.15323742045445005
CC_0337298F948C,0.05114296475472302
CC_0341CAE5E2E8,0.20869533928857348
CC_03434E2371CD,0.3538560567910145
CC_03547AAB948A,0.21506139437420535
CC_0354D0453D8E,0.10410471386388266
CC_03592E51F427,0.8308313682399974
CC_0365DEB525A3,0.08187617149362819
CC_036782052BC9,0.3527042547044357
CC_036977A50F1A,0.14758892321715714
CC_03720D08B8C2,0.22742541848798248
CC_038AE599BCA8,0.36384317939666866
CC_039E67CDFE1E,0.3171774811010374
CC_03AC962FC717,0.18858020769928432
CC_03B00DFA3A85,0.7731680020013655
CC_03BC6380E968,0.4921822451868011
CC_03BC730E0B02,0.02234696710548685
CC_03BD4F22DA3D,0.14982673967660184
CC_03C7E1EF6F69,0.7966073147312502
CC_03C9FA383477,0.08996127729825354
CC_03D1AAE90CA6,0.06488582241009279
CC_03DBB9598F39,0.13852786340559928
CC_03F18B43797C,0.11012486234254844
CC_03F80118E46D,0.06425152589638361
CC_0405E0151A6D,0.17095533925672107
CC_041FEE6C805E,0.35392671411242754
CC_042F88EE269B,0.17724920134459907
CC_043D98ED7F98,0.1585513889340749
CC_044C3537B769,0.1689385745846811
CC_045932C46685,0.14663998127379504
CC_04629624AA8D,0.20821100779408666
CC_04690B4A6AF1,0.25146270015226757
CC_046CF40369FB,0.11794638093100429
CC_046D6EC816AB,0.3976617419135403
CC_0475CD95EDC9,0.09698798320540798
CC_04796F06B82B,0.12252332192873824
CC_04AC7C1CE736,0.32979495307914697
CC_04AEDD051B96,0.3336086880543219
CC_04B42AD0E01A,0.34053786704685174
CC_04BBD1DB360C,0.2913313921538843
CC_04C767FFDA0F,0.46444799887880406
CC_04C7B819B9B9,0.10304504638206068
CC_04D127A775DE,0.08460422623624221
CC_04D9ED00053F,0.06996153278416391
CC_04E0EFC4F548,0.26903026636282235
CC_04E6848903E8,0.03866413995605258
CC_04F69D03ECE1,0.2451917456033983
CC_04FA1CFA1DEB,0.2427623111268353
CC_04FA6842AC62,0.04043152179399911
CC_0502F3791166,0.3178657934777199
CC_050B514E15FD,0.15697777018490225
CC_051ADBD6D835,0.10912743901201363
CC_051B4644216C,0.08194021704372653
CC_051C0A644DD3,0.029798547866410303
CC_051CBF566856,0.04048674136431961
CC_051EEA9AE819,0.15773432455337158
CC_0520E27BE904,0.16515127048211373
CC_05224448D290,0.12136163225230014
CC_0525DE4744C0,0.049977746670781704
CC_052F5CD81EFE,0.19126555894380987
CC_05368FAD2E6D,0.073941036200905
CC_053788B82006,0.10633688624553217
CC_05471A48C6F5,0.1703950986894364
CC_056DBA1A87BA,0.08200328741534627
CC_05901F3E7A0D,0.16956251981973672
CC_05906BC8ED3F,0.16104798831757258
CC_059D55E32C78,0.09563412087434091
CC_05A12EF84A86,0.4813106976999062
CC_05A42D035609,0.15134121408941018
CC_05AD75A5CE38,0.05752848724654486
CC_05BBD4B92613,0.5816537145071594
CC_05C8EF6500D7,0.814233007944683
CC_05DDB7B07497,0.08673264717129353
CC_05ECAE6E0774,0.219274893477617
CC_05F11F14DF9E,0.3371418787282422
CC_05FA9192590F,0.14557634015317678
CC_05FD764FB154,0.7366325109365226
CC_0608DBB4DF03,0.2481703071233131
CC_06198383F6D4,0.11093349315487415
CC_06199EBE2B05,0.21029441747785635
CC_062A8881A331,0.06995507197645001
CC_062F74350907,0.04762932198767669
CC_0635AD30F004,0.7883259022217908
CC_0639F539946C,0.36703106690608406
CC_063DDB42CF5C,0.07140303935501317
CC_06405C00E240,0.2300999452254096
CC_064920FC9DAC,0.07705825965616155
CC_0650AB329174,0.741430639790718
CC_066941B109B9,0.17939934897563156
CC_066AA16F5874,0.29168091423608505
CC_06732311FB8B,0.16138887477605987
CC_06780061F889,0.10287531931048687
CC_068A81B06B74,0.4425240141545309
CC_06A1C5FE269B,0.2952882815370259
CC_06AA7138DAF8,0.041398767648150384
CC_06C0DD0D066E,0.7625299411321543
CC_06C97CFBD476,0.1291636579250725
CC_06D15F523C05,0.22364273233297974
CC_06D35787AD65,0.04942396581185701
CC_06DA375201A2,0.08461393229100929
CC_06DB455FF19B,0.6906658892084343
CC_06F3674E7313,0.4405017504395803
CC_070232DF9996,0.13660804761115655
CC_07141FA77DBF,0.10034119725311981
CC_0715F11CC8CA,0.21468612355997674
CC_07168A9C843C,0.20280360301096217
CC_072AB9F855DD,0.058060167388322266
CC_07337AF6AC2A,0.11727784588273478
CC_07434E4E5C28,0.07803757523592014
CC_074381358A2C,0.03702135190880035
CC_074E7CA75E8A,0.27152338831990563
CC_075D0C618BAB,0.19301418320000543
CC_075D804F7851,0.10234978772857942
CC_0765961D818F,0.3853654994993897
CC_07698F10563E,0.06092907645785945
CC_0773B9BA9E18,0.3292262785010689
CC_0784ABDA7F8C,0.1819149162408726
CC_0790C9F9EC9C,0.08151021585277923
CC_07A996E6CA6C,0.2203077455082332
CC_07B588ED677A,0.12647675462428132
CC_07B730FD7F82,0.16211820226301793
CC_07BE6961D039,0.08825789835475575
CC_07D23A6BAF5C,0.13825816605113359
CC_07E08196A3DB,0.05374810805132002
CC_07E4850039B3,0.12861574364484488
CC_07FAAF8B2D23,0.06291559170586858
CC_07FB3FD9BE0B,0.12004255366845212
CC_080CB94A724F,0.32791547451761593
CC_0837C56711FE,0.09627875900530593
CC_084100A049EE,0.05712486279465158
CC_084113D0951B,0.28324888916933505
CC_0843DDCDD601,0.6883061676476533
CC_0846C14EAAFE,0.05324356732525098
CC_085091ADED2C,0.17525676105783553
CC_087943B4A5D2,0.15576499966534638
CC_08A97B98C405,0.15457155674438505
CC_08AA321BC4AD,0.14399674394733653
CC_08AA44ECBDD5,0.06866064440208924
CC_08AE2EE9D798,0.2065172485943012
CC_08B149462891,0.17405380844055343
CC_08C71A8D2D58,0.059194413211014936
CC_08D645F7B257,0.06005257374720693
CC_08D80BF0B273,0.05251670347612678
CC_08F52B1BE431,0.20547807775885085
CC_0903571AC7E7,0.1600468760430388
CC_090D528C09D0,0.41894716392620573
CC_09106BA6CFC9,0.10323586710907898
CC_0915905A5D48,0.10974256394387935
CC_0918F67CDF01,0.16220510387590334
CC_0925D0B6276C,0.14487627146531717
CC_092A2830E36A,0.7942107782197589
CC_0951489C8F79,0.043507924356018315
CC_0951FA4D5513,0.10268022357539969
CC_095C712064EA,0.09273632288188423
CC_0969AA7BEC71,0.08462524280751509
CC_0974840BED49,0.7530030338043022
CC_097BD371F652,0.0909103876035712
CC_097C8139DBD1,0.06531409582783075
CC_0981CA4DBCE0,0.028766135465009567
CC_09A5D2F129A4,0.24858979469343667
CC_09A9BE38080D,0.0908575920864111
CC_09CDC42E000B,0.2155826155920395
CC_09D8DBAB2A42,0.11633907416619023
CC_09EBB1960580,0.05798416729570161
CC_09EBF206FEE6,0.18596874935876845
CC_09F2AE996181,0.08492330301126011
CC_09F45833F53F,0.14991281826050662
CC_09F4F5C5B4EA,0.7725453894415024
CC_0A04BF4005F8,0.18935688701900885
CC_0A0E563D1060,0.0816323379323327
CC_0A0F781A999D,0.22328947752388958
CC_0A1138C37BC0,0.16468417219551287
CC_0A334A16524B,0.07759023651978772
CC_0A359CD5D73A,0.07118027529067265
CC_0A3E2C273DB5,0.07334163023150776
CC_0A4705B1E08B,0.050730388792067614
CC_0A67EB7C5282,0.12066774987928353
CC_0A6CD64871E5,0.3663169595227291
CC_0A75643FDC7B,0.06398093938704968
CC_0A8066F501AC,0.04878560899889784
CC_0A83017D027D,0.16595203791273608
CC_0A9AB7441D5B,0.33271963045757746
CC_0AAA72FA148E,0.3608697144348399
CC_0AAC488C8AE4,0.45756065858487316
CC_0AC2DB82398C,0.35761108245479595
CC_0ACA2C49A497,0.12296854015398896
CC_0AD4BBEA75ED,0.04672216045820182
CC_0ADCD6553B8C,0.06355219014175212
CC_0ADE56B56C41,0.04798425799620012
CC_0AF4B5B4162F,0.7317251084749209
CC_0AF9BD814AC7,0.10746224778781291
CC_0B083BE0FEA3,0.11064500064728337
CC_0B1384331163,0.055110221585676765
CC_0B216C6AF0F2,0.030012347084835585
CC_0B3465DB0684,0.5429210995624637
CC_0B442B91679E,0.10791483006956036
CC_0B455175F494,0.11039170555160982
CC_0B4C01B4002C,0.18087385835860478
CC_0B544A526D6C,0.05686277097614249
CC_0B5B19AFCD18,0.060728764495333785
CC_0B5BD2D224BF,0.0744759310766556
CC_0B6407C2C9BD,0.1644138524538175
CC_0B73F59991EE,0.08376298076654337
CC_0B7579216681,0.08671856372068329
CC_0B7F3B4B32C1,0.23301774021386262
CC_0B830A67900A,0.11257093924085596
CC_0B84250F96B8,0.2387988068835204
CC_0B92212B8E27,0.32426889870733644
CC_0BB43BC4B3BC,0.1145804562546154
CC_0BB992973640,0.05607205162077346
CC_0BBC41297846,0.10104031676472364
CC_0BDDB468A1E0,0.2859058877142033
CC_0C00A631C2B4,0.07613282454466547
CC_0C011AF6C857,0.3263756476471177
CC_0C0459AB67DE,0.15184927892617622
CC_0C18B07E451D,0.10994436152078746
CC_0C19EB845CA2,0.2270182582850403
CC_0C1A736F37CC,0.08667859575097173
CC_0C335C9D86F7,0.7568744367142445
CC_0C4C24D066E9,0.16788943592155084
CC_0C5499989AF4,0.16334779963787147
CC_0C95548CC1BD,0.1365366185062743
CC_0CA2DE660B41,0.22914713598197597
CC_0CA6D8CFCF2B,0.2214473278963127
CC_0CA9DF9C5C15,0.0769459654878619
CC_0CA9F52C92A8,0.17836112712758986
CC_0CAFB6C41CE7,0.11321971139072703
CC_0CB27D5313F1,0.5801554685984862
CC_0CC9DDDB8B44,0.0631063320510183
CC_0CCA18595BA5,0.26096850978986325
CC_0CD90568D3E6,0.21886304893846534
CC_0CE0D56B0584,0.10385347099127046
CC_0CEA028BF961,0.27918473845624764
CC_0CF67D68AF16,0.3193467562238538
CC_0CFAA0FB0691,0.07021335976879975
CC_0CFFD2785D2D,0.09917083045901927
CC_0D28AF91CE97,0.13787009885686496
CC_0D34E55A580B,0.10898707347965415
CC_0D3663B6524E,0.7682467856712473
CC_0D3C2864ACD2,0.3393647514533611
CC_0D5F4BE8132C,0.1633079019681703
CC_0D6D5ACB0889,0.27623217234805486
CC_0D7BFE8CC0D5,0.1451444848651717
CC_0D8852AAB481,0.20477199573062774
CC_0D97EF394C79,0.3699238907110946
CC_0DA8FDDE6DD0,0.07314421555987545
CC_0DABB89E37CE,0.08722288832464412
CC_0DAF0F2FAA86,0.08833246433772991
CC_0DB9E5F8EDAD,0.08353117090481718
CC_0DBC64F88C05,0.1438055011251882
CC_0DBDF018E822,0.09934820676063232
CC_0DC31A5A1096,0.046072352736281956
CC_0DC3870F23D0,0.04709548057051683
CC_0DD39F5D7C0D,0.0702435824148418
CC_0DDC2C18BBDE,0.0546630324153365
CC_0DE09CAA93E5,0.13889267219556717
CC_0DEA4477FDC1,0.10253406850746069
CC_0DED63EF6639,0.22366452809566217
CC_0DED7DBF26F6,0.2327211332493047
CC_0DF01CD21B9D,0.18978108823412693
CC_0DF6A478C01B,0.22277853514324364
CC_0DFE1A3FA5AE,0.14387432699187488
CC_0E07D5FB24B2,0.09913801300844491
CC_0E0CD9F23A5F,0.7564454055530816
CC_0E121FCB1D47,0.08106469855766894
CC_0E1423A4C263,0.20303519939982434
CC_0E16883EE8E6,0.4478524961306628
CC_0E1A2BA1C545,0.22544437729665903
CC_0E2B52BBA69B,0.08094727686104415
CC_0E40BAFC3530,0.18814759393423744
CC_0E48EE235179,0.061765586446836204
CC_0E4FA0FB9797,0.6127491128312402
CC_0E5162F59924,0.7575996766655629
CC_0E5E2FCAC8C2,0.30316098288085513
CC_0E68C2BE2A75,0.12505011621982476
CC_0E6C5A8D8CE4,0.10331786623332515
CC_0E6E9B0E674E,0.09000640138814199
CC_0E746EAD6CE9,0.07751572194971611
CC_0E968E7C22C1,0.4161133620131031
CC_0EA1483F50A9,0.17544081268010545
CC_0EA81362C7D1,0.17335250728589957
CC_0EAE97520873,0.3516673013778785
CC_0EBCF4228FF2,0.45389133940046333
CC_0EBDEFD0BDC2,0.0673678937216921
CC_0EC6AEDA63EC,0.32828299289740376
CC_0ED61DD76795,0.09590963906326229
CC_0EE33B1B71D5,0.14054491113544654
CC_0EE7EFF13EBA,0.05842049458315191
CC_0F0F136B0991,0.13031289777347313
CC_0F0FAF218BCB,0.05740722723829865
CC_0F125B48F175,0.10347366870358055
CC_0F292A238627,0.10898375983717283
CC_0F2949A1746E,0.08571090954323395
CC_0F2B71163121,0.09041069176505268
CC_0F393F1DE2EB,0.07028582458576747
CC_0F41B187053C,0.3921868012494689
CC_0F52EDC9D383,0.10611745259721227
CC_0F62C4F36236,0.08817955545357561
CC_0F6A29CE5D45,0.19661928481836893
CC_0F7C0515A6CF,0.1500688050129176
CC_0F8D6C89202F,0.2031686863901015
CC_0F933684CC08,0.17531208673236795
CC_0F9BA54F2AF6,0.05373887727194229
CC_0FA06CE7FAE8,0.042691797394701345
CC_0FD25AA655DA,0.16117554750277388
CC_0FF5570E06EC,0.7393276123298589
CC_10197FE0E34B,0.661742393689319
CC_10355B5718CD,0.10682862356436586
CC_103A9D18EC12,0.15417191150476056
CC_1040DB6A21EA,0.12353370968600154
CC_104D2B84FC4F,0.0514404007864529
CC_104EA2802A11,0.10875120899407471
CC_105777B1BF91,0.06105478469358586
CC_1059F1B6C0C3,0.12197710227624389
CC_1061947FDD14,0.06353856487028349
CC_10689257E68C,0.31149867924369157
CC_106BFCFA7D7B,0.04542623664769615
CC_108FA04AC10D,0.09347827806837838
CC_1092915D0093,0.1408184534700358
CC_10A30F88E157,0.1727002552835204
CC_10A657027AC9,0.753799916421951
CC_10A6EAF27BF3,0.047806214749900496
CC_10B148BED568,0.4206490856606393
CC_10BB7101F191,0.047876952512087234
CC_10BC5BC3A9AD,0.35779542010642057
CC_10F27C70AB99,0.11374642313151113
CC_10FADDF63CDC,0.16266620527352946
CC_1107D9301AA0,0.08900950408120735
CC_111A6DE5D9C7,0.7563909767157443
CC_111DC3B1756E,0.2765959423840657
CC_1131156CC6F6,0.14729184826831546
CC_113B66D5D5D9,0.14225733199483864
CC_1143254EFF36,0.054624482828412736
CC_1145E5277FA7,0.3507132182970714
CC_11521077BBB0,0.13183840543705877
CC_1154861ABCCB,0.5562137978388532
CC_115BCAEAE2A0,0.0885903838768037
CC_115BF13E8BFC,0.22546763812632406
CC_115EBE5044BD,0.3527403675158207
CC_1165AA07FC47,0.7211644267670957
CC_116EE8219753,0.059743888048148126
CC_1176FA3233B3,0.05697318954808413
CC_117C2A1587ED,0.07482275460548832
CC_118C0A1D14B2,0.24616291395555098
CC_118ECB589F3C,0.09653723779118305
CC_1190F13FB1FC,0.11593835302705133
CC_1192EEC65A1E,0.2149627938257259
CC_119B1FEC4D83,0.24129339378585704
CC_119C413C2580,0.135728517225137
CC_11AB74142A2E,0.7770153849916729
CC_11C8A291FD11,0.16880550204905964
CC_11D1E9C39E41,0.07410621525809268
CC_11D600EE1BD6,0.17097751410108322
CC_11D7539AC69D,0.22340474661277968
CC_11D78BB50016,0.11825878966439313
CC_11E0C583685C,0.08684016361063489
CC_11E0D2F15AA1,0.04327625719842805
CC_11EDFE67C719,0.6687600207102355
CC_11EE85F284B8,0.24028520311415974
CC_11F700202C6D,0.16421234194844833
CC_11FB668DF543,0.1036534418182274
CC_1209FA26609D,0.04119595442115481
CC_120CA1B916D0,0.10554431537662753
CC_1210186F4D33,0.09157278242290827
CC_121F621374FC,0.2056990333620218
CC_122532C1FBCB,0.13798835959584727
CC_122B19CBC88C,0.6637107055969534
CC_123C7F0111C7,0.6378174450046219
CC_1241EE42F174,0.12932786108951594
CC_125B7100F1DD,0.12435767375065337
CC_1263B255B3B5,0.17301179687477697
CC_12878596E940,0.07419356481050607
CC_1298ED71A9E0,0.07501252471059172
CC_12B555C6F086,0.1237332319219081
CC_12D22C629874,0.20228144871081502
CC_12DD89EA0C14,0.1563484319085288
CC_12E24CDE2684,0.17617632579592696
CC_12F3B7309455,0.5973155994864072
CC_12F8E7A4BBE5,0.35127378993908165
CC_12FDEAE4873F,0.21010419162518798
CC_130F7B067939,0.38054432962869955
CC_13209EDC85EE,0.682927371545659
CC_1332B6F0E543,0.20600225504729533
CC_1334E256AEBC,0.6264534548013743
CC_1337726B2AE6,0.09412701541577416
CC_1338237BF402,0.18662463325508677
CC_1341DF38D9C1,0.1731464740545709
CC_1342F868176B,0.6688979073550435
CC_134651CCD2F8,0.14926623903579714
CC_1363E3090578,0.06586533610071722
CC_13736493B695,0.06125313382160419
CC_1392DE633D4C,0.26519761983745066
CC_139ED2E0AD76,0.09306450175847221
CC_13A5383EA098,0.6097752697308004
CC_13AA272C6861,0.10490520619010728
CC_13B74E4EE3EF,0.24369848262420504
CC_13C437E86B81,0.4767371907053894
CC_13D61B077E7C,0.07040422887274679
CC_13D7115A8FCC,0.1982979081852988
CC_13DFE319B21E,0.7855395298057997
CC_13E0F0B3FAE6,0.230661448940975
CC_13FD88C2920A,0.6928074775083892
CC_1401CB818627,0.20338474593231862
CC_140B86E74F74,0.8295502637431573
CC_1452A0B69085,0.048708254850326406
CC_1458CA7329A7,0.29754571459790335
CC_1459E7125AFB,0.09766950620657794
CC_14633EC7F622,0.4677528263128801
CC_147B1B30DE7F,0.13003691335722012
CC_1484511F54C5,0.36210822158989836
CC_1489A941A69B,0.32885614455118856
CC_14A8B16706E9,0.08274019706144271
CC_14BE52BADB77,0.10114157320839766
CC_14D53413FBCE,0.34078098182356836
CC_14D59B58E51E,0.18407321196553486
CC_14D964327B1D,0.06562183690703607
CC_14F5D06CF093,0.13417996943009416
CC_1501D63D5A80,0.36576220312604063
CC_150E3A0E5084,0.2100016278158644
CC_15152312AC56,0.057366415059902365
CC_1522BA0411C3,0.08059089115621332
CC_1534B0241A1B,0.049987793227413764
CC_153BE2BEB74C,0.17800536468673095
CC_154BBCD4DCEA,0.2596261833632455
CC_1552EC27FC0C,0.6989177322746944
CC_1566BFF4BCDC,0.28662516395374876
CC_1579BD86A63D,0.3402406757742714
CC_1583CFD90530,0.2601014963255451
CC_1584385F38C8,0.07103521905200792
CC_159656F13BE8,0.10470919626383215
CC_159B6F6AAF1E,0.1173720954482605
CC_15A4934FD96E,0.1276640065928774
CC_15B2140CE869,0.0872626856735214
CC_15C0972DE384,0.6146733418735774
CC_15C0E30FF2DC,0.1274400577748543
CC_15D617FAB434,0.06507978338066661
CC_15DA0F4FFF0E,0.32877097285296103
CC_15DAE76D15DF,0.043597838531395504
CC_15DC7C139EBC,0.4032446656800732
CC_15EB741857ED,0.08756731954260938
CC_15EC51F4C521,0.2977491686964487
CC_15F6259C7C53,0.0637726109029792
CC_15F7C012E10D,0.39822071847364543
CC_15F7C1BEC28F,0.1813344830658621
CC_15FF58854AEA,0.27181766300815846
CC_16035CDDC2F6,0.150170993521471
CC_16095572722B,0.06584039615885566
CC_16109F1CE0A6,0.2926641319691787
CC_16150E74E4DA,0.17399904900355664
CC_1629E47AFBA5,0.06894662081913269
CC_162F4582D06D,0.6960977864256175
CC_163194DFEDDA,0.05282898718222341
CC_1640F01B7730,0.08784242774680955
CC_16460554039F,0.042956298859081955
CC_164D308CDE41,0.24955226544163198
CC_1661041F819B,0.8122283222879871
CC_166829780A76,0.11116787717387096
CC_16798666E855,0.10456609697264994
CC_1684B5493414,0.1729026130283199
CC_168A8907C8F4,0.06931231431544813
CC_1690EC56D088,0.05883375871460596
CC_169853EEAB4A,0.10431701091350148
CC_169B7FD839BA,0.14876143271204265
CC_16AED1A3008A,0.11984309360851009
CC_16BAC7837C73,0.13704170496844562
CC_16D57E1EEA01,0.12053766209599501
CC_16D833E56D7A,0.1715321468385862
CC_1702487A047B,0.17758264732579856
CC_17029F78E70E,0.06883201782627701
CC_1702F3E986AE,0.06406386178993549
CC_1707181BB559,0.05312079247697434
CC_17117BF03935,0.2569142366142829
CC_1723E40C3D40,0.21430867396692746
CC_174FBBE9ADD9,0.17062088487611932
CC_176E6E58FD1E,0.10448066583738726
CC_1783F37259BE,0.09679731861544617
CC_178B135605CA,0.10362554695712255
CC_179AA5165026,0.3352455171491784
CC_179DBA1C4CDB,0.3438224761028915
CC_17A1090B69C9,0.09096756206191259
CC_17AA1A4C904D,0.2053281611547625
CC_17B06C06FDC1,0.16626010819860948
CC_17B89AC1FD03,0.2413587876534867
CC_17DC33AA73F3,0.07923055310623524
CC_17DE4D267831,0.0946099990686327
CC_17E929BE0344,0.3663320601793659
CC_17EB83DECE5E,0.39225460132993883
CC_17EC9982E5A6,0.1607724084571467
CC_17ED5555B4FD,0.2174270472002326
CC_17F4292DAF8D,0.0947199438655582
CC_1807B0980C86,0.09130044433010226
CC_181354A58B53,0.10218675916607453
CC_181E7266E018,0.0794015829355199
CC_182AAE7CC3CA,0.498999653856323
CC_183EDEDC5DA7,0.09962402737925193
CC_184C47552665,0.23539545409379609
CC_185A7392A475,0.3229558514171075
CC_185FEFD3233A,0.41413812532081273
CC_18676FE5FC07,0.08870004741026229
CC_18776C4FDE28,0.09121733961415196
CC_187A8AECEFBC,0.18082545811247294
CC_187E7D0B4E82,0.7200919593144189
CC_18839D393105,0.13521717371454126
CC_1888476F6CF3,0.1076045005579154
CC_188B1ED2AAA5,0.3309746320841601
CC_18A4257C3172,0.32064687874351705
CC_18A7929D9FC9,0.2350827003305514
CC_18A8695F185E,0.11930317573062502
CC_18ACE64E8F74,0.1838007837946944
CC_18BF4A29BB38,0.11719493059425151
CC_18DE36F7D294,0.1626919014470191
CC_190EB07AC1FC,0.13340893947293658
CC_19219F2C60B7,0.14619570522530426
CC_192262DB0B0F,0.09309150888238327
CC_1929746E06CD,0.6227986164067151
CC_193356E72D61,0.6989314297120942
CC_193938E8EA40,0.17856667910190288
CC_193C60092202,0.47232444397997303
CC_193F669537D1,0.15150090226593646
CC_194E13150BE5,0.07464648246448527
CC_19556DDCCDB3,0.03590078478196638
CC_195A6E9B48A2,0.15229973185129228
CC_196DEC616B33,0.09819456381957231
CC_1978B23D64A8,0.11060929681468165
CC_198562A4BD86,0.13961062160527465
CC_19864C9572BC,0.18144599033245468
CC_19868B6887C9,0.11059646642686466
CC_19969E05AB2B,0.15176062273376945
CC_199FC89885C7,0.12019908345188085
CC_19A40411B404,0.2047987376996441
CC_19A6D9B60B29,0.6187550311475951
CC_19AAB010550E,0.06369327133086158
CC_19B4743DFEEC,0.06873248784363471
CC_19B95A61D757,0.17144645998678046
CC_19E6A00F6A5B,0.08208246344189951
CC_19E8DEC29F47,0.6263661569381517
CC_19EA54976042,0.18980196441910263
CC_19FBBEA75B7F,0.14658644166035176
CC_1A039E58840A,0.05633357017067007
CC_1A075331756B,0.10510506293124931
CC_1A1E1302C432,0.16689883496499308
CC_1A37690EAEDB,0.15772197260551665
CC_1A3BF9F5BD42,0.15859225744915906
CC_1A4268FEB02E,0.2242300543162661
CC_1A5F8618A912,0.3592614047288195
CC_1A659D4D521E,0.43405462233056746
CC_1A879655902A,0.0584069500436327
CC_1A9F6DA46BC2,0.12140744961071001
CC_1AAB15E81743,0.03775865579258585
CC_1AAC389EF8A2,0.2837191563469241
CC_1AAD0CE365D9,0.11402403231247946
CC_1AAD9152C90B,0.055681403182468725
CC_1AB15BDA9296,0.0770246891766407
CC_1AB8BDA3041B,0.10891929516595122
CC_1ABB9CB074E2,0.7089045257899094
CC_1AC1B1A3978D,0.06454211401085014
CC_1AD20D1F9C08,0.6921278321531197
CC_1AD881A90D1A,0.38074320471021905
CC_1AE9811724DD,0.6748318155122667
CC_1AF1AAAB9D12,0.7772836655697327
CC_1AFCC4D0ABD4,0.17629888864395607
CC_1B08ADAFD1C4,0.1579414263724979
CC_1B10139C7917,0.1209586528038313
CC_1B127133B948,0.11705200845959557
CC_1B25964EA376,0.1129279062871697
CC_1B27A85C7244,0.18887229974949316
CC_1B29F4378A34,0.15283520898802724
CC_1B2EC0BD0677,0.3741693994576197
CC_1B4AAF37FB97,0.07947920629573618
CC_1B5E792F6E6C,0.2961767424058933
CC_1B7166DAA790,0.13964358280206146
CC_1B89FD901C95,0.09555450314590905
CC_1B91E3A70338,0.08001650255870947
CC_1B9D9B7184F7,0.13552651027350424
CC_1BA3FDD92B1B,0.05363390964639102
CC_1BA9B3D67170,0.1295074096754818
CC_1BAF97E2BCF2,0.10405462914556599
CC_1BB7D8A54021,0.09406021635950496
CC_1BD548A5FEF3,0.1269718585213141
CC_1BDF1893ECEB,0.22609492270863737
CC_1BF117A8AF9A,0.0717984202014209
CC_1BFA7E407428,0.6749580172632236
CC_1C0066F472E4,0.7136805719606854
CC_1C09CC2385AF,0.05467911474588286
CC_1C11467AB472,0.6733964206639634
CC_1C1627B7EE6E,0.04331529022962694
CC_1C3259B85E28,0.19689820460541332
CC_1C334ED885FA,0.061548405688548316
CC_1C376760FE39,0.08206574337201415
CC_1C39A1ADF3F2,0.1710157459643244
CC_1C450FC77478,0.10245418184231932
CC_1C48409023DF,0.46299657796478966
CC_1C4D03324C60,0.3610409630455514
CC_1C5F1E1028DB,0.05546847141898158
CC_1C6681C0AA7A,0.7827951347544669
CC_1C84CFE19CDC,0.22832635022438272
CC_1C8B3F689C6D,0.21427654882718436
CC_1C95674B902D,0.04528246833819163
CC_1C9A4C11F28F,0.11399822522049466
CC_1CA3F50BABEA,0.11215953027482596
CC_1CBF42D35AED,0.6226346338784088
CC_1CC11BEADBD5,0.11753403879983383
CC_1CC3CE396A8A,0.23000825993072163
CC_1CD2B13C2E6B,0.07587190866012676
CC_1CE0B37CA670,0.08802530296613466
CC_1CF5A99FC068,0.13605490024931172
CC_1CF71AEB6671,0.07947110618588492
CC_1CFE066F5EE4,0.1698903234807631
CC_1D00B360809D,0.06849716032603395
CC_1D1173F82F2F,0.10501078549098776
CC_1D1E06E0B393,0.18807950192236067
CC_1D2789866B1B,0.07176868178560476
CC_1D2DD7DF781A,0.233820462492003
CC_1D313498A2DF,0.1866452800980664
CC_1D68396533F9,0.36125544239810253
CC_1D7235BA1EAF,0.16704051123171726
CC_1D7ABAF9D080,0.04667696281256469
CC_1D7FA51D0D7D,0.49703859801936096
CC_1D8CFB3589AE,0.05740019024770343
CC_1D9421A6EB19,0.3049708781719434
CC_1DA0AC68719F,0.35291943275578863
CC_1DA366D588B6,0.11159887475690694
CC_1DACBFE0296C,0.08515877811396601
CC_1DBD6A716910,0.619257359048766
CC_1DCB75B5CBDE,0.35753446617149165
CC_1DCDADBC0E90,0.41701375183968203
CC_1DD11FAF43E8,0.13595337084324335
CC_1DD8064E71C7,0.15780831119697905
CC_1DEC926EE25C,0.1261716621426494
CC_1DECBAE4FC5B,0.045226245407905444
CC_1DFF80E6D4DF,0.05657138892881807
CC_1E025C3597E7,0.3025425486733345
CC_1E082052CCBA,0.6428645835076187
CC_1E0E30441DD1,0.18536600449414226
CC_1E20E200611C,0.127724708154711
CC_1E354C75EB9B,0.04353168565127507
CC_1E3B2C15EBCD,0.20350766888270727
CC_1E4DF11FAF55,0.13081220618462952
CC_1E4FE60DFD8D,0.7239599868996339
CC_1E5A648D299F,0.20469275170663923
CC_1E6C0A8B3841,0.6463338430121351
CC_1E7FA6E807A3,0.21224424510776518
CC_1E93F760EC93,0.233953948108166
CC_1E99F40FA03E,0.0788049627640331
CC_1EAD09DBC23F,0.22992825074953874
CC_1EB3D53252DB,0.26997935502016013
CC_1EC889E04D69,0.0845812625713263
CC_1ECCBF6853F6,0.48922763413675385
CC_1EEC4520436C,0.14585597899965508
CC_1F2827DC99C0,0.17322263032228974
CC_1F2C184C5227,0.07528327506870028
CC_1F3FA8091B02,0.12730919414099334
CC_1F4E07BFDC8C,0.05622198073441189
CC_1F4E0E9B54BF,0.08218115633655716
CC_1F55738A6A27,0.34363347686913426
CC_1F65276D0EF8,0.10780806826933002
CC_1F65C797BD40,0.05346253491345442
CC_1F668C0AE868,0.08764868034485154
CC_1F6B19A04BD8,0.061221055019524635
CC_1F945A60367E,0.44064969431379547
CC_1FAB6F11DFCA,0.6564778937678059
CC_1FACCCE95224,0.26464201765441336
CC_1FD010E5EA82,0.059802850549139745
CC_1FD2B7BCCD20,0.6922287327114075
CC_1FDAEC3D5CBB,0.09272600653821575
CC_1FDC65FE3DBE,0.1126257843415988
CC_1FE696D8A81B,0.07574579123663344
CC_20027685F59C,0.7581519623807175
CC_2009F3D77774,0.11888213661155889
CC_200C552C40F3,0.1396862535374872
CC_201459527065,0.1400727775524978
CC_20275029A688,0.07899748293808453
CC_2028DA597C34,0.21303104275130594
CC_204E557E5046,0.4015811867385552
CC_20542CFCFB39,0.0467399219393747
CC_2060F813C9B2,0.245170819279753
CC_20813A9A7F71,0.10754769096535781
CC_208429A11E2F,0.16892073371941632
CC_208B0FE7CBAD,0.11047987698583454
CC_209A511030A7,0.04657571745529911
CC_209DD60421B5,0.08643151788805792
CC_20B26D646D62,0.1637325352488523
CC_20C47966B174,0.20403945165375387
CC_20CFE9681E4D,0.08490469774761673
CC_20D4DB0F3E3D,0.05760345864276881
CC_20DD84CE3CA0,0.09814024449265253
CC_20E57CA675DA,0.599084725629568
CC_20F129FFBE00,0.25064874070907206
CC_20F4E0F62D2C,0.0952393472631725
CC_20FEE0B2130D,0.582172820899934
CC_2111B298C212,0.08553749593514522
CC_211315AD7633,0.17757004619123523
CC_211504721E27,0.1298612289350394
CC_2119919BCB4F,0.7426950794951098
CC_21375C9ED931,0.2367905132814258
CC_213D2A5355FB,0.22990384533267214
CC_214B50E48E94,0.1151311964029616
CC_215F86D986BA,0.10482409398725266
CC_21600308F496,0.04553959861480334
CC_2166F3F6344B,0.13255199087426198
CC_2168BBB42053,0.13162162499547334
CC_217030CE0127,0.05183727717419912
CC_2179067B405D,0.05642601565673357
CC_219B59B67193,0.1658512875672282
CC_21A9E8DB58FE,0.17730593024450564
CC_21AE679C5E95,0.23726619125991313
CC_21B98D13174C,0.10984422826492789
CC_21C81BC15002,0.12094425888384902
CC_21C9B26CFEA3,0.1103551038971667
CC_21D22081A4CA,0.7572973696508382
CC_21D29CD736D3,0.3307808006652211
CC_21D3CEAF838E,0.17172045089413107
CC_21EF792A3811,0.5664316697650751
CC_21F04E996723,0.46714408504603455
CC_21FB6C8AB8BF,0.4514821539691278
CC_22067686F6C4,0.6868962448844673
CC_2207A39B7BB8,0.14796293482282818
CC_221053121AAB,0.189351110274069
CC_222423774191,0.06255874553402167
CC_2230EFBC99AE,0.40691607327043383
CC_223BDED2A465,0.28599542439093806
CC_223E3CA7A07F,0.15937218675795964
CC_2250B42E48B2,0.11319276486184877
CC_225935E43583,0.10290989729308048
CC_22781E93CF84,0.17040240581150226
CC_22784AF3CB6B,0.4986808768636098
CC_22831690395E,0.2321378652209029
CC_228E6CBCC935,0.5876958292529763
CC_229338EBBA6C,0.08634266758220698
CC_229A63057E54,0.4738409323285882
CC_22A2D8A4B437,0.08007010837618919
CC_22ADE1EE9BC7,0.1193866573349578
CC_22B69E7C415A,0.05300833353922239
CC_22C590B43FEF,0.3557958163863803
CC_22F06379D8FD,0.04024006036876676
CC_22F282264A1D,0.1295828013566608
CC_22FBF5F0E1C0,0.23371563780969917
CC_2302088175A3,0.2562823298602331
CC_230672EAA654,0.036649523502984206
CC_230870B121F6,0.1308229951966925
CC_230A051B2B3E,0.06285152420427924
CC_2316F57AFB7A,0.08330447968085375
CC_231D091FCD1D,0.06678913614280546
CC_231FDED1781F,0.2348024110738386
CC_2320053D1183,0.06463377101789632
CC_2320AF507566,0.21066418370465853
CC_23321FF41C3D,0.24078949519211412
CC_233470D6BE72,0.6076388212491776
CC_233C8EBC95FC,0.39262551926636635
CC_235F99F13500,0.13942148562199372
CC_235FC02CA52F,0.18764459516131776
CC_236C80CAF53D,0.20985438707634768
CC_236E7222D97C,0.07125201303714641
CC_237B86FDC93C,0.0728769464517965
CC_237E7EB2D7D8,0.11382248647506461
CC_23830081EE1A,0.6332587362133795
CC_23894AAA08DB,0.5075916457671925
CC_238CBFD6E20C,0.40209472851158623
CC_2392A4A79C9E,0.04152623544808786
CC_23A474D43C73,0.19823143686646816
CC_23A9CC59BA0D,0.03380620860287348
CC_23B158D8306A,0.14148126221934004
CC_23D147F1870B,0.1838820182129422
CC_23D2E73DCFCF,0.1255819314356759
CC_23D9103D1EAB,0.03822819870784722
CC_23E142182F2F,0.6659249384417935
CC_23E43713A108,0.05063630078748873
CC_23EF2911610E,0.4642905459959559
CC_24056B76BD7D,0.0628882424586721
CC_2416ECE66177,0.13246434354856135
CC_241E65816FC2,0.06556288815625354
CC_241F7E97FBDD,0.06551305043400428
CC_24217201D7A1,0.3539420615848438
CC_242301FCCE50,0.055208951609046146
CC_242C69CF0B12,0.09206348017628775
CC_243B23702DC1,0.17464616358118434
CC_2456B9C796E4,0.11441782684650852
CC_2457D89CB88B,0.6553196719264334
CC_24667210E2AF,0.23635214953353043
CC_2468D206CAEA,0.06276500524917704
CC_2469630A4F86,0.3153279443533787
CC_2469D83D9594,0.03802277677339371
CC_248C65EF54A5,0.6710803669797805
CC_24BCCA7941E8,0.0805847484827904
CC_24BDC1CE2A3A,0.17983569851115544
CC_24BFCCDF957C,0.04854131645494732
CC_24CC8A1B1CB7,0.14004477117572495
CC_24D4B1852554,0.21243149047058008
CC_24E65FA5A32E,0.1515448100273298
CC_24EF3EDB6857,0.06339451680466579
CC_24F15A19D648,0.18502270130366977
CC_24F2410B5A19,0.1422865511015241
CC_24F27E7DE1C6,0.4611905665615881
CC_24FFFD0C983B,0.04590116074321955
CC_2504E9D5D5E4,0.17405816023252307
CC_250F6A0DB62D,0.07832073528302523
CC_2520E13DF0A2,0.7356680574824465
CC_2539C315029D,0.27715014503294166
CC_25519ED78507,0.18171597815435428
CC_255D49296DB6,0.1328586653850668
CC_255DC60FF5BD,0.05777206911723546
CC_2563C9EF9D55,0.07858770149002552
CC_25756EB9651F,0.1295788847965071
CC_257CC46D379B,0.41321538370212757
CC_258D5F80A933,0.7003267919831169
CC_259D87270257,0.20009451561719113
CC_25A41AB21C94,0.24559125751990205
CC_25ABCDCC8B71,0.1416456076895902
CC_25AF0D0569B5,0.05396099105438873
CC_25B61D393144,0.18633691165408928
CC_25B95D7288CB,0.3980040793013977
CC_25CE2F2F13BE,0.22051514596955685
CC_25D1A5971976,0.3778350268434315
CC_25D411B46F00,0.6969788882898337
CC_25E7A2DC5E41,0.06257804590385728
CC_25F4C8E51AC2,0.5049962971396421
CC_260323EFB122,0.5774836800298268
CC_260F10484312,0.06164847367037165
CC_2610D0F1D0A7,0.15315501546914148
CC_2615866F35A2,0.1205453455863032
CC_261DA4E8DBEB,0.12650546327946804
CC_2628F00B0745,0.3870883315715346
CC_26338E9AD15F,0.12615388219404589
CC_26346B99BDBE,0.6334143687905561
CC_26351DBC1AF6,0.1496129691545313
CC_2637397AA3F3,0.6041706065617083
CC_26675C32611C,0.747041062444672
CC_266E49E49071,0.1914374179585147
CC_2696368A4DC6,0.0348836684178853
CC_2698641B68A5,0.12539875935443273
CC_269C5AE6A1A3,0.666152374651284
CC_26A06AD1206C,0.7749679197420082
CC_26A358B0C10F,0.18171910644923522
CC_26B07CB02EA3,0.6098709632730497
CC_26B638BEA8CE,0.13449619179723116
CC_26C33B649FC9,0.0882455907681695
CC_26D5B969A36F,0.358028394489126
CC_26E3A1226C2D,0.15421732697420865
CC_26EEA3F0224A,0.25455753810949633
CC_26FA5E5A718C,0.14766010965869542
CC_26FE119D4919,0.08280924895426887
CC_270B462BAEF3,0.04564528054815405
CC_270D929FEA9F,0.07185798962648805
CC_2731AD82BA11,0.14034156850562965
CC_274144AE3E86,0.14099006758411742
CC_274AE6E82879,0.1526973514821043
CC_2757A490C5E1,0.08500091536782423
CC_2766F6011BD0,0.39260762667160487
CC_2768E644C697,0.05531897263500767
CC_2770DF70328D,0.08267255005098603
CC_277503968C44,0.5534925253526052
CC_277CE974AA8F,0.317750833323352
CC_277D246E39B9,0.21068252529337972
CC_27A1CC725B7A,0.07922268605278773
CC_27A798829CA8,0.6584464195558101
CC_27C938FC8DC6,0.4308090511456175
CC_27CA2D819E7A,0.052334317450340846
CC_27E3712F0E38,0.15255287575686774
CC_27F3B3F43FF9,0.043139185026608434
CC_27F9832EAB8A,0.4733339097539463
CC_2809CC131F3A,0.6009396366341349
CC_2812523510C0,0.1458415352991052
CC_28151C75756D,0.05426491086190673
CC_28203CC976F9,0.14114335528497426
CC_282AFAE06F96,0.07797550134137636
CC_282C2404F4C0,0.07706448166516157
CC_2834BA2F19FC,0.19012470397224368
CC_28432E22F47D,0.5899057175364731
CC_2844882CC439,0.05462717385193818
CC_284F79726032,0.4074569553880588
CC_28544783AB15,0.4955380899911517
CC_2856104729EA,0.7016962544320513
CC_28625CD86761,0.1920604194212659
CC_2866BDB46FB1,0.09668641735382985
CC_2872415C6B36,0.06312062929126866
CC_28752737647D,0.6193691603753615
CC_2875C281EE88,0.04711435666609267
CC_287E3E9EDAC9,0.07430057190890947
CC_288A2C49D62A,0.06202298386232922
CC_288FA8CD819C,0.18934454300117579
CC_2891894CCED4,0.07634014203086374
CC_2895608A9699,0.13233431624487016
CC_28A2EF7926AE,0.6255580095040446
CC_28A7DBD2B710,0.21191602844657398
CC_28AD81DF2C51,0.11169809842341581
CC_28AEC29CEC25,0.13428968766010155
CC_28C1C3DF7928,0.09322431862488684
CC_28CA76962EC8,0.191437007683686
CC_28CD47803B6A,0.0688053637208355
CC_28DF569DBBE5,0.08729754893401669
CC_28DFE611C657,0.08124904158332974
CC_28E11E6A6C8D,0.20693452810295954
CC_28F58ADC7CBC,0.11284509341575741
CC_2916479EBC84,0.14317661011385757
CC_2917C6CB0B2C,0.13336999408899022
CC_291C7830D4B5,0.3615281149878424
CC_291FE1744E5F,0.0950824498977482
CC_293124F1ACD1,0.14473396433526137
CC_293C2D704AA9,0.3152164626824823
CC_29432A6B2555,0.13352383780481658
CC_2944B427406C,0.20239923657607187
CC_29468B7035D6,0.1147549538453392
CC_294A9A24E473,0.07667708871894846
CC_294B94EB0E07,0.23500551929051927
CC_2967C29E4C3A,0.15211687258446333
CC_29716D5835F4,0.19509080621117994
CC_297179FF2BCC,0.4456486554241967
CC_29803690C939,0.2498071880231917
CC_29821539DC4D,0.13043881260969553
CC_2983C1D2A273,0.1523444230978753
CC_298CAC5A1868,0.6266068913270793
CC_299EBE0FB429,0.13811582672781497
CC_29A1C0073882,0.43701054118079274
CC_29B6065F187B,0.3887050120013923
CC_29BC66C10F87,0.615621650414802
CC_29BF3C3D9682,0.16516559140384818
CC_29C4425FB2DA,0.17026707669715363
CC_29C5D0D72D61,0.15212347590299394
CC_29D65E313500,0.1001123541292705
CC_29FD856F47A5,0.7295988314627239
CC_2A097F88615A,0.10284454488736955
CC_2A0CB4CE1A48,0.21973470572458018
CC_2A14C1652D6D,0.21692923807899786
CC_2A1F96F80938,0.14508766650030824
CC_2A23F71805A2,0.14029692421744308
CC_2A2BF2FD0498,0.14568152490077196
CC_2A358A1D3DDF,0.659834527124577
CC_2A3E371F0DAD,0.2172394521666243
CC_2A423FC8A330,0.3282785658498529
CC_2A43368D54F9,0.41584007380742916
CC_2A47A21C0E07,0.6287591903928176
CC_2A4CB02E7A1E,0.12937923243475005
CC_2A510080BA29,0.14912603902760466
CC_2A5316E550F0,0.09485450159695318
CC_2A59695EF90A,0.5819526985685879
CC_2A606D00CC46,0.07152216498075363
CC_2A6C69145AE0,0.0839887663085032
CC_2A6CD71471A6,0.12898061527729013
CC_2A70D6EF64E1,0.07907842070144547
CC_2A844754AE67,0.6280938290028454
CC_2A85A7B242FD,0.15698058626677547
CC_2A9A51067D7F,0.15695823668968942
CC_2AAAD4020436,0.21480627799022237
CC_2AB62BCF3704,0.09172484346572736
CC_2AC1C8DE5649,0.12223061802688162
CC_2AD10D78793D,0.7395422263693364
CC_2AD26446A7AE,0.045221451717206575
CC_2AD2D35975D1,0.07466416040277163
CC_2ADA07B0211F,0.31778840769841965
CC_2AED2D284351,0.33450907531380714
CC_2B01FDE2552D,0.24735563278733907
CC_2B06DDFD7F8A,0.07868806696286844
CC_2B08FBC0A948,0.17262202380699182
CC_2B1914218468,0.7455776446547797
CC_2B1D93E12DC9,0.16275736154902581
CC_2B248C488918,0.09187681344507345
CC_2B256891C60A,0.5874484393631045
CC_2B2801591A25,0.37142911459886446
CC_2B2B7CF1E40F,0.10709742760903422
CC_2B2F4204834B,0.19953031502886379
CC_2B5443C7AB87,0.07287430070454547
CC_2B5D780AC244,0.6448835091424968
CC_2B64E67CFF13,0.06877203003251348
CC_2B6B872C8D21,0.07049464048530496
CC_2B85D931F011,0.09124933391046952
CC_2B959EF030DD,0.17947045211475474
CC_2B973D1AC16E,0.14625340769268347
CC_2B98983C2687,0.04988034839494146
CC_2BA581E7B8D2,0.08837454601797129
CC_2BB2C432C369,0.09334122464302577
CC_2BBE19587CD5,0.08467333217368025
CC_2BCB838A9581,0.144796243109117
CC_2BD0E9336EB4,0.09525390814821223
CC_2BD1633FD528,0.09507612022587567
CC_2BD58FC8C2B9,0.04342842008183698
CC_2BD6083CAB0B,0.8139663250426865
CC_2BDD47B177E5,0.8014974812012576
CC_2BDE889EB05C,0.3121562466451882
CC_2BF8DB192A49,0.6657275315490456
CC_2BFDF46F3AC2,0.12762950415831514
CC_2C00CF2FAE22,0.12858279366945852
CC_2C06DDBA1073,0.35435888930275705
CC_2C16C7838FAB,0.7962541928854814
CC_2C263A1A732C,0.16109298203376096
CC_2C34105831A6,0.18120365756413753
CC_2C43FFA06F31,0.08484766875047717
CC_2C4DEE4CA1CF,0.06462184686718901
CC_2C56DB55E40E,0.08782588558216403
CC_2C59F565C183,0.14137810128501002
CC_2C7F54E56925,0.18048826425445874
CC_2C8CFCC646BE,0.045757528973039786
CC_2C91AB1DB754,0.06792874387581377
CC_2C93356976AE,0.39607522432700354
CC_2C9DADC294C8,0.06657112232645365
CC_2CA94231028A,0.25061972646802005
CC_2CC8CB17283A,0.20522478142567926
CC_2CCD42AA2376,0.11108946338943228
CC_2CCFE560A79E,0.07267077149233915
CC_2CED227E5216,0.10484616396679731
CC_2CF326E90715,0.055313336028395305
CC_2CFEA03CC6A0,0.6312737580530028
CC_2D1D032137DA,0.12052100827693385
CC_2D258781011B,0.1559584544517385
CC_2D30260A1CEC,0.20083735865057153
CC_2D35C002A9F1,0.138544648347251
CC_2D45DEA4EB25,0.14339784067332828
CC_2D5494C13FFA,0.07605336665223876
CC_2D5EA2953E81,0.15827349676114275
CC_2D6E7894EA16,0.6210778258079284
CC_2D7DA36360AD,0.2138528376197388
CC_2D7DFEACA38C,0.30583545297066145
CC_2D836654A121,0.17005604956858258
CC_2D9CDFC6C57E,0.7011321973554673
CC_2DAC67585B03,0.19286090809059273
CC_2DAE338809DE,0.31935181771721083
CC_2DB062A18C75,0.5188797523953096
CC_2DB2C55CF89E,0.7938811273645033
CC_2DBCBF870292,0.04507963405544477
CC_2DCBC03B4FA3,0.7301405570929808
CC_2DD78131B5A1,0.10194524207770646
CC_2DD7BCA75AB9,0.13257393264917067
CC_2DEB49017220,0.09706338366562117
CC_2DF6C71ED372,0.16016695471755205
CC_2DFBFA1A4FE8,0.15287832098449386
CC_2E12A41F7733,0.08217634421917183
CC_2E1A348EB1E6,0.10299191802465907
CC_2E23CB0F6F7B,0.3632997882400608
CC_2E3634587158,0.050827163548241905
CC_2E3F4B14D8DF,0.37299955924159034
CC_2E3FDDBF4F48,0.1695595947579467
CC_2E61C46BC16A,0.19017712993458605
CC_2E62AEB14351,0.24991530870922474
CC_2E6F1C0ADEB8,0.14737806343433413
CC_2E7415FAB62E,0.08392129083292756
CC_2E77F7444FDF,0.04663238507728281
CC_2E78431BE3DB,0.07272143091738086
CC_2E7D44FB8075,0.14456174199592098
CC_2E7D8539BDA6,0.352281711347127
CC_2E7F248874AA,0.7225497263621947
CC_2E85BB8F3BB5,0.08421095508280688
CC_2E8897E4D9BB,0.2741879695982431
CC_2E8CCDE89E2D,0.2655586960765417
CC_2E927D910813,0.12609512504177578
CC_2E9891F5A2D5,0.11179614615659043
CC_2EA56A7EAC04,0.2680663655902982
CC_2EB45D13B248,0.10741017108932556
CC_2EC924B0EAAE,0.10763413251460169
CC_2ECC248C96B7,0.04969752028176618
CC_2ECF0C98B06D,0.4154165383215037
CC_2ED3F6481454,0.13798455499286258
CC_2EDDF0B40ED8,0.13276256519036234
CC_2EE2A139642B,0.13502877473813893
CC_2EEE072DA301,0.23136641327593271
CC_2EFEBB85DAEB,0.13051797196285722
CC_2F133BEFAA69,0.10975368393019083
CC_2F1AAE3B81F2,0.08100031421892902
CC_2F1BC47CC90E,0.05601362269194417
CC_2F2128FBBDDC,0.1620101167368694
CC_2F3D3342834E,0.053393156717497454
CC_2F42D39F710B,0.6295904285622433
CC_2F4AFE398419,0.6785634486079509
CC_2F4C24B38EE6,0.0703935528864241
CC_2F508C0838A6,0.10224842084694646
CC_2F50EC193942,0.2389101572796917
CC_2F5BD03D4900,0.06961953710217766
CC_2F73AF6728BC,0.062317932401213555
CC_2F7EBEAB9CF2,0.18984934905593467
CC_2F9AD2BC25F5,0.06929131732673027
CC_2FA3172ED3FE,0.7033039931282007
CC_2FBEF8808F48,0.1462933202057875
CC_2FC014F0EA3C,0.07855013950321407
CC_2FC3AD2EC986,0.22390220554192367
CC_2FCC82AC097C,0.23172644815658344
CC_2FE2ED7D464E,0.2556575401247103
CC_2FFCC9802D2A,0.18782576958995556
CC_2FFE32627DF8,0.2216360968871876
CC_300BEA90EF3F,0.15001787351157167
CC_3017B64D0364,0.22157392913204474
CC_3017E5E87C94,0.13903769384530856
CC_3028375CC87E,0.800164732194172
CC_302A48CFCEDA,0.09400467827223156
CC_3031F96196BD,0.41630634061928107
CC_30328ADA0AE8,0.0938614225836297
CC_30451015D913,0.03574317752544647
CC_305D33AC15A9,0.7654637764353447
CC_306015CFB66A,0.14780220646140116
CC_306413849CEA,0.38426842100979036
CC_306EF0BC7CB3,0.03764130628377306
CC_3075C5B861A8,0.14503461842459783
CC_3083D9B76858,0.06778542545381774
CC_3096994A495B,0.20617301422277118
CC_30B106BC1657,0.19088092372959836
CC_30B967417C42,0.20253267585130846
CC_30CABAFF5453,0.12428487699110806
CC_30D68208FB23,0.34486422051174087
CC_30E2A90BACAD,0.17283036240483185
CC_30FFD856443D,0.5602433037539487
CC_311EF26786A8,0.08083273111196923
CC_3129843EADE6,0.7734264138413874
CC_312C34EF683B,0.048969202946505155
CC_31302B64C078,0.12473035950496153
CC_31344A25B569,0.042634561008841776
CC_31397A399AD5,0.07105311846394907
CC_3145B5EAD7AE,0.27903210607504153
CC_3146EE0BF81A,0.14221320789655395
CC_314D02632843,0.26117442387470585
CC_315133406E42,0.2783056092838383
CC_3180D1C6FB7E,0.19810105861153232
CC_31827EE8A968,0.27779562974608624
CC_319BE06CC27F,0.04007930881624009
CC_31A0A97AFFCC,0.4423741357805625
CC_31B22116E36C,0.14869909303041337
CC_31C78D9B6494,0.39303777332588885
CC_31D3FA367B41,0.11053563861492045
CC_31DAAB3E6DA7,0.1497816204905735
CC_31E36F666FB7,0.0687707205440751
CC_31E72EA14FE4,0.13587527467006336
CC_31FC6DC9482C,0.24217061894292785
CC_32076DA6AE23,0.15707478011946133
CC_3209FA12D938,0.31964372944334163
CC_320E17F947CD,0.4305188862072662
CC_3223C706DD92,0.2148792816594656
CC_322EFB2E377D,0.09820027472618174
CC_3248EB928073,0.10872988040294065
CC_325D5DC52B1F,0.09097826155448431
CC_32662A6DB78D,0.13373694678708295
CC_328DD3BA068A,0.24364427757846707
CC_328DF7798F91,0.1652100169735576
CC_3295CFEB188B,0.08647283121888691
CC_329DC79286ED,0.6286738783192446
CC_32CB77D55C73,0.12962866857536226
CC_32D129B9E651,0.10105022583119423
CC_32DB12551D37,0.6346371476729183
CC_32F00D77D5CD,0.09455193168805581
CC_32FF5F6892D9,0.20325024120480376
CC_3301EF60877F,0.16818296988087866
CC_330F334BD816,0.11683130314127967
CC_331285B3494C,0.23900050443303278
CC_331364283D5C,0.147937165691909
CC_331718E0F54F,0.14435636843100974
CC_33194D48FF66,0.1101243319311706
CC_331E8B8BCAB8,0.0809354928869658
CC_33254134ABA9,0.7711335222526884
CC_332E42439579,0.08794213922047238
CC_333102AB964C,0.13867107379960958
CC_3338AC0E8112,0.26093628630658894
CC_33656EEDE6F2,0.49208129493332514
CC_336777D934E0,0.4690290946843412
CC_336DBFE464D1,0.5395263131550986
CC_3382BB2F3152,0.145656994108479
CC_3387207793E4,0.05696430882890249
CC_33992C973839,0.1711781749887445
CC_339C36703675,0.10099986583253079
CC_339CA5814519,0.10397167420014852
CC_33B157F2A921,0.09252858680543563
CC_33BBD10F239D,0.06288083346160747
CC_33D3B12EE56E,0.1053688738063974
CC_33DB68EA27CB,0.09423514815739867
CC_33F0B95E70CE,0.2520306453826662
CC_33F40275D630,0.053684429550785014
CC_33FD5DE22692,0.06366560308383491
CC_340961106343,0.13318737364749106
CC_340BB1F4CEF0,0.14472272319940743
CC_3410B11F1FA3,0.20232233728843674
CC_3424972707B6,0.6784331193955899
CC_34452758A645,0.03759762669295953
CC_344D239879D6,0.14202502361302907
CC_34503B6891CE,0.2538822462069619
CC_3451722A3813,0.10349719731820124
CC_34517B513D8E,0.49185242539232377
CC_346ECB4CF2F8,0.10487316207436294
CC_3478E8B6B56A,0.07249610901778189
CC_347AFDE16722,0.09521961753624426
CC_347B1A01467F,0.05028897292797947
CC_348AA62FF484,0.3157285611560952
CC_348D3F098A4D,0.07282740351243813
CC_349290E4D0C9,0.14669420891094845
CC_349347D553D1,0.2534758896555532
CC_3495CE27BB05,0.21897445385906494
CC_34B10A654721,0.14356779882539028
CC_34BD2C5130C8,0.1342521618085517
CC_34C433439160,0.05433234625855883
CC_34CA271F73E3,0.3263601052807169
CC_34CEBEA3B15A,0.06668909172576695
CC_34E58CF793A0,0.13692745109751606
CC_34E6909B6027,0.5455747572578771
CC_34F4292A8B5C,0.23879661617081058
CC_34F6DD223594,0.047103177338329666
CC_3508A7A5E9EB,0.15023153126200375
CC_35094977DD75,0.14090808440875605
CC_350DE157CE6D,0.19905712169954567
CC_351BD5C2EE8B,0.03060787842570484
CC_35486249EDEF,0.17108384105087235
CC_354C9ABE6DDE,0.07536636982526666
CC_35578162927A,0.13238164092603807
CC_357C3E7518D3,0.7606713122989216
CC_3584C15BF11F,0.05779180101964507
CC_3588C5166872,0.08770340998301909
CC_35A68306B19E,0.21960216895443582
CC_35BFB3093D02,0.05683084075344646
CC_35C085ED37BD,0.4917809488567168
CC_35C695C13279,0.08683430747005504
CC_35D1668A4C13,0.212279488672831
CC_35D27495E0CB,0.7708764372120784
CC_35D562E1DBE1,0.6505997184922725
CC_35DCDC74A757,0.4760930880231256
CC_35EC2AB1D1EE,0.12071009262547283
CC_35EEB90317B9,0.6289980435248151
CC_361A9EAF7706,0.24772637675443868
CC_361B968FEB98,0.29692411297775656
CC_361C9FA031A7,0.7645413997788493
CC_3620C5D1B3E2,0.0581852026014576
CC_3622D7221940,0.06209708162419417
CC_363175E92F74,0.3302568404658131
CC_3638C9146BFC,0.12310324671043567
CC_3643A4C7EC5C,0.05604492929578275
CC_36690A9AE112,0.7470486129827882
CC_36719170F638,0.09963329989288894
CC_3673466BA7A7,0.0778595198709273
CC_36847054DF52,0.36330324062563213
CC_3691CE792752,0.7443641544802359
CC_36A27FE53743,0.4669149862888378
CC_36A3FB06D1D8,0.7680967391318957
CC_36B0F2AD5413,0.06311777006880745
CC_36B1B7BF5F75,0.1563792781043166
CC_36B68E66951E,0.35479397653171646
CC_36D3F09AD810,0.47859056745325407
CC_36DBD8424220,0.5844327944188653
CC_36E5645D8018,0.063876454798653
CC_36E6592E4E23,0.1533096511683561
CC_36F143AEC864,0.10580354226157469
CC_36F2A735DF73,0.1564543267492318
CC_36F81C003E8F,0.04689973350727388
CC_36FCD55EE425,0.4891875171761279
CC_3701D5DB7FA1,0.08631759694740233
CC_3706E1EB2587,0.5216607373892483
CC_370E0F8EF86F,0.5470786042572878
CC_371D47444D5B,0.7109299083855521
CC_372CFE308EA4,0.6393549246243035
CC_3731D90357A6,0.28598828680184013
CC_37322F66C543,0.05502579619422553
CC_373539DE38C5,0.12486250550478138
CC_375225700242,0.3378474898529749
CC_3762D0B6F3C2,0.09310223648167767
CC_377A277E831A,0.15392587545420652
CC_377B6066B91B,0.233742107723357
CC_378D71726B5E,0.06561046749638431
CC_37A46BD0DCBF,0.05544826728663544
CC_37B447368F02,0.7292565378138487
CC_37BFDFE369A3,0.22690056590779908
CC_37D09FE492BD,0.08247599095182812
CC_37D3F4C07235,0.2585822075243763
CC_37DDACE48E3C,0.12940387922291913
CC_37DEF85C0A37,0.3422250207881945
CC_38020CED9EEF,0.07252044083006294
CC_382207621EC5,0.7778306002283618
CC_38374AB27F95,0.10427710054955094
CC_383A5544DD5C,0.13438414260692197
CC_383C129A5B96,0.24511951072577032
CC_3847AAA649C7,0.10815238178808345
CC_3849D992C1E3,0.08865781307849799
CC_384BB17F0F0B,0.561903698488279
CC_3851177E5E76,0.08244117810365711
CC_3862F88850B8,0.2717433641449111
CC_3867CFCFCC94,0.20355351575483224
CC_3872ED018F85,0.18982814199231277
CC_3881A587C072,0.12303346790335179
CC_3882F8EB5EEB,0.5895997403434068
CC_38911341EA6C,0.08455800940322944
CC_389E5B71E254,0.5603719382078286
CC_38A0DBCD3728,0.0835656337046204
CC_38B3E9142747,0.12778392569661307
CC_38C1B8860300,0.06290891953647716
CC_38C8CF250B60,0.03206270579916505
CC_38D32B790B4A,0.15702003380272317
CC_38EB304A9915,0.1690284159460747
CC_38F26461C872,0.698171314691539
CC_38F942257E28,0.5133867903411852
CC_38FA5D78A8A7,0.04194399630089228
CC_3903D7BCCA95,0.07735750424786514
CC_39043D7ED04D,0.19000816224761846
CC_39098B256732,0.08079168808981615
CC_3909A2E4C679,0.11429535422043592
CC_392344DF8D55,0.323974496115446
CC_392628C8AD47,0.07830245948553462
CC_39285F4C42BF,0.3842620411735921
CC_392A376EA1A2,0.08928258042428638
CC_3932E086F150,0.17242589092038263
CC_393D1D3640D0,0.07719051633934067
CC_3943B3490B49,0.6635615579493658
CC_394DE164DBCD,0.1346520242379546
CC_395600E84A54,0.14913640601783523
CC_395D181A7E1F,0.11006671279164194
CC_395E8CACC437,0.10897845910510531
CC_39635AC6A70E,0.06120936616471635
CC_3969352E3ABC,0.11823369793724148
CC_3985C0DF9CB5,0.5472730856511765
CC_3989F2C6A9F8,0.20458606849925542
CC_39A82672A1B2,0.08620732721794988
CC_39AA15DAE17D,0.610640088713476
CC_39AA2A3D98CC,0.04279240458706645
CC_39AC257B00C5,0.09897413106200931
CC_39ACC63CDAEE,0.106543135546756
CC_39CE40784C2C,0.20613737535431811
CC_39E1A306D418,0.10620099540027869
CC_39F2B11C46D7,0.1102667135263164
CC_3A10F5F50A27,0.05096934561170247
CC_3A27CF9D162A,0.5589372182168022
CC_3A297424A7F7,0.11147601866217675
CC_3A39F7930BF3,0.09551627870594376
CC_3A57566F9977,0.5585228218710842
CC_3A61121254E6,0.06523029879748915
CC_3A81C568A7F8,0.14071436550052846
CC_3A82E7050A4D,0.05210555345347949
CC_3A860AADE6CE,0.16629167822355662
CC_3A8B3FC29C9E,0.09795069064295435
CC_3A8E9056A5A2,0.08985578948009328
CC_3A9617A5777D,0.3863589319622628
CC_3A99D25777CD,0.14303354643797941
CC_3AA9E8D01340,0.5539914873908696
CC_3AAEFC09C290,0.7397705245692106
CC_3AB5E579843E,0.2296583435979926
CC_3AB77A30AD40,0.16598653330113547
CC_3AB7BA36A414,0.3171781982801716
CC_3ABA830A5BB2,0.11224558828603566
CC_3ADDDA550A57,0.09555761093967119
CC_3AE7B1151DC9,0.13478352702967844
CC_3AE9A209EE00,0.061107673964506386
CC_3B06FCD75C98,0.06196527983357124
CC_3B0722FB5E8E,0.2676878753634767
CC_3B1C51DD7429,0.19989529474547915
CC_3B1F4696D710,0.5720936504696964
CC_3B224413A072,0.2182133870221237
CC_3B35C3783CCD,0.24891099363390004
CC_3B3626F3DF9F,0.20328894463055003
CC_3B4405C7E486,0.5406793899420236
CC_3B4C4A9C9D99,0.3309093781327992
CC_3B72F0E9E3F8,0.18493429212670454
CC_3BB02A95C6C1,0.738865178131746
CC_3BB8B675C2BC,0.45087899469082904
CC_3BC51B069218,0.12430035077835261
CC_3BCA5BD201AC,0.1417735291161574
CC_3BCAC9793441,0.25901402466669526
CC_3BCBC867AC4A,0.042181459704727045
CC_3BE51412ABE7,0.4148176608191785
CC_3BEA98B401CD,0.6569626428594288
CC_3BED6DF1ABF1,0.15480223768316767
CC_3BF0BF7CF827,0.8378948120626645
CC_3BF110035599,0.623809437899639
CC_3BF213810DEE,0.640866911479612
CC_3BF21CA88D3C,0.4705403228702967
CC_3C0E29764C71,0.07469836992339048
CC_3C19509D4636,0.1470606832636761
CC_3C1B038BB068,0.15275298726669453
CC_3C594CADCA2E,0.1910621056959302
CC_3C5D909498F7,0.6613390013797769
CC_3C68D5179A01,0.11777810296189177
CC_3C83955704BA,0.7749445102740293
CC_3C93218F41B2,0.36423082306370713
CC_3C9CFC8FB4D1,0.7286939327487476
CC_3CA266EB55BE,0.10435194812002796
CC_3CE49C937F7C,0.09074886000413228
CC_3CEEB9C04F0B,0.3396027723371635
CC_3CF504AD4DD9,0.09680684214026955
CC_3D1092DBC5C2,0.19861493650601125
CC_3D185833E7BB,0.05777545584322747
CC_3D2309981121,0.33345780394364993
CC_3D27A0086AA6,0.1534558988450964
CC_3D3BE7D0F4D8,0.11423617129001246
CC_3D412B5EA919,0.12078559674466653
CC_3D47650C6F30,0.08599812045862784
CC_3D55D1FD8457,0.05900846792968836
CC_3D599501BA76,0.07553035739099342
CC_3D6181EE3C87,0.602390950522383
CC_3D65CC165F44,0.12714362941755653
CC_3D6CF6DB8014,0.418342823041645
CC_3D7C14801D40,0.17504709583521705
CC_3D836BDBF866,0.6407700386700673
CC_3D8DF3A3DB71,0.77203242595723
CC_3D9309851089,0.20130793746182649
CC_3D9ECB4274C3,0.12369709602489712
CC_3DC8A9A92802,0.3143885209306394
CC_3DDD3813D1D4,0.09081871138064224
CC_3DF3FFB3CFC7,0.13632031622246737
CC_3DF88701601B,0.1362844218740804
CC_3DF91A482CFD,0.32720091953074004
CC_3DFD6349D046,0.5892414820343846
CC_3E0D54125AE0,0.1875049389676183
CC_3E10CFE1DD57,0.054043574339317876
CC_3E13CB98572B,0.16202075284517384
CC_3E142C8ACA6F,0.0813807651088936
CC_3E1BAC4E5B90,0.06501249107096707
CC_3E2DD0D1E2D8,0.14578606228533297
CC_3E403BF08A45,0.0872147649980158
CC_3E46368104AE,0.09927199448921258
CC_3E48A086B5C7,0.3015611049624128
CC_3E54451B0F6D,0.08730581390456542
CC_3E6335ED3F4F,0.09803079621853375
CC_3E87A65C50A5,0.16039592176505232
CC_3E91109E2090,0.06507733200183007
CC_3E92A1EDA618,0.21858694912034238
CC_3E94684FE270,0.5185231822855053
CC_3E9DB402F352,0.18531992441474707
CC_3EB5A15A6C04,0.7822911959424842
CC_3EB8A9A6C49D,0.12441469811099062
CC_3EC96BC884F2,0.11864354038846799
CC_3ECA9E44B90F,0.22202329034125157
CC_3ECE4EF16A44,0.18825195974061676
CC_3EDDB8E70F57,0.19816123895620683
CC_3EDF137D0E1C,0.1251122074748154
CC_3EEEE844410D,0.3678453112759329
CC_3EF4F348C967,0.12770509520530762
CC_3EF91DD11A81,0.14305614352297252
CC_3F08C55E7A40,0.1998710957381242
CC_3F171CED0CFA,0.03474438079636795
CC_3F2544EFA753,0.12200647107699664
CC_3F28F3286CCA,0.07857580846885583
CC_3F379CB37B0D,0.16614941688900184
CC_3F42D798AB1D,0.6220047901933043
CC_3F48724540D5,0.19076148096396633
CC_3F68068E2D5E,0.11459541427137829
CC_3F7FBE71B77F,0.08131438837265928
CC_3F80017B8599,0.06761697403341832
CC_3F8B17953200,0.07550132777736913
CC_3F964BADC4BC,0.7320102754200278
CC_3F9767602FCB,0.20422120869760726
CC_3FA84F0B23CE,0.0618002900451075
CC_3FB4B189143F,0.1710860119640209
CC_3FB7C976EB26,0.43888648114903855
CC_3FBCEB2F36D5,0.11386368463573802
CC_3FC4FE843245,0.11466243064517063
CC_3FD52E32FE8B,0.5837842002770973
CC_3FDB44EC6254,0.05551623974306992
CC_3FEFBD6DC62F,0.24842101604146974
CC_4005466D00ED,0.2649336058996474
CC_40095FFBC1A2,0.07192136128684527
CC_400F1887A662,0.133202460094238
CC_40133FF3069C,0.081454244562103
CC_401C6F0EED5A,0.12496700313962941
CC_4021AD03FA01,0.1416990639212181
CC_402E91F3A56C,0.1216459257464522
CC_403754B6988D,0.08953685614699314
CC_4052DFCB1656,0.21906998380388037
CC_40579C5C13D5,0.7957853005820369
CC_406937FF97E7,0.0875904825619681
CC_406C4233347A,0.1812840581007219
CC_4073E42E11E4,0.19041381900791665
CC_4077BB12A5F4,0.11172954303273747
CC_4077DD5B5C4F,0.15823492319722146
CC_40824D899215,0.09157355886609289
CC_408D79189FBF,0.3262736771661723
CC_40A3F1D5EA0F,0.3873653602563504
CC_40A852A592FB,0.11603623351206505
CC_40AADA91D560,0.24679092233993888
CC_40B39CB2CC58,0.045933614565444605
CC_40CE2030F058,0.07553156933282151
CC_40EA2F8481E8,0.15483745400688753
CC_40EFD7778F98,0.14202633524349703
CC_40F278D49681,0.2531706562160676
CC_40FFCF631F19,0.4161100665261116
CC_4101D1B82788,0.21741485116925668
CC_4109B79A4B06,0.042678035672315685
CC_4119348F051A,0.13795534589421538
CC_41206EE45803,0.09044510143133247
CC_412DF740DA62,0.14989949745310088
CC_413AB4CA7451,0.09123684652522847
CC_414C06C60FF7,0.6949565269011677
CC_414F50748A51,0.07945745767266235
CC_415C65EA66AA,0.07352915978693424
CC_415CED95F7CA,0.14812315207809967
CC_416584250060,0.09808675073289107
CC_416B3A1F0F0B,0.09037685147996768
CC_41735021FC7A,0.18734814779485148
CC_417858CD20F4,0.11817836531951086
CC_41902EFB3974,0.05758518171475671
CC_41A27790EFBF,0.1242446236360157
CC_41A4A223F39D,0.0905817431126572
CC_41B464757ED6,0.10885659627487142
CC_41D1A87E1136,0.47386981279939516
CC_420FE297808E,0.036255391470754426
CC_4211096D5588,0.16348164042478558
CC_421F4D78128B,0.4940878102865865
CC_422F2780C85A,0.33247734943480195
CC_423B0296BE24,0.07771920823950487
CC_423E78000AA5,0.13763624991593834
CC_4246081DD359,0.10223694221025499
CC_4249EDF2FDCC,0.8054364820608625
CC_42568C67F412,0.37588060479123886
CC_426A25EA9E21,0.6627049152979781
CC_427ECDDEECE6,0.31794551957314693
CC_4289EEC8F0A2,0.13119581879788342
CC_429A7158AD07,0.11106614262728857
CC_429C51AE729D,0.05198657401986679
CC_42A0DE1E5E80,0.08801013260250994
CC_42A7D0F5388F,0.0801775358131132
CC_42B23C8C9F66,0.13990762003686483
CC_42BD3999AC3E,0.2867637408941259
CC_42C95B199130,0.40161655744427366
CC_42CD6CE97523,0.407445812545298
CC_42DA114F12A2,0.29503658344860295
CC_42E2736AA331,0.20671594136627439
CC_42EA825C351B,0.4388085950692112
CC_42F1B2B4D258,0.5351144525284931
CC_42F4588EB38D,0.3161263714946215
CC_431F29A12E99,0.17856637798699937
CC_432EB78A198D,0.2029568276114066
CC_43383344BC72,0.18751630585271162
CC_4339187DD10A,0.06925685856707796
CC_4344A2E7EA1F,0.5254837850961893
CC_4347468ABE51,0.553559185489619
CC_434894BC2577,0.06905568387486388
CC_4362DB93FC92,0.09726424174910908
CC_436850DDC704,0.13265986493848325
CC_43698E2EEA0A,0.10273849763647977
CC_4387F73F131E,0.11192472024935089
CC_43A33C994C70,0.35616673408179744
CC_43ACD82B5514,0.28891760413470585
CC_43B37131B8FA,0.21185520687862583
CC_43BFCAF8BD20,0.15279799804613634
CC_43C060E01266,0.22462691681168553
CC_43C41AF27375,0.060357926671369654
CC_43C5AFA48B93,0.07039936889797686
CC_43C767A44C55,0.18273128445847292
CC_43DECAB53552,0.0546708477302268
CC_43E6D931158D,0.39734588395547266
CC_43E9F88019F8,0.07103582639280014
CC_43EBD6EBD675,0.0786408268583308
CC_43F81C577002,0.32738382792008397
CC_443C4E041687,0.09343568589891414
CC_443F63BF238A,0.10247192292634133
CC_4463776F9AA1,0.11871872219535015
CC_446F1EDF03C8,0.05971570887240403
CC_447BAD4F7820,0.8810434743517384
CC_447D02F917B5,0.07098806101561798
CC_447E705746E2,0.15721519725925653
CC_44A017104F93,0.6155698197203551
CC_44A1E58CDBC0,0.07016758054507645
CC_44ABCC04C418,0.08679383961000434
CC_44BF6BCCFC2E,0.054454754001122326
CC_44D0671A3B87,0.10792560053284016
CC_44DBEE3A7D81,0.14591552932663915
CC_44F7DD6A88A1,0.25100049703323934
CC_45080C42280D,0.188553318402001
CC_4524AD74135F,0.45688071872898434
CC_45262103231F,0.210539706978284
CC_452D8C5D039C,0.8066904771662561
CC_452DECDBC90F,0.08837955746497862
CC_453C9B3A5992,0.4378090123759011
CC_4542AACA1FE4,0.10506644962532376
CC_455209549D3B,0.8081217403192378
CC_4555C804C4D0,0.08030462832901784
CC_4581E4190B2E,0.10601868036212307
CC_458912F91D6F,0.4381442697858511
CC_45913E1BE65C,0.3253661364896181
CC_4594791FB40D,0.1376742346871383
CC_459B49073E2C,0.2921541646954702
CC_459EA8E0E2EF,0.1321705937727093
CC_45A4A38557E9,0.1336103563424086
CC_45ACE2B1DB6F,0.09093387130062418
CC_45C1A92F0E8D,0.11076731973953162
CC_45D0673EDD20,0.16027797132831995
CC_45D70DC84DA0,0.10173928883600941
CC_45D96479EC1E,0.06443018778479995
CC_45E8597BF74E,0.07132128622209134
CC_45E97246F83A,0.27850830076815647
CC_45EC44761309,0.13712364184986975
CC_4603A6F83E2A,0.0682248220689643
CC_46045CEE8330,0.09800448775757441
CC_464E17187A4E,0.38349077065556675
CC_4659FB4B8536,0.1368035961680838
CC_465EF4F9B68F,0.18913421060302904
CC_4663FDE62E3A,0.298414926643461
CC_466D54BE0809,0.0946686571171434
CC_466ED9BD34B5,0.09098456491521734
CC_466F7908E13D,0.16424809205913357
CC_4695A5525A11,0.17956144486325096
CC_46BBB8A4854A,0.05914525362699444
CC_46BC61EC8F2E,0.18923238062326958
CC_46C0DFA660B0,0.12072734842648314
CC_46C2DCF84CA0,0.09609283375967995
CC_46C38B9F0D8E,0.07406632355930719
CC_46CAB9AE7C87,0.5533647121415044
CC_46D0D1ADEA59,0.137516564279819
CC_46DFC1AA0821,0.8175027599950742
CC_46ECA5976180,0.12787169141526125
CC_46F5F6D27991,0.08919443617843092
CC_46FE9F226120,0.20435982698875083
CC_47130CC63FC5,0.16775357662572174
CC_472330768F5F,0.10750001939490637
CC_47292EBB8BD1,0.13600965734514808
CC_4734AB1281DA,0.06094173431507046
CC_473989E6BA47,0.28869932036596263
CC_473AE07014DC,0.1656387720990125
CC_4741EF45C3DB,0.2813355673080396
CC_474586BE49EB,0.15132416437807078
CC_47490BF44944,0.3105349413341682
CC_477213DAED38,0.08208158264610063
CC_4778086276B7,0.11834358170344916
CC_47910B073CF3,0.14703269396069257
CC_47939776FDF6,0.7212264905071488
CC_4796F6A64420,0.06446626708696825
CC_4798549B52ED,0.3121923955656092
CC_47A3714E7D2E,0.3319926286993199
CC_47CE219EBAAD,0.19544651646042688
CC_47CF9074E03E,0.14353318864359937
CC_47E4537A53FD,0.13904535673434673
CC_47E8BC938FA1,0.15274558424188545
CC_47F134D17818,0.11582677266138433
CC_4812FBE05C7C,0.34934923861597467
CC_48152725FAB1,0.5488301423157945
CC_482256495FAD,0.6485874644107439
CC_4829FF15D21E,0.1476811893891337
CC_482D26D81935,0.6352459479409532
CC_4838990A8D02,0.0790811827307784
CC_4862EA9CD1DD,0.0463281184358548
CC_4862F8C1B0AC,0.07264576547716839
CC_486CD67D26CF,0.17416339757341506
CC_486D8F9AE549,0.31225408233083635
CC_4877D1BDB737,0.11351395062100463
CC_4885E34F0B26,0.11714545775079732
CC_48928CA8082E,0.13278643185562938
CC_48A74FF0E6C5,0.09342031153918519
CC_48E0791DDD62,0.0764299618491994
CC_48F620B6A472,0.10357208921411294
CC_48FDBB1D7493,0.10608158731096945
CC_4910EC928152,0.12278388608486746
CC_491C18C17767,0.060451611667147596
CC_492F65EF8D9D,0.8250791320755754
CC_493DDD53B97E,0.06174359065356808
CC_495F82AA5B9B,0.15124321718041442
CC_49618412FF86,0.09390640358946122
CC_496A7CFA344D,0.7490870807664679
CC_4983EBABAE3F,0.0710283019167319
CC_4992C1915957,0.5778465884433245
CC_4993B31028A7,0.08023911161374024
CC_49945441A644,0.19210917021039267
CC_49A80692BC68,0.11871173044851466
CC_49AB67613A58,0.15851898477165083
CC_49B05CADDD95,0.5831298816839736
CC_49C6F9AD111E,0.06697284838280583
CC_49CEB94F0B3B,0.047682153194353406
CC_49D3A79B55CD,0.09323599922859196
CC_49D6671DAE8E,0.11045809701752696
CC_49E6C539B1CF,0.06138812429722662
CC_49EEDF0DA684,0.03912994209995069
CC_49FC290E33A7,0.15773395276042368
CC_4A01CF2F67D2,0.7408694470107922
CC_4A16DC668832,0.522079633544662
CC_4A212461781C,0.07378449774519853
CC_4A237A8E6706,0.14956494046293528
CC_4A3DFA0E27A4,0.15679006665664605
CC_4A513D39DCE3,0.07150876535808089
CC_4A532B0E6165,0.14946424918272772
CC_4A5FA9F1C804,0.0892499875268282
CC_4A7BDEC665FF,0.06756789699265671
CC_4A7FC9B23222,0.29403737205244657
CC_4A8A7080FA25,0.2178449258401051
CC_4A8EFD589879,0.07157011959961761
CC_4A8F7D2B857C,0.17182916940170184
CC_4A91E8D4289D,0.3758987481974844
CC_4A93163A12F4,0.32261363230207446
CC_4A9FEF48EA65,0.11496581448192733
CC_4AA73D751AA5,0.32242359927933306
CC_4AAED0C85F70,0.15104649198368278
CC_4AB1DEF044AA,0.04818774189784808
CC_4AB5AE299217,0.18401907117780028
CC_4ABA0CDC2270,0.1745546488805109
CC_4ACFFC2F295F,0.6608669896440846
CC_4B0490BAB1B9,0.06816177399172714
CC_4B28B03CEFEA,0.0840244811846337
CC_4B420765EB9A,0.11035745238894794
CC_4B47C16D9867,0.12587174376595636
CC_4B494C4D7D03,0.43219620399703834
CC_4B4C84B015C2,0.057279298168705445
CC_4B607295E983,0.0533732465671541
CC_4B6D24E81483,0.0862163585756653
CC_4B77AF6FAF2B,0.6771281522712269
CC_4B7EC3F2FFBA,0.052709903408519256
CC_4B85318DFA50,0.10744863869086893
CC_4B9B36B36DA5,0.7446673245599915
CC_4B9E0AD5D692,0.474695861768437
CC_4BA041C9678C,0.10257755636812495
CC_4BB40F2129A6,0.08815858229387685
CC_4BB8FD274E2A,0.060701755839881216
CC_4BBB8118FBBB,0.14387294760812258
CC_4BC8CB91719F,0.11728505905494023
CC_4BE447D54BB8,0.13754890282941173
CC_4BE85B1BDB62,0.37195890140842275
CC_4BEF3C7F6395,0.19007736631267128
CC_4BF03FF61B97,0.4876924245236161
CC_4BF4C38EAE8D,0.25246810260937147
CC_4BF95B8140C8,0.10326571717514008
CC_4BFE0CB61B5A,0.3650842785115192
CC_4C2A3F254101,0.3596697277523076
CC_4C351DEB6230,0.23389301132896323
CC_4C38031A2A9E,0.10573308279744238
CC_4C3E35875F03,0.09988723936750926
CC_4C4D79F933B2,0.13057932175170914
CC_4C56497F4AB0,0.7002267584384007
CC_4C827B493CFD,0.12565383936905924
CC_4C849C6073AF,0.10318909272423639
CC_4C869E6F618A,0.16367838379176275
CC_4CA21C15763D,0.10692084469682764
CC_4CB2F1CAE684,0.08514874177556776
CC_4CC0265E0778,0.04048387915307786
CC_4CC5483903E9,0.5505090399640966
CC_4CD7C76FE235,0.44514569955552796
CC_4CE2BFED4F4C,0.10430946446855112
CC_4CE751CB58FA,0.49359143676063955
CC_4CF3E184C500,0.04964914382952135
CC_4CF668E60D64,0.28477643460338486
CC_4D1A1AF53E18,0.05999787829138852
CC_4D29155FCF33,0.22233771208968522
CC_4D2CC7618AC2,0.5168115809836601
CC_4D350FF7402B,0.319055703544827
CC_4D38AE84E3CB,0.20588598866124794
CC_4D4140E1056D,0.08613118473093348
CC_4D5545FAB130,0.5474519797610397
CC_4D55E218946E,0.10339404523977938
CC_4D5E14BD6AFA,0.07663248878285758
CC_4D78935D66E9,0.06576094318341578
CC_4D883AAAC6C9,0.04305568412427737
CC_4D8D8108C51E,0.6714920564133591
CC_4DB40331777A,0.7871115993213316
CC_4DBC8652D26F,0.07498561050642008
CC_4DC0E154EBB0,0.7515997351827411
CC_4DD5B8780C4C,0.09759327150626179
CC_4DE0070FF683,0.1492345627581588
CC_4DE688CDBC27,0.09273531126649279
CC_4DF37857FCEF,0.06832756128877673
CC_4E20F0249BC6,0.7596217602892081
CC_4E2F01B7B9EE,0.1818802502761872
CC_4E41C247B4E5,0.16925912006884072
CC_4E479F6989A1,0.06154521793428857
CC_4E48AF17BC29,0.09866005348161228
CC_4E6BE67E3C4F,0.04484235738191525
CC_4E70939C5933,0.4942536612110438
CC_4E70FB172717,0.165924937729478
CC_4E726EE8C026,0.25174969200521985
CC_4E76F48DFDEF,0.10013341867915633
CC_4EA180B2B913,0.03735264542778675
CC_4EA67A160C3E,0.6074657848522708
CC_4EE41FC91AD2,0.1677169881450149
CC_4EFECC6C2E36,0.6321328286544354
CC_4F22CB97C34F,0.055685081648882855
CC_4F2444DC6C75,0.8145739168652049
CC_4F2B7F512DD5,0.0709139276104391
CC_4F504A9744FB,0.11712329730709546
CC_4F6FEE589187,0.12919775438442707
CC_4F71AAF96C32,0.08300109959466129
CC_4F76E57C55EF,0.3200712261831221
CC_4F88D3E5AA2E,0.04999272307618469
CC_4F8A4384F6DE,0.13777324055545123
CC_4F8D83DCCF25,0.212102594946741
CC_4F956AA47816,0.7120158949436961
CC_4F99FCEA10E8,0.09670384332293087
CC_4F9F10A183F6,0.07881077110885908
CC_4FA766935F14,0.10136375713205074
CC_4FB0B9E398F2,0.28306064661089275
CC_4FD0DF6CA3AA,0.06508372250866536
CC_4FD902F7ADEC,0.07868745162744148
CC_4FF1155E3A6B,0.3194334688220626
CC_50103368F241,0.1185622075527951
CC_5012B9991935,0.13420452991457216
CC_50172FF2C2C1,0.1252318666601647
CC_5017C9BA7773,0.06242875472845531
CC_502C3D0EC4CA,0.08682557301112373
CC_504157951119,0.06095680316954676
CC_5042938B5A9A,0.464431206274111
CC_504A57293FE4,0.7910624906722317
CC_505812CFE43B,0.3569703924468007
CC_505A6EB06E39,0.31550437481406385
CC_5064CCE0EF29,0.1945819765434738
CC_507BDF639FB5,0.17560812090490874
CC_507E53684AB6,0.1195849188747489
CC_5087A0D1765D,0.2452920720515099
CC_509229AEC221,0.19443768323214744
CC_5092D3A72B03,0.20329291237516192
CC_5092DF691F74,0.5053765846843358
CC_5094BB59416F,0.22766439726204069
CC_509926B384D8,0.7767613653228732
CC_50A6C96DA7D3,0.0654307511939869
CC_50AE75A10F3B,0.26284149775747323
CC_50D4BB93EB1A,0.07022677239818231
CC_50DF7B02E356,0.18697008480197427
CC_50EB53CFE7F8,0.0664940885553482
CC_50FC7D563CE4,0.14229201577099435
CC_5100E6EAA3FF,0.19693365250721065
CC_510F2944B2A0,0.11910264328495784
CC_5128881AAD54,0.15096393287830126
CC_5138941DB7A2,0.14082548565516467
CC_5139EF8BEAFB,0.17888625102295563
CC_513E5EEC6B04,0.11441984151379558
CC_51427EF15375,0.32766529648429843
CC_5147B281DA64,0.38029741676227363
CC_515D968ED36E,0.10191988444526111
CC_5176FF858154,0.1132938699815454
CC_517CB40FB016,0.09629764284592086
CC_51884D5F3E4D,0.11545952864228277
CC_51AE98263438,0.13626936877732537
CC_51C9CE782368,0.14616971622469294
CC_51CC80D1570F,0.07254543106897057
CC_51D2E3476902,0.06262605129608971
CC_51E05E706D64,0.12461043521485211
CC_51E5A5E9801C,0.06686152855155032
CC_51F5DA44F9A0,0.4802398870591542
CC_51F6BDD355F4,0.06233916907432843
CC_51FE657FE212,0.10465218279495023
CC_520950C9BAA3,0.0661496016965848
CC_520B1D31AB99,0.10304198764584846
CC_522550E1761D,0.7488283770206188
CC_524CD519E76B,0.10054054123367799
CC_524FE9E3DAD3,0.5200624898878748
CC_52629A025048,0.11497197671301858
CC_526765FC100C,0.24353843688161395
CC_526E56249FFA,0.2601776733094918
CC_528B42A34966,0.22915938558269872
CC_5292B36E4882,0.18416172516537666
CC_529A2F110236,0.1466168771848942
CC_529BC4ADAD6A,0.20036485207779792
CC_52C1C5A6F887,0.08778364444160773
CC_52C3B674FDFD,0.23397720289592724
CC_52CCBB8F9964,0.07459516216736005
CC_52D21FFA24DE,0.7432001416372177
CC_52D32EDBAA78,0.18478642155063435
CC_52D7821A8363,0.14474498186187074
CC_52D9087EBCD6,0.7893738876258505
CC_52DD62E1AC2E,0.17833441805565836
CC_52E8B04F0FA0,0.130623209824233
CC_52E965E9E2C3,0.14117871872990825
CC_530BA492842A,0.3181172050418698
CC_530F6E906D6B,0.056074539874476755
CC_531FCFBE3B13,0.13194205622663402
CC_5320DFEAD897,0.167292544054699
CC_53319AE7B829,0.5941083651963032
CC_53481151859F,0.04310282523152199
CC_534D4FC05F82,0.17200671653092184
CC_53687DA8C9E5,0.3227682092837153
CC_53795A7B7751,0.061913214653862715
CC_538328A6B3BA,0.49755411167490177
CC_5385266461B1,0.16843851369709378
CC_53891CB35BF8,0.16837155335800713
CC_53A6E1083B13,0.08481488013489795
CC_53A77DA726A4,0.08445193779152352
CC_53ADBC2F6E34,0.2096605405318312
CC_53B249809561,0.080986421894211
CC_53B2DF5B019C,0.06681334400344079
CC_53C1F3E031A3,0.12597816995942432
CC_53CBF2E8AD05,0.4963222649390458
CC_53D04793ED9D,0.08267709646133965
CC_53E23A9B6F74,0.0665435821247602
CC_53EB59C99100,0.40438937043570294
CC_53EB9AC04311,0.10140701587845284
CC_53EC732C9B30,0.03604329859401362
CC_540122E71534,0.15405515697203379
CC_5405C89DF8BD,0.7133870544842612
CC_540D69F5BA23,0.13040524647212717
CC_5414446319CC,0.7286400451946684
CC_5418410F95A2,0.060009661505845406
CC_5431A01C30E4,0.07410083224159134
CC_5452437FC605,0.39938309134940575
CC_5452979BF98D,0.08321386645162283
CC_546EE83F84A4,0.4531125987845054
CC_5473268241FC,0.14689795089125157
CC_5474EE64D859,0.28148800216810704
CC_5476E2B2FCA0,0.12705588977406093
CC_54892024F98D,0.23450005804324672
CC_54B33C66DCF7,0.0881066045520968
CC_54CF66B660B4,0.4261524082698466
CC_54D3A35EC69F,0.06459311088093679
CC_54D6AE2665AA,0.09529028102990941
CC_54D93974E62F,0.24929644903561043
CC_54F5F552A0F2,0.13069777779985925
CC_54FC3B361BDA,0.10428316563054946
CC_550135E8FAC6,0.13422382995721313
CC_55020AD0D117,0.15026823214264087
CC_55094AF7EFEF,0.10493734741442835
CC_55126E23462E,0.057173979270225994
CC_554C21CCAF3E,0.09820312521171916
CC_554C912C7DBE,0.08118110975798645
CC_556B02A2B401,0.34386116953338564
CC_557A0B0CD0F4,0.16814164620023306
CC_559A14E729EB,0.32655211100630704
CC_559F0DD4E4A7,0.24472822919436696
CC_55A82B4E57F6,0.1534178843458489
CC_55A98ABE4C75,0.13897653885320058
CC_55A9D45EA466,0.04313766164840264
CC_55CB872FF50B,0.21641677069473483
CC_55D9E3D58435,0.18642695561151215
CC_55DFF3C3BB46,0.09038792978891823
CC_55EDC3996984,0.13746473287952893
CC_56013299D8C5,0.09734212429258134
CC_560B519C1F50,0.08645281519898126
CC_560CABF0F5D0,0.18535164554150788
CC_56178AD87948,0.2760435779628344
CC_5619A7BB54EA,0.10611355035303632
CC_5624319D7B28,0.11228918138788951
CC_5625119D6C37,0.16197197051875448
CC_562BE7245E1B,0.697565100593506
CC_563684010DF5,0.590151088949528
CC_563EA9A29338,0.10251479262453178
CC_564590AFB575,0.0380048836358696
CC_565E01191BF6,0.6221312822816211
CC_56612A039382,0.05463182898111586
CC_5665FB827721,0.5356938703535614
CC_566932C3CC97,0.11623098408899053
CC_5671D59B2A51,0.1264146734852665
CC_567E7DD24A97,0.09238910067506433
CC_567F47F37683,0.03838893259575539
CC_56847A91065C,0.10987577925981638
CC_5698480F8634,0.06833844253495863
CC_5698B024CECC,0.5839986321044889
CC_569DC051A2EA,0.09111629453716891
CC_56A322152604,0.3367071003439205
CC_56BFD9A8335D,0.37200408083421865
CC_56C9379BADB6,0.048627115226373654
CC_56D410FD8F56,0.3276338336219491
CC_56D4549919EA,0.17131981486665893
CC_56D918CA6353,0.13724927088612598
CC_56DB30CE666D,0.1552000324777377
CC_56E760C3206D,0.23688025795262738
CC_56F73F905615,0.8165740358469102
CC_570683C088DB,0.14446895039742802
CC_571C6AFD00ED,0.3870040226325101
CC_5725663C3B89,0.11446622515776494
CC_57291D7667C8,0.1449958979194236
CC_57313F6E7927,0.17592401841082442
CC_5735F9B859AF,0.6047663584809344
CC_573B34826B2B,0.7043915516236391
CC_5744447CAF7A,0.07492939985940938
CC_574CC0FC7B05,0.13942484421033394
CC_5759E2982909,0.10875368650729435
CC_575CCCCDD7B6,0.6497212029583216
CC_57603A37D19F,0.053168735380562125
CC_57639D4995CF,0.24698058817505164
CC_576E6676FD55,0.055823242354973074
CC_5775C148E05C,0.1323092539708931
CC_5798E560E9F3,0.7724558799938628
CC_57A486F61065,0.5880553779404254
CC_57A726458B99,0.07716765650700537
CC_57B0D41BD7D3,0.3220959549800526
CC_57B501E60C35,0.08954097139173357
CC_57CA90509CB1,0.7554564644100211
CC_57CB7673547B,0.09673613976418545
CC_57DE479CB61A,0.7273984195462451
CC_57E7F1A6B895,0.05351576042363085
CC_57F13C4115FA,0.4049978535701294
CC_57F480CA9A42,0.0911879501930142
CC_57FDFC6DE726,0.2824783406650308
CC_5810468B76BE,0.15500309949460633
CC_5810F212B2EE,0.4006289316355787
CC_5817759E7007,0.1319225968149045
CC_5818B5089B3C,0.09175042233522196
CC_582C78363EB6,0.12159379828336303
CC_58391600720C,0.13071467211591153
CC_583D7B177F85,0.10287207432712493
CC_584C11014F63,0.13196514301480755
CC_584CDC12578D,0.06325453855760828
CC_5852F443C55D,0.08448817608070791
CC_58565AF0F70A,0.4835147557525491
CC_58568DF9AECF,0.22984441691824686
CC_5859EE6309D5,0.40572291383147296
CC_5872B45E1C19,0.796350624538754
CC_58797A417EEA,0.19555504954525355
CC_587A4844B482,0.20981779774216913
CC_587C0CC3DD82,0.6364856941806399
CC_5881A04052CE,0.10624921339845451
CC_589A4E02EF81,0.17421768126715592
CC_58AB46E5655E,0.14237215667132103
CC_58B0CFC9F3D2,0.08794615975450155
CC_58BEFDA6B4C6,0.1358479128795942
CC_58D95C7247D5,0.07226762037636368
CC_58DBF3409D48,0.08288057822676281
CC_58E35A47B880,0.19390898926594155
CC_58E40EFF57CF,0.4117674105951033
CC_58F551219BD6,0.06218525399382874
CC_58FA76C6C45C,0.6068431886492018
CC_59018149723B,0.049831312290335626
CC_5904459ACECB,0.7733135138187692
CC_59088B2886E8,0.04363839623836657
CC_590D2E0AD18E,0.5792374292810903
CC_59146CA05E8C,0.08467367991741717
CC_592592397DC2,0.510088589642323
CC_5926F5B4E054,0.16452733095913966
CC_592A5A163624,0.3552614746344742
CC_5941C323917F,0.09394092236430264
CC_594E4E86A1C6,0.19873108834374234
CC_595ADAA76A32,0.07344167858112063
CC_596A20270C3D,0.17690135206993496
CC_5970E93E11DF,0.3045771890482956
CC_597AD111527C,0.11125353700000518
CC_597FDFFA265C,0.1253035216815775
CC_599C287D2BAA,0.4580473351916395
CC_599E345094D2,0.13337897321387854
CC_59A4741B5A92,0.1746340369706818
CC_59BB3A5BA2A3,0.5773810975530912
CC_59BFD1200F6B,0.14330508338856024
CC_59C07CCAF4E0,0.20396840782795123
CC_59C49474B501,0.14168107690928947
CC_59CFBC2CA471,0.6108937431590835
CC_59D62BE0C0C6,0.12488790473448051
CC_59D86F572716,0.11429150718537298
CC_59DF71FBA4B0,0.04642368007861574
CC_59ECB7465DCD,0.06557137219612666
CC_59ED43A803B3,0.04296877748016652
CC_59F5E81F4EA0,0.13269950609266282
CC_5A10371BE7B1,0.796481933280969
CC_5A2F9A594A05,0.5907046573886108
CC_5A38E46246FC,0.48611993567592576
CC_5A3F52B0A07B,0.20543009101282564
CC_5A5507A49F6D,0.08277557524376676
CC_5A58A5E6DE82,0.10011931751306465
CC_5A5BB6DC1018,0.203485786199882
CC_5A5C0DF50E01,0.11245870227682725
CC_5A633C535360,0.09808112877851431
CC_5A67E62D8D5E,0.6890292798996703
CC_5A6BA0007593,0.12593878841349793
CC_5A7513434C72,0.041283210145006834
CC_5A756D8AE60D,0.19827892201889205
CC_5A7C13841B7A,0.6491518936950184
CC_5A7CBB6E8716,0.20980006290468764
CC_5A83A1E25A2B,0.3616291227525985
CC_5A86EB53A14D,0.7242655137770354
CC_5A89E13CE597,0.219964415651467
CC_5A9466D0CF9F,0.1297454637911311
CC_5A95331BD0C5,0.12636486175041925
CC_5A9F63C3E428,0.051182443492871856
CC_5ABC76FF707A,0.0582186292435617
CC_5AD0F1B43457,0.09787707699707825
CC_5AD82250C271,0.055207953606965295
CC_5ADD27165E38,0.657189402898702
CC_5AF32E5C8018,0.042789258097036514
CC_5AF3690FA0B0,0.18382941211785878
CC_5AFDFAA63B45,0.13259578133301445
CC_5B025DA26FE6,0.05218270581410625
CC_5B07C7DE7E7E,0.21402305531845223
CC_5B08171A6880,0.234889126096251
CC_5B09FB1A0BE2,0.07029024318226675
CC_5B0D6BA12702,0.4699506994983576
CC_5B0EF2D4C3CC,0.12405024133131283
CC_5B195D88C182,0.34904037671491606
CC_5B1F6FE71A38,0.0732401719429609
CC_5B247961602E,0.05876570287276429
CC_5B276421F4CD,0.05959969911142171
CC_5B289AFA1662,0.29506440515661475
CC_5B3A16421A31,0.0471912827767061
CC_5B3E78897EB7,0.06699243386047538
CC_5B480B44A9B1,0.13403996205045052
CC_5B546C3A21F8,0.18480770888650436
CC_5B5BC4023EE7,0.13116058680409096
CC_5B6D63DD34B7,0.09260126667791392
CC_5B6E868912E6,0.08133142899316732
CC_5B818D2581FB,0.12339433539518373
CC_5B82E8BB921F,0.2604391761807852
CC_5B8E8DA14EE6,0.1611008680440983
CC_5B900A135A69,0.08926661919036204
CC_5BB64BDF3C99,0.10425162592840154
CC_5BCB2C79D1CA,0.22211155602028526
CC_5C072DB8586F,0.06977447453535274
CC_5C0BEC2A0850,0.10805054145094131
CC_5C24010127D1,0.2817852658319485
CC_5C2DAF5E0EB7,0.473149050661528
CC_5C3E8DB90978,0.1186293228582206
CC_5C4A7CE69975,0.31944356748383584
CC_5C5766F933B0,0.43752010921611356
CC_5C5808240054,0.10035132073313915
CC_5C5D6E15EA27,0.18407893495842817
CC_5C60C4545922,0.13530868925147385
CC_5C626D70F6D6,0.1569630150241891
CC_5C670F0622BF,0.06636324226822062
CC_5C799E57EF53,0.04505781520403741
CC_5C7B44735AF4,0.14571597074738882
CC_5C7D8DF047E9,0.19021592538719512
CC_5C80F394EFC3,0.14297599177726525
CC_5C99E6189441,0.09108847219769986
CC_5CA9AB4A6AB4,0.11658689097594076
CC_5CB78ADD2432,0.1351684674084875
CC_5CDE37CE08CF,0.05263579184251254
CC_5CE258D12432,0.35931346232151906
CC_5CEEF006ABF9,0.06719734890820139
CC_5CFD2850E277,0.2672193381335251
CC_5D01F71B9FAD,0.12021686076852303
CC_5D065A455A45,0.20359537565890362
CC_5D0AA7D4954A,0.24712901178382402
CC_5D242448B812,0.12289240659384876
CC_5D2C5115BDD2,0.1725380012842534
CC_5D3273E039AF,0.6326466011734683
CC_5D398BB3365B,0.08718879954617847
CC_5D3C1CE64952,0.09307672114547907
CC_5D4B0EBB5CD6,0.10506938411556295
CC_5D5E897588D3,0.09849168317142022
CC_5D65F25FFB8D,0.05965971667657164
CC_5D665A86C465,0.12078142942896467
CC_5D80C353E475,0.08519132128584246
CC_5D8895A0AB4C,0.17948055533942103
CC_5D88A673BF50,0.22403030907533686
CC_5D89688B69A9,0.3241946458571746
CC_5D8AC8E18A8E,0.06530029717277236
CC_5D8E7DC2FA6A,0.5409551461663956
CC_5DA29AD9E85E,0.05372631086982766
CC_5DB286EAC626,0.2973712810689725
CC_5DBC1BB95B84,0.7970526014910335
CC_5DC0A465470D,0.06313422139582964
CC_5DF82CB03C3F,0.08621593149739652
CC_5E001C93F359,0.08012378735923233
CC_5E029094A55C,0.690175166164452
CC_5E0808121A65,0.14683419635889022
CC_5E1117E4E593,0.12690249862178077
CC_5E1541060A97,0.7071141003880392
CC_5E1C11540C0B,0.09590703778143422
CC_5E1DC0E143F2,0.139359411644732
CC_5E206AC277E4,0.25630372832237164
CC_5E22B4BC8B12,0.09251387715619383
CC_5E22D889B6BF,0.13932588177178334
CC_5E38425EC99F,0.7469269226329563
CC_5E3A70C2077A,0.1484461372721501
CC_5E5607D275CA,0.12088000779650147
CC_5E73C3D2B3EE,0.16259372174686645
CC_5E7F23A07A71,0.0964992087114614
CC_5E80A96974B8,0.21651496507093745
CC_5E8C0453B9B8,0.32930056027299975
CC_5EA599FBA5E0,0.5488859465880377
CC_5EB379BA6C7A,0.1132365947991935
CC_5EBB96F65AFE,0.3862169791100607
CC_5EC41568C2E1,0.10518675261554321
CC_5EDB5C924107,0.33985731195674046
CC_5EEE5D0FF8D3,0.15023620860214837
CC_5EEF07FFC243,0.07386246590374619
CC_5EEFD690759A,0.0813104132001284
CC_5EF2176F01D5,0.10840175922927414
CC_5F17CA33D26B,0.08060320488892185
CC_5F20750D6658,0.1366520361376433
CC_5F2CE32A6EC3,0.13227865519634036
CC_5F328EE757B6,0.050100043710642306
CC_5F35B8D87D06,0.2078301395276481
CC_5F390BA40E83,0.7405252562029614
CC_5F59092CA9B2,0.11594589297358904
CC_5F5916E96E19,0.15956604747400616
CC_5F5E835B9E6E,0.09691873225044177
CC_5F648D39D67F,0.5823352790169568
CC_5F6D4104C808,0.1976198735232628
CC_5F72EBE104D4,0.057350097518794045
CC_5F765C41F051,0.06832076259986555
CC_5F8859A6F0DB,0.03968785536831342
CC_5F88ACC7C384,0.13697198269171487
CC_5F89DFA97B7C,0.5407809799066932
CC_5F93A3E31DD6,0.5660205748684524
CC_5F9A44423DD4,0.11253655905505375
CC_5FAA7965BD71,0.1690523689356978
CC_5FAFA265CA02,0.3539688126621194
CC_5FBE1A34704F,0.16509617766327403
CC_5FCAA919577A,0.23307550669006344
CC_5FCD208ADD77,0.211890723111226
CC_5FECD2BB0094,0.07490904740376993
CC_5FFDE52E6B7A,0.0975729166045213
CC_6002BFD3F26A,0.18363662228433178
CC_600311592F72,0.06846719714747856
CC_600AE12112D6,0.237299880893932
CC_601C3178E38D,0.19737788118673846
CC_6037EEA42F2C,0.3857459723698044
CC_604C08F76272,0.6524985068070925
CC_604C72AC662C,0.16290633654997722
CC_60510AFA8A87,0.15852675729011906
CC_605E2E26E52A,0.22587032783164876
CC_605E3904CD8E,0.1299602836822699
CC_60611B935106,0.092267624098044
CC_6061787228F8,0.12646029411525525
CC_607270A72DFD,0.27567068217960683
CC_60738E418DB3,0.11870267097934975
CC_60961DF8A134,0.1411973213696582
CC_609B7A7FA165,0.08149188079288072
CC_60AC5C892D01,0.0973545388693073
CC_60C09FF84412,0.16866264308701143
CC_60C87349D73D,0.29712745519750294
CC_60DA2FBF1FBF,0.10009718462166825
CC_60DA539A39FD,0.18368180802239165
CC_60E974A0B278,0.06961756621509083
CC_60EF7D647EFC,0.051818854877014986
CC_60F525A39898,0.03641291315484734
CC_610009B69EBA,0.6522060650616801
CC_610FDDF5FE54,0.14197912084725406
CC_612C06CB5FF4,0.09780215923903632
CC_61307D82CC26,0.6183004743562346
CC_615030FD33CC,0.6771032795903044
CC_61649241FE59,0.1973341098858175
CC_6170051A606A,0.23439863346530548
CC_6179A630658E,0.07768876600682507
CC_617BD59427E7,0.12682085242463326
CC_617EC8BD5153,0.19858155760574533
CC_6191E14D21BE,0.06875991341502188
CC_61A798B8D222,0.06430054074072632
CC_61B4A983D1A1,0.09520537832707525
CC_61C9732AA682,0.7331212188710251
CC_61DC64E37471,0.06042145377963785
CC_61EAF14033DB,0.10226911254103845
CC_61F18E0C218F,0.07676196138276231
CC_61F1A1263F5B,0.1321527066765628
CC_6209EA426553,0.04376892113294053
CC_622BD8CB3807,0.31151552380333586
CC_6234A9617A7F,0.0962932380857503
CC_623AC074EB25,0.13506835094769354
CC_623FAACE8A80,0.0567304152386654
CC_6244E2935407,0.2664599302751355
CC_624535E11F69,0.06946078900614511
CC_624EA2917CDD,0.6114612342230886
CC_62565D08DDDD,0.7548068556551728
CC_6268ACD3F95B,0.5362487377085162
CC_626B61F4789A,0.6413868370606272
CC_629193C2A090,0.25148375894705766
CC_62933641AC43,0.2055704554394659
CC_629480877536,0.3568061269948821
CC_629CB045D9FE,0.11928461997330901
CC_62A84BC400F0,0.3288633015328317
CC_62C36DF81797,0.15641389509445455
CC_62CC835CAE4A,0.6481677563045088
CC_62D4192F126E,0.7444372213036239
CC_62D7A3C9483D,0.06319671947210613
CC_62DF1B99B4DA,0.09177415879601172
CC_62ED7BA3E620,0.059783405021327896
CC_62FC001AFC78,0.0852483161551911
CC_630412B4AFDA,0.17841960618398064
CC_630903AD39C1,0.046880466315986045
CC_630938DCC1B5,0.058839165272102846
CC_630ACED773E9,0.43872877278121797
CC_631E1690D913,0.06033353006922406
CC_633A7C7FC25F,0.2869965233425145
CC_6342051D8FEA,0.27093367424482945
CC_634CE4E8AE49,0.14779978551652703
CC_6359692F5EF6,0.14431954173112493
CC_637278423A6D,0.2576220518981542
CC_6377AB848081,0.1259167431975458
CC_6381A65E0A3D,0.09982143250236113
CC_63871B4814E2,0.11719894431023621
CC_638AD269F05C,0.03665892583450398
CC_6391AE0FB83F,0.14569463389628687
CC_639703EE2ABD,0.04256058794140966
CC_639750C87A7A,0.741488632076592
CC_639B1DCECD2F,0.17433682488736518
CC_63A869443AC0,0.5173040436185617
CC_63CCEE26BCAE,0.06700855482287359
CC_63D51CECB6D2,0.2232220639087397
CC_63E53402FC02,0.04301117819359127
CC_63FC6895901C,0.12025737080196205
CC_63FC8A97D9C1,0.13332826175443446
CC_64117B93EF73,0.35163438002318104
CC_642D9C325F1D,0.3589169192582998
CC_6436B950E22B,0.197681619723754
CC_6445BD3DDB6E,0.03295389756096085
CC_645C15569E42,0.1148200399456538
CC_646472AD66EF,0.08533973302491542
CC_646B8254357E,0.14908372945132986
CC_647F4BB4983D,0.6584347074877284
CC_6489ECEEFD0E,0.10070204137164884
CC_64946E57306A,0.0463236399427221
CC_64976830B0B7,0.3498017740889132
CC_64BA10F3FAA1,0.09791201372806387
CC_64BA39A0DFC6,0.09442543078161485
CC_64CF9A79EBFC,0.09416702005430955
CC_64F0E0473D1E,0.08301499772193734
CC_65006C2AB2D4,0.7946722905817534
CC_6500BD19FA06,0.3284733385079059
CC_6504DCAA90E1,0.0814048891979216
CC_6509C7361994,0.19476676585063427
CC_651486189673,0.08966843023761184
CC_65194BAE506A,0.15005023787671032
CC_652539353439,0.18270567826553388
CC_653CE5FA5A76,0.22646109227148373
CC_6560C2F4EDA4,0.14600125255960064
CC_656137F98187,0.6727200533899401
CC_6575B4B39113,0.042801142460897376
CC_657F629D31E2,0.16645123143823035
CC_6580B7583ADE,0.1959629111006154
CC_658477BA75D6,0.04403974356531831
CC_658B7867BE7C,0.1202070211499488
CC_6593FE5349F2,0.08286106751647676
CC_659EE0F05A75,0.33134724339779287
CC_65A0D8134410,0.24014234937713122
CC_65ADD5A19F64,0.09362518110765447
CC_65C3F0F73BB1,0.08043271339298809
CC_65C47521C285,0.05264861439652031
CC_65C4EE0B737C,0.24529620083947673
CC_65CB68404333,0.17096585304343692
CC_65D6DFF1B766,0.11522946057309194
CC_65F1545C35E1,0.17774318095802338
CC_6602547E2FCF,0.2213259772977214
CC_6615D7044816,0.24408236571600303
CC_66244D4B72EA,0.108619156552755
CC_662E5AAE07A8,0.059147506121226115
CC_66322B339E84,0.0634372779874428
CC_6634FD4B1CD5,0.7648095276164574
CC_663DCEF4923E,0.18088647571356237
CC_663FE5BF918D,0.4380990558704537
CC_6645798E740D,0.10709649097294115
CC_6649736C8321,0.8077639828531411
CC_664E1026C4D9,0.2978012839700825
CC_665603C4A33B,0.06559378963404991
CC_665BDD9C8039,0.4424055907078137
CC_665F2AD58363,0.2051367429144566
CC_666767444BC3,0.22751336548366266
CC_666C0A2A8674,0.06504242580627835
CC_666F2BCDC7D7,0.17895245463821352
CC_66775178B226,0.07188685862794937
CC_667B6F8C846A,0.6609323967824976
CC_667E909835A4,0.23278081702720407
CC_66809C278FCC,0.17088084472667914
CC_669CCC44CFCD,0.0553841268969943
CC_66B0BD3F6516,0.3669828830623594
CC_66BF02C05DD8,0.12062290757056722
CC_66C491256BE4,0.07757783002677468
CC_66CEFA65F912,0.32806540251684063
CC_66E025DB3282,0.5610392687448488
CC_66E7B423A32F,0.7255329766002706
CC_66ED26E7BAD9,0.07413282281781697
CC_66F7FF7735C3,0.21844538489986312
CC_66FD0CE6D57B,0.05754323890897021
CC_66FFFE05C2E8,0.0932870805605798
CC_6700012A39B8,0.13190978833066122
CC_670FC6A064F0,0.21479638821098232
CC_672932B65802,0.09662395217943044
CC_6742C6478F98,0.20082103446671296
CC_6745321663BF,0.05408808898910415
CC_67579CF57290,0.16357614654080466
CC_675F7483FB90,0.1790430566308234
CC_676ACFAA6131,0.6631655480563631
CC_676B423C495A,0.5713927785096519
CC_6771C0D1CB1F,0.06180416733559293
CC_677EE0369CA7,0.07283389703754047
CC_677FE35855A9,0.1966640302154718
CC_678091614A14,0.11651871445553165
CC_678A43ED0803,0.6722515377491716
CC_67955C210226,0.09080372313751227
CC_6797E0B01112,0.26390047922530163
CC_679D90941842,0.11064971671986254
CC_67C05273700B,0.1104458871254132
CC_67D5172B6450,0.1878666904715108
CC_67E8CF412D93,0.10207481040228596
CC_67F6576A6836,0.23880855304597318
CC_67F985A00A12,0.06180047112902749
CC_6801AD1D4478,0.07510744458661306
CC_6803BFA94B17,0.05792667619076613
CC_680B16E5E240,0.13035690336933278
CC_680F2D0F4F6C,0.09241685945570212
CC_68221E1393E1,0.08965655423041027
CC_6822590B968C,0.21149921321417406
CC_682D8EBCEE94,0.22417790346093835
CC_68429B4AE401,0.4063681964522608
CC_686B26BDD061,0.061903837964689554
CC_687518442359,0.37788685353309776
CC_6875DA61F422,0.2221170638347926
CC_68A3D749608C,0.15600390012358029
CC_68A9C3CE2557,0.10602523533222599
CC_68B9F8C6D9D6,0.6539080180214588
CC_68BC65E3C84A,0.4199901949598574
CC_68CC4D1D898F,0.08961645221419916
CC_68D0ACBD2D0F,0.038766079275007456
CC_68DA8D5488B3,0.09300484334644443
CC_68E675A69AF3,0.1927999482811432
CC_68FC9E6FA27E,0.1617314003041043
CC_69322F7C4CE3,0.11410997536010481
CC_693710EAD59A,0.21193178582179564
CC_69387752F41F,0.5289667775533962
CC_693B71DDFE67,0.14793042703218645
CC_693D4AEDA3A2,0.10868076728293881
CC_6952171BCD2D,0.13179623526055897
CC_69547DEB412A,0.18826698975476483
CC_695E80DBA42A,0.08904545516255036
CC_69717E76CFAF,0.41891419627236687
CC_69741BF89A2D,0.1258240342594265
CC_69825C70EEE9,0.24770894346423775
CC_6985C268DC74,0.4767518916336883
CC_698886C4AD90,0.13901819303078475
CC_6999901A6060,0.16009008064696714
CC_699ABD34646F,0.07286453034949027
CC_69A98DC7A907,0.06128534054795219
CC_69AA6E0DDE10,0.18665405128019463
CC_69AD5A48A78B,0.18225955748238454
CC_69BA7BFF98E2,0.13385141256394353
CC_69BBE365C097,0.06029149421100951
CC_69CD95A00D9C,0.05422407317002172
CC_69D328691680,0.0696208474391393
CC_69D39C9F36F2,0.2534565202065006
CC_69E09390CD64,0.10439215668020357
CC_69FD49E90AC9,0.3413776629206593
CC_6A099AFE73BC,0.16677258477388668
CC_6A099E6C91BA,0.2702904483839952
CC_6A19EB191A81,0.036340141032736355
CC_6A39017046FE,0.11670765266690437
CC_6A4A401F2920,0.3581401593943924
CC_6A5261180031,0.06961961051162863
CC_6A7432494840,0.1537064855401982
CC_6A7963180D20,0.3674267854524758
CC_6A7D7E5F814F,0.5779377705427201
CC_6A8B8BBA749E,0.14339246446697215
CC_6A8DFDB0621D,0.13889796795197323
CC_6A93C436E2FF,0.11690216705298268
CC_6A97F81D9A0A,0.14396599535122082
CC_6A9D1622B4DE,0.2673416566002036
CC_6AA6589445C1,0.6609113097566758
CC_6AA7A87F59FD,0.17898708157806584
CC_6AADD44C0B52,0.09183813220582736
CC_6AB4A5EBA3F6,0.20611893187334754
CC_6ABA7D0ABAC5,0.13173575051852596
CC_6ACF1E52BE8E,0.13069115393291555
CC_6AD3513459CB,0.10991646592159933
CC_6AD4238EE77D,0.16389361553565776
CC_6ADD0FE5DD74,0.664190867357746
CC_6AE2737BD3A8,0.091711884015614
CC_6AE48C1F2448,0.1554823053090618
CC_6B00A666A420,0.642926521118821
CC_6B07C3992304,0.08111503699312492
CC_6B0A72BBD800,0.6839798199003642
CC_6B12B975F2EC,0.3788490983844753
CC_6B12C9507F32,0.17276662908467175
CC_6B34719D93AC,0.5960218195412238
CC_6B34740DD355,0.14353440236808357
CC_6B41081727AD,0.218646413576709
CC_6B4902892E70,0.0846793901806134
CC_6B5BC2D89077,0.7737846951110066
CC_6B65242C2CCC,0.14325916642383665
CC_6B823BACBE75,0.35191846356205186
CC_6B83E1A959C2,0.2662713714791109
CC_6B84FB3DE604,0.04327085686783787
CC_6B8AABAA752E,0.20462792562193716
CC_6B8AC0DEE990,0.3856563689752851
CC_6BA45C072D40,0.14068904319133335
CC_6BA72ECB5027,0.09941917770822727
CC_6BB560F020BD,0.07641781585416607
CC_6BDF0B68C126,0.024920671782616755
CC_6BF0A9437728,0.10982787719899886
CC_6BF3B9097199,0.1551223816382061
CC_6BF7A1EF31B9,0.1974376053017203
CC_6C29DF49246A,0.06835120069230896
CC_6C3C86C2125E,0.07987516649439318
CC_6C42FF6D7218,0.655263293042553
CC_6C541A482CF2,0.24257048692670996
CC_6C585A6BFE01,0.8055028415503513
CC_6C5CE36700D0,0.20858667134080924
CC_6C62C2094733,0.07773260846058765
CC_6C66539A9D02,0.2695370215674411
CC_6C684505E498,0.07910468812766633
CC_6C6E40927C35,0.05276234662376085
CC_6C7736F51C12,0.6705291856581989
CC_6C781CEB6F52,0.08890900267936495
CC_6C7E39BF4744,0.13155210648878457
CC_6C9EE9BAECEE,0.08017621389717487
CC_6CA0F076091A,0.10304357363377596
CC_6CAD299645B0,0.1639062583713863
CC_6CC3C50BA394,0.11327676106607078
CC_6CC593C5385D,0.051471717443593364
CC_6CDA4B24C602,0.256650768060546
CC_6CE31AFF7813,0.0774597276861768
CC_6CECB68DE9C1,0.3407674215495123
CC_6CECD3DBA212,0.1419781504249518
CC_6CF17D012682,0.1847097233932853
CC_6CFCDF903310,0.14120243792914086
CC_6D08B5E62654,0.08928704355089555
CC_6D0F60667273,0.30993979464424826
CC_6D127EE83945,0.05681474362053851
CC_6D134DB29068,0.4064781130862893
CC_6D141A49D94E,0.592122326622456
CC_6D148C0A624D,0.16102022858417409
CC_6D1EFDDE2EED,0.07783146083397871
CC_6D22B938D7B9,0.07608537724886585
CC_6D27409F4956,0.08739687073368063
CC_6D2F0EBBCA4D,0.20072020752638134
CC_6D43BE30E8B8,0.2525724098906959
CC_6D4EDEAF67C7,0.18779504947459505
CC_6D72571304DC,0.45536692341733603
CC_6D7C62C7C161,0.07487369782024506
CC_6D8A18C28AF0,0.0785795926337194
CC_6D8B35007242,0.07975837308785033
CC_6D93A9E49E3B,0.12993909120196515
CC_6D9C644A082B,0.09225262329135173
CC_6D9F52BD4D0E,0.12578657057924156
CC_6DA058F9B631,0.24304526475848517
CC_6DA1F8DF9CDC,0.22371292404623513
CC_6DB000AEF16A,0.09541692565308152
CC_6DB5025899E3,0.21643396560452152
CC_6DD6FA2FA0C6,0.11610636934395825
CC_6DE4E4C1A31D,0.18019784902745412
CC_6E09CBC15C94,0.5164030246865617
CC_6E353816938F,0.06740083232302313
CC_6E3AB992A5C9,0.16224167691151667
CC_6E420A2FE490,0.18360379550784447
CC_6E46D01888D5,0.1612394028115417
CC_6E4702162475,0.0635325408019172
CC_6E548AF15091,0.2396800589400842
CC_6E5C9A2DA27E,0.05122570439240689
CC_6E610F3976CB,0.2074621549630591
CC_6E614FF9BE02,0.6381599484134067
CC_6E68D46447E2,0.10878246588888325
CC_6E712C21215D,0.050726601221893354
CC_6E84DED41B8B,0.1328889035721743
CC_6E8557E30DC9,0.6028806164410211
CC_6E8963475D35,0.18423052831377518
CC_6E9880CA0BF9,0.3044303576175034
CC_6E9FCD68ED52,0.6959853107471531
CC_6EB194A93F60,0.1320812817391515
CC_6EB370F511F7,0.06610302990285295
CC_6EC722B2BC2F,0.16971623129340146
CC_6ED1B0EE4B6C,0.231057211207802
CC_6ED65E7CABA2,0.11274661229471089
CC_6EDA84B653B8,0.33804835049704957
CC_6EEE8E7C1D1C,0.17268126120328015
CC_6EF17801ADD6,0.13871415618411864
CC_6EF337CC4BA9,0.25170275490799243
CC_6EF464EC9FCF,0.121448593193494
CC_6EF6B8AE7DCD,0.043820348049983304
CC_6EF8C59D8395,0.8495904423261238
CC_6F2146FE362E,0.07508925010758577
CC_6F2408B665A6,0.3594358153646524
CC_6F2B8E925D59,0.03198506347150009
CC_6F3034E96848,0.12274973073740945
CC_6F3559ACC2F5,0.048474557301957974
CC_6F46C5897DA8,0.43147365202691623
CC_6F49ECAE902C,0.07553209766682795
CC_6F4B818665D3,0.14775481253564682
CC_6F4E696A1F88,0.2534114120477207
CC_6F54BD66C0EA,0.1713865166387787
CC_6F786C433998,0.08675486555145831
CC_6F78BF56B0C0,0.09288613119520187
CC_6F8346F138C1,0.4320814611791395
CC_6F86CFDB23D6,0.06859773033054917
CC_6F8E30AE9457,0.14413887880409199
CC_6FC25B27AC26,0.0733037304718899
CC_6FC8BE007FE9,0.12097404182392993
CC_6FC8DA40122A,0.2035573574274339
CC_6FD8BAB1DA3E,0.08424870799419402
CC_6FE4FD09A9D8,0.08055562558565414
CC_6FE78CB02174,0.035013938867952725
CC_6FEB8EDBF2A4,0.14523288964869674
CC_6FFCF2DAD0A4,0.08208285276412756
CC_7002034B0979,0.09230300266454664
CC_7006523D45E4,0.0857877046716082
CC_70097151A773,0.0678313880156718
CC_7011BC95A91B,0.04087764402534163
CC_7020F3C11A3F,0.15472555501855156
CC_70306409A3E8,0.29282394901546793
CC_706B18DA7204,0.11537028963603595
CC_70703A59C070,0.18039337831183191
CC_70749DDFF595,0.13029001059409634
CC_7079CE5127A3,0.041889548549811646
CC_7087A46F0AB7,0.10173582090839248
CC_708B73EBD939,0.1451820682106481
CC_709315667BCA,0.07889624478479285
CC_709970475B6D,0.6094574868138355
CC_70A56ADAC199,0.05524974208408978
CC_70ABB244502D,0.05072230182016848
CC_70B0176647CE,0.14431562543386348
CC_70D3353DA1C3,0.06880238757409722
CC_70D652DF4E91,0.13599149606827757
CC_70E3121BFDC4,0.09243670873751257
CC_70E5FB8B072D,0.054175117402110465
CC_70EFECA3FAEB,0.19817409879089545
CC_70F59DA18BCA,0.4123925440312827
CC_7100129A0AFF,0.09294624114149093
CC_7113554E33B9,0.05458474928751939
CC_71260405461D,0.07202027669774486
CC_712677251322,0.1708307756491856
CC_712D31B2785D,0.05702131799360709
CC_713052DB1E2E,0.0648570630256329
CC_7139C2D6F1AC,0.08978646950259032
CC_71427FC8FA49,0.23786967168123105
CC_714912E93A71,0.14316633748362315
CC_717A5C2ED311,0.22231219379354641
CC_717C94F5C8F1,0.05753282916794158
CC_718F067F4DA0,0.04861580565496352
CC_719E714DD38C,0.07377692133743569
CC_71B169C874D0,0.14603136330532127
CC_71BB5070615C,0.11463876565683523
CC_71D37D6D19C6,0.18397301880398986
CC_71DC80205F42,0.1332909628453554
CC_71DEB636B8CD,0.6265853420306173
CC_71E4CBAA1211,0.13884112968579387
CC_71E787049755,0.09217364615569591
CC_71F1EF5575AC,0.08805736438519186
CC_7201DD8EB33B,0.22660624409285507
CC_7202C8CE2317,0.3209626731806178
CC_720B06583C57,0.043886966499102995
CC_721DEC038BAF,0.07206892371354455
CC_72219BCC83E3,0.14869145498558228
CC_7223DABA7E98,0.09376513243770411
CC_7233459FF7B8,0.24817481366114114
CC_7238A8A6767A,0.1913307821330029
CC_724559551664,0.6579039741768387
CC_7248EB4B76CF,0.05592708433661941
CC_7259B5314D92,0.0951899699767761
CC_725CA03102FE,0.05222261860019625
CC_726E05E5A555,0.13690718929763485
CC_7276AEED6D4A,0.09071749892509828
CC_72A18E8D6670,0.05847909707639315
CC_72CDBC38202A,0.4412601339161662
CC_72D8B2ABA2D1,0.7186345191112018
CC_72E4590D362B,0.4113965143671648
CC_72E8542AE4BA,0.041092828298565594
CC_73010B6E55DD,0.6160855972204365
CC_7309A4693D52,0.1506853299476453
CC_730C2A3FF1BF,0.1560097096513046
CC_731C1BCED024,0.6428620298730855
CC_732C325832D8,0.14975004005989143
CC_732DFCAA0A75,0.19668946080658078
CC_73322A6A24B1,0.7859613319471443
CC_7336B19A18AB,0.1696858178120827
CC_733AF1D123B8,0.3203879079521707
CC_7344A0E90AFC,0.10759390562124356
CC_7348C2B475B7,0.11502589623226181
CC_735E1A78B058,0.08007765761718166
CC_735ED2A02DC4,0.13648785752584278
CC_736015DE4E3D,0.3665495042071659
CC_736A42761E55,0.11094189358336222
CC_736C0436B98D,0.17197910023697832
CC_7379212919FD,0.07412266375130173
CC_73859CD59E75,0.5666867120553204
CC_738B201B1CF9,0.13326490207700942
CC_738DCB11942F,0.0677783015572767
CC_739198ACE582,0.12313520970203778
CC_739D093D7B69,0.10349963711621318
CC_73A7FC903662,0.1698203861830949
CC_73A8927DCEB9,0.10899489464549988
CC_73B575BBBBE3,0.1621582582824781
CC_73B6B9AD2002,0.05472774903904198
CC_73C28D72A5A3,0.37525802941099434
CC_73C38DBDF9A7,0.09863773738169056
CC_73D44BEF6754,0.3623564412947715
CC_73D4C1D7C022,0.0768769944724584
CC_73EF383F3C2E,0.1637550133401674
CC_73F34B1607C1,0.08325375661964901
CC_74137206902D,0.10828284859138584
CC_74198E5EC366,0.06312895324036444
CC_744FB5804A8C,0.6447025546734679
CC_7451E64B6D47,0.16702997174089132
CC_745A64878AF1,0.10320555349925978
CC_746B196CECA1,0.16285719227216328
CC_746C06898D5B,0.5872751185528816
CC_746DE1EED0DD,0.19885357918889698
CC_7476938CF6A0,0.525617031587622
CC_747CFDB7E305,0.07617330899973682
CC_74845374E870,0.7405204709480844
CC_74AD8D3B192C,0.6730284043004527
CC_74B90A15B270,0.09758238986708741
CC_74BA5D46E909,0.6946721804912079
CC_74BE0AD5E21D,0.14989070016097286
CC_74C33B66F002,0.1637776326132377
CC_74C9C3F17421,0.061208681640836156
CC_74E4BD5C07D2,0.06470858517373934
CC_750D90249EFD,0.11235555078173068
CC_750DA21B7EDD,0.35730499176844827
CC_750E6537383A,0.2940886784612933
CC_75137D6F9DCB,0.08501494979590009
CC_75173A8A11D1,0.3230128553792746
CC_751DDC1FC2AD,0.12596231286828868
CC_75357E0206F5,0.10098055728117854
CC_753D160E3A58,0.11874305291150825
CC_754447632F75,0.04632497501223968
CC_7549363C5D36,0.08681145295420338
CC_754F3894627C,0.09748732095348367
CC_7562CD43897F,0.12907256745197282
CC_756A077EC614,0.3974596882850597
CC_756D3492443F,0.2707248513613335
CC_75783B3E6C6E,0.05174456605132087
CC_7598068A716C,0.05605295147682203
CC_75A37D8C1F6C,0.6198450737736274
CC_75ABDDA24C26,0.14113387166003394
CC_75B287424E59,0.4186225932741775
CC_75B2B88876B6,0.11750780938494415
CC_75B324FCDD4A,0.19914093292216076
CC_75C1466E61E2,0.23091373974200047
CC_75CCCD9D4568,0.10974647521304395
CC_75D2DAF4491C,0.3621457865936041
CC_75D54090AAD4,0.11060940046446315
CC_75F1927E5941,0.6800044164421091
CC_75F99AD6844A,0.32068698257696665
CC_75FBA505C727,0.274136059503931
CC_7615CC930B76,0.11615010598110735
CC_76168488EBB0,0.42128378952130346
CC_76197A77D666,0.03907664555870847
CC_761F48F8E962,0.21338381493549932
CC_764C6ADC6D1A,0.10645023785460524
CC_7658A6B0910B,0.05708593447665965
CC_766347951B7B,0.5891703063125244
CC_76857712D8F5,0.2776564218190219
CC_76A0DF2549B7,0.1159152648910982
CC_76A636414AEB,0.22208528126559804
CC_76B01540CDD1,0.15124385575042573
CC_76B420FC66EB,0.10483896582063237
CC_76B6BCD2EBAF,0.06347744088289892
CC_76B7A0029620,0.11310218480348629
CC_76BA435EF2AC,0.1373981648612541
CC_76BCC1AFDA4D,0.09122010496574674
CC_76C35913E797,0.14488162042670696
CC_76DE3DF1DEE3,0.19272449198370747
CC_76DFA4CD068B,0.12161243249226694
CC_76DFE3568C72,0.259376418985103
CC_76E201F1E036,0.38783638465824033
CC_76E83166FE0A,0.13236391749304674
CC_76FD9E9D9ED0,0.12029518339002972
CC_7720BBD06736,0.32085158663131164
CC_77340228F356,0.7333386976214272
CC_773CBBCBAFFE,0.10820372619296204
CC_773E9B092923,0.11423313011171402
CC_773F22C3E42F,0.0481029951741417
CC_774ED295BF96,0.15089990210635612
CC_7751ED6DF76C,0.06480161572366133
CC_77571749B970,0.13707316552477353
CC_776F8B3BAC08,0.10870264294506442
CC_777889F9694E,0.053867467726904004
CC_777D08513AE8,0.0829889368495333
CC_777E3D988EFD,0.21982256533554184
CC_7795BEDE05E8,0.27449663758313325
CC_77A9EA3A6784,0.09355763855979565
CC_77B1AB7960A9,0.16587877320066058
CC_77B6EA810549,0.2611625897138435
CC_77B9889C9BFD,0.19215438958831912
CC_77BC55DC92B6,0.1347771276666197
CC_77D1DFCB0A8B,0.06107345914173996
CC_77D9AC43DFE1,0.1998708585530851
CC_77E6EF1CF2F7,0.11457422361298465
CC_77FFA8E6B36D,0.09822091274605393
CC_7801661A9DC2,0.15121047755110092
CC_78069B1BD931,0.13470899475597342
CC_780828B48716,0.1150822757665309
CC_782130B98F34,0.09559333297893105
CC_78273789B3C5,0.7806717117766464
CC_78296783E4EA,0.1513613403534369
CC_782B06291D87,0.07015485981610477
CC_783A2D4C89F9,0.43197985216768403
CC_784407E16923,0.12379739002660849
CC_78491B6255F2,0.4395855610703797
CC_784F17AC712F,0.059449515868845844
CC_7852FC3BBADB,0.09034812482429457
CC_7866E4CE528E,0.7940661154304391
CC_7867E7C01013,0.21737375700385672
CC_7869F609EC2E,0.192989142466047
CC_7874F14ABD7F,0.17128053066670051
CC_78774E05FF12,0.15624149701216888
CC_78815A352067,0.09722606992283879
CC_788FF4549766,0.3068914528977621
CC_789977501322,0.11531027148219587
CC_789B2BA880E7,0.04479746976653257
CC_789D87F51AA1,0.06738196778864323
CC_789DC3C358CB,0.21656079807881096
CC_78A036DF6320,0.7076691772490751
CC_78A3EA63B7EF,0.04042923261872683
CC_78BF1B8FC1CA,0.12486513592329936
CC_78C96E7015BA,0.6088397692398044
CC_78CC84FA2CE2,0.2215409861729742
CC_78F0087076CF,0.19924410718011704
CC_78FAA95F5B5F,0.11355215040623065
CC_79033EFDE096,0.11070815494332083
CC_79086C18A963,0.11446724066755339
CC_790DA2ED9F5B,0.10593253402979434
CC_7928811F7D86,0.1039569385530852
CC_79345478FCE5,0.1821975898162808
CC_7936C8D65B95,0.1260942330702709
CC_7948C5509411,0.4970879825957483
CC_794ADB0677CD,0.12941290177911685
CC_794FF8E7F876,0.04929906499123951
CC_79500EA652BC,0.5973241131195597
CC_795083A66DB5,0.04851210229636158
CC_7950D4B773CF,0.13371916915499862
CC_7955AEB49759,0.15093190822377067
CC_7964F862DFA3,0.4004451895960754
CC_797A700CF967,0.5210600673145992
CC_798180DDF677,0.3611878337190612
CC_7981ABA9C370,0.12124636475987732
CC_798B2DC03C5A,0.0727712018646474
CC_79BD986C23CA,0.0636205256042042
CC_79C6BA680815,0.5175162864876269
CC_79D694E6F5AF,0.23732271025632337
CC_79ED9A0F6E49,0.4851187497331723
CC_79FA2512E5A2,0.17937575450019713
CC_7A0024F6FA60,0.207213516697628
CC_7A193A453F27,0.039782122063825906
CC_7A1F071DC5D4,0.38284904756748683
CC_7A5D96BC99AA,0.7466677109954439
CC_7A6B51562949,0.23159308952728289
CC_7A6D7F9654DD,0.4037439979950997
CC_7A778E010F33,0.25793953665438596
CC_7A7FB841B669,0.5728800115295345
CC_7A91013D31E1,0.142204970570639
CC_7A9117596769,0.06988176008358704
CC_7AAF340DCE8F,0.1677633129088143
CC_7AB146267981,0.22857526672193018
CC_7AB2A9CC8424,0.2339055481759063
CC_7AC1DF18CBA4,0.24916627176311903
CC_7AC4240DD225,0.3212969963751114
CC_7ACB325BD924,0.19076283019810417
CC_7ACB88002397,0.4975662410776453
CC_7ACD4F370AED,0.15469930345649774
CC_7AD4072A9F82,0.05145385742308224
CC_7ADEECDE4D73,0.2078633146891958
CC_7AEB48D8C5E0,0.08602291550914873
CC_7AFA5CD2B29E,0.09018024432079892
CC_7B092786DDB0,0.05148109515610052
CC_7B1B35D5628E,0.0634101061047454
CC_7B210557F04A,0.10135456514397927
CC_7B369A7C1D3F,0.15200382553402952
CC_7B4002591821,0.7006514319654563
CC_7B42BD80D79A,0.20456457620319887
CC_7B44FDF08B93,0.11015079821607496
CC_7B501C32CAE5,0.07292839290647624
CC_7B88520D4FA2,0.378322929634523
CC_7B8ABE6E552B,0.1621851572090044
CC_7B8D2E07908E,0.4439598763923576
CC_7BA150468D19,0.5750217222468647
CC_7BB159FCEB53,0.24999400951943987
CC_7BDD72710831,0.05998367345760401
CC_7BE02C65B967,0.1711431927928736
CC_7BE382988C1C,0.6462446367469135
CC_7BE6110DBAA1,0.34912117967098805
CC_7C0B14BB0573,0.13643939496108648
CC_7C0CF5558904,0.757280028863241
CC_7C13E7F561DA,0.651821897626179
CC_7C46F7F667F3,0.11579041854382267
CC_7C510CE0521B,0.0774497391373885
CC_7C61B5D39E49,0.4580181889601488
CC_7C6770DDA182,0.1170740677187984
CC_7C6DBF78A610,0.10057007522826487
CC_7C7B0438E3AB,0.1799496015216024
CC_7C87DFBC3176,0.0916911509753959
CC_7C9528E94215,0.26829074439003164
CC_7C9ADE65CF81,0.10291731749357073
CC_7CB6CD1B9DD0,0.07030752791984059
CC_7CB7C7E55BE6,0.15028624195546456
CC_7CCC3A690325,0.16058359643992087
CC_7CE5689488DB,0.06280511183678134
CC_7CEB758A9814,0.0583872534864992
CC_7CF7443D923A,0.0645021281358487
CC_7D0D597690BF,0.09545687473809213
CC_7D0EA0307817,0.03953852255348192
CC_7D12E6FF25C3,0.13586674529237602
CC_7D28D39AED1F,0.6298444147345664
CC_7D2D19D832FF,0.07760463761137287
CC_7D34A67E1369,0.07555525988804701
CC_7D4388B41EB9,0.15783531377036855
CC_7D46FE573D79,0.0757296537155791
CC_7D7810799F2E,0.06618169688066075
CC_7D79241150C8,0.13087331845891242
CC_7D7B92EF2655,0.14103977225501257
CC_7D8C2495C1F7,0.07039952811563474
CC_7DA4F1BA24A1,0.6547929561602918
CC_7DAF18939084,0.07350033611766199
CC_7DB8BA427410,0.06738965338211435
CC_7DC9456F1161,0.041064903774277885
CC_7DD2CBE0F0BC,0.1917483092970566
CC_7DD495158BFD,0.6357224860957663
CC_7DD5411F7A14,0.31947267411875846
CC_7DF099A7A092,0.23264152832056417
CC_7DF27D2AC111,0.04481254563270191
CC_7E0CA072EF93,0.07282593473679067
CC_7E0DA100F5F2,0.1614451359097234
CC_7E1086EFDED5,0.045014089464109515
CC_7E12E0F3CF6D,0.10788711032950095
CC_7E178CE78FB8,0.09036993516534371
CC_7E1C1A6D0E9A,0.1637764005142126
CC_7E2A76850DF6,0.787870252149718
CC_7E3ACB15C69D,0.09322700459634622
CC_7E3F3373A73D,0.700587444840416
CC_7E42A3D0737F,0.10085672721546955
CC_7E4679C534D7,0.24071918030048858
CC_7E53FEEB19B1,0.261568312649241
CC_7E71CE7FC603,0.189426858059449
CC_7E8333DBAEB4,0.34448986019375827
CC_7E843438DE4A,0.06247395822857489
CC_7E8E4747C0D0,0.5670516041989528
CC_7E952828C1B5,0.11086020032732351
CC_7EA6431FE6F5,0.13851059498167081
CC_7EA7BA7621C3,0.2685966426345367
CC_7EA8F24B3010,0.0989447004595148
CC_7EAB28B0309C,0.06355374952671979
CC_7EB4A5BDA97E,0.08255316148562653
CC_7EB4B0A36534,0.09807512350132852
CC_7EB791F4AB2E,0.12292414046928865
CC_7EB883C9D5F9,0.047853368310202114
CC_7EC59C577F02,0.07515140992745788
CC_7ED2683D26DD,0.09968616663254495
CC_7EDB3440E0AB,0.575136974807059
CC_7EE12013C7DF,0.1467823536287076
CC_7EF824CC0D3C,0.1450112227205186
CC_7F09C6F6321D,0.7460451030849031
CC_7F1AD40DA179,0.13499672889256306
CC_7F1D38A39164,0.0793286944428566
CC_7F22B7D326CC,0.17268136784386792
CC_7F2614F1AAAE,0.21714701309584766
CC_7F2CDC7C1634,0.05535515292106019
CC_7F2D46DF9BC7,0.1729442456402712
CC_7F57A90B69E0,0.25525900468867097
CC_7F633226A676,0.25836132269349615
CC_7F753D809267,0.6612075216417619
CC_7F7EBF25AED7,0.04303680379171643
CC_7F8496CC5779,0.05091053353529323
CC_7F88D9C5D258,0.08292498804935108
CC_7F8AB4DCA794,0.1374414970822078
CC_7F8CC9509418,0.26997207655559463
CC_7F9069571F79,0.28960528656884776
CC_7F9AD27E079E,0.1650867978431552
CC_7FA281AC1C7A,0.08678011463397
CC_7FA389E90548,0.09542662495444623
CC_7FBF4A48AF55,0.06738701755468439
CC_7FC40175A8E1,0.24997503228624898
CC_7FD58EE7029D,0.10160228224702629
CC_7FD7F635C341,0.06596350647706463
CC_7FDD458DA059,0.23546035564654297
CC_7FE85C259E03,0.09951767640347833
CC_7FE8CD30D7E0,0.10297206043359362
CC_7FFA32DE7B04,0.13258155904379718
CC_8014F1E2C5BF,0.05170589349522846
CC_8015895C1C29,0.21056330711408786
CC_802BA7E39A13,0.07031699715108397
CC_80300D23C3FE,0.4311488762107362
CC_80465303B6E2,0.18822080463322613
CC_805ADFD46B84,0.06509855127167212
CC_8060F40D9522,0.16091480551338955
CC_80621E822131,0.06475879298921612
CC_806654B580B5,0.3544410333440484
CC_806CFD6A52BA,0.04726739000046454
CC_807935BBEB7F,0.055537072959465424
CC_807C57E626E4,0.07273948531151364
CC_807C91C98684,0.039896791155846954
CC_8096B589BB07,0.13561619864625055
CC_809D60155E9D,0.07877097185629131
CC_80A2189E5125,0.47336681708403056
CC_80AF87F62770,0.18061062523916901
CC_80C03DF9CC57,0.19004578060511534
CC_80D9B6563750,0.5271823497228955
CC_80E9638ABD4B,0.05005203598132115
CC_80F7171B71CF,0.10592105446032883
CC_80F9983BC18B,0.0659268366822829
CC_811109A98EFF,0.11331009188391183
CC_8129480B056D,0.3253374650951247
CC_8134E5DA9FEB,0.5660671002278659
CC_8140399AD344,0.1154915058591391
CC_8140E278B6A0,0.2319019579534027
CC_814E0F756757,0.41424091911187766
CC_815FAAABFC91,0.187528894218505
CC_816B28807CED,0.08337642819713854
CC_81821F9F2307,0.5681133923819909
CC_8186D7991EB8,0.06027365256480497
CC_819E203180C8,0.8070146152312009
CC_81A5E3141BDA,0.5222075465880643
CC_81B5CED8EE79,0.1340779284078384
CC_81B91198E00D,0.7639774012088414
CC_81BADC379C8B,0.1812187721247262
CC_81BF8EA390F7,0.05189754850613558
CC_81C5FC962C72,0.08011684064418745
CC_81DDBFAF1CB6,0.06734708823571794
CC_81DE637E6138,0.03659826652189911
CC_81F389DEC9C5,0.08903025707941468
CC_81F647806849,0.14575172472060136
CC_820D491B2903,0.7598228852707826
CC_82172863AA45,0.3484037550358664
CC_82195FBE9366,0.0682949337517726
CC_821F503DA953,0.08053429307315613
CC_8221AF9B0B93,0.7403861210909337
CC_8222D1C47857,0.0732428170552938
CC_824BB6CD2B25,0.0876970092772363
CC_825192411933,0.09501839068291335
CC_8270E213EDF5,0.17029324289795542
CC_82839CC161E8,0.07121292339647314
CC_828A0B6D7291,0.09185180949081999
CC_828EDE22A438,0.03594579046094619
CC_82928B5ABD45,0.3257629218488029
CC_82A7FE954659,0.16473554972748536
CC_82ABE1FFFA1F,0.1369115142657918
CC_82BDFA01C41F,0.13316612190654387
CC_82C20057CB4A,0.07804181161754853
CC_82E52529A567,0.1511649721434597
CC_82EFBFCF68AB,0.12328746461022842
CC_83092F58B321,0.13578485047112876
CC_83098B4BBD4A,0.13735355706874336
CC_831F9E623C5F,0.18998701443151103
CC_8326C8A3D569,0.1276823106089628
CC_832730F42A18,0.09304674739620239
CC_832A44C3F2A0,0.06522745102511922
CC_832EBAE498AE,0.6971398623746572
CC_833B196A70F3,0.7146185937541164
CC_833E14DFF4C6,0.12369766317218658
CC_834092035687,0.4135074358552821
CC_8351244DE3CB,0.06045170566936766
CC_835B90025058,0.0716396519251998
CC_836534CEDFD3,0.15182312525190106
CC_837ADC1EA55A,0.15998482162231256
CC_83884D799788,0.17130096367466288
CC_83947255841B,0.1235873763258165
CC_83A5A3022ADF,0.7960886786597672
CC_83ABA98906DE,0.08500325287862211
CC_83C75D07414A,0.3946219544274646
CC_83CBA767432F,0.7446705387173983
CC_83D342F53F36,0.15704995741491995
CC_83D5CA2A23C2,0.05465835123964147
CC_83E002D6D82D,0.18350028337059154
CC_83FE1BCC83E6,0.31729715373620976
CC_840E5B830DB4,0.055219890967680776
CC_842525788FC1,0.15811159853304216
CC_843076C8EB9E,0.2734613795060295
CC_8442C97EE91A,0.12691919386984538
CC_844C3C30ED67,0.08143188168023681
CC_844E345D2636,0.15558177677909726
CC_844F26E92B12,0.18411671549896969
CC_845032D8A261,0.29099082938995213
CC_845223F606E2,0.31973244006946666
CC_846F5B19B110,0.3090670220148434
CC_84797EA9ABF9,0.22588561432837614
CC_848D59D48081,0.17444975219520795
CC_84AB057BFCCA,0.04990630842301272
CC_84B0BA112537,0.07630173002546355
CC_84B8FCEDADD5,0.07634848840719002
CC_84C61A6BE99D,0.09516038872165201
CC_84CDF830F68F,0.07788688406158784
CC_84D5B88572DC,0.2501202990353862
CC_84FABECED186,0.14295825165324821
CC_8503F43FB29C,0.17847890811762238
CC_850ACB004EE2,0.07985269531214463
CC_850B114489CE,0.10767573167395883
CC_850CC17BB13B,0.11100314032376778
CC_8518C159BDE6,0.15007338336680695
CC_85299261146C,0.08699872923649006
CC_853986C52A17,0.05419575159443159
CC_853ABBECF2E1,0.7723354747319582
CC_853BF4485D85,0.19062102626704802
CC_853EED03843B,0.07806991940021664
CC_853FD1B551B1,0.1750344188900179
CC_854AAA98CC0C,0.807864913534768
CC_854F8AB5F1FE,0.043555981897844445
CC_855E2A785BAA,0.09843916941479063
CC_85614CA68432,0.050030940467262565
CC_856B92B23BB5,0.8071398682782361
CC_856DF4A30E13,0.7056820685511671
CC_858704DBD5A6,0.05585739910807655
CC_859EF0AAA74A,0.04672462026692961
CC_859FB710961E,0.1299610383856955
CC_85A0EB3C9884,0.5607483163856591
CC_85C887BB996A,0.08710840995317944
CC_85D9A6C9CA60,0.1281802191149561
CC_85DAF10E61A1,0.5522739212763401
CC_85DEF8ECB524,0.12240819507852392
CC_85E2E0B8B15F,0.6951833198440864
CC_85F018DC47FC,0.23332977044191586
CC_85F376B33951,0.1887221028164084
CC_85F745E1D307,0.13951413218352554
CC_85FAFB430486,0.2307137455029661
CC_860D4B868C17,0.03846753701003503
CC_8614E30C9FCE,0.4355087702239672
CC_861F5DC22035,0.058093114896461635
CC_8624ABB391B1,0.18693437689498357
CC_862BAB422756,0.3278861224892792
CC_8642F98E5504,0.20590491758065896
CC_8655B8862C81,0.1384554125758707
CC_865FCEE75A8E,0.033643964416707056
CC_867372811CCD,0.4183567867166879
CC_867695B5C296,0.5615300201067035
CC_8682B1F914ED,0.14551541693578424
CC_8691DF144B92,0.5167939314972618
CC_86AD259FA5B1,0.11833524437480884
CC_86AEC21936BB,0.7334353479702993
CC_86B1D15F8424,0.0678594828570295
CC_86C2A6EC5712,0.7376204883187478
CC_86CF816B494B,0.09846204126094585
CC_86D4D58B1D0C,0.14546643849895635
CC_86E2C4E17CB6,0.06077000505021686
CC_86E9E191E3CA,0.36960069726113653
CC_87000C16C856,0.09008401642552297
CC_8703DD5FA02C,0.16079436662633237
CC_87065B1F429D,0.1077521792544255
CC_87434BBA1CE7,0.05664974812048311
CC_87450EA8CD55,0.6716950693051779
CC_87480F785786,0.06961822344456785
CC_8777EA6EBFD4,0.053195951604405683
CC_877A35E76904,0.0888576163730862
CC_877B37D01563,0.13147888290422
CC_879759A5EFB8,0.36388542732214385
CC_8798AF2651BC,0.116240879925659
CC_879989FB3B92,0.562375527727887
CC_87A3BECEE5A4,0.12375520350024838
CC_87B7CDF4BDDE,0.045467943249669886
CC_87C13E620006,0.2334836338604875
CC_87E3AFB080F8,0.1103776223504002
CC_880044F77ACC,0.11346041601620499
CC_8809BCAC74A9,0.041758912995635056
CC_880E0019DB5D,0.037239734043219855
CC_880F027D886E,0.1141732594227783
CC_8812BC579F7D,0.08716553736720109
CC_88225FE57D82,0.22900636880882302
CC_88315318E9DA,0.35022839888454604
CC_883864E584A8,0.06795178623256849
CC_88469BAD58C4,0.05905411577298963
CC_8854EE679596,0.0768118527919425
CC_886273CC4072,0.07282519614070047
CC_8866B6D4524F,0.3054108509832487
CC_88A943606806,0.28904708687080033
CC_88E916A3F984,0.8381505368959802
CC_88FDC55C31A4,0.11225829686790469
CC_890D5EE59076,0.04393405719913305
CC_890F721517F2,0.09640768032534083
CC_89129D16418A,0.36888762312557577
CC_8917F02F9326,0.1411001377609501
CC_8920B6584A43,0.07843419994977159
CC_8929DF270419,0.7067188000456395
CC_892B119F0E5C,0.13431318786143923
CC_89302456B9D5,0.630884923735801
CC_893FAA6D1F04,0.7301183774123507
CC_895AF697BFBB,0.270954686358869
CC_8961FF892F79,0.036078805784106
CC_897674493060,0.0946721974289511
CC_898AFCD28B03,0.1282138434621026
CC_898CC919D10F,0.1804026762528235
CC_89A711195EEB,0.12133232718185308
CC_89B4DF07DF12,0.09041358893860327
CC_89B941079E10,0.09697055631743778
CC_89B97E9FF67A,0.1079005402604504
CC_89C5162E8055,0.17884065426199136
CC_89CA0F1E2DBF,0.2507570533961769
CC_89DEE29A78AA,0.11153585442845941
CC_89E089707730,0.1416348097858968
CC_89F0B865A6D4,0.12529625827175886
CC_8A04C5D4D02D,0.06655894283264102
CC_8A081AA1FB92,0.33974339033428613
CC_8A0C640E7A89,0.5393534854626646
CC_8A12B68246A6,0.05045365835718073
CC_8A14A46B280C,0.1473904292829678
CC_8A165A18560F,0.2908198545534922
CC_8A19196788FA,0.07696503914634033
CC_8A25FA445037,0.09918980674451879
CC_8A29EA87B295,0.13587024298749262
CC_8A2AC87CB22A,0.0651486407571989
CC_8A34634E7423,0.601674095703412
CC_8A38BC1AFE57,0.07653640424191015
CC_8A4CAF0CD0F3,0.09669628939204852
CC_8A5A0429CAB0,0.1393501489185077
CC_8A6E60FAE870,0.0899679532069332
CC_8A7DA054E397,0.7348592882211834
CC_8A7F5FF4B421,0.23897971401347198
CC_8A8249A44847,0.14394488846456543
CC_8A8BCE16DF45,0.09199959467720807
CC_8A8EC764734B,0.07541405151420484
CC_8AB553BFA00A,0.1108471504665529
CC_8AB57DC077EE,0.6242963646253745
CC_8ABA5808D313,0.06936329231323977
CC_8ABDD9A05C87,0.4099966374381863
CC_8AC7520DBCCF,0.1570385967420775
CC_8AC7F8BABF28,0.07480993814592388
CC_8AD67FB3A5CC,0.7454936938812375
CC_8ADDCF5EDCC1,0.09737376859784623
CC_8AF1C3A0799E,0.7755499582284776
CC_8B388FAED0B6,0.12301866496660999
CC_8B46CA903D09,0.037660525133321875
CC_8B5819403FC8,0.7087683001370259
CC_8B581B8207A9,0.13724261704201088
CC_8B6DBEF19F46,0.14423200465428188
CC_8B8326C4C229,0.10371623470269695
CC_8B850FDCFC83,0.0763254430995919
CC_8B8F41F19B72,0.07477227167689487
CC_8BAF98C60957,0.12070254335201432
CC_8BB0824B181E,0.06389827190285345
CC_8BB963DAD9E2,0.200547534271285
CC_8BBF5F939D7C,0.12983301697147945
CC_8BCBDCF4DFF1,0.12765814754159746
CC_8BCE343561CB,0.7429346141840213
CC_8BDA87361657,0.0762142668285011
CC_8BE68A4DB87C,0.06071576378417651
CC_8BE9BBD879A5,0.047297958897981086
CC_8BED85B91011,0.41043194439864883
CC_8BF68E552DA2,0.19721136759778507
CC_8BF832E6464E,0.8046846027140988
CC_8C1561920E84,0.22628180221666055
CC_8C2A7D9A667A,0.17996560588689567
CC_8C3A5DFE70B9,0.15789062843585955
CC_8C534CCBDA4C,0.20515760641126032
CC_8C6472A3EEAB,0.07367397722608025
CC_8C6B4854D16C,0.22513919982147385
CC_8C76DE4F58D4,0.05901414945960564
CC_8C7DA3F4F88F,0.07789474380148718
CC_8C8527DE7DD7,0.09025805218034375
CC_8C9416612FDE,0.41883238797985045
CC_8C9973F02AD6,0.3995247906855434
CC_8CA1DB61A2AC,0.0713464508616919
CC_8CA59CAE22F6,0.18142129191975465
CC_8CAFD04A6EDD,0.10299175816898645
CC_8CCCC389913B,0.6610594739890892
CC_8CCEF12DC7B9,0.18424986070860128
CC_8CDCD714BD1F,0.7774721919945798
CC_8CEC7987D1B1,0.08761219468103434
CC_8CF621ADAC0A,0.1950166641030177
CC_8CF8FE2A4B82,0.39933960144294167
CC_8D048396D9D5,0.10070890846679648
CC_8D1089C58563,0.5064806394514423
CC_8D35A37FC4B1,0.12693295352260606
CC_8D41E12FE5B6,0.1653716164470242
CC_8D4A859839EF,0.14033786612734947
CC_8D4AD431C55F,0.09390951882423265
CC_8D4D882CA579,0.1243465656163304
CC_8D6151025078,0.12064028306243495
CC_8D637233FE54,0.12285827896978598
CC_8D6AEBA2D7EC,0.07844955703896142
CC_8D6E16DED971,0.1920204145422209
CC_8D7329F79BBD,0.5523815847298623
CC_8D7B7307C43F,0.10340084130761742
CC_8D7B9D4936EC,0.7454064215878135
CC_8D80B1B44AE1,0.5248782842284188
CC_8D9516D61143,0.48289895007858635
CC_8DBB8445786A,0.09513195701217471
CC_8DC5B86D9DCC,0.7405528758145914
CC_8DC6465998DD,0.19240938076983105
CC_8DDD0EDA9CB2,0.1548542154031779
CC_8DDEF0265CB4,0.06731041701870412
CC_8DE06BEB95A1,0.08043579286563438
CC_8DEBB5B14A14,0.14993021657139846
CC_8DF5BE7F759C,0.08168657911445884
CC_8E0ADCC71F85,0.04991208718176701
CC_8E0BD86F6F0E,0.10508252921080388
CC_8E143BFCF3E5,0.12254100899796706
CC_8E170A60D71C,0.35465163340632144
CC_8E1C3A21FAEE,0.1035814191125693
CC_8E408E18F060,0.11830402938818427
CC_8E42FB163DA5,0.8001763249403303
CC_8E47536D29BE,0.25845282039487855
CC_8E50AFFC5BBD,0.0592134791887022
CC_8E5FB1035354,0.16117667130248303
CC_8E7B9B8DD1A3,0.10687609432675678
CC_8E85B08196AF,0.04623622116636504
CC_8E96FC75AE5A,0.07721120124648989
CC_8ECAB5A6C7B9,0.06383572296542116
CC_8ECC4C7A6638,0.5442451281334525
CC_8ED6F13C35F5,0.15916313935141724
CC_8EE5E9467038,0.1463880918097211
CC_8F037E5AE692,0.0572933187352505
CC_8F1A418D96B3,0.2606726426069978
CC_8F1C4014F91A,0.11938916390671797
CC_8F30A5FC9D49,0.11176236010172383
CC_8F3456F298F7,0.22493869296450011
CC_8F393D485C29,0.11884591736034188
CC_8F4A41130110,0.057628348714912306
CC_8F7AA6E4D486,0.129676353918748
CC_8F887BE25314,0.14388158151388553
CC_8F90CD1A5E00,0.16610049041558816
CC_8F9B26042C4A,0.11994527148948549
CC_8FA9423E65C6,0.08705632815041836
CC_8FBA6C32E0A5,0.3167046522652189
CC_8FC1C50C41E7,0.09022131441226623
CC_8FD005425792,0.07758788884770093
CC_8FD6A223135B,0.15105111358586473
CC_9002450E1B5A,0.06770051693044608
CC_901CE62199C7,0.3763897806903711
CC_901D2136E1F9,0.13612200920006987
CC_902648F62345,0.15978845287862392
CC_902BF0612E70,0.1265353952995712
CC_9036F7423277,0.1810341637495069
CC_903AD2767BAE,0.7154959172225406
CC_903E4BA690FA,0.25545039747011583
CC_904386E31210,0.06577416851219356
CC_904EA6C846F8,0.4445699676526039
CC_90549DD3CC39,0.1313378453872598
CC_905739E5494F,0.09338848623386958
CC_906F852C69D6,0.6320792061618353
CC_907911F4930A,0.2885491766926246
CC_90798A7273BD,0.15326970920657926
CC_907F3A8AFCFB,0.08626025496469376
CC_907FA7722881,0.10923307334362352
CC_90812D9F30FE,0.1050511583702051
CC_90870A89F310,0.05227476503591259
CC_90894CA021C3,0.6906618603135005
CC_9092C5EBF5F6,0.05320501892787371
CC_90A10D649D9C,0.6101790500443933
CC_90BF8E127519,0.5764278085064656
CC_90DBB385A7F3,0.7210755133385435
CC_90EAD308012B,0.3329696666551873
CC_90F4BF0B868D,0.10794069264863826
CC_90FA39516EAF,0.08811554102666784
CC_9117894F31C2,0.19515850905407237
CC_911ED63BB556,0.30234722932728336
CC_912730AE6E8F,0.2705839560185112
CC_912CA7EE4C26,0.11483256659045339
CC_912DA46AAED2,0.1142894808405055
CC_9132E67EA479,0.14378590599838018
CC_913D95FB31E0,0.18360248433902812
CC_91529F20D461,0.7954733445716713
CC_91586318C780,0.04111850751591624
CC_915F2708219D,0.18875108334057608
CC_916CCF9CBC08,0.035901000633269585
CC_916CF77A29CC,0.09090562940367156
CC_9189E4FF82C5,0.1379403250366673
CC_91A27CB6139A,0.16393722486923187
CC_91B7A4A15A37,0.6196304667911938
CC_91C2077BA6D7,0.0733359353754301
CC_91C4CC43EEE5,0.16681077638574868
CC_91C55BE33AC7,0.07171440673672268
CC_91C81BC58B49,0.07019310882808882
CC_91DE12EE18A7,0.3660214196746723
CC_91DED13CDCD9,0.1257084792630409
CC_91EF639761F8,0.13250824260515937
CC_91F23A7E743A,0.3883526069549563
CC_91F4C5E889C7,0.7330084074727793
CC_920E91EB28A7,0.17406690238581388
CC_921481F5F77E,0.10344106833335065
CC_92221DB27176,0.17901258280150417
CC_9224D5677C66,0.11525732916124015
CC_9230B9656F93,0.159888032442888
CC_9231D0F8A993,0.7215269079715473
CC_923727159A8F,0.06321264236805553
CC_9248706729D9,0.052162669205742335
CC_924AEB5DD991,0.16380763173908924
CC_9250BA851692,0.32191534289067697
CC_925BACE3417D,0.1217687807788801
CC_9260CD0D7C0A,0.11037478990374035
CC_9285EB21B38A,0.11582693568506222
CC_92A09F03DAB5,0.7967416090959791
CC_92BC35D7F9CD,0.11405066817637446
CC_92C5FE9E5B12,0.6848303083535188
CC_92DC8CF8C902,0.1188136869437085
CC_92E006664648,0.20135659807125522
CC_92E4EFB9F0DD,0.11979790942968441
CC_92E621E0298E,0.18709169997397726
CC_92F412AC7D22,0.0853974822695188
CC_92F42886B7E4,0.16930309081617612
CC_9301E23D376D,0.6500250273684103
CC_931133320380,0.2305089517845699
CC_9314B6D8B7F2,0.07233387453364912
CC_9337E3B43211,0.1826895245154175
CC_933E044F26DB,0.07577946209782373
CC_934BB89938A3,0.10528570094065434
CC_935296A995DA,0.13269235637096113
CC_935326AF26E2,0.1948328631068142
CC_935B72B8E7F0,0.05793777567017804
CC_936FF3C9BE68,0.046508167477335424
CC_937FFE1718BC,0.03964511281258472
CC_939F92AEE460,0.7961331053944015
CC_93A4365B25CF,0.802870599973366
CC_93AB9D6A7EFA,0.07500008551002173
CC_93C719738590,0.8225350745848848
CC_93CB48930B37,0.13396818190066612
CC_93D24FAFD21D,0.09561305680618756
CC_93DB5F477493,0.0895359155570597
CC_93E1CAFAD44D,0.08642817276845119
CC_93EC9F853123,0.20247577294253447
CC_93FEAF515A8E,0.06016336733082212
CC_94063A67F136,0.32958547897781015
CC_9406E32819F5,0.06464971355978812
CC_940971CBC1A4,0.11642036055543047
CC_940ADC8DEA3F,0.1433505859052399
CC_940C7E8E0C52,0.22530068423655183
CC_941DD2E1DE56,0.15161460303881055
CC_941FC1FD0D55,0.18718906405142932
CC_943B720DB5BB,0.11436022818100808
CC_9440309323A0,0.07652560726945193
CC_944B461BC558,0.08717996846350866
CC_9453654BACE9,0.16181233663491879
CC_945888CEAF10,0.3129542441059602
CC_9458D4A483A8,0.11541063583773513
CC_9464BA7E98B9,0.09244707634006422
CC_94794B478A5C,0.3546013435817343
CC_947E58EFF90A,0.08619586612330378
CC_948537FC17AA,0.6969033968179046
CC_949576D25153,0.07490038453714135
CC_949B8CEAD619,0.07876861512262252
CC_94B4E05906A9,0.12891937542967005
CC_94C3B6F3B0CC,0.1625033209396644
CC_94C3D9D8FBF3,0.644558168371561
CC_94CD530B2099,0.0713771522850694
CC_94E9D1E527E6,0.05661866053411623
CC_950450C0845E,0.35109193169096514
CC_95169A4360C6,0.0491091435096626
CC_951A69571676,0.05068933544659148
CC_95232636844F,0.17178034938392447
CC_953A5913EDD3,0.14203036096456492
CC_953B678083F9,0.07939303113839984
CC_9541BD0604B6,0.1400985294013383
CC_954404C1BEE6,0.3841929868121423
CC_95444ED71872,0.08665122678574194
CC_9544B86C78A6,0.7446949584024771
CC_954AD7E7C8F1,0.14738480800366946
CC_95525CC6C854,0.1490316377330203
CC_95573B318A91,0.04141551178344435
CC_9569309DC18E,0.08672407930725087
CC_956A2DF28600,0.22016485492019544
CC_957C7A0D7B72,0.28776279075952677
CC_958BECCA0BAB,0.4458236769909247
CC_95A6C4DA2F12,0.5794879298295907
CC_95AB75B5BBBB,0.11742489665114293
CC_95C1274DD7DF,0.03840427798031732
CC_95CD8F6A8CBA,0.04080401305786219
CC_95DD4DC604BD,0.21671333327425935
CC_95E1AC08266F,0.11972435631743114
CC_95E3DDCB74EF,0.061166323677676056
CC_9601384AC971,0.4456683062709332
CC_9608A73A8025,0.1506229387881003
CC_961F3BFBDDAC,0.8552892494847131
CC_96206C1277EB,0.2649007122944057
CC_96396AE6347C,0.16311261782615707
CC_96416D2A937F,0.21024194195241402
CC_964C2E0B00C1,0.20918586828108088
CC_9657A2A04BAF,0.2097826256926872
CC_9662D713B7BB,0.19358181609574915
CC_9664F83B7F1D,0.2006467469028838
CC_968AF836D0C4,0.06530527565091948
CC_96A6735A4317,0.06909197177550491
CC_96BC62A4A0AD,0.2005079130236188
CC_96CD75668A6C,0.07580856391686831
CC_96D928252719,0.3900134634520918
CC_96E40BDE9A6C,0.10975267029631197
CC_970116768415,0.22369218525330317
CC_970E94875C2B,0.7479079293826403
CC_9721C8A61D80,0.07566419195711056
CC_972313B0F814,0.15896259700481388
CC_972FD8FFFF63,0.6009784240581459
CC_97478A77EC17,0.19519958447147018
CC_974D14774BD8,0.07693616331402695
CC_974D86BD39FD,0.060896501630392785
CC_97508465AB76,0.11524766802032031
CC_975689C0CD6E,0.06883314307730025
CC_975967702106,0.04337188610719161
CC_975F3F07ED23,0.06444738997076939
CC_976E0D9A64ED,0.39044888618433166
CC_977145B2B363,0.41395320037063016
CC_9772CABFE1D2,0.7853134887621562
CC_9773C1E6AC8B,0.6520002178813011
CC_97832657396B,0.4658071887939895
CC_97963C337FD3,0.5275401990896608
CC_97978B581F20,0.20327584770923618
CC_97A9ECF23955,0.18844105788366258
CC_97ACD6D965F3,0.10054919045437612
CC_97C69AF6E34B,0.7392418849936921
CC_97D0E7256861,0.6318434700849984
CC_97DEBFBE2BDE,0.3581579853859973
CC_97ED469F2950,0.1261108763287982
CC_97EE84ABA6BF,0.2337811043961775
CC_9801B22BF375,0.13608274125949862
CC_9803B6D4D780,0.264030146146221
CC_980E90C8A301,0.10104607648977704
CC_9814B3D08A69,0.070139004312812
CC_9821BD45BB0D,0.14068491139669598
CC_9829FA0350F7,0.03567219415415796
CC_982CAA309A38,0.17193316727490043
CC_98346EBF382E,0.21042010091831426
CC_986698CCC6AA,0.11152857752099453
CC_988FC580CD50,0.12285717652086453
CC_989795BA3DD2,0.08130543345492527
CC_9897A1DFE807,0.08461659645829626
CC_98A2C8F4E956,0.07609010169166155
CC_98A3E6CDC707,0.14537726238476925
CC_98CE15EE1565,0.0844760685757676
CC_98D036D16215,0.06954349465850562
CC_98D09B14EE3D,0.46897504714398347
CC_98DB782DF852,0.06609890361463537
CC_98E2EA67BC97,0.069254334915368
CC_98E6E7CF74AF,0.08397271423261202
CC_98EEEB2A83DF,0.6447974911551803
CC_98F3D3194788,0.10709992572730938
CC_98F8A8CF4F9C,0.3311426046680884
CC_98F91BAB57EE,0.1510977111218537
CC_98FA377070FB,0.14750409046090276
CC_9900D0479959,0.2848827958428181
CC_99061A735C6D,0.210351772855419
CC_99093EC1A2C2,0.10827636876573822
CC_99376CA4DC26,0.04132637113065509
CC_993A588895DA,0.136938874953467
CC_993EE6417CED,0.08851342322513625
CC_99559319913F,0.04968892827790915
CC_9970123DCC41,0.3707139362646341
CC_998BB6848FDE,0.10828400471830468
CC_99958287B2A9,0.49208936364140443
CC_999BAB2D16FA,0.38196258815024614
CC_999C7029261D,0.6835174289773375
CC_99AA61D1896E,0.07868926226639024
CC_99C03E7D99CE,0.04921685085944621
CC_99C62022794F,0.0909987725457216
CC_99D46BE6593A,0.15270604817114083
CC_99D5A5371B39,0.14817644493944004
CC_99D79709AD9F,0.767277738535433
CC_99D7DDAA460A,0.10597443142714474
CC_99FC44B3C58A,0.11585558542904593
CC_9A02B2A17C07,0.09683371818371111
CC_9A05DE55D408,0.14790123958859422
CC_9A0C42AA09BD,0.4068055337228909
CC_9A2B390551F6,0.05173567214539776
CC_9A2D66206BD1,0.5320509052809302
CC_9A366E181FA0,0.13965654613057968
CC_9A39365FA850,0.6160744106460786
CC_9A42833BA860,0.055937859646626245
CC_9A4911A0140F,0.0874144003458573
CC_9A4FE1E8E0C5,0.40729441826544643
CC_9A51017C734F,0.35496949770152264
CC_9A5DCCD62D0A,0.286120385821955
CC_9A602F492510,0.1508397483407858
CC_9A66BDD34B89,0.05451649575078595
CC_9A6AB0AB1E67,0.06556006589941578
CC_9A7049ED5656,0.5746450661826097
CC_9A7AF31828E5,0.08129482866430104
CC_9AA750377C6F,0.09283762582274689
CC_9AB359C82202,0.05587215292564798
CC_9AB7BF77EE83,0.7427450261388019
CC_9ACAC8474B9F,0.0341621802049411
CC_9ACCA4FB9101,0.06143432712472271
CC_9AE1529AF9E0,0.14503935134507767
CC_9AEE181F1156,0.24884138532802494
CC_9AFD130D3725,0.08711331127030347
CC_9B09C3353732,0.08729536756711091
CC_9B0D37817EBB,0.11660369414704365
CC_9B290B59155F,0.3566204096185933
CC_9B2D487C64B0,0.11657788863097299
CC_9B3DEC76ABF7,0.05497686271080207
CC_9B4F778D0A6E,0.1602817230783228
CC_9B581A92C2A3,0.4012315953002955
CC_9B5CA8C38414,0.18679247352186146
CC_9B6E82167593,0.18211222781427383
CC_9B6F6B2BCC05,0.32130812543584564
CC_9B7FC3DA1594,0.37933243181619214
CC_9B957DC280F6,0.1759750393886131
CC_9B997DF20042,0.35170498904375314
CC_9B9BC4B83736,0.08757580776483835
CC_9BBE1A16C04A,0.14013888806201952
CC_9BC63F1A568C,0.29495685918615555
CC_9BCB0166227D,0.21999317955507788
CC_9BD3DC96ACC5,0.1341461562810461
CC_9BDC5A0E43C7,0.4150394532376951
CC_9BF9485A3F9D,0.24881395892348487
CC_9BFE93FF2145,0.24910221040889244
CC_9C0470A0536E,0.18945123258002514
CC_9C205AF09E47,0.508169194933338
CC_9C30DC5C1E46,0.07091281636492862
CC_9C325B6CAD11,0.05515337055703343
CC_9C4A200D0BFB,0.49720014919396605
CC_9C5EAF238007,0.24472062934934005
CC_9C601C6BBD37,0.07098216949049176
CC_9C606C2C92CC,0.07653966336061765
CC_9C6192D3A16B,0.07620276702355827
CC_9C84FB9B1469,0.07765371577975744
CC_9C989433D637,0.23207562874723267
CC_9C9B2FEB4937,0.1762676644997312
CC_9CA7FBE1DD54,0.13452917265062364
CC_9CACA50F80F2,0.16123478351251722
CC_9CB40D552388,0.07117161578006322
CC_9CB8127D17F0,0.03968947884043102
CC_9CB9CE2989CF,0.6663904105131789
CC_9CCE51CD83ED,0.858618120776161
CC_9CDD2F3D0BE7,0.049773814911959806
CC_9CDEC693AA99,0.3943936948843845
CC_9CE9091AA9A9,0.22857058831431315
CC_9D007C60D29F,0.08235647308698314
CC_9D017774D4FC,0.5963132720847991
CC_9D095EC1F232,0.26456035136843326
CC_9D1A1281C8FB,0.28510852926274205
CC_9D23F42B7996,0.4412317557980747
CC_9D2FBC479646,0.6527166112883144
CC_9D363365CAFD,0.0853109053046667
CC_9D44E4543573,0.16023099286028866
CC_9D45F67E3B01,0.06787856412433467
CC_9D535DD207D2,0.08233195917496931
CC_9D53ED53A15A,0.5757325709630687
CC_9D5D97AEE98B,0.5598721953804369
CC_9D5F2A5B6913,0.06697500402362956
CC_9D6BC1C470B0,0.5119046276319956
CC_9D71FBDE765A,0.04861956504379318
CC_9D73939E357F,0.16825908607509654
CC_9D82F401BD88,0.6291394278583454
CC_9D8B4454BE84,0.290061477599918
CC_9D92537645DB,0.0807478399347402
CC_9D95ADE03ED1,0.19411098956630082
CC_9D98FE7A1809,0.055731169695125315
CC_9D9D59757786,0.060967503685345203
CC_9DAEB38616AC,0.13674371308572814
CC_9DD55CC0E928,0.03145707463517748
CC_9DD6B460CDFB,0.2926739976801926
CC_9DD80B5E3729,0.09198772277618056
CC_9DD82B4310AC,0.3711954835634541
CC_9DD9389E8AE0,0.07839026359229596
CC_9DDA8ACEB3D8,0.09938404497231595
CC_9DDCD898D01D,0.12326071251006766
CC_9DDD90B42A27,0.8277748216668732
CC_9DF1807A4316,0.05827623966867775
CC_9DF786FD2620,0.4769002325677408
CC_9DF7B9B3C8F8,0.09011286239941071
CC_9DFF6E2AC586,0.14418019023709525
CC_9E0546BD7BD6,0.12307505464675689
CC_9E0BE8227931,0.10976622598348247
CC_9E1A205BA261,0.4323648428299781
CC_9E2967559B00,0.06253452365590323
CC_9E323A031449,0.7186285327182274
CC_9E377CC03D51,0.060759813148956204
CC_9E3B83584C12,0.1310409590402184
CC_9E3D46FF5709,0.5913563643167311
CC_9E4FA91B86A9,0.06936064231869701
CC_9E53534DCD6B,0.15906395979841093
CC_9E73656FC8C0,0.7034850484648905
CC_9E7430675033,0.21278519149832453
CC_9E84CACDD7B6,0.39817535874734944
CC_9E84E0E4C5BE,0.2797336141417573
CC_9E9C65275B4C,0.09403023032792839
CC_9E9CB6473D59,0.2093152069619758
CC_9EA4F11BE6C2,0.13289057428939696
CC_9EBE3F26F2FB,0.08090768589710601
CC_9EC23AB6C573,0.28878299846851424
CC_9EC34DDD0E53,0.06984192996283384
CC_9ED8EDFE8C55,0.09683882297291314
CC_9EF352F179D2,0.11932985223067148
CC_9EF505400F8B,0.6271748716507818
CC_9EF66D83B743,0.3233467148046408
CC_9F051572BFE4,0.255399619679805
CC_9F151A782BAC,0.2074554687052516
CC_9F1A5DF4619C,0.4776940662720563
CC_9F1BF78ECD7A,0.0887360765227214
CC_9F263092AD72,0.12399266492207356
CC_9F36EC36A9E6,0.09900149078180373
CC_9F3D52242888,0.14128968647334403
CC_9F41F312CDBB,0.31322194960489186
CC_9F425167F9ED,0.17368172874069981
CC_9F6981E0009A,0.31766907989346127
CC_9F706DFE0AE7,0.04166559603170094
CC_9F7B525DD52D,0.2992442284248829
CC_9F8D5A5A9DAC,0.1769585751998585
CC_9F8FAE57E6A8,0.10913759466585797
CC_9FD1AB8E65FE,0.05937853283812473
CC_9FD2689202D5,0.14173123921722586
CC_9FDBB5C2CD09,0.05663514607892346
CC_9FE52BD71CA2,0.09998146226056898
CC_9FE8E62EB24D,0.09298410948026503
CC_9FEA59AEA00C,0.2476062823021954
CC_9FEA77B36A29,0.3668678182366787
CC_9FEE9701D16D,0.24460646872976932
CC_9FF35BA60E6E,0.2690687253919777
CC_A0003F08B22E,0.1483229293897731
CC_A00AE2543224,0.05104298585385474
CC_A02A29DECDC6,0.09176648771105722
CC_A0336C21117C,0.6649429126765958
CC_A053B42BBE0B,0.0725715618979693
CC_A0591F16FA37,0.03456045735240139
CC_A05F962C80FF,0.1556656574203862
CC_A07B0549E53F,0.060913476005442044
CC_A09F230CCF5D,0.6676958596112552
CC_A0AED6346ECD,0.17503534338539264
CC_A0C4A796643F,0.12012486745733092
CC_A0D6DDFB430F,0.06948630538973
CC_A0DF672F9C4E,0.1168799229753866
CC_A0E8C7C5558A,0.27410533194067904
CC_A0E9269DF22C,0.4696599896573316
CC_A0F1DB5CB28C,0.10854673506494772
CC_A0F42B26F8F0,0.05164054881352009
CC_A0F8F80EDFB0,0.0752041806831831
CC_A10AD9550E4D,0.04020343804051345
CC_A10EB26E5EE1,0.16328515856834888
CC_A111B065F623,0.07706468642015356
CC_A113D95B4AB2,0.1395947763839268
CC_A1320C0F0129,0.758884349893501
CC_A1348D850EFD,0.7730544573257542
CC_A13D08B372E8,0.07017739341750942
CC_A143E64BD9D6,0.30422246963696076
CC_A14B0A24DC3C,0.11990680201337299
CC_A15137F25F7C,0.06822341161566578
CC_A152DBEC5BE7,0.06346431116541837
CC_A1591CFF6D81,0.04711646507920013
CC_A168CCB582C6,0.3397516036902891
CC_A17DC38133CE,0.7584967854401397
CC_A185D5EA3DE8,0.6301609414835975
CC_A19C842508E0,0.12507914673137957
CC_A1B648DA406D,0.036918948165792005
CC_A1BF7028CAA8,0.027682213058601256
CC_A1D035FA36E1,0.09772371440211575
CC_A1DD653D41A7,0.08735028933812147
CC_A1E3AD4B934C,0.28215470593546815
CC_A1E58421CE87,0.07395268277235395
CC_A219144EDEFE,0.07651918069142655
CC_A21FCEEBB3C3,0.47378065627715804
CC_A220E4278D79,0.06206394777090341
CC_A2231BDC961C,0.22471063489219675
CC_A234E219EFC7,0.3952285955425635
CC_A239B1BD81FF,0.07924259018210425
CC_A23D8CFFA31F,0.07478168571237508
CC_A23F463F4B4D,0.06150644111361019
CC_A23FFDC4A7A4,0.09879406570306686
CC_A2423E273F84,0.11557107586366912
CC_A2493E6036AD,0.291919813511002
CC_A25C54470CED,0.08936835083182593
CC_A25FA690BBBC,0.11300989178651866
CC_A2636CF7C075,0.10784308326628703
CC_A26C22870E3D,0.48467818893110304
CC_A26F6A272B3F,0.11410796746339888
CC_A27CDC9BCBAA,0.1561501955976393
CC_A27E5269DA60,0.15909925964745578
CC_A28D4A46B6FA,0.10586384477261811
CC_A28EB319030E,0.06333807928468731
CC_A294D3A59462,0.7649753878071454
CC_A29D8034C304,0.07195911293308158
CC_A2A109409963,0.07040712908406284
CC_A2A4FA5F9962,0.126854000302101
CC_A2A7E30C59D0,0.14131433375189792
CC_A2B5D2D4E269,0.5327450202545034
CC_A2BB24180208,0.2972352827923967
CC_A2CF1DFEFE46,0.4639257004322924
CC_A2D6090EA5B8,0.1203637311808954
CC_A300BC40BC9D,0.04906249613359396
CC_A3212501F639,0.20645997035137653
CC_A3278A566572,0.06484939550293253
CC_A327EBE4F783,0.18905359664378882
CC_A32FB6659B01,0.07394928244655198
CC_A33915EE72B6,0.13498826143145742
CC_A33D350BE79E,0.1696460123837845
CC_A3553B8AA8F6,0.09633990062191827
CC_A36EB077BF3C,0.03317604513688762
CC_A3753EB66DEC,0.09612051508724313
CC_A378342AC9BB,0.20153768923690915
CC_A379E9455C60,0.174968461579206
CC_A387ADBD7249,0.10620999953561885
CC_A39E961FC29F,0.17742271888070335
CC_A39FA1EF0B16,0.27883814501927634
CC_A3A4E39FB04D,0.15927903815620995
CC_A3A751BE68D2,0.05633052133215327
CC_A3ABB3C5E9D5,0.6389517533619625
CC_A3AF9C2C68F1,0.19362831460502533
CC_A3BEA14873AD,0.13535624134670346
CC_A3C2FEE13C37,0.1190554881537923
CC_A3D6435D5F17,0.13730054369235248
CC_A3E3E51AD0E7,0.0481240038207117
CC_A40566694D53,0.24732510618807446
CC_A410C0DC7125,0.049150484413425066
CC_A42168D2B94B,0.08363937215672067
CC_A43CED9AFEF5,0.4399228124348891
CC_A4475A788D13,0.1267257311190767
CC_A44D677C0C07,0.05315427534242209
CC_A44E2673E71E,0.06059214340937326
CC_A44E79A96425,0.30802972755995245
CC_A462CA147DB9,0.11878981954081043
CC_A4660E424386,0.21266514505414752
CC_A476C9F116F6,0.1589588023886915
CC_A47C83B6EE2B,0.12575959855732308
CC_A47F8594678C,0.24566355609290177
CC_A48A7592F96A,0.05686160331820806
CC_A49195E659EE,0.07292570840881374
CC_A498A936AD21,0.08326424415867448
CC_A4BE6692361C,0.6415055846310105
CC_A4BF2115580C,0.06168824064848574
CC_A4CACCD14A0E,0.12536821283760322
CC_A4CE57A1AB74,0.07962173833259016
CC_A4DE4F1B5F93,0.1468534521114519
CC_A4E300558DAB,0.05738808937812208
CC_A4E972915D89,0.7461133644500013
CC_A4EEA04CF3D0,0.1851524749880059
CC_A4F400E9A0ED,0.06985638857243513
CC_A4F550D7F95B,0.20049151648165925
CC_A4FB91B1BF31,0.18946636979202638
CC_A500C1ED0A33,0.21970695373192548
CC_A50471962A96,0.7045779758284643
CC_A5161D8AA57D,0.10366865623463024
CC_A519C84307D2,0.08639054497146961
CC_A5277A9BE02B,0.6673343424638313
CC_A53578FCEA71,0.1332099601039753
CC_A54EAD1CCE27,0.13617302506016438
CC_A5512DA239BF,0.15796912982932593
CC_A5545DF298BE,0.07467301214189312
CC_A556EEF3010C,0.42256791072829136
CC_A56756C65136,0.35987785390961957
CC_A5852E06D2D5,0.2652626650407282
CC_A5886994671C,0.17584634345057668
CC_A594D8B41A99,0.06974805560032453
CC_A59C6A6B71C3,0.06973176791071278
CC_A5A06987AF5C,0.181695871932283
CC_A5A1512FEEFD,0.17434639224203366
CC_A5ACE4284283,0.17691851761532895
CC_A5B10F07BCD5,0.08706804072173735
CC_A5BC9ACDB4CD,0.08430018736896311
CC_A5BF8B260922,0.4874486169048211
CC_A5C52379AE06,0.25013100702343294
CC_A5DD4441568D,0.03638046781285034
CC_A5FE3BE2949D,0.058857278020386414
CC_A60EF94F09C4,0.33708266161848394
CC_A628BE74CB45,0.1266851872035509
CC_A6292E9B43AD,0.0694075086286935
CC_A638610BF8F8,0.10561111481638837
CC_A63BBA86CE9A,0.28687740082487984
CC_A63BDDAC43CB,0.07836935173690292
CC_A6409E37A735,0.15857990047554965
CC_A655EC341406,0.10649826808719821
CC_A6562E47BFC7,0.18488430668464295
CC_A6563A22D668,0.6639828451439466
CC_A6601278C1BD,0.1075417094627894
CC_A683678AC9FC,0.3573790377732793
CC_A6864FE80A94,0.07711939646904668
CC_A69117CC3C24,0.12551782114635004
CC_A69928C7D217,0.16411926767583312
CC_A6A8BAF7124A,0.23552605401648521
CC_A6B7DFC69AAE,0.5676949489485261
CC_A6BB595B55AA,0.08456400610404893
CC_A6C5284C4586,0.08834703730328801
CC_A6CB0D0191D3,0.11618013043032865
CC_A6FA3FA9F0FB,0.1376967634154463
CC_A6FDADD23BD7,0.04486421377725798
CC_A6FE3938F001,0.1899077980140978
CC_A71DB65F0BBA,0.6525222220545961
CC_A730F4964FD4,0.12297090220418619
CC_A73C02C58DDA,0.09313748919758767
CC_A746BC2289C7,0.3578421526014203
CC_A766C3608214,0.09577805737666108
CC_A76F48111A8D,0.10458093990541796
CC_A77AEC8AD2D1,0.026187526763364243
CC_A781174166B3,0.17130522071698118
CC_A79024286DFF,0.06236547228887109
CC_A792720B875E,0.0814574088575088
CC_A7952C2BC5B6,0.06401619825716809
CC_A7954EE1A1C4,0.07030109709361083
CC_A7991E6B3CAD,0.21361005573377131
CC_A7B141DF4AAF,0.07287621328049439
CC_A7BE2CED0B93,0.0466610912857506
CC_A7CF446093DD,0.23549987528859012
CC_A7D1C6692090,0.09945939526514938
CC_A7D6CAB54328,0.43639038627763627
CC_A7D8D1DA4EA6,0.12968149761800707
CC_A8102BA6933F,0.06456405374199556
CC_A81C1EDC5FE0,0.08433120952596761
CC_A82C0FDDC303,0.23823520434993542
CC_A83F92C0CABC,0.12566553815157733
CC_A849B0F60EEC,0.07290577287515686
CC_A852AAB180D7,0.051184397135145596
CC_A8536626873D,0.1823680394990932
CC_A85F953FFD40,0.28523939458286823
CC_A865A3F1E28A,0.6737504264883956
CC_A867253FC73C,0.6568871953711685
CC_A877592FE1AF,0.05435263642728549
CC_A8AE26057851,0.1584080752648064
CC_A8D50530622B,0.1491344289208813
CC_A8D5C834B061,0.7547748746728803
CC_A8DF49EED27D,0.790540868864454
CC_A8FB53A944AA,0.07897159285378094
CC_A8FF19BCFB18,0.16168530799228767
CC_A9042AA97760,0.06150667053991043
CC_A917D68B7F33,0.0696261060608118
CC_A925B3023F01,0.13548959801374116
CC_A93A49678A0E,0.7167093431843686
CC_A944C14551E0,0.14638428630710454
CC_A949A4D6CFDF,0.030123982217366996
CC_A96085AAACBB,0.48181972240018184
CC_A968E7B519AC,0.5535639681084682
CC_A96F61DA3920,0.278150658680251
CC_A98AA461487F,0.0829457326423257
CC_A98DE37F48B1,0.032385277498358046
CC_A99526CAE7B8,0.10337658958896039
CC_A9997F50D935,0.1247892467230648
CC_A99C3B09B728,0.05035507958701596
CC_A9A0DADE60F5,0.2673714887710231
CC_A9E27E0F8BF7,0.11473621246788708
CC_AA06B8C44B08,0.5824464033586861
CC_AA078692F54D,0.06948714743203838
CC_AA3181148667,0.08799469568070102
CC_AA36C8AD0AD4,0.09286967279732053
CC_AA36F0397FF6,0.08299055918026474
CC_AA3A8989A632,0.6911790159371554
CC_AA4A1B7522D9,0.10308028533830747
CC_AA4AE0378324,0.1821987955583792
CC_AA5E4D5A692F,0.16026557698805527
CC_AA68EABEE4B1,0.08048551211493131
CC_AA6B5A7A5B67,0.0980659954122724
CC_AA6BD423C239,0.41834539015031796
CC_AA7074B42A4C,0.49965314911784814
CC_AA7A7F3159DC,0.10390075762479883
CC_AA7BDEB972E4,0.11965236814482579
CC_AA83426311A1,0.07719455516088235
CC_AA8F7D307212,0.13341090437522332
CC_AA994120654B,0.07973860471739061
CC_AA99CC1D0A77,0.10498352121502376
CC_AA9DF917E958,0.18126827765919132
CC_AA9FC6678135,0.337259999628255
CC_AAA47EC0D4CE,0.0787498116921609
CC_AAD9F600283C,0.13320084056956275
CC_AADF003A3927,0.07899340215486934
CC_AAECFE806C8D,0.15499950373481583
CC_AAF2022B9CD1,0.18651087262622842
CC_AAF445E4CCF4,0.07303241415663482
CC_AAFDCAA5CA06,0.5928394687229439
CC_AB0384E131D8,0.20419656747504863
CC_AB0A4F4A2968,0.18274611094257667
CC_AB108580856A,0.07808254391903804
CC_AB10FED15FC0,0.7964222108642367
CC_AB176233A184,0.0657464468808997
CC_AB250982887C,0.09684459105290497
CC_AB25C565EA6F,0.07403608682892686
CC_AB31BDAE74E0,0.16588359230412209
CC_AB38A76F5698,0.34126270939846604
CC_AB38F588BDD4,0.19120031083953415
CC_AB3DB55C9A2E,0.14795664389559812
CC_AB42A7DA8FAE,0.14602387339900055
CC_AB486E8855F7,0.10176789425775144
CC_AB4A79BF0F21,0.0421510547528731
CC_AB7472FE1C8B,0.06796948824327365
CC_AB78F64D1DA0,0.1538644771163113
CC_AB821E2FB031,0.061655014930075816
CC_AB873276D910,0.0565528750871319
CC_AB8CF3C05B61,0.11122399990026115
CC_AB8DD8448ABE,0.3488172000969198
CC_AB953366A38C,0.1018031949517419
CC_ABB193697B23,0.5526386212496114
CC_ABB3F0A040BD,0.12285237474508058
CC_ABB618AD3E52,0.24221904274590117
CC_ABC0DA7DAFA5,0.03769380087157472
CC_ABC49E43DF40,0.5747567113604649
CC_ABD89F61734F,0.1175692668425344
CC_ABE04CDC2866,0.5775971390977713
CC_ABE98746DB91,0.5180144153383105
CC_ABFDF22BBD97,0.0684081162193897
CC_AC0498A54CAD,0.18892367143983105
CC_AC1C23EA2767,0.356209313057615
CC_AC1E028B2A1A,0.09267000691135505
CC_AC255B902EEB,0.1508232096387665
CC_AC44A88F7869,0.08137981813570186
CC_AC51CBCACA63,0.1273615842749261
CC_AC723E5F5EFA,0.04691109526021619
CC_AC7994A5FDC4,0.12308868888634666
CC_AC7EFDBCF2E8,0.7072437473820937
CC_AC8A45716CD8,0.1477559566038413
CC_AC8FB78319A0,0.04010223361775451
CC_AC95C517E726,0.07800217255673274
CC_ACA4C6C9316D,0.04739584700322319
CC_ACAD97A186F4,0.07130394275272466
CC_ACC12168D6A9,0.15200892885487863
CC_ACC53294D3A0,0.09366468782622182
CC_ACC6A74A8BEC,0.08689432702014954
CC_ACD94D2B1200,0.05852368181074205
CC_ACD988315902,0.04573364289675471
CC_ACDA59536C9B,0.09854477484768981
CC_ACE5A4081F6E,0.1680974568242879
CC_ACF4F9A2CCFC,0.17079141847617285
CC_AD0D7D212968,0.33960211254397943
CC_AD131D09EB0F,0.13048020656109402
CC_AD13C87CF26E,0.20487955805696192
CC_AD2050A0C79D,0.16994346101460925
CC_AD276D71D3A7,0.32406637439315217
CC_AD2C54521FE4,0.19692172443711034
CC_AD2E59624FEC,0.3585117961676271
CC_AD3A36AF2840,0.25387247654246087
CC_AD3D286D0B68,0.19880651518143552
CC_AD46818E459F,0.6178806129618043
CC_AD4BB2E22EA9,0.21291989665638275
CC_AD4F7F88242F,0.3247092581381344
CC_AD58ADCD54CE,0.6719755497387914
CC_AD71619FA389,0.1053322205013874
CC_AD84592B950B,0.06795154749906487
CC_AD9898C0E8D2,0.15099965996326997
CC_ADC70A21D661,0.32399490533624775
CC_ADCF16189AF2,0.22196417818201597
CC_ADD894E6E4F4,0.2913138740715794
CC_ADE899835555,0.13298462129061556
CC_AE0D73A1EE19,0.3743176716475182
CC_AE0F08EA3935,0.22359414774940314
CC_AE23B59E6FC8,0.28663620500069303
CC_AE289E013D60,0.10618420973087003
CC_AE34D3F7F224,0.766102407080277
CC_AE4069D8B4F6,0.21657234221007562
CC_AE4896E2BE76,0.6606041429510873
CC_AE51DCFE0671,0.07196907839177122
CC_AE69FEA8DA68,0.17868087289702028
CC_AE7C129CC90F,0.13655862212899778
CC_AE7CD49F20AB,0.14423892753350032
CC_AE89526E0335,0.10869287165075554
CC_AE8D62CF30C0,0.10950651950122912
CC_AE8D9CE8D6FE,0.06056124428929254
CC_AEB019CB9065,0.16406030356060625
CC_AED1D50AF584,0.12100545322403418
CC_AEE546316FB0,0.22762678335514855
CC_AEE5FA00FA6C,0.39039617656310693
CC_AEEC765D157B,0.04774938600845448
CC_AEEE44D6C8A4,0.03080357677977932
CC_AF14FF3EF570,0.36289245658127167
CC_AF1C3ACBA6B2,0.10660413819957379
CC_AF1E911C98B6,0.32521577138113056
CC_AF337F410520,0.11127888454492975
CC_AF3C7BC3BA40,0.1043409496925942
CC_AF41E4075C87,0.15561204421127098
CC_AF6B4405276D,0.7211802059648722
CC_AF78FE0BDBEE,0.0887878562305686
CC_AF8238D9082F,0.0788145709035314
CC_AF8CA6EE53C3,0.06653774382213226
CC_AF9AFA7C49A8,0.09866038394533826
CC_AFA1E3D3C685,0.1657266962785734
CC_AFA680030CB4,0.6310891809578768
CC_AFB351270B8B,0.04231783344461367
CC_AFC405AE0029,0.06860931674522056
CC_AFF90422E4FC,0.34794129753504816
CC_AFFBE2744B87,0.7706814608102491
CC_B0043CA53FCE,0.09196533690602347
CC_B01B2BD4EFD7,0.23283762236492392
CC_B01E87EB9940,0.11863085916086101
CC_B0273E66E2A5,0.17275687997842504
CC_B03E98085A9F,0.08451165572833683
CC_B0420D8C42DC,0.45817526230519007
CC_B0497BEB9F6B,0.14087016251960355
CC_B04A5E60B69D,0.06555533411225978
CC_B04D5517A193,0.11336527658691564
CC_B05FF3A960A0,0.25414108491925363
CC_B06A532EC131,0.24160563810248445
CC_B06D33A6761F,0.11999517509401042
CC_B074D4472CE4,0.05143148117927643
CC_B07CE95BCD88,0.3165224000388576
CC_B07D79368225,0.09997084618958475
CC_B07DD1ABABCE,0.7399591611377019
CC_B086C2D77820,0.14728405051189186
CC_B088DE9C9E3B,0.2562301600328608
CC_B0CD7932067B,0.12476017627000846
CC_B0CF90073A5E,0.6130965141232484
CC_B0D397D86639,0.6493468965741153
CC_B0EF4FD19FEA,0.10392170271319628
CC_B0F2F9514AA3,0.08838487423120989
CC_B0F3B79F51C8,0.1674030021042676
CC_B0F4041B1C76,0.036916077556152976
CC_B10FE31C61D5,0.12383657483065279
CC_B114E8F19D65,0.16551938580181735
CC_B117F0E3CAAE,0.13455424447019984
CC_B11D58F331A9,0.04684005468546969
CC_B1262188BC41,0.09645530760074329
CC_B12FFB2FF21F,0.09607740388088623
CC_B13253F34A9F,0.04884944393089933
CC_B137E2BBB53B,0.09347961947232497
CC_B13FEA7CDB99,0.06939011669328914
CC_B1481ED21111,0.05263752388645392
CC_B15BE5C9976A,0.2488554784441724
CC_B15EB6933578,0.08212553569924329
CC_B163CCB3BE4D,0.11900438580582128
CC_B16DC354FD71,0.38262534984637253
CC_B1777349EB15,0.15931323549516974
CC_B17C6CE0231F,0.25277884234948583
CC_B17CA8C22E5C,0.10940697018472365
CC_B18F3C9C30E4,0.11892068141253549
CC_B19CD93DDC96,0.08551420158142148
CC_B1A647674B84,0.09557162289015385
CC_B1AEC2E5E33B,0.23277291070069947
CC_B1B5C81AC0A6,0.06407078715451768
CC_B1B932EFD646,0.14369438075470162
CC_B1C3C0B52B88,0.28355907424750215
CC_B1C7216344F3,0.09603850693072907
CC_B1C982DBBD12,0.3330144826250993
CC_B1D81F8197B3,0.3277566596303108
CC_B1DF1DCBDC7E,0.5655103424539292
CC_B1E2C36607CB,0.08164906474673828
CC_B21351C93D8C,0.16410819941284088
CC_B2174860AB11,0.751169357837321
CC_B235818E6A04,0.1995138891332463
CC_B23CDE30F00B,0.07932247924848479
CC_B23DE4971DF0,0.41586477995322496
CC_B23ECF574D8E,0.07829793029619528
CC_B24C41DDFBDA,0.19227029839308837
CC_B25EC73B9510,0.1500502939093794
CC_B25F69904D0F,0.0864546091877271
CC_B25FB6C11D05,0.6438658317834751
CC_B264F2B92259,0.5649301722427102
CC_B26B8FC23F1B,0.06171791774496372
CC_B272E29922B5,0.14732455611491513
CC_B27AA8E27BE7,0.12140543347794486
CC_B2A68FD3C236,0.08905277704558992
CC_B2AC50C00979,0.10398608449940172
CC_B2B16D7B821C,0.1630796781336583
CC_B2B32F1511E4,0.1365444034554986
CC_B2C241A93527,0.09168427559249934
CC_B2CB104FED6B,0.6142419300362779
CC_B2D352013F92,0.13345095698505557
CC_B2DF694BAB08,0.1150107333666979
CC_B2E993A9343F,0.17557108286619838
CC_B2EF61C93AB6,0.13882806777367274
CC_B2F94405EA89,0.11046337528070174
CC_B2FC07BF6251,0.060500325957740395
CC_B301A65B4164,0.11871246351052468
CC_B313E3A208A2,0.14056636064237005
CC_B318FF5D976D,0.12077115886014103
CC_B32AEF0A2299,0.07911387794547949
CC_B33BD3C618EA,0.09996509329593273
CC_B348627365A2,0.10390146059654694
CC_B35109450BDD,0.03665501741437677
CC_B3528B870544,0.108026325280309
CC_B3530E7CF8F5,0.12515626590158205
CC_B35C5B1DB9C1,0.07420281836669196
CC_B35FF59389D4,0.20691902614090102
CC_B3812C6700F2,0.6363009231914166
CC_B38280B483B8,0.11633311474028052
CC_B38B694A18EF,0.4796227059542772
CC_B392BDECD913,0.34169759564653973
CC_B398DF1ABAD4,0.034201111477468335
CC_B39E75E151A1,0.12921138568818524
CC_B39FD0E249E8,0.05236593691283735
CC_B3AA0891CA5E,0.37225327050179857
CC_B3B1C8EBE5C1,0.13622132134751908
CC_B3BBA28E2D39,0.41416309425528897
CC_B3C4DB0303A7,0.0825556311203969
CC_B3D32FE823B2,0.037890114021316486
CC_B3DA429C6C8F,0.08894626039678034
CC_B3DC5786AB0F,0.17696758555393632
CC_B3EA537531A3,0.14291589941124078
CC_B4096D3A38CE,0.043504819187217
CC_B41EADCCC95F,0.0709006195220152
CC_B421940B9A48,0.6632816655096991
CC_B42B3B83935C,0.8544283907272849
CC_B436B1CA6B2F,0.06663390388940897
CC_B439B06AF274,0.19826931322910452
CC_B4482E7879F4,0.06791987892327582
CC_B4660022C612,0.12065409545421556
CC_B46B899B4A63,0.10278117206665516
CC_B470280A580D,0.09820008322623566
CC_B471D3BF0C72,0.5141537820434674
CC_B4751DEE43CD,0.16869308139758676
CC_B482C254BAA5,0.05925840332400124
CC_B4889D036D3C,0.7463616011153101
CC_B4950F811C90,0.14977153779754557
CC_B49A6DE7A340,0.3250414756229742
CC_B49CD4C13DE8,0.35150376078770695
CC_B4A90370CA96,0.5148707775142227
CC_B4ADE6BC8A10,0.6722394804384144
CC_B4B6F805888C,0.04219251108309309
CC_B4B8F66BF4ED,0.6051390661652861
CC_B4C6F80DEE44,0.060356558153761654
CC_B4CCE78C09EE,0.14325131463121654
CC_B4D68D1C1C55,0.19984557298078032
CC_B4DAED63089A,0.1573722248661166
CC_B4DD9841E6FD,0.1913952033311153
CC_B4EF6743DDCF,0.08088837912080366
CC_B4F67F73D097,0.09557486826188075
CC_B50EB15EBA18,0.10149067406323582
CC_B51DCAAF4549,0.17358499376499956
CC_B51DFF8702D0,0.5302969980968534
CC_B520A001BF69,0.10068441997277429
CC_B529919BF24E,0.5743359230029871
CC_B542342650A1,0.07679236861454956
CC_B54A106E91E4,0.04958550901637564
CC_B54CFFC21F2B,0.12308866031135005
CC_B55C134C04A5,0.2132813298074234
CC_B55C2DBF6D3C,0.1944848227073259
CC_B569705352B4,0.10784596062238522
CC_B56E74A967C3,0.049469567924623904
CC_B57519F33EEF,0.045407041136660296
CC_B582E4405D85,0.08365706946927498
CC_B585A11F7BA7,0.15186036736528843
CC_B59726D36AEF,0.157138794224681
CC_B5995E4F1A21,0.12434854769085193
CC_B5AC2AAF871B,0.7685449365684639
CC_B5AD19125E1B,0.2094733583305886
CC_B5B1E42858AC,0.06438218675024637
CC_B5B7599E8BC6,0.07628699300980248
CC_B5CAE0595637,0.21924071498059966
CC_B5D49843A799,0.3491678642276066
CC_B5DDFC7AEE78,0.1228896359608344
CC_B5E29344F63C,0.20181687903779974
CC_B5EE5AE6378A,0.5224089767296228
CC_B5F2A93AD996,0.09448889762711683
CC_B5F611613A78,0.07725570545351008
CC_B6055039255A,0.7582468213635547
CC_B607B2B0AFB7,0.05275970812044613
CC_B60CFD0F39F9,0.09809437872205568
CC_B620087B1C52,0.3597419995732297
CC_B6203BBBD151,0.11250667946771266
CC_B622662E664A,0.16197128108406308
CC_B62C9A2BC846,0.1526863723218859
CC_B636210548E5,0.3010887773470438
CC_B642C6714501,0.06750939046866138
CC_B64F81B8A263,0.13700558255113246
CC_B65CA581B9BD,0.1442396495191682
CC_B65D1B9B6F67,0.12650088696230447
CC_B661A8FCA431,0.04718440268114118
CC_B66AC40957D6,0.12905279412679962
CC_B672B35D1162,0.7924262152438033
CC_B68379D197F6,0.08877265419463791
CC_B6923D10FDA2,0.14728896563556718
CC_B69CC776BBE6,0.21644811042692652
CC_B69E50D76B29,0.09269332099524008
CC_B69EAA8C296F,0.25502174140803247
CC_B69F7CB8CDA0,0.08750489789548578
CC_B6B4AD157354,0.16034880606600457
CC_B6BD764CB8B9,0.2080425519722217
CC_B6BEC3F4BE91,0.1298682283697812
CC_B6C13F4A610D,0.2999872971909136
CC_B6C1C3B5766B,0.1051837436305332
CC_B6C72241926C,0.13131492853333415
CC_B6CB40E245D7,0.6233304687164744
CC_B6EE58A108C5,0.05955427578630878
CC_B706F631F5BA,0.04314030529418443
CC_B71DC1206985,0.1345780034626151
CC_B72284CED807,0.19148026045498637
CC_B727865A5B5F,0.5414571118492044
CC_B72FD7EFA6BD,0.19090509569231265
CC_B7365B5A3392,0.7471198400388639
CC_B73820D308C9,0.12042990469773786
CC_B743560D847F,0.09021193528308406
CC_B76EF26F7C9A,0.30603054328948703
CC_B7764FC130E8,0.5145359619204382
CC_B77B73B95532,0.12961839641317724
CC_B77D6653C7D4,0.04800809125255956
CC_B77DA6B77DEB,0.26629089689066865
CC_B783AE19622D,0.19488972310089847
CC_B78761738CAF,0.02977673381700622
CC_B787BA135B5D,0.33782489361097123
CC_B78B4449EA19,0.11205996905718862
CC_B78B4B7F80B5,0.24064442571903913
CC_B78BEE888CA6,0.09466893673359268
CC_B791FEE1CF37,0.042282230677518115
CC_B79A58AA4441,0.10109960963396533
CC_B79BEC538198,0.13963026178036972
CC_B79DD53178D3,0.08254221904322923
CC_B7A7EFD85149,0.2103729182375311
CC_B7B5F2A15C41,0.11562736403478559
CC_B7BC46A7D4DF,0.08475365727489587
CC_B7CBC65D9AF9,0.5979371473936993
CC_B7D40C5C891F,0.07700436498950301
CC_B7D4337C4797,0.2709560270496897
CC_B7DA04826165,0.3024584977217879
CC_B7DC19DA1440,0.15654743005607516
CC_B829EC622F0D,0.5572434038986978
CC_B82B9C0C7B85,0.6561189195419076
CC_B82C55DEE5E6,0.26873006111405295
CC_B8475B977AD2,0.6710534498089132
CC_B84BD2F4EB01,0.24805470917722877
CC_B86DA7D69F20,0.061351306795093916
CC_B87989F406EB,0.18663730285716768
CC_B88B702183E7,0.04188262413039342
CC_B89B80945ADE,0.15695818361498665
CC_B8A3A44BFE8A,0.4111639220455068
CC_B8A7A6548AE6,0.186076084942079
CC_B8A8FB83065B,0.18580281019071868
CC_B8AAC20D626E,0.18641198225244063
CC_B8AC99873641,0.07347764367045996
CC_B8C9673B7834,0.09624737207987967
CC_B8D5FEB15CC8,0.07656481471626567
CC_B8DA64A33076,0.6133687598493228
CC_B8E912A01706,0.6352317887033286
CC_B90869280808,0.1414283446802763
CC_B908EC99951B,0.26754516205420237
CC_B90CBF2A6775,0.05834147761858342
CC_B91080C1ADA5,0.3762172025753556
CC_B918FB42AFD2,0.19321087048998106
CC_B92CA425080F,0.12371980711021653
CC_B937F632B71D,0.1562148140619759
CC_B94477C20476,0.33148850740205105
CC_B9483A5C922C,0.12302371101586466
CC_B954EC1C63B5,0.31173434366705094
CC_B95580F93537,0.05876849382092672
CC_B96086044329,0.08217313253825426
CC_B96EB0A91589,0.17194740485609747
CC_B98357C70A41,0.6281599948236537
CC_B9929A66C2FD,0.6573666231955022
CC_B9BB52E4C529,0.10693711097746723
CC_B9BD45744855,0.8052500036967436
CC_B9BFDE4662AE,0.09558474371482424
CC_B9CEAF324145,0.0399665328155691
CC_B9E89F42B509,0.19344751224431217
CC_B9E8A3887223,0.21286549479437858
CC_B9FC67268C45,0.1884987198962571
CC_B9FE9DFEB3DC,0.11297348555670811
CC_BA041E14DD98,0.07039191072193043
CC_BA0619F54427,0.09578954058410913
CC_BA15072C4EC2,0.15659149585985987
CC_BA183CDC5429,0.8622577583237441
CC_BA43646012D2,0.4500136604615592
CC_BA4F7E494E71,0.44646015553684615
CC_BA557F75E2DD,0.19928324347263385
CC_BA740903CBDF,0.14157718064160815
CC_BA77722A827A,0.5447214618438414
CC_BA78E47BB021,0.21934324012435713
CC_BA8C427054F4,0.03607646511703328
CC_BAA19F8D2563,0.09700315588701403
CC_BAA1BBFF8C6C,0.24852789492073682
CC_BABA44B5FB12,0.09678043406646547
CC_BAC25BCCEAD2,0.072759984787015
CC_BAC74D0014D3,0.5240211165269434
CC_BAD99E36CC71,0.24289143250690534
CC_BADE7EB1D16D,0.7754249048467784
CC_BAE7410803AC,0.12503967832284985
CC_BAEBBF8054FB,0.16269010176129708
CC_BB054686B6F2,0.05813500168102239
CC_BB05D9DF72BD,0.060933368877458295
CC_BB0D54068D07,0.8097539306815347
CC_BB15DE5E0DA0,0.7494906820597795
CC_BB1A57AA813F,0.1284273447075201
CC_BB1CABE261EB,0.14499758744342606
CC_BB2BC46FCF61,0.2509133353946574
CC_BB2E5437EE04,0.048411084339790675
CC_BB2EF1FF6131,0.07002301681544924
CC_BB2F56C6BF57,0.1097698495078384
CC_BB35CEC5314E,0.09739469002849703
CC_BB39E3597B61,0.0570338051642789
CC_BB3A9EECD51E,0.07805867589005182
CC_BB44CDEE5103,0.1909312536077067
CC_BB458116ABA4,0.3464039380360176
CC_BB5F6936F6FE,0.188316203324456
CC_BB666F8A551E,0.07325183842305928
CC_BB7355E735D2,0.10576181051313038
CC_BB8A2F186D6A,0.06344276178495828
CC_BB9FDED12C65,0.6823896961788183
CC_BBA8C316C8F8,0.08201022610342
CC_BBADC7DC73EA,0.20100697697992173
CC_BBAEA7980B09,0.43872870984124
CC_BBBA078A6429,0.7586734659852595
CC_BBBFC3EC2C72,0.33613930769910344
CC_BBD34B3225EE,0.042937018330589674
CC_BBE6C58C59A4,0.45109814420896377
CC_BBEBBE1E226D,0.10130770955254786
CC_BBED56D34D38,0.11735050404681055
CC_BC0244FBDAF6,0.17730554461178546
CC_BC099E880236,0.13223186731608144
CC_BC0F05C89E25,0.09423375039176052
CC_BC1BD06C1085,0.10565803125272981
CC_BC21E8824A34,0.47322052908277157
CC_BC23655B2BF4,0.06423222188238244
CC_BC24F9024F49,0.06991125703962356
CC_BC2A58939715,0.09023367207925338
CC_BC2B90F226E0,0.20028348036292543
CC_BC31382964E4,0.05457992871508882
CC_BC31DA3EAFFF,0.09592668570510314
CC_BC3A6CF6FD16,0.11819284790248634
CC_BC410BDD9ED8,0.2569676436325419
CC_BC458960887E,0.14409133026300372
CC_BC484C329704,0.1452421594292604
CC_BC4D6D6D4553,0.2947559411172251
CC_BC5A59D88AFC,0.10053800231257184
CC_BC736DA19A00,0.1932051510530083
CC_BC7B9D13978F,0.21173860813545917
CC_BC84BF34D69E,0.3302055596948593
CC_BC95D473C9CE,0.15006250284835598
CC_BC96FC9DCFE7,0.10158115867074971
CC_BCA0D6159C23,0.20578352582731563
CC_BCAE73132BA2,0.09138156629709625
CC_BCBBF055366F,0.05382674443543745
CC_BCC94F494979,0.09111522044203392
CC_BCF75F8B9A5D,0.10882423226638399
CC_BD10F4F15094,0.08964103353363193
CC_BD1A2052ACD5,0.8061893144800789
CC_BD217C39702F,0.31597454967356575
CC_BD2A9D4B9FAA,0.2052367906921051
CC_BD3EDD1630E8,0.06726565971542438
CC_BD4AAFE9EFEE,0.06990970739772107
CC_BD59D1252975,0.11307250891377847
CC_BD607BE97C17,0.09338306043304323
CC_BD889F165227,0.09910671031028014
CC_BD900B6BCF65,0.16601574802079988
CC_BD9967660461,0.45196551737995616
CC_BDABB99ADE2A,0.18049028691197955
CC_BDB07C66EDBD,0.4522460353934017
CC_BDB71DAAE50B,0.11756295698196013
CC_BDCB91FACECF,0.11959958724888614
CC_BDE1E398B4E4,0.06221419381290193
CC_BDE8D325637B,0.6925461365351012
CC_BDE9E7F390AE,0.10216600640719886
CC_BDECF392D7F9,0.14003088335879224
CC_BDF401C3BBCA,0.1257347271526685
CC_BDF53C42C5BC,0.24213583185895554
CC_BDFE5778530F,0.3387889684125923
CC_BE05EB5976EC,0.7719057212759496
CC_BE08A6D5E76D,0.05170500421075236
CC_BE146CE5BEE6,0.129596931565775
CC_BE24C1EE877A,0.10118092052955517
CC_BE27E98C4BED,0.07920657036935487
CC_BE32DACBF6C2,0.09861464683956528
CC_BE3F52F9C9EA,0.12759117495139224
CC_BE3FC1024389,0.15295974784947944
CC_BE4595898BF9,0.10810547119617352
CC_BE4F1F53F4B6,0.09426037889408818
CC_BE648663620C,0.19938970627372926
CC_BE6627F3B9EE,0.6362131059516793
CC_BE673F70B591,0.40491171656536873
CC_BE704640727F,0.040333920868854775
CC_BE7295B354DA,0.3836675262089704
CC_BE760A430ACD,0.1604220472442526
CC_BE8A340F3876,0.049465133963344114
CC_BE9CB8845101,0.2415383381257713
CC_BEA12286E57C,0.14321638307803108
CC_BEB24EB997CA,0.11703566524148808
CC_BEB80CCF2ED0,0.052470068091716185
CC_BEB86014B5BF,0.1725143386781015
CC_BEC035C8801A,0.11817125666883894
CC_BEE1B858F0C3,0.27499075715330995
CC_BEE664893442,0.14717652630579306
CC_BEE75A33F038,0.07651668431213221
CC_BEF22728402F,0.6129325380244497
CC_BEF8AB2DF19D,0.3254695378653335
CC_BF03683CC755,0.09563050201949788
CC_BF066CB8F7A0,0.15621124709921594
CC_BF154A9FEE8D,0.14411228617308777
CC_BF17E635C67F,0.09844653240666748
CC_BF196AFA6AE6,0.1429386070326053
CC_BF2012FCFE14,0.19750486402312198
CC_BF3733356D4B,0.4600721667896978
CC_BF376C8D14ED,0.487752371199726
CC_BF3BF8B9F646,0.09537255441971268
CC_BF588A5FF18D,0.6722105499655244
CC_BF7C643B8874,0.06389736482960423
CC_BF8919F14394,0.1577518293773069
CC_BF8B759EE1EF,0.07610223589144587
CC_BF971FA7A950,0.15822953589175076
CC_BFACE960372A,0.11277229804558278
CC_BFBF917EFEB7,0.6470877395536572
CC_BFCAE2959708,0.04389978978721556
CC_BFD80ECB739A,0.20916751003226158
CC_BFDEC7E68821,0.07353885539434209
CC_BFE3AD881F4C,0.046708496612522986
CC_BFE511C0F9F3,0.5637939143335855
CC_BFEE9CF8A6E9,0.08474000477558441
CC_BFF8E82FE4BE,0.12825165371113195
CC_BFF9E8C0FE28,0.6028166972891972
CC_BFFCB2882E26,0.04411034102238733
CC_BFFDCACC1E4F,0.1059053470915706
CC_C003A15648F3,0.09021511235934473
CC_C004160ABB18,0.15389580061301145
CC_C012746F45D6,0.1250292195618924
CC_C033B4EC89DA,0.13810577589644407
CC_C03578357D0D,0.4503326760168788
CC_C040C14F27A0,0.068154750966181
CC_C0474C48C443,0.15132669159653062
CC_C04A1EF46A13,0.23562009525531855
CC_C067DA2C5F99,0.41812022725827325
CC_C0731DB0CD7F,0.6161155507038166
CC_C07C70AA1AF0,0.1405239853885961
CC_C0877F4DBC62,0.10184471795163196
CC_C0896CE6B4E2,0.09710403727604992
CC_C089B0517E81,0.08526422331282113
CC_C08B9066A5BB,0.1651372817184938
CC_C08DFB22BC71,0.0918914617135891
CC_C0A2108BEC82,0.16838785378231416
CC_C0A6B0787F91,0.11827078699626462
CC_C0B29B279C90,0.11960500686402262
CC_C0B7151247C2,0.08943888249094212
CC_C0BEDCC974E6,0.11436368972317784
CC_C0C6F913C2CB,0.6805915815979817
CC_C0C7EAB055B1,0.22463658521134758
CC_C0CCCF588BEB,0.24025319768932643
CC_C0D65A1BC1DF,0.6648898368828549
CC_C0D6ADDF1E0F,0.07482322728307961
CC_C0E49708EB44,0.19322166020870227
CC_C0F32BA57D17,0.05214025233892773
CC_C1094828B26C,0.3282572845269271
CC_C124E4C094F3,0.25255763281798366
CC_C12ECF48FA03,0.15764549006227302
CC_C12F5F7E5C54,0.11994669416103217
CC_C131509731A1,0.19590690555374657
CC_C14173B64C58,0.19790804527609285
CC_C14A4D39F494,0.3887518429439676
CC_C14DC9106B7E,0.22316900590301425
CC_C1624A910E58,0.03811392627250854
CC_C1645FA6EE7C,0.09432057459770096
CC_C165A26E7C1D,0.7176697202189851
CC_C16824A69631,0.054596113750024496
CC_C177831DEDC2,0.08928190974815661
CC_C1815DD481ED,0.7637774635100244
CC_C18313F97FC1,0.2933129706914584
CC_C18A7BC23071,0.24516770129968318
CC_C1941883C762,0.12051292948986102
CC_C1A0989CDF23,0.0337105859659414
CC_C1A8C99D910A,0.10450599574710862
CC_C1B057BAE0BB,0.2773531808600415
CC_C1B5D9A95708,0.11323351434626008
CC_C1C28181E30E,0.1237610754399528
CC_C1E8CA45E983,0.11188048100483794
CC_C1F4DD05F5FB,0.25441553860511523
CC_C205BAC0D181,0.07054768885178332
CC_C208790016F7,0.082303471995064
CC_C219E603FD0B,0.08403115305505256
CC_C2323893E922,0.11752154003647274
CC_C236A614F73D,0.11327616343685253
CC_C241491551A8,0.1284252546256846
CC_C247E0377048,0.10987408507985073
CC_C24FBA584039,0.2289221050258488
CC_C25078D044CC,0.17790230244469804
CC_C255BE787955,0.20773045388252756
CC_C25ECB5C5FD8,0.07722429018490928
CC_C276E722FB1B,0.33114959969604996
CC_C279090E1F74,0.7724686509338545
CC_C279CA96D14A,0.12335638490181192
CC_C283330B9999,0.04665531855570649
CC_C289AF57EB24,0.26224069108266007
CC_C29558864857,0.14324642043856892
CC_C29846DE78AC,0.5949463548212017
CC_C2AEE09D92AD,0.10670077500463337
CC_C2BBFB603032,0.4018563355640026
CC_C2C2B2EEBA69,0.040663394520686805
CC_C2D1CBB42952,0.16466828218087196
CC_C2D4587A871F,0.722367685121423
CC_C2D583F20739,0.3464654157982925
CC_C2D9086A8C67,0.07946542230112731
CC_C2E8FA308586,0.16591643273064802
CC_C2EA104630E3,0.10847472234727162
CC_C30ED2C6265A,0.05245268634607389
CC_C31BA9FD4FFF,0.2733676645751669
CC_C31DC3117984,0.17045412068437876
CC_C33142B2E26E,0.37273739180231774
CC_C340668CE604,0.08183337820899957
CC_C36580241000,0.12900520228269916
CC_C3664AFC710F,0.15144892746088398
CC_C3676D2ADC91,0.1970909079659021
CC_C368AC6AE19C,0.046714542839711125
CC_C38B446B7432,0.2184280569631722
CC_C38BE6D69E61,0.05716270921851238
CC_C38FB634E7B9,0.07701059102657117
CC_C3913A125FC9,0.13533583894151552
CC_C392AC1AABDB,0.13103707348944318
CC_C3A37C3EDCC5,0.4105246678154777
CC_C3A42A96D260,0.22268830126727748
CC_C3CA355F78BC,0.12109707742021769
CC_C3CD972B25E9,0.15836693941812768
CC_C3CE9FCB05EA,0.057867246915524015
CC_C3DA12B31CD5,0.08428644215661733
CC_C3EF46D2CF29,0.18835778401128123
CC_C3F301EAE202,0.20848827467521028
CC_C404C200B723,0.0928337272254429
CC_C40BEE2EAD73,0.2581404389075461
CC_C40CA3E960D9,0.13692780865806525
CC_C40E0EEBA53A,0.1340396228218493
CC_C42183D7A586,0.10802100746028816
CC_C427199DAC5F,0.4537260707258421
CC_C445AEF194CA,0.08111891201808916
CC_C45051D20EC8,0.13225404690726042
CC_C47FCA703A69,0.2655881425479889
CC_C4965C6C6935,0.2653155698915892
CC_C498BD798847,0.05862536181788037
CC_C49A42D1C3CA,0.09473709092234486
CC_C4A2F5B06976,0.08530154192981634
CC_C4B632AEB96F,0.14880028252820518
CC_C4D194378554,0.035039558532026754
CC_C4D90E9CA5E9,0.12361014343800972
CC_C4D941D5A5F9,0.14096641576462154
CC_C4EB2486A9B1,0.2128414532563405
CC_C4EC2923D96F,0.3381739295294245
CC_C4EC9ACAE8C4,0.7608567734540007
CC_C4FB2ECB13DD,0.24059915943238613
CC_C50467EBCC58,0.09092512898922371
CC_C50C5E2A77CA,0.13973490425921808
CC_C50D7FAA75C1,0.055598567622606024
CC_C51FE3F4D2F3,0.16291555368075417
CC_C5234F4713B7,0.07512606498886394
CC_C55110310E14,0.10061231318185089
CC_C563D509181A,0.08525392768959172
CC_C5736F4887D6,0.739469264852393
CC_C57C4F09442B,0.10905973835786635
CC_C59D2CA55CAD,0.8116686755671956
CC_C5AD04ABF022,0.09374755477061106
CC_C5AF7BF4B951,0.04543648431805468
CC_C5C5FD9FCFE4,0.6574516719932133
CC_C5D9A89022EF,0.23012249330235213
CC_C5E1FA10BD6B,0.16510653324686805
CC_C6039EF0459B,0.1477873306813175
CC_C6133F44EB0E,0.09537827476896575
CC_C637C1142503,0.7671467978411655
CC_C65496C86EAE,0.16501449182607597
CC_C67C2B86A807,0.1389534597025203
CC_C690CF8AF3B4,0.1028693098607801
CC_C69204FFED48,0.3535284621101867
CC_C69DD80E5055,0.08196803324391179
CC_C6AE389CA79C,0.07347368061457811
CC_C6AFA8AF33BB,0.098065004926894
CC_C6B56B2869A6,0.3872020546646558
CC_C6B61E03B42D,0.18793358507069874
CC_C6C2B357FDF2,0.11775119242361284
CC_C6C4A4A318E4,0.11885643017714619
CC_C6DECDCC7956,0.18272969572334413
CC_C6F134ABD932,0.47913083904464354
CC_C6F24128D8D3,0.15539802046417983
CC_C6F8C5E3D746,0.11051964011686159
CC_C6FB2BDCC78F,0.3679035589531061
CC_C70DBEB08378,0.8480903229034634
CC_C71AAC6F9607,0.10414797761463342
CC_C73D1C53BEC0,0.3364317575079152
CC_C7423B380FD2,0.05712285632186834
CC_C747ABF2B4BC,0.07938119285291144
CC_C74F0C45C093,0.126139250855463
CC_C75307665BCF,0.2528718241495632
CC_C76473DBFF83,0.3583461384715295
CC_C7652C2D1CC7,0.20543905346570554
CC_C77B38900325,0.2332260895513288
CC_C782A94E6754,0.050817372926337624
CC_C786E0FDA098,0.7543906419420348
CC_C794632B3AAC,0.3260741946934529
CC_C795250A7B3F,0.10426140482605581
CC_C79BF5794AD9,0.05735575207392217
CC_C7A2A7BF85C5,0.07676670078519388
CC_C7A2CEDA36CD,0.46941100808783515
CC_C7AAAC514CD0,0.062159267658538624
CC_C7B39AE8206F,0.11927516933833679
CC_C7BA884F8DCA,0.133878907845537
CC_C7BC592C11DB,0.04083800216203591
CC_C7CB29EBCEE1,0.05399886261471738
CC_C7D2BE35C77A,0.08983887350883049
CC_C7E56C7FFA19,0.17607561195487784
CC_C7ED63E403A8,0.08046011039715359
CC_C7EFF4BBEE1E,0.08491327050349161
CC_C7F1C90A261F,0.12977926039852747
CC_C7F38C2DEDFF,0.21663877229941084
CC_C807F881A35F,0.26787875378126824
CC_C808346EF2A7,0.05676080612798574
CC_C822401D05A0,0.1319659985997077
CC_C82D0EB32984,0.123658490826792
CC_C82DE4520088,0.16541822781379506
CC_C84080607284,0.06514875475689595
CC_C85DEB66D6EC,0.22772565153862226
CC_C8601860B3AB,0.31914532173454063
CC_C86B56E5B000,0.11931144547531018
CC_C874E7D8B96A,0.07366197016091347
CC_C88F02C38654,0.1393405313316906
CC_C895990DF270,0.11531719720600374
CC_C896D6E93110,0.3851052228734582
CC_C8A57920FB6B,0.0864247264111806
CC_C8C2CEAC6750,0.4886652375872391
CC_C8CBB38CF4B6,0.40443278527669446
CC_C8DF2AEC8023,0.16645304603292307
CC_C8E24B1925A2,0.20514804603751596
CC_C8E2F0CA5050,0.686781245186398
CC_C8E875AAFD58,0.2892438738031395
CC_C8EF7366016A,0.0786814982488852
CC_C8F1FB9C56E5,0.09652152747628293
CC_C8F2FF7E6DAF,0.13741804346883518
CC_C916DC82A00B,0.32487636081340565
CC_C91FF308D57A,0.08399404845357569
CC_C9297D88CD26,0.3326044799971663
CC_C932D885E1AA,0.21054157010519378
CC_C947A66A6A34,0.14625555391208087
CC_C953D19C82A6,0.28172327937622266
CC_C960365C1125,0.21049066869844932
CC_C96221203852,0.20972357096039887
CC_C967937FC81A,0.7024593791099895
CC_C97434767545,0.21514149621532896
CC_C974620D4D4F,0.3691947914309841
CC_C9749B07E3CC,0.12375407407852296
CC_C979F86EC4EB,0.06962787262308413
CC_C9882357496D,0.07966287002784599
CC_C98B5F2B994A,0.10829743177188257
CC_C98CA453DC7F,0.10625240736825409
CC_C996515164AF,0.6480993368594756
CC_C9A1B8F512F3,0.4166409044632185
CC_C9E008678B77,0.08511129524360839
CC_C9E89E3728DA,0.18572180889039272
CC_C9EE0357CF4D,0.13529669950996723
CC_C9F15C15BA6A,0.13214727745255303
CC_C9F3BB887EB9,0.20743550393300536
CC_CA0906B9B58E,0.07443913022617214
CC_CA16B9133E4F,0.3490295817998984
CC_CA2524A5C7AF,0.2893739277456655
CC_CA2A17C9CD44,0.4616117336555644
CC_CA32C61E255B,0.10148463330947573
CC_CA37F92A8BC6,0.14745706490452368
CC_CA3C9D0F42A2,0.5644080082942665
CC_CA4669FF2379,0.11336999124559972
CC_CA486E08F176,0.06241556438762664
CC_CA5CF069C36C,0.0711186434006727
CC_CA6AB58D2C8D,0.23518355457321347
CC_CA6EDCBFA9E3,0.17808512102042842
CC_CA6FB58C11F4,0.08414394505677014
CC_CA7902338F91,0.14500189304077962
CC_CA7BE11DCB92,0.1116020452480704
CC_CA87A148C386,0.08770095698848271
CC_CA8E7E45347C,0.14597150273764506
CC_CA9214D0E170,0.14456354012259565
CC_CAA07EABEF71,0.06339730314010933
CC_CABC0190A9BF,0.47849741198213586
CC_CABF171B8582,0.538558922913894
CC_CAC2F989A2D6,0.2564198703720002
CC_CAC50FF13A43,0.5029298198009993
CC_CAC9C52B6FB8,0.2574438326822704
CC_CAE19DE8446F,0.07478397006977483
CC_CAE5F6D8328C,0.44944135638700505
CC_CAFA0C6DBCEB,0.06607804372722836
CC_CAFE5D6E3E1D,0.11601922820623103
CC_CB02A97FAC1F,0.20744266345889809
CC_CB1155AAC7EB,0.13669868388063514
CC_CB1B2FC5769C,0.16949301025143595
CC_CB1BD3C19303,0.1734172160460841
CC_CB2423DD4809,0.8286692889766031
CC_CB33381406F3,0.6596463182033904
CC_CB3CBA971E97,0.09011474196540734
CC_CB45CB5C940D,0.17494259540196336
CC_CB4A2667F8CE,0.21524648195300292
CC_CB4EA92BE238,0.05359047603275051
CC_CB4EE5CC0B09,0.17919766815029045
CC_CB50BDD92A4D,0.20766034784908446
CC_CB6A55831080,0.07862290050572093
CC_CB6CE149111A,0.14678599382215618
CC_CB6F9DA78019,0.0476333901039281
CC_CB722FAA608D,0.1834295251562935
CC_CBA786C05C1C,0.755940652459198
CC_CBA9A6206DCB,0.16487051099690694
CC_CBB7AE2847B6,0.2006837841821205
CC_CBB9DDEAC819,0.036632577445057976
CC_CBC30D127BA4,0.08474906281216896
CC_CBE67EF0D3C5,0.47381808545541515
CC_CBEC318365B3,0.3484072606141373
CC_CBED6669EDA7,0.061088650060132366
CC_CBF1B052FA7E,0.08495087750917203
CC_CBFC7EFF2F94,0.12217047188831238
CC_CC27394B5E35,0.09716526504775103
CC_CC2A7B3D7A55,0.14042896256761428
CC_CC34B2523794,0.15144556523341
CC_CC34E9023873,0.6643272294915035
CC_CC37D81F02A7,0.6378988086812408
CC_CC4822AEDB83,0.6475196176137288
CC_CC5D6CAE5ADB,0.21850163531933334
CC_CC6D27804EF0,0.09483015403416098
CC_CC71D4876B90,0.14860123546971898
CC_CC75EA7F2C8F,0.11764280570415288
CC_CC9214A5C0CF,0.09750470791360932
CC_CCA2B8D2446C,0.3879375911439715
CC_CCAB3E56FD92,0.15732440393443706
CC_CCAF321D46D7,0.041351305985173475
CC_CCB46EA56584,0.22435159729663304
CC_CCB60CB8754C,0.13961390222715703
CC_CCD759553325,0.06470481711168172
CC_CCDC28D49832,0.15699465910705282
CC_CCE55029E621,0.6530589744738898
CC_CCEA133D7268,0.531302345707698
CC_CCED6CEBC3D6,0.3219174071953725
CC_CCEE76415B51,0.3273453198342922
CC_CD1326D52AE1,0.7150339210479617
CC_CD35EEA81CE8,0.3604371081020816
CC_CD373485942B,0.0844217254555094
CC_CD379DD39658,0.32108655069610914
CC_CD37D5CF0EB0,0.1830174075318395
CC_CD380545A7A4,0.05798973809394331
CC_CD3A378249BA,0.2693685899107429
CC_CD415B1C7741,0.04694080528016725
CC_CD4976814F28,0.040651489641069516
CC_CD4F5F1C357B,0.23252725834842794
CC_CD54829713AF,0.08242490795317939
CC_CD5E3556D5AB,0.1635718555561852
CC_CD6C797F3C4F,0.07736862350869946
CC_CD7BA8F6C4BD,0.108400198836732
CC_CD8352F0478D,0.22077352401990877
CC_CD972E578564,0.8296418143822688
CC_CDA1B20179B6,0.11766404869280293
CC_CDA2A36B81B4,0.24417150971253326
CC_CDF6354EC332,0.056111949105155406
CC_CE01E17132E0,0.04342105212366696
CC_CE1280B30475,0.13933617536744777
CC_CE134F878294,0.06789154507050417
CC_CE229894AC00,0.1296493248949262
CC_CE26907B9D30,0.470752937716375
CC_CE2755B42DAC,0.08943984644074134
CC_CE2BD7F74421,0.28985840360007004
CC_CE3784121355,0.1312649591014973
CC_CE41F9FF509E,0.1798166724403749
CC_CE5AF0E9A157,0.0725430567321929
CC_CE5EA019DCAA,0.08536917319797513
CC_CE6460FE39F6,0.1256082750101483
CC_CE72D1734761,0.6302849367193006
CC_CE7FC560768D,0.35418150318704944
CC_CE871DB3950F,0.3244351924614116
CC_CE8D1564C4F1,0.141985489369939
CC_CE93240526A9,0.28785326371265535
CC_CE980FCAB154,0.3098018250080978
CC_CEA0FAD348F8,0.08093115654466612
CC_CEA369A3451F,0.07561943061379212
CC_CEBA67081418,0.19132432861991594
CC_CEC0C00FE770,0.4820691423685799
CC_CEC3B21D2982,0.421481573453018
CC_CECEC680F701,0.16094239279071607
CC_CEDB263DB07B,0.04373125595682144
CC_CEDF9C14DC79,0.28873994630868655
CC_CEF23255BE06,0.059107036420044175
CC_CEF8C71C4E8B,0.3958367912510896
CC_CEF91FDD41AE,0.36675874705674655
CC_CF0B68684C3D,0.10222418934879007
CC_CF149865368F,0.09148920821508122
CC_CF2A7A5582C2,0.17093644259609306
CC_CF2B3E37CF2E,0.3381708750327521
CC_CF2F163CE005,0.17668100698441197
CC_CF3C063DF626,0.14925172033392922
CC_CF3E91DB8220,0.37727637630386224
CC_CF3FB5744443,0.734775614034679
CC_CF4991B8EFE9,0.10753781114981642
CC_CF53FD3AC9AD,0.04557908496682582
CC_CF5A140B279D,0.16948246000859063
CC_CF613A7162B6,0.13995635808858248
CC_CF6A8A460B19,0.09464678891990562
CC_CF792E77A16D,0.05198085103552138
CC_CF7BAF373E0A,0.0436755945467607
CC_CF8B1D0015C4,0.1399253962892917
CC_CF8D0517B79F,0.07552678443540324
CC_CF92037ACA93,0.19305022899875027
CC_CF960A300F40,0.3520656162772475
CC_CF96B6335E6C,0.1666515253614076
CC_CF9880D67A7D,0.1926612838133079
CC_CF9B249283A7,0.727672651984573
CC_CFABF7407978,0.227531842735057
CC_CFB2AE99EABF,0.1668943524538639
CC_CFC0BC440771,0.1341200515208777
CC_CFC235739F25,0.5233250625723626
CC_CFC6E8954325,0.07049454948792012
CC_CFD37EDB214D,0.22521854828524604
CC_CFD93C04478A,0.5732278343904131
CC_CFE0AA5381FD,0.689214050344408
CC_CFEB021AA137,0.05511381104486151
CC_CFF6E2A6A3F9,0.24524617953931852
CC_CFFDC4947256,0.1453889831817632
CC_D009368CE434,0.05884474763593676
CC_D02E59E08B02,0.05752611504403863
CC_D03848B7353E,0.06661264268477785
CC_D03A69B1563D,0.14240442608454926
CC_D0576802096E,0.0881092553927688
CC_D0582E0F3440,0.06117672244160244
CC_D059D0BEC5D5,0.3681595467813977
CC_D05C4A8F2A25,0.12524899394824593
CC_D05FBA9B9040,0.6345600026589934
CC_D0653EA71CAD,0.16867274484424757
CC_D076A984B786,0.1458450575173059
CC_D08FC2D99CF5,0.1991404091322334
CC_D09942A02904,0.11336774988361831
CC_D0A8EA2D37F2,0.12497395328531011
CC_D0AAD35C800F,0.10418529007152515
CC_D0D666EC0244,0.11880239079820692
CC_D0F3F68F4452,0.4748083835405318
CC_D0FBDE8ABAA7,0.09397379607060727
CC_D103D50237D9,0.24887463940826812
CC_D11E5A30CF3B,0.2134010224106467
CC_D122B30AE7CB,0.549310677049721
CC_D1679B40D83A,0.09152808993209882
CC_D1760785D631,0.2518218574896854
CC_D18088587757,0.2407362140587678
CC_D184160042B7,0.32313581747046943
CC_D1886485E8B4,0.13344796006348306
CC_D1893DD5B4D4,0.08774785971138095
CC_D18B60E035CE,0.7603235529409975
CC_D191D099789D,0.08686533747246251
CC_D1BDB41E7FF6,0.08138731246826483
CC_D1BE2E6E9C9F,0.14964978695035003
CC_D1BFB29BF61C,0.08613674323180029
CC_D1C259F80E13,0.08877191776550204
CC_D1C63DA9CA93,0.10964968872917448
CC_D1C931E4F305,0.0767068968290765
CC_D1CE25F271BE,0.1511800479008994
CC_D1D2127A0C67,0.05638175440416613
CC_D1D31EA359F4,0.13035216288076756
CC_D1DB888BD9B0,0.12229313976505979
CC_D1E82B9DD102,0.14957276094855368
CC_D1EF68A649AA,0.1290163202292662
CC_D1F05E69F80F,0.06412613897477007
CC_D1F6FE158DCF,0.23706834795699558
CC_D205612FD566,0.6284313660771235
CC_D21474C31E3C,0.7300682768465298
CC_D2195A061A0E,0.6776811322049942
CC_D2199CC1CB08,0.03957580559726034
CC_D21FCD9DFE53,0.5119104065017259
CC_D233B2C8062B,0.3986493496149619
CC_D234CF2C21AE,0.723473589441827
CC_D2373015DF41,0.057561923839799564
CC_D239CBE1012A,0.14143188156040018
CC_D2591377E980,0.7381030290329403
CC_D25E25C831B5,0.07360865444987133
CC_D262BB13DAAF,0.2675596676023177
CC_D272BC699F38,0.05392309091122131
CC_D2813C835750,0.7680699505487054
CC_D285B0D67016,0.03195318003634288
CC_D28FB525E310,0.23304004362747208
CC_D2AFEE04E96F,0.0477805952957922
CC_D2BBAA423304,0.1088852071866781
CC_D2BE8B4011D7,0.05777377608485606
CC_D2C49D2FEBF8,0.22701945692900247
CC_D2D09498D333,0.12992716790170508
CC_D2D187DA334A,0.14737048262246125
CC_D2D47A5386CE,0.22975849327514708
CC_D2E98F50621A,0.05763084349489016
CC_D2F265035F0A,0.05372503846794291
CC_D2F91355C6D0,0.14815813266633746
CC_D2FC934F8324,0.13711096191038902
CC_D3044C67CFFB,0.05397944228970921
CC_D313F2C49E46,0.35192808360286
CC_D31FFB053D60,0.114293153175764
CC_D336DB6323BB,0.3574608425041551
CC_D343A7CBA377,0.08703381302147124
CC_D345AF4C4B61,0.13844245153622536
CC_D34FA9410740,0.07536085668363697
CC_D354C5D1665A,0.13936333355480052
CC_D35E96480AF8,0.24092011435994143
CC_D3616386D6D2,0.1344443923330439
CC_D365173E852D,0.785543659805177
CC_D3683C6CFC5C,0.6459807287245417
CC_D373463038E0,0.05773374897794637
CC_D379CF8E3FAB,0.7108632887220346
CC_D37B4CA7F3D8,0.062039451340483366
CC_D37B5B3CA4BE,0.6661301444292328
CC_D39265D7B6C9,0.06399213781922379
CC_D39E3F732408,0.06845755489121957
CC_D3A7B21165B3,0.2535301899998189
CC_D3A9028A4660,0.05773723317169174
CC_D3A948322BD5,0.7174889811304607
CC_D3B95DB5E6C1,0.3114070511764184
CC_D3C8C5014D5C,0.1900115638059663
CC_D3D80929AF52,0.10038141539752704
CC_D3F25136073A,0.1659974594812368
CC_D4102AD032BE,0.1841309181442294
CC_D416EFCEAD89,0.05467065111883529
CC_D41C5030494A,0.7029775704743341
CC_D42E477596A3,0.05887116417122636
CC_D432C89BADA8,0.13310191754300368
CC_D434638E9569,0.1260946076289815
CC_D4518F98BB77,0.08363683957079152
CC_D452847F2A4C,0.08796689802415561
CC_D454056F92E6,0.23202238815362752
CC_D461FB973AB2,0.7871663837217983
CC_D462250B13D3,0.37791619579600255
CC_D48E686A834A,0.7086463934743732
CC_D48FFD985E51,0.07894513260211283
CC_D49263A1BDF7,0.12436774786086874
CC_D49668C65C33,0.035107118336713296
CC_D49D9C57A849,0.09578700368775914
CC_D4A029A150E4,0.15985119035507342
CC_D4AC998C0BC8,0.6814695796756991
CC_D4B02AAFC697,0.120088692091121
CC_D4BDF0F4FE9E,0.095454861403285
CC_D4BF2778371B,0.12757693725786964
CC_D4C0F4DB3501,0.15773181126708977
CC_D4C6DD8A364F,0.1361531468181801
CC_D4CDE2A1E174,0.1549544200071411
CC_D4E7EE35695B,0.13884779306711614
CC_D4ED652E86DF,0.2746762803845446
CC_D4F844B54B84,0.05386129873428626
CC_D4FA0055DB4A,0.031897851664469935
CC_D4FDCBAFEC74,0.7033639551666369
CC_D517D90E105F,0.08694433182388706
CC_D52B87A01028,0.21562245937216182
CC_D530C3D1DBF8,0.6063108776059198
CC_D5327E41EBA2,0.12472065781683998
CC_D53C8BCA531F,0.12171541748555667
CC_D540C7ABF683,0.7245071758694928
CC_D54105FC1349,0.37180766348311095
CC_D550CE8B9313,0.687481549014466
CC_D55C5B432387,0.16943139350343742
CC_D5646FCC5E14,0.580146545406123
CC_D56F34613338,0.1340024095616107
CC_D573AF0F1674,0.10086828929629507
CC_D586E2C2B3EF,0.18494171526436987
CC_D589E388CA02,0.0626360426385478
CC_D58EBD954E68,0.3204815803033848
CC_D59AFE884BDD,0.42331001304728194
CC_D5AC596A85E1,0.1561524738525424
CC_D5B99B578573,0.0404392515022705
CC_D5CBF4A4D3B3,0.1026205575578252
CC_D5CE05EAA837,0.22645561910309925
CC_D5D36A6C8DB3,0.0830490731151818
CC_D5D8D545736F,0.08723081941774569
CC_D5ECFAF8C1A3,0.0745187069676542
CC_D605715F737A,0.11824101632309683
CC_D617428B4B0E,0.3461230622621672
CC_D61E8E5C4414,0.10298331356022945
CC_D652B5F05769,0.16725948752932562
CC_D6564D0CB9A8,0.1941431245450296
CC_D66183657419,0.07126152686034627
CC_D66BDD3E1AA7,0.10010491291169984
CC_D66DA331534A,0.09078790260509946
CC_D687A780C0E6,0.05302353939458846
CC_D6AE871A4C9C,0.11337230377524664
CC_D6B7AF1FBDD4,0.4893193116596961
CC_D6B874308353,0.522397393691427
CC_D6B8F47FE484,0.4233799544585918
CC_D6CB1BFDCEEA,0.12893510579702516
CC_D6D47D7E1C51,0.04809720979726399
CC_D6DE060699C6,0.1305110784060263
CC_D6E06014457F,0.8789635413210873
CC_D6E8E17EA449,0.33087416388939417
CC_D6F216AB1C4A,0.15232708027805197
CC_D6F5E3A51C8A,0.10173482651917655
CC_D6FB3B76D7A0,0.6113241064071154
CC_D6FBCD4BA3DA,0.2734613795060295
CC_D70918916097,0.48800500471723485
CC_D73B1B9B81A5,0.06671892974778368
CC_D73E9E24BB48,0.1227937924513907
CC_D74AA0F20466,0.16018513392553296
CC_D750070C44BB,0.7211463796525073
CC_D7529675CB7D,0.12669097888793188
CC_D75C8CDB510B,0.6252680940043471
CC_D76009C47709,0.37211211349467554
CC_D771775A58F5,0.2302719308302234
CC_D77F9D613EF7,0.17107574884565874
CC_D7999C3EDE22,0.16761760355463048
CC_D79BF1D26499,0.16510531186038616
CC_D79C05885899,0.12364961204757167
CC_D79D4F15D10C,0.045667951743613704
CC_D7A11E3512D2,0.045543661244755514
CC_D7AD7A7279C4,0.1437763428940036
CC_D7B35055AF0D,0.1997486606249518
CC_D7D99409D57E,0.28534430528001975
CC_D7E403181D8F,0.11785386506317026
CC_D808C7BA9399,0.13063930611073188
CC_D80DE8B544F3,0.04381224826572269
CC_D81D19AEFB77,0.03789880032910894
CC_D81F317F6384,0.13220589361421456
CC_D844D9DF962C,0.09510995732529448
CC_D847D978387D,0.0515392118013488
CC_D85C7B85C440,0.26193348892415624
CC_D885591596E7,0.07943010920311083
CC_D887D07BDE23,0.33062524179715347
CC_D88ACC0CFDA5,0.1286141555520373
CC_D88BDD0F510C,0.0590793691233458
CC_D8956424CB37,0.4306087440033371
CC_D8959BB99A7F,0.23976132662307184
CC_D89A9A14B5E8,0.057136080965530585
CC_D8AD01F3CCE7,0.061409874786529164
CC_D8B4122DC296,0.12962592813619103
CC_D8C38B187875,0.6964784778767434
CC_D8E55509595E,0.06127356335576131
CC_D8E6B90C37A3,0.12204783678999927
CC_D8F1AECFCC2F,0.05596321411562052
CC_D8F7672C70D7,0.045878371350209654
CC_D8F7E904E7DF,0.17637757791885036
CC_D8FEF1C99F88,0.7074743228456346
CC_D90761F9E9C9,0.4100544428166581
CC_D90D9D5C8FEB,0.11033156268661971
CC_D912917A4F4E,0.7435431385769479
CC_D91ECE64FD0C,0.103158953939328
CC_D9325E5695D5,0.06454825408487697
CC_D9563654A397,0.1936140701976201
CC_D95766A6C24F,0.13678283270310687
CC_D95939B1BBFA,0.06835759475168578
CC_D96729C38BC9,0.09930044302643654
CC_D9791EFF766C,0.1999160104751319
CC_D97AA7C54F6D,0.08556139510003871
CC_D98BA5CE8EE6,0.4742984228782506
CC_D991DAD5413D,0.13967960431486337
CC_D995C89AA359,0.18870168443820945
CC_D9A54F55AD6A,0.10792215719053404
CC_D9B87A96C353,0.29298305482082976
CC_D9C42B0B6A0C,0.16219550330695273
CC_D9D487E78FAF,0.6549730434073764
CC_D9D744A66B09,0.08212487270304417
CC_D9DA3F6E2E7E,0.13096865539866068
CC_D9E5792258E4,0.09246537023776916
CC_D9E6B9CBEB77,0.06405354845020321
CC_D9F0CDB02AC6,0.12615197833816372
CC_DA0201D1BCF2,0.10432300013645886
CC_DA0500AFE692,0.0717050344775621
CC_DA0E0BD3880D,0.31282323599573825
CC_DA10F53AE655,0.6291084191088665
CC_DA1643A835A2,0.09872815617040907
CC_DA1C5BAB7E35,0.5185308587240253
CC_DA1DC6A6371D,0.20629944929159538
CC_DA1E6B31DD2A,0.6742302120732785
CC_DA1F282809D0,0.03214253183736009
CC_DA226442D919,0.7544080559630314
CC_DA31EC318B1F,0.06438041543629362
CC_DA33597C6459,0.13446516309864015
CC_DA43CFB5CC2F,0.192431985244885
CC_DA481C72B8A4,0.22048584268509222
CC_DA55447636EB,0.04339417241853884
CC_DA5AE34842E3,0.10104274449096425
CC_DA6880B018AC,0.15831816617962058
CC_DA700A961616,0.16795667509956277
CC_DA7E65F1E6AA,0.07218882989788136
CC_DA80FAA7FE30,0.09785571855193298
CC_DA8DCCC1199D,0.3237887045086931
CC_DA8EA724C1D3,0.4232774746373803
CC_DA8FA65D1924,0.05537718665365419
CC_DA99D1E41C3E,0.05207344640220463
CC_DA9C3BEFD0B3,0.14264848326404828
CC_DAA3B7FE1C62,0.0672759520213245
CC_DAACE4211B34,0.14716389185746087
CC_DAD239E56638,0.7542597442234151
CC_DAD4BC090253,0.07825505872146153
CC_DAEDBA26BA12,0.3089754751031607
CC_DB1EB08EB40E,0.13604571199423018
CC_DB2314ED6960,0.09464090558148751
CC_DB25E05EC5CD,0.5101718783206465
CC_DB3BE0C87882,0.048462745344560604
CC_DB44628BC147,0.16187241717183237
CC_DB562E602BA8,0.11557677531105243
CC_DB61D7F5F8F2,0.6798878940817235
CC_DB6498598C32,0.16759425977873418
CC_DB6B59FB6E30,0.046674330752933334
CC_DB801B947698,0.31295775786149044
CC_DBB8C467FF1D,0.0949800135890199
CC_DBCD21C2C322,0.07881747671890374
CC_DBDB148E45DD,0.11550055986288327
CC_DBDF9BFA7E87,0.09912744156650687
CC_DBF5CD2D854F,0.18050688115734356
CC_DC0077DE6E39,0.19183786963087016
CC_DC23159A1F99,0.08053015224043891
CC_DC2458827FD8,0.20740318160844795
CC_DC2BE35D58AC,0.23581819748168634
CC_DC49C8D3F7EC,0.5823625217285846
CC_DC5DE66826E9,0.10931774488568731
CC_DC6063FC6464,0.07400405654121875
CC_DC771AE1B4BA,0.6915196846835397
CC_DC7DEBC30E17,0.4360710458958881
CC_DC978F3A711F,0.6571774759244312
CC_DCA2140C7BC4,0.2068523207152966
CC_DCA5CE7C9DC3,0.21036679095374794
CC_DCB5798049B2,0.11968278449428477
CC_DCD10C95C942,0.5217870273864231
CC_DCD145E8E729,0.25569213401938384
CC_DCE0BFC03B86,0.0539063383333713
CC_DCE75AE2FB52,0.057047895671971
CC_DCFCEEF21BA7,0.31238783837319084
CC_DD12A8C462FA,0.08210688541272212
CC_DD14867350AC,0.12620776250287583
CC_DD232BC8881D,0.19858574562414844
CC_DD2473D34D68,0.20274141687534966
CC_DD2B5C4CD318,0.06758222595931754
CC_DD4EC06C3A92,0.22969469648290622
CC_DD5299DA8C1C,0.09364213076281627
CC_DD59BFF18ABC,0.1457853505561253
CC_DD6777E1B05C,0.05556012175816961
CC_DD6EE1501B89,0.09361442720480836
CC_DD78B52AE022,0.13212392749208032
CC_DD7983A07B43,0.687961567277291
CC_DD80B5CC495F,0.10069881370719183
CC_DD8956B71825,0.6547555004390996
CC_DD8D40E7E2A9,0.08820739716631285
CC_DD9972D0B63E,0.10630439132778323
CC_DDAE70634ED3,0.10189433219055828
CC_DDB4A9FF2B03,0.08677604118853514
CC_DDB68302DA2A,0.17304148357893176
CC_DDB9DEC9C037,0.0659834450638019
CC_DDC610D2B2F0,0.08862882966368707
CC_DDCAEC6BD9F0,0.19719684388852887
CC_DDDF665EBD93,0.2843456035728854
CC_DDE66EBF2157,0.06827302888773344
CC_DDE8B7E9C7F4,0.32063717389343566
CC_DE019FC36D28,0.3958285119026059
CC_DE07076B04D5,0.13368360260694104
CC_DE07AECD2361,0.03722663071887532
CC_DE08A4514010,0.5330727754073553
CC_DE093FAC5293,0.5064714180783358
CC_DE17BC1C2324,0.08848682691908402
CC_DE1B13B3E504,0.03847495584123666
CC_DE4264861B73,0.12840529684732638
CC_DE4810B88C51,0.2840358873110928
CC_DE4EE8A16896,0.14608838137534136
CC_DE523A2403BB,0.09508025590386274
CC_DE52860CFBBE,0.16552290451874704
CC_DE593193FB9C,0.16211665466900133
CC_DE5A9B499ED4,0.08781982265622586
CC_DE6AFFA63ABD,0.0932791514724921
CC_DE7CEC14CCD5,0.6607128844236199
CC_DE7D7B5BBB14,0.6528069013524743
CC_DE81AAB7BF48,0.05927537320647774
CC_DE8956D433E2,0.6977615830212769
CC_DE8FB8D1CB71,0.28679482563746284
CC_DE90D07B269D,0.20238687681266135
CC_DE9A62529780,0.13486654882597404
CC_DEA425EA8441,0.10282911877806696
CC_DEBE01582EFF,0.18336960025636265
CC_DEBFD4E79A38,0.0430619307107333
CC_DEC97F13CB8C,0.18300066622078726
CC_DECF1507C86D,0.15900115089873476
CC_DED24C8D047A,0.11035629001511123
CC_DEF4AEBD31C8,0.19494442514252203
CC_DF062F698349,0.12267071818222947
CC_DF13D5CB626A,0.1111388769474456
CC_DF15C526CDC5,0.05591018296297803
CC_DF1F6C68F7D2,0.13957700033225606
CC_DF3EB88F509B,0.13315028395459877
CC_DF4E332C886F,0.038381003407535245
CC_DF514171DC30,0.15689262810724533
CC_DF536CEAE5C0,0.048633827553898654
CC_DF5806CC2CFF,0.15924054088830975
CC_DF715690EF20,0.1929964131441436
CC_DF718A37AF15,0.09843404808040067
CC_DF7276DD74AA,0.10823257378224053
CC_DF750B2D6872,0.3360799573107852
CC_DF9FB6670627,0.06295567612665534
CC_DFA65A0125D9,0.05256412417940556
CC_DFAE355359B8,0.19400737946469385
CC_DFEA562F7BCF,0.28778844854669533
CC_DFEDAF0F0D6E,0.04050832018135125
CC_DFF6F74C64B5,0.5796017045273635
CC_DFF87DF16763,0.13533674337727272
CC_E00D8ECE9FA9,0.1494406289917715
CC_E027E36615C0,0.5467763463978295
CC_E02E23CE49A8,0.08602100975793403
CC_E030B3AEBF19,0.15337707569759523
CC_E031A4C862C1,0.18332797557962743
CC_E0339B331F4F,0.09420532106963607
CC_E038981B2FEE,0.13206631245572648
CC_E0463868968B,0.15454203632546112
CC_E05A8621B581,0.32242359927933306
CC_E07FB0312232,0.14096385968055808
CC_E088594E0624,0.15596625790659047
CC_E09AC3B1E534,0.10755501334861611
CC_E0AC29AFCF97,0.1552340443476828
CC_E0BAC6E0D0DA,0.08173189264432686
CC_E0DDDA07F0A1,0.14037776093868534
CC_E0DF45AB72B6,0.23437753303067752
CC_E0E1F8E7379E,0.10194999882010831
CC_E0EF095444A5,0.17145633096222557
CC_E102E4F7F8B4,0.2358086088122704
CC_E109B4CA6A8D,0.13174619379920008
CC_E11470A2D92C,0.4361450132275221
CC_E117B8A6ADC6,0.0318884285220187
CC_E128015073F3,0.10843316165473464
CC_E131D5EB9237,0.20610746078295475
CC_E14A24095E9F,0.13083302764649204
CC_E14CADF89123,0.5023474611723641
CC_E16876025011,0.054240424506671915
CC_E16C71C15D04,0.689216066477242
CC_E16F1BB83653,0.05527722070862383
CC_E17448FB08EF,0.5785712374135037
CC_E17AAACEB07D,0.0699621562892036
CC_E1875522DC57,0.13772714102660252
CC_E18A0734641A,0.11175279206235
CC_E18A22453843,0.08977046468359592
CC_E1B4E3360C0F,0.16585215505479856
CC_E1B5AE645169,0.05221850554144616
CC_E1B71F6B7DD2,0.25589495055820594
CC_E1D073F693A2,0.26570331861327134
CC_E1EA83C31C66,0.10571114122634445
CC_E1ECAE226485,0.2609451119087527
CC_E1F0C5076481,0.0812774730543458
CC_E1F78CE289D8,0.06086701642172049
CC_E1FBCECE0A54,0.19984404286521648
CC_E1FD46CA26D5,0.11029785009085337
CC_E20E7C7164A6,0.7355601605378662
CC_E211E2698C14,0.0404113518082757
CC_E21B4F587C45,0.12958017942023817
CC_E22A278A1386,0.06699981772023515
CC_E24078C03B7C,0.14282967951130732
CC_E2452737F950,0.17640734245886275
CC_E246119AA09C,0.6552405802039064
CC_E246942C7310,0.07928383223850387
CC_E2474A334F3D,0.08829807170787414
CC_E2489637D0E8,0.12112746568019783
CC_E2521AF9C2A2,0.08447984944883327
CC_E253F4AC4762,0.6009135141742051
CC_E257805D0F0A,0.1814774166760947
CC_E25A924EDB70,0.10333506498934163
CC_E25B5D5502AD,0.09968052981961929
CC_E2619E24BEDD,0.6596391836003155
CC_E274DAF3C064,0.07811994582334093
CC_E2787CBDFBF1,0.16203400301046272
CC_E28AE2E68BB7,0.6943921581544217
CC_E2C3E272D059,0.25965068310578254
CC_E2D653061523,0.41549746896687395
CC_E2ECDC7D23EE,0.13451877268337964
CC_E2F0E725C3AB,0.06479845065947877
CC_E2F7712CD056,0.15490378398212382
CC_E2FD7FCF0AD5,0.7638191305638082
CC_E308C7DFB2F2,0.16820947010100426
CC_E30B791D5F11,0.24820829415460133
CC_E315F7A94400,0.34455773603029016
CC_E31DAB1E73F5,0.04977222126486644
CC_E32034C97E83,0.20864581172924562
CC_E32DBED5EAC1,0.24999691063569832
CC_E32DDDDEE3CB,0.16642068542116725
CC_E343EC3EB052,0.6538282142286036
CC_E34A04E78D60,0.2106333218618965
CC_E3503B565AD0,0.2909482401582509
CC_E356B05ADD56,0.22433625159395504
CC_E35D02BE6780,0.028380476733203115
CC_E369AAECB2B1,0.45924877826669175
CC_E36ACDB4F96F,0.5004602486421422
CC_E36C7F0E1657,0.8477324067349753
CC_E381FD4674D5,0.036727859098915364
CC_E38E3835121E,0.05713827382196036
CC_E3A70438A0C1,0.22579663455910284
CC_E3B5C76189F3,0.2281674027324765
CC_E3B7B7E57889,0.1656360162614494
CC_E3CCC0D886D9,0.1884583163451977
CC_E3DD8AD10171,0.2946093792102435
CC_E3E230CF20A1,0.18566091647819977
CC_E3E4B2543CCB,0.06812452207142744
CC_E3E5DF01E014,0.17842797631578805
CC_E3EB157288A2,0.09736659206417894
CC_E3FBDA203EDF,0.16084413602540762
CC_E404FCA6CB2B,0.6807582402074264
CC_E4054F9C8442,0.31834161061585703
CC_E405D808772F,0.04412776096801343
CC_E4137B250609,0.339816840740386
CC_E41482A7E968,0.08564921106000453
CC_E421FA1874F4,0.10109989094628873
CC_E42C38BBBD04,0.16934973924122454
CC_E42D90BFB285,0.05517175693644371
CC_E42EFC05C891,0.08285552111162534
CC_E430F3C75969,0.11594376179119373
CC_E4576D6B6478,0.1171475312074205
CC_E46B27A13728,0.3738959427866727
CC_E4783FB590D4,0.19040226253601963
CC_E489009C6500,0.1719046462746217
CC_E493CB46177D,0.09771875445839126
CC_E496AFA9B40A,0.2874686779225042
CC_E4A2FFE0EE1F,0.10058482516997368
CC_E4C553538385,0.322235022464968
CC_E4C7B5501ED1,0.1366554449806127
CC_E4C8A5A60F51,0.16807781848288464
CC_E4C94AB69214,0.4481497753160322
CC_E4D75244E8B8,0.14414584403107486
CC_E4D9A8EEDBAE,0.224327250516193
CC_E4DF787730AA,0.1499361769682688
CC_E4E0DC070132,0.13678729158589148
CC_E4E3C08B7F86,0.056847079400467314
CC_E4FEEB4389C9,0.36306072978957965
CC_E50598344DD9,0.4290434788840188
CC_E50C634A9A18,0.03622036517742443
CC_E5107337FDD7,0.051971548061538225
CC_E511BFCFEC9E,0.6239323657178532
CC_E51318749E09,0.15232482881393902
CC_E53FE6708AD9,0.6821145347774078
CC_E54290FEA34D,0.11911119269808135
CC_E54B723C018B,0.046226420074863064
CC_E554618F383B,0.09139560962681381
CC_E557336955A2,0.11179702129914572
CC_E55B48E73651,0.2138178212140557
CC_E55D8DC645B9,0.058341279187856546
CC_E575DA02C575,0.2130537404775485
CC_E576BD98A727,0.1941595291086369
CC_E578DC77656B,0.1489773568991311
CC_E57F3EAFD9A3,0.11911599074276528
CC_E59A01603B7D,0.2726634401459391
CC_E59B2D974CB3,0.23171506759602922
CC_E5A1C44F0F07,0.684658482533852
CC_E5A8BDF6BFC1,0.16535738081193754
CC_E5B284DA0E5D,0.09654952255633743
CC_E5B8363BB378,0.6052479311064587
CC_E5D8BFFA5F88,0.06383336719644452
CC_E5DA04902EFD,0.25690475244273075
CC_E5F53CFC20EC,0.07827182146484019
CC_E5FAECE63C59,0.5020770058892524
CC_E5FB6E872C58,0.07294087193470732
CC_E6045565E7ED,0.09001581150625489
CC_E60845ADC7F1,0.044149678340618344
CC_E61567D6B392,0.11758596941264174
CC_E62174AFA94C,0.14730211079749872
CC_E6247DD14641,0.08167273108393037
CC_E6289A61F0ED,0.09006837371963704
CC_E62E32FB6FBB,0.02978677177056281
CC_E62F6BE942DC,0.24287906938882856
CC_E63E49B128AE,0.07862926862051242
CC_E63F89885A3E,0.8003264648659648
CC_E6466E6A92CB,0.22434502587128952
CC_E64BC95F8B2A,0.837104685912346
CC_E64C652BBAB2,0.06528951243674894
CC_E659DB355476,0.18546966065801232
CC_E65C8BA5A7CE,0.0653486752515657
CC_E65F39446752,0.3215553102751229
CC_E67395791589,0.1726959878961006
CC_E67622A69EEF,0.08003913820951081
CC_E680830CAEF3,0.07013196456448913
CC_E6823643AC4C,0.6724595865032309
CC_E683F33931BB,0.11923109258212437
CC_E68841DEB163,0.07479627026815404
CC_E68B2C33D180,0.1418969814587305
CC_E68EE6EC2618,0.05994682015201764
CC_E69508D3D3F1,0.20770505521794386
CC_E698F1348426,0.19583000504836254
CC_E6A178F3709D,0.1344747066653623
CC_E6A4B6E8619C,0.6047498702839131
CC_E6B3887C66BB,0.2807568759454542
CC_E6B6BBBDBEDB,0.2875003993440632
CC_E6DBD0F9DC3B,0.07657373836325351
CC_E6F090F70DDD,0.2552001628031088
CC_E6F2D8CB45C6,0.08728539341331876
CC_E6F8FBEDA2A7,0.09655319220929438
CC_E70854CDFE9C,0.06308356853595565
CC_E71C05F07F85,0.08172502165676024
CC_E72797CABC60,0.08636893706284893
CC_E727C1153226,0.10771083927111953
CC_E73489D828C7,0.114840483073469
CC_E7355465CE6A,0.06995889606875869
CC_E73CDBC743FF,0.19649903711837258
CC_E74F00E75A4F,0.060561315782939745
CC_E751F7E19192,0.0988979232902142
CC_E7522AD6431A,0.5868575898028824
CC_E7523630D2D9,0.23857940194690805
CC_E767372DD95A,0.5723889757270461
CC_E76C5DFD3BA6,0.21781700413795946
CC_E77326438575,0.19517162047803743
CC_E77E29E11EB1,0.14746993137561337
CC_E78F20B3223F,0.6801949484037095
CC_E79A23E64518,0.07164301841748462
CC_E7AC69AEA182,0.6692201262976737
CC_E7B754CA9668,0.06651491192031178
CC_E7BA60365AE8,0.12450582232661445
CC_E7C95D4A741C,0.0782796291899686
CC_E7D3D728EC5B,0.17770648340896178
CC_E7E4D5F851D3,0.06912811212395924
CC_E7EA49D37B64,0.3484749905206545
CC_E7EF11A24F73,0.783614530740558
CC_E7F6F9A7EC65,0.08378521161755884
CC_E7FBC7F69DBB,0.19756916556597034
CC_E80B1A55A74D,0.14170639536527496
CC_E824AB0AFDBB,0.19735187660433326
CC_E826DAC92D9D,0.21333746270847412
CC_E83AB7100D06,0.12980560373202768
CC_E83E6D31EC76,0.22298097227287553
CC_E86650461FBE,0.16549223115129746
CC_E868A3754B11,0.8520163913859903
CC_E86A993F7D05,0.10482956198953527
CC_E87992FBEE80,0.6433248539074216
CC_E87B909C4DDD,0.2196908726777624
CC_E8828BA7EE08,0.12240020857851565
CC_E886157F6FBD,0.35811063833318135
CC_E88711C5C98E,0.11625944198660274
CC_E887680BB6CC,0.1701262740774531
CC_E8909BF77D8D,0.11043844558496861
CC_E8A82DA3A246,0.17739059780726837
CC_E8AC7545DBD3,0.08944424379003056
CC_E8BA6B224C3E,0.10231649037619292
CC_E8C6CA45BF72,0.2036092940912717
CC_E8D2E3126A8F,0.6609299036400667
CC_E8E55DAC4FF9,0.06564372736178337
CC_E8EB77AF3F78,0.797537603937454
CC_E8F2C6905503,0.3253256975866535
CC_E90831F897A9,0.17740610265824616
CC_E90B14D51185,0.5126560603063973
CC_E9188329C9E7,0.0894917951941706
CC_E91E1C0C0C61,0.6577527749231656
CC_E91E9D34C5F3,0.10215358220593489
CC_E91F555DBA96,0.14583827593690013
CC_E932CFF4B4A4,0.2216036606385979
CC_E93643CB34CA,0.1728779735883006
CC_E937CA493910,0.1561185651591649
CC_E9409A50B4BF,0.5668143727641858
CC_E96711AD5512,0.0713147302291025
CC_E96A3E6912B4,0.46192435961501804
CC_E98AEE74B9BC,0.2503541750031036
CC_E992FB78BC2D,0.28858714003817565
CC_E9A3AECEE3A9,0.06428679366017277
CC_E9BDA7766728,0.32239734891554805
CC_E9BF1AFE86C3,0.1818450840493765
CC_E9CA055AD1A3,0.12076028764967908
CC_E9CA0A56E917,0.1782443656611185
CC_E9D3453F53AC,0.5788632663134293
CC_E9D46EFFA839,0.20606671409487762
CC_E9ED872B6037,0.051800284640156846
CC_E9F40C1B559E,0.13009058908374863
CC_EA06928C0AA9,0.24314989515840696
CC_EA0A46F64C80,0.15049876368973905
CC_EA114B15FC04,0.5621847309839467
CC_EA1F3F67BA2E,0.08123472906766072
CC_EA21618614D1,0.6868267475272866
CC_EA26B5A89181,0.19036513896666138
CC_EA26C6C27662,0.16244765770230546
CC_EA3B5AC76649,0.19994289183148903
CC_EA4E669C8528,0.08637017111276471
CC_EA6917E7A5C2,0.7336495240759312
CC_EA8A25862433,0.12400176603304573
CC_EA901D7CA670,0.14234783979231191
CC_EAA2BCE323EE,0.7193704020608166
CC_EAA6D5189190,0.10502656695854676
CC_EAAA8DD7FAAF,0.14233846923424986
CC_EAB7408CCE0E,0.2720336237346995
CC_EABEDB3C4827,0.15133111647575512
CC_EAC6D83D1BFC,0.04084144625824301
CC_EAD7F3E9DAD1,0.05359133694760249
CC_EADC7D8196C2,0.2476850983393591
CC_EAE608E24E29,0.03801901484687765
CC_EB05AD2C7C27,0.05058284104928264
CC_EB1DA337E2D1,0.13873563370264738
CC_EB1F425EC937,0.14868657391843823
CC_EB2FE764BF6D,0.12942561378913595
CC_EB55483587DE,0.11260444947654238
CC_EB569B3E2E12,0.6069731004501723
CC_EB57E6E6C96C,0.19064088939807197
CC_EB5A0FE0605C,0.11474425787518068
CC_EB64EC97D01D,0.12211567165240425
CC_EB691249B91A,0.13031947568900623
CC_EB7C50A7D4C1,0.5012826938344017
CC_EB7C52FDBEC3,0.1223538327741133
CC_EB86FED24535,0.2655431718041267
CC_EB89DECC2021,0.10599077433520318
CC_EB999F9D6095,0.1924553112994039
CC_EBA2F85924CE,0.07106120834966728
CC_EBAC5A53FD11,0.08745867340103612
CC_EBB109EF7619,0.1748528818829332
CC_EBBD00C18763,0.05161508468837248
CC_EBCA68C7854D,0.06934215203283621
CC_EBCBDE122879,0.12837850826635758
CC_EBDF6C88BBA5,0.07321046424485889
CC_EBEDAC91ED43,0.0917459430131734
CC_EBEEC4183FDE,0.0563186669327406
CC_EBFD9D007253,0.4631296796949542
CC_EC1ABC58E09A,0.183502363903401
CC_EC26EABA68DC,0.8022459118899858
CC_EC2A485A3E71,0.14918670747422869
CC_EC3B9E2FE47B,0.08174484167282962
CC_EC505F03EE5F,0.03250518639512358
CC_EC5317EC6706,0.16269501370903675
CC_EC5B7FBD1EA7,0.14011952605193906
CC_EC5C7471FFC5,0.06698239297827671
CC_EC5D92B3617B,0.21088060201399472
CC_EC5E214BFED0,0.659699269161
CC_EC6406527201,0.10892027921613005
CC_EC79022358C6,0.33893228733979874
CC_EC831A90189F,0.09650561589170716
CC_EC87C131FADC,0.06596465741735434
CC_EC88785D6F39,0.187658548278696
CC_EC9173F5284E,0.048906285227273825
CC_ECB7B3B6272E,0.07469885718798905
CC_ECBF4CED56D1,0.1394610682422259
CC_ECBF80B94EAE,0.7955034386333668
CC_ECC78B7AE3F1,0.5204598483353479
CC_ECC7E9E691F5,0.13429248514682376
CC_ECC9235F612E,0.24148838755051708
CC_ECCB0BD557DC,0.13332686353559442
CC_ECCCB1B4EA8F,0.09652699929782858
CC_ECDDF4983DD9,0.05853740526364072
CC_ECEE93C4F564,0.5726510842523218
CC_ED07BD8B2CB3,0.06861869139954725
CC_ED0F4A02A01C,0.258739854520271
CC_ED11D72A1D3B,0.06739494736728877
CC_ED165FC5A06F,0.047493936591981624
CC_ED2B6A40ABC7,0.2297152549560296
CC_ED390F22A931,0.0925927224270946
CC_ED40E7CE5177,0.16394325606139945
CC_ED4E4B13DB1A,0.03959159658939299
CC_ED4F22572419,0.1308036949006831
CC_ED5AE5CB1DC5,0.06091802113746789
CC_ED6090A4E6E4,0.20237701978365968
CC_ED645D91E6A5,0.11476399373956049
CC_ED6B045B6075,0.15533677007645488
CC_ED9313C71C57,0.13076753864662619
CC_ED9BCE7C776F,0.7170331991259501
CC_ED9D4644716C,0.1727311852864394
CC_EDA794402358,0.2638628311284845
CC_EDAADACD4DED,0.0890160878061724
CC_EDBAD2E989FB,0.12219556814299934
CC_EDC98B474E76,0.28163404702192446
CC_EDD1FD49A66A,0.7458607371855409
CC_EDD448008C0C,0.6719177782388234
CC_EDDA3B790095,0.06369260808306358
CC_EDF95BF0E3D6,0.19354266842901868
CC_EE03D7C2BC69,0.0791859345197062
CC_EE0D95184E81,0.05920414242876868
CC_EE0FF690C214,0.4299825880535103
CC_EE2412C352D5,0.08145669212768168
CC_EE2A010019CF,0.07479847862259571
CC_EE2AC730827E,0.07068660971365376
CC_EE3236E6A9FD,0.11944117777508062
CC_EE3759EA49FF,0.18208701633539778
CC_EE38C78AD88B,0.4228477065933316
CC_EE3CE0FD6B77,0.6346728212822123
CC_EE6B7E58FC63,0.05620271904365189
CC_EE6E02464067,0.25974079819861207
CC_EE6E1FA7A753,0.1242700809609826
CC_EE6FCE6C233A,0.22060850575894483
CC_EE88C07B9333,0.09851466670866096
CC_EE9004165810,0.07200455468461595
CC_EE9BD17AD343,0.050369321841391486
CC_EEA608D5A455,0.16005731645158688
CC_EEAFDB1BB486,0.5230817127627422
CC_EEB482736C41,0.20273677825766037
CC_EEBD9DA093E1,0.04654671148361469
CC_EEF23DDD2262,0.14389454768652846
CC_EEFBDC9AD94A,0.08778968451718695
CC_EF05000895F4,0.5061046282864199
CC_EF16B2CE0988,0.3630779813229954
CC_EF1DD3F0CBDF,0.07778917615001868
CC_EF2D82085BB9,0.07436047312528234
CC_EF2DBE79D656,0.25268389976213557
CC_EF3000C48A4C,0.07377813666311289
CC_EF359AF608EA,0.06249994235085914
CC_EF362432D758,0.270151425005079
CC_EF548B30F1B6,0.20074283519213504
CC_EF5B403DFD7E,0.11664950139258999
CC_EF66DA0DDF9C,0.3070202277957511
CC_EF70BA4AEEC4,0.1503024808233758
CC_EF83DD56FCC5,0.06401391423450839
CC_EF8B642A6F8D,0.0668470074276955
CC_EFA1EB27DA19,0.044014071848969064
CC_EFAE84EA9BDE,0.08946079641455501
CC_EFB26BEA106E,0.42426597911094266
CC_EFBB51CD8502,0.19611573416054756
CC_EFC18E9B3B55,0.1306548581092159
CC_EFC4B0020E2D,0.12567070704093292
CC_EFC9FA5108D9,0.12348747345255885
CC_EFE45D9B9D9C,0.05613409186257487
CC_EFF27FA98DF1,0.06415109472855529
CC_F000DA497736,0.2309663979059018
CC_F00107DE219E,0.6790482216814574
CC_F009FC54A64B,0.7631178269867422
CC_F01DF28C6BFF,0.10119281800166094
CC_F037C91F63BF,0.13710376242257058
CC_F03FADA95A03,0.7312062506691283
CC_F05235F3C894,0.10164050419164522
CC_F0649FEBFEB8,0.4898996461120761
CC_F066C78B5C0D,0.15439704782628444
CC_F07313626618,0.6221210295311004
CC_F0783F6A56F5,0.7840478810960467
CC_F0791523691A,0.17275919062447315
CC_F080750455CE,0.06549140436744674
CC_F0809EBB0B51,0.04336500524338323
CC_F08259F86E23,0.18648349761674565
CC_F0929F859702,0.17488193183178333
CC_F0A7203CCA39,0.14822812299952112
CC_F0CD4DD9C63C,0.14018697820488027
CC_F0D29AD328E5,0.16611400946475563
CC_F0D339E5B80C,0.07999316597630668
CC_F0D3BC14FA77,0.08740355632257493
CC_F0E16D28D49D,0.17185146654872768
CC_F0EBE2C00A7B,0.05679760556070507
CC_F0F137758DC2,0.07349806161349404
CC_F0F6BD40CA43,0.30319300773167246
CC_F0F6FCF6010F,0.16508173694771408
CC_F0FBC9D4ECA1,0.0400852309075858
CC_F0FEE924096C,0.22954548968572525
CC_F1074E035DE6,0.05933762562256908
CC_F108D26930FF,0.31233109955394495
CC_F10DB853B9DF,0.3572659330822155
CC_F10E06D52D76,0.1371027102642773
CC_F11F5F477B91,0.6540687586046627
CC_F14913B5BE1B,0.7602349032539105
CC_F156C1647E3D,0.08177653168411245
CC_F1598097E314,0.5940031888913683
CC_F1641E3AAB3C,0.05741315732377875
CC_F166878FB959,0.0624348639092734
CC_F17540FE7C9F,0.1103720510332344
CC_F175BB08B29E,0.0635306474431463
CC_F1782AF286D0,0.3934250786880116
CC_F1796AD4B774,0.6360462691326434
CC_F17B3A3A5E56,0.6102631053216523
CC_F1858D6F0080,0.13604860737324742
CC_F18689FA8E29,0.07875377050756271
CC_F18A82B0F153,0.13764489390406656
CC_F1AE7142A128,0.11788452407689849
CC_F1B43DD57C9C,0.12465037325377287
CC_F1BCB7676492,0.10277045060315865
CC_F1C8B8BB90AE,0.15941792925827356
CC_F1E044CD2D75,0.28292514832370674
CC_F1FCB96B5E14,0.23603376589192865
CC_F2067E92A939,0.15487005230636758
CC_F21512554CC9,0.08647405299085113
CC_F243956B7575,0.09141150411044913
CC_F24FBC9FD3F7,0.35556848573451066
CC_F252EB3F208B,0.07306961292984174
CC_F25D793346CA,0.3329351784563089
CC_F25EB1ED5AD9,0.07003125000111728
CC_F265A0AE845F,0.7019806508619657
CC_F274BB4AEBE0,0.06804331178012023
CC_F28BF2185131,0.09188451123665883
CC_F29077E45AF0,0.21099206009777852
CC_F2988560CAB8,0.35050989359894513
CC_F2993AB36C56,0.08813232240849084
CC_F29D6C65779E,0.06226925773944553
CC_F2D2BADD0000,0.05973660665397381
CC_F2E4AEB73D57,0.1466912743640433
CC_F2E630BAF431,0.04933253556678829
CC_F2EFCB40AE74,0.14216369064505788
CC_F2F085891915,0.7446121611228284
CC_F3030E2C80A0,0.2050184053306107
CC_F3044C7C16BB,0.06404874790277075
CC_F30B21CB4603,0.11448355519898396
CC_F3140FCE870A,0.08306362944480164
CC_F32A84B321FC,0.1558523170921675
CC_F339FF584607,0.2914193646110633
CC_F33CEE0F6DBE,0.393675382284621
CC_F33DAF3E9CF0,0.10912149247460587
CC_F34EC3FF202F,0.08530342025034324
CC_F35A6C383B39,0.195241565409036
CC_F360E0FF27CA,0.0834872347838952
CC_F36B7AEC0086,0.10780604621069688
CC_F370665BECB8,0.5898192448215425
CC_F373A60E53E8,0.04299030645539713
CC_F373BDAE18B2,0.0748316507771822
CC_F3745BC63340,0.08303690197223505
CC_F37DC9169301,0.18313723580718227
CC_F394E57C5243,0.2253873276378827
CC_F39E98FD418D,0.08460498041967547
CC_F39F51452381,0.04381419137870083
CC_F3A52465664E,0.07374949026344482
CC_F3A8CF761A0F,0.20876670339533906
CC_F3BF1709E29A,0.35739237071932783
CC_F3BF72C29211,0.06829791128793083
CC_F3CF35465CF1,0.06697695797534832
CC_F3E2186DBD4F,0.26831659747287434
CC_F3F0F9B9B56E,0.15497228991905904
CC_F3F185395BE1,0.1003440415800738
CC_F3F68E6599E7,0.06969879456557601
CC_F3F7763C9DFE,0.15431009953068894
CC_F3FFF13592CE,0.07539160681874447
CC_F410C3CE89E1,0.15494699995660904
CC_F410C8B811FE,0.06611795521118154
CC_F4132072D78E,0.1128214249584618
CC_F4157B8E5B32,0.5244068981276596
CC_F41CF067E828,0.11326343339913068
CC_F41DC456E539,0.049336236365290644
CC_F41EEF55A0EC,0.05027807365450953
CC_F426B5C1F07D,0.3188522624425282
CC_F437875F9000,0.16273221422388712
CC_F43C961F8A30,0.14153116698879192
CC_F43D9BF23472,0.05956257647052529
CC_F444BE033109,0.16043073098235827
CC_F4481124F17A,0.1720307695133013
CC_F44EAAF80F70,0.1135372674593519
CC_F4521F6D3492,0.5041052448817712
CC_F46BD9AB1B68,0.12082499733534223
CC_F4763AA0B824,0.5366257512755249
CC_F47976F33E20,0.17152563023352665
CC_F47E588D4470,0.19757094758251312
CC_F4A2777912C2,0.12970807565701178
CC_F4A6C2B23685,0.07590170850292571
CC_F4B3EAEEEA8B,0.04345730765681568
CC_F4C6CD1E720C,0.07391502581587192
CC_F4D05DA98C83,0.06755161702726677
CC_F4D15889CDE0,0.13823626505161074
CC_F4DEC1E6173D,0.050604108658658734
CC_F4EFAD6AF8BD,0.2939899728389381
CC_F4F7835A1FA2,0.1992075312252135
CC_F500597795FB,0.13700598987252546
CC_F5197FA9580F,0.6505793491453611
CC_F5240F59146F,0.08595446381722278
CC_F534A0B87C3B,0.16720762366109568
CC_F536972BFE98,0.14404903706718225
CC_F54FDFE5A5C8,0.0824941497243268
CC_F55727F65F86,0.20937578597327922
CC_F558EBDCDD6D,0.14472482075540394
CC_F56D569AC51F,0.116451554635715
CC_F5714D180EE1,0.10113862239831489
CC_F576ED9554AD,0.4218819586004142
CC_F57C2559358E,0.1731232316010319
CC_F5AA72FC0972,0.10491118569670106
CC_F5AE7DEA2B48,0.08861994213446939
CC_F5C6A5E9D495,0.15871099591232854
CC_F5E0731F2181,0.2104612907314477
CC_F5F4F3B03FE8,0.765998469381325
CC_F604D7B9CBD9,0.16780886480100543
CC_F60F13391D61,0.1540392706809193
CC_F618D72DF162,0.07794283754358197
CC_F620B15ACC5D,0.07916420318204544
CC_F62D426D6614,0.1431617508802495
CC_F634999D5C1D,0.0340994251405052
CC_F636E5BAEE47,0.1724019356815273
CC_F6461B692240,0.696712705098051
CC_F65BAD63AED0,0.25492839104500337
CC_F65DD2AC57E8,0.26935773582517114
CC_F66C6577674C,0.04997226331167624
CC_F670896FE959,0.16305302146830905
CC_F67376F272EA,0.7040896316120645
CC_F67FFE9E884E,0.2572742726922446
CC_F683C99F06C1,0.12395068526436748
CC_F68523E2CE7A,0.7263014611143167
CC_F68E62F9AA0F,0.032653355528204385
CC_F69604E05962,0.0793414894443379
CC_F6B8913740B3,0.1053837081747522
CC_F6BB4952DD35,0.26382382831856815
CC_F6C0B7AC57B5,0.6010900105733041
CC_F6D2B06E6E8B,0.6085151360717254
CC_F6EB30A84C9F,0.2728422292706641
CC_F70345A4792A,0.1217671646124473
CC_F7068C1F77B3,0.300941727470123
CC_F70B0EA8C0E7,0.06436160876839468
CC_F71CC97FCE83,0.10475428465523574
CC_F722224A84F4,0.7024358986313838
CC_F72D1046063A,0.2870783107750377
CC_F72DAB32A281,0.06579091872758319
CC_F733AA5C0ED9,0.08305677512899907
CC_F74043C1BBEB,0.05554572478052319
CC_F74A31E36137,0.06515337861228876
CC_F756B167634F,0.1809788781146508
CC_F75CBE8E1B92,0.4291357616359759
CC_F761F7EEAD39,0.1629445607081654
CC_F79303D62FCD,0.05573834971202836
CC_F795134B52E6,0.6300344725950933
CC_F79533E83ECA,0.08871316343949587
CC_F79F9A7ED432,0.7585647265809453
CC_F7B2FC73E020,0.05507496502755758
CC_F7CF24594B20,0.07320567184004713
CC_F7D31937AA89,0.05618110259196158
CC_F7EFD378035D,0.3439862493729879
CC_F8014B1E00D6,0.05043574510121085
CC_F80ADE95A7C8,0.06752346545580924
CC_F82E58E476A9,0.12632537942571978
CC_F82EB123CC19,0.21895054696091257
CC_F83088660331,0.10399447555254598
CC_F83C6DF6A815,0.5610321381027472
CC_F8620C4F7581,0.1605897372859665
CC_F869F4DA5077,0.7873697866082002
CC_F86B1C53EAF4,0.17332014481353503
CC_F87B7F26FF51,0.22798786419267342
CC_F8803D1C899B,0.06855949891614137
CC_F892E51AC9DD,0.05756868822040398
CC_F89C185743F0,0.11701648978958824
CC_F8A4D45C3769,0.09971485184387738
CC_F8AD68EA5A16,0.19938722079370189
CC_F8B4DBD0CE8A,0.36258914045541213
CC_F8F3E551F166,0.26768916702345946
CC_F8F9FE2C9B65,0.26368875943924996
CC_F912A50D0DD1,0.1641223632745882
CC_F91B7C2B1AFD,0.10435498087771135
CC_F925251D4BF0,0.3800463436947745
CC_F925ADD60E7B,0.05663022972293638
CC_F9282C144479,0.06567161624780585
CC_F92EE3287CC8,0.10324029683080133
CC_F93332608FE1,0.13207940059999437
CC_F94070DE3B81,0.07053557870406824
CC_F94C81428D20,0.18505695261750252
CC_F95DFFDA9B12,0.37460741357544924
CC_F96A53B02447,0.6019013777116203
CC_F96A965CDCB0,0.6482094510935307
CC_F9721FEDBE9E,0.18357978857041912
CC_F97C3E145882,0.23381758580301676
CC_F97C64C64052,0.0836756975256703
CC_F98660A07E6A,0.7940422229348381
CC_F98BA4B13724,0.07796751106277008
CC_F9A3F3A76B1A,0.11077782459097225
CC_F9A8E2B3A703,0.12700943875553786
CC_F9B3E7E7F2A9,0.37800900563649587
CC_F9D7D0B1E4A8,0.687735565454906
CC_F9EDA4EDDD44,0.05980525076349573
CC_F9F2176B12FE,0.051345903430336445
CC_F9F90E76CA5B,0.1032346321334101
CC_FA0157249C01,0.111860508106496
CC_FA169BCA835F,0.08774821624436005
CC_FA19B61BCABB,0.13270809189226196
CC_FA1DD203C293,0.24338843804257854
CC_FA2E30269BC1,0.20431097001137424
CC_FA304CE8E045,0.1815655400071258
CC_FA310759A257,0.632945115065333
CC_FA32397E7B8C,0.09084739553885997
CC_FA33D97B84D4,0.10802068171353413
CC_FA38991B9434,0.03885119650331796
CC_FA4079FFF1E5,0.21280511631454616
CC_FA716665CD8F,0.08314077093822253
CC_FA770268B207,0.12714935564542407
CC_FA7A2F59245B,0.4125083479794171
CC_FA8205104EBF,0.10587572376077391
CC_FA8370AF8740,0.055722212101264317
CC_FA858F1025FF,0.11968762706021233
CC_FA86320CF6B0,0.05197245836359107
CC_FA8B341CD3EA,0.24231997533547942
CC_FA9057AAF95B,0.10206791222421562
CC_FA97314C666C,0.04499393464011781
CC_FA974C1D91AD,0.35754840714601405
CC_FAA0E5BC9F44,0.7129822322017907
CC_FAA2694D8578,0.29322199945166333
CC_FAAFFC74BC35,0.7004616493933209
CC_FABA6DCF8E45,0.037339116134632956
CC_FABC53294AC1,0.14618279867651454
CC_FAC52B8E66DA,0.09535746575326723
CC_FAD284D8DAC8,0.894570385523882
CC_FAE70CA5999C,0.1266363270059338
CC_FAF1CCB40132,0.08509176484275702
CC_FAF93D8B3B59,0.07518643598976263
CC_FB09E5481B64,0.13458120971878854
CC_FB150A1F7C3B,0.12314234642233765
CC_FB1808471515,0.4319040452942565
CC_FB296D823CF6,0.06591140111510936
CC_FB301E1FA7FF,0.044198334291706685
CC_FB33C958A19E,0.3937986767753209
CC_FB40D63FC3D3,0.18464346862723036
CC_FB45A1837AD7,0.08730308983058892
CC_FB45B79CED15,0.11682523935519155
CC_FB52260232E3,0.05593063570403551
CC_FB6A0A7B8813,0.23277385429530142
CC_FB6ED10D82D2,0.10944370015359456
CC_FB78DE84AF05,0.035556042814619264
CC_FB8DF8F93E7F,0.1973870258554023
CC_FB8F89048B89,0.0935729364909024
CC_FB9C3E77A49E,0.1393118053659984
CC_FBA40CEAEA18,0.09866084503733677
CC_FBA998938FE5,0.15701815098030214
CC_FBADBAFCD1B3,0.2533993598267668
CC_FBCB85E21ADD,0.15681372397581803
CC_FBCD00EE4402,0.15195129871332302
CC_FBD40DFBA5D5,0.2718954701115787
CC_FBDECF3DACAE,0.2212827472171835
CC_FBE4E2F652EB,0.24962498978056433
CC_FBEA9510C687,0.24709529451361945
CC_FBED1E2E1CC0,0.11394649335621022
CC_FBF54E48EB13,0.05148204470435079
CC_FC1E279EF320,0.05028807733920192
CC_FC2E1D460089,0.12281444290234005
CC_FC31CBD20CDF,0.15499725797576072
CC_FC41D8134A1C,0.09909155691024049
CC_FC44D7EF257E,0.05210850317128511
CC_FC4A649BDD07,0.20033790978501223
CC_FC51BCDBB6B2,0.13255376617408413
CC_FC57B6E79AAC,0.19569978673529445
CC_FC6AA879D9CF,0.13819764296871417
CC_FC7A926F3A64,0.6760788499736058
CC_FC83CB9C71CD,0.04027287321706032
CC_FC9E6D511294,0.13289130181616973
CC_FCA657E69930,0.37344545049752575
CC_FCB451237214,0.779848860573075
CC_FCC7E51DF812,0.49233315235328357
CC_FCD42ECC012B,0.06252428635798737
CC_FCE8FAEAAEF1,0.11171442672305741
CC_FCFAE9BE2522,0.41244935801086685
CC_FCFDB5DFE5D4,0.0985022209869887
CC_FD24FC7961A5,0.10144603966524467
CC_FD2793DCB5EF,0.12188044876289693
CC_FD2EEF724088,0.14650926155037916
CC_FD3205367675,0.08081188924294827
CC_FD3A21CDCA7C,0.11550532129324388
CC_FD3C4C2FB68C,0.12272007193640437
CC_FD41687DC1A0,0.14372218623788394
CC_FD44B4E31EFE,0.08730213923786381
CC_FD5721556AB7,0.08088426303902489
CC_FD643C174587,0.32831837338202635
CC_FD6BFA30DD9E,0.23506840610887686
CC_FD7C9DD7F11B,0.1217870511137481
CC_FD7F2D90CF8C,0.06164739306126598
CC_FD8C4F601909,0.051976035865103944
CC_FD90B45AA24E,0.0994479023695778
CC_FD95457772AB,0.06724850155533939
CC_FD9D9B58DB1A,0.19527952016536923
CC_FDA918AEB5D6,0.610703653453507
CC_FDD4C2065540,0.30972516038780257
CC_FDE57A2C5156,0.199009001203689
CC_FDE9920975F6,0.24811325869259981
CC_FDEC856F9C6D,0.0675189630689137
CC_FDEED2AA92A3,0.4295859390964382
CC_FDF5607ECC1B,0.07220575116422699
CC_FDFED3D7E70E,0.1629217942037817
CC_FE0324F99784,0.11468062863972373
CC_FE0A18D6570D,0.05107941104324763
CC_FE0DACAC84BC,0.2550438028430332
CC_FE16586C9FAB,0.19864532443715788
CC_FE16FBC86237,0.19185883725071876
CC_FE1C808C4515,0.0757441318981503
CC_FE1E64201B9F,0.11953077582779549
CC_FE33D60E29EB,0.03898488646953844
CC_FE3ACE674BEA,0.13324594517305832
CC_FE468E9AA9D9,0.040024289488920915
CC_FE5AA923C220,0.18822429966271698
CC_FE6C777DDC19,0.07410143160601632
CC_FE6DD8C8EC90,0.2595635497759264
CC_FE7A84AAA8F7,0.11036028405399426
CC_FE7DB6B410A4,0.12917789402311108
CC_FE8691B1F3D9,0.08688585117255618
CC_FE874279A94B,0.09871046200891487
CC_FEA61499305D,0.185346372321276
CC_FEC22B334AC5,0.1410640730525404
CC_FF045F9508F2,0.17844169114911784
CC_FF0EFF711598,0.25831709786586493
CC_FF12F53D5676,0.04227650569936627
CC_FF13D426EC1C,0.14736129762921624
CC_FF16A7C8600F,0.23466251844270297
CC_FF2236DC115C,0.4072749397761653
CC_FF2725428B6F,0.08503452411772774
CC_FF3176D91690,0.11316689447197509
CC_FF393D295D66,0.05086919687939774
CC_FF4598202C5F,0.6061728011346231
CC_FF463A4B3D04,0.2531038563035377
CC_FF4703F7664E,0.06438231908397424
CC_FF86EC3C0851,0.4969632781588835
CC_FF8A580DD831,0.1760174577129149
CC_FF8BD8697ADE,0.14434571654234657
CC_FFA681A2054A,0.05431113103916955
CC_FFB6B2D2BB2A,0.35039731933007884
CC_FFBFA27643F8,0.13211312994775548
CC_FFC81CC80F9D,0.14117593609031331
CC_FFCC9C0763D4,0.11274634713496827
CC_FFD4E33DC920,0.5256165819047991
CC_FFDE11143038,0.07304938171184563
CC_FFEF28047C4F,0.37119070879193844
