client_id,default_probability
CC_0012A082B7B7,0.12171624969273312
CC_0012BC27DFB6,0.14181073987040502
CC_001563B2143D,0.12629387983027732
CC_001B46930B6F,0.1089823159835265
CC_001D771E1C9F,0.05099889278220391
CC_0028BD91E759,0.0699693703974234
CC_0029971D7EF4,0.20186368150295933
CC_002B8C00B239,0.042836818471350006
CC_0035DFA86185,0.7757808769914754
CC_0042D11A6D0F,0.06210072124345249
CC_004D21A4ABB6,0.12799659284897158
CC_004EE05FC2EF,0.492217976185201
CC_0050E546EDCE,0.7140396587670548
CC_005D7F31F785,0.0737986109859085
CC_0079996ED779,0.18437074510463264
CC_0082B4E1D9CE,0.049212677986603504
CC_00B01C73CEB8,0.17842961833305734
CC_00B74FFEEA53,0.1852170569184893
CC_00BF6791C18C,0.10008634795674712
CC_00C5E30B288C,0.3209764619451607
CC_00C68CE1CC12,0.3781178651178114
CC_00CC4148959F,0.17154627545421774
CC_00D428772D30,0.33072960969059384
CC_00D5806C7783,0.08975765922735171
CC_00D5C677C2AE,0.49496590037997334
CC_00DA781C4D66,0.08258044056167602
CC_00E7E2D6B548,0.21460175912503404
CC_012BC0A68DC1,0.0834561346183371
CC_014911033882,0.13862506999542407
CC_014F7EF4E595,0.6616870516346325
CC_016501B25F2B,0.05342648682630282
CC_016767D9B049,0.04804934482034451
CC_017598512EA2,0.14174100586073052
CC_01941532C804,0.19202225441998821
CC_01A66C6E22FF,0.7612111566452657
CC_01A684355200,0.17351296203783922
CC_01AC62740827,0.11560937044167871
CC_01B0EFE5DB79,0.20706262091634373
CC_01B876B2988F,0.2110688590617476
CC_01CBB64C1DB1,0.36656500192646496
CC_01DBD993A1FC,0.06222936711517982
CC_01DC49D55C2D,0.04502816311469158
CC_01EF18A3ADBC,0.5313221917344593
CC_020252D37557,0.17718915941119884
CC_020BCDBCA8CA,0.3369113088781037
CC_021A6DD97ED4,0.14203535223800262
CC_022054506F33,0.08153685211447775
CC_0225D6231EAA,0.06836437700069492
CC_024B524B0176,0.0371749405044787
CC_0256303A6DC0,0.22971966760468848
CC_02589E6E4714,0.07253287828735688
CC_025927626E10,0.7386539608240152
CC_0283023DB294,0.04149253020219251
CC_02903C6FC0C0,0.2167575626045023
CC_0296E572CF21,0.054628983466607564
CC_02999E509460,0.579435585603494
CC_029E835D91BB,0.08026002457295481
CC_02A32EC3526B,0.13910243961235474
CC_02A393632CD3,0.24435811843065966
CC_02A3E21B28BC,0.7217767564869209
CC_02A4B4644529,0.10794115047652231
CC_02B43865B30E,0.059915671812668825
CC_02B5A1A178A2,0.17976855279245052
CC_02BC4785773C,0.2484991836017687
CC_02BEDD9627DD,0.7043543421562708
CC_02CD2C1EFBB0,0.12092495091207495
CC_02D4430492D3,0.3327021386031739
CC_02F79A06858B,0.11288028083327514
CC_02FA254C9D43,0.0563719497272062
CC_03062402B4EE,0.057482305968835745
CC_03072CF2EC63,0.36605926575084674
CC_0315369B079D,0.09613179071539701
CC_03199242A810,0.19220646089457716
CC_03214BA76DB4,0.1929393775336618
CC_032735A44CC6,0.061215980232827344
CC_0330340F2FE5,0.17561402800965606
CC_033236FAAFDB,0.15298816811856453
CC_0337298F948C,0.04440116646833948
CC_0341CAE5E2E8,0.18874646883925428
CC_03434E2371CD,0.3160963895642126
CC_03547AAB948A,0.21850605411456198
CC_0354D0453D8E,0.09823271048531929
CC_03592E51F427,0.7709294469690908
CC_0365DEB525A3,0.08063262717203173
CC_036782052BC9,0.33545743765149993
CC_036977A50F1A,0.14909436841413778
CC_03720D08B8C2,0.254633573234727
CC_038AE599BCA8,0.3112011563912382
CC_039E67CDFE1E,0.307646665490389
CC_03AC962FC717,0.17740764733675973
CC_03B00DFA3A85,0.7878546028492577
CC_03BC6380E968,0.46483849437123326
CC_03BC730E0B02,0.02726193575706279
CC_03BD4F22DA3D,0.14602180529385286
CC_03C7E1EF6F69,0.8083018606567973
CC_03C9FA383477,0.08002502059111202
CC_03D1AAE90CA6,0.05932221787866481
CC_03DBB9598F39,0.14413808783132342
CC_03F18B43797C,0.10021506884161203
CC_03F80118E46D,0.060234748251226974
CC_0405E0151A6D,0.16810006661527827
CC_041FEE6C805E,0.36320812592912255
CC_042F88EE269B,0.17559122624396062
CC_043D98ED7F98,0.15893058890216125
CC_044C3537B769,0.1724765783813988
CC_045932C46685,0.1420970543732557
CC_04629624AA8D,0.21530500390483498
CC_04690B4A6AF1,0.23725048200014914
CC_046CF40369FB,0.11535860738638994
CC_046D6EC816AB,0.40533481854443604
CC_0475CD95EDC9,0.1044115797970521
CC_04796F06B82B,0.12186032964788612
CC_04AC7C1CE736,0.32130136061254566
CC_04AEDD051B96,0.31355968212933333
CC_04B42AD0E01A,0.3262486745528239
CC_04BBD1DB360C,0.2926549903342012
CC_04C767FFDA0F,0.46069262116977794
CC_04C7B819B9B9,0.11256145854872132
CC_04D127A775DE,0.09738513885458766
CC_04D9ED00053F,0.07754096903469876
CC_04E0EFC4F548,0.27872310906518993
CC_04E6848903E8,0.03863133994750009
CC_04F69D03ECE1,0.2585791914432114
CC_04FA1CFA1DEB,0.25447408792965975
CC_04FA6842AC62,0.04337466572091163
CC_0502F3791166,0.2935818867255303
CC_050B514E15FD,0.1712392307708288
CC_051ADBD6D835,0.1075811085356472
CC_051B4644216C,0.06412237416819305
CC_051C0A644DD3,0.028436411876958282
CC_051CBF566856,0.04396940513165347
CC_051EEA9AE819,0.15634056320390627
CC_0520E27BE904,0.16704750886252306
CC_05224448D290,0.1273937542424351
CC_0525DE4744C0,0.05253037734095899
CC_052F5CD81EFE,0.16743133072601685
CC_05368FAD2E6D,0.07831045803311235
CC_053788B82006,0.11196538778354914
CC_05471A48C6F5,0.17496187024372883
CC_056DBA1A87BA,0.07227321189605723
CC_05901F3E7A0D,0.18963020698433614
CC_05906BC8ED3F,0.17096574266837333
CC_059D55E32C78,0.08558287094325129
CC_05A12EF84A86,0.4875657380260744
CC_05A42D035609,0.1720608346266631
CC_05AD75A5CE38,0.059530194695712566
CC_05BBD4B92613,0.6222377844873286
CC_05C8EF6500D7,0.7907813857701715
CC_05DDB7B07497,0.0732724116058153
CC_05ECAE6E0774,0.2557695651246588
CC_05F11F14DF9E,0.32110350674049426
CC_05FA9192590F,0.1609443714986728
CC_05FD764FB154,0.7681314742947334
CC_0608DBB4DF03,0.2844801013039476
CC_06198383F6D4,0.12852051588924696
CC_06199EBE2B05,0.2050196985431808
CC_062A8881A331,0.05732840793468427
CC_062F74350907,0.05142389665676491
CC_0635AD30F004,0.7743655530894846
CC_0639F539946C,0.31608897532866265
CC_063DDB42CF5C,0.06788982780989566
CC_06405C00E240,0.23646524570221233
CC_064920FC9DAC,0.06787169083499035
CC_0650AB329174,0.7519959069230755
CC_066941B109B9,0.1510028901997696
CC_066AA16F5874,0.2727493472703605
CC_06732311FB8B,0.15828266545100161
CC_06780061F889,0.10722068708040164
CC_068A81B06B74,0.4052067411873258
CC_06A1C5FE269B,0.29676250548556715
CC_06AA7138DAF8,0.04569614755702279
CC_06C0DD0D066E,0.7576825748408202
CC_06C97CFBD476,0.15153083127103428
CC_06D15F523C05,0.2031041092173494
CC_06D35787AD65,0.05048825269643345
CC_06DA375201A2,0.0931534753254272
CC_06DB455FF19B,0.6693124216338276
CC_06F3674E7313,0.47068469386964285
CC_070232DF9996,0.1371901431651329
CC_07141FA77DBF,0.1229541694952114
CC_0715F11CC8CA,0.21428487374779825
CC_07168A9C843C,0.19790262220341587
CC_072AB9F855DD,0.04060386232645476
CC_07337AF6AC2A,0.11647960485463899
CC_07434E4E5C28,0.06456380949627313
CC_074381358A2C,0.050611933679874516
CC_074E7CA75E8A,0.290627429613869
CC_075D0C618BAB,0.2196663398289075
CC_075D804F7851,0.10718619637220764
CC_0765961D818F,0.3875657781107231
CC_07698F10563E,0.057704607416270384
CC_0773B9BA9E18,0.30139296932106496
CC_0784ABDA7F8C,0.22138337979233413
CC_0790C9F9EC9C,0.09119251669504488
CC_07A996E6CA6C,0.24223565147161705
CC_07B588ED677A,0.15408769243477732
CC_07B730FD7F82,0.14621980799134301
CC_07BE6961D039,0.09827618869458715
CC_07D23A6BAF5C,0.13285871595107382
CC_07E08196A3DB,0.05717884632033072
CC_07E4850039B3,0.11246427876951409
CC_07FAAF8B2D23,0.051778918908191
CC_07FB3FD9BE0B,0.11069325898198856
CC_080CB94A724F,0.360781772155018
CC_0837C56711FE,0.10660378567216262
CC_084100A049EE,0.04502521511707127
CC_084113D0951B,0.24406342440302276
CC_0843DDCDD601,0.6277395020488685
CC_0846C14EAAFE,0.061905370446225176
CC_085091ADED2C,0.1622685395265045
CC_087943B4A5D2,0.15161960840985916
CC_08A97B98C405,0.14143016385022902
CC_08AA321BC4AD,0.16673804241159815
CC_08AA44ECBDD5,0.06722846360126655
CC_08AE2EE9D798,0.20752569894810394
CC_08B149462891,0.19862215139090345
CC_08C71A8D2D58,0.05827244173448815
CC_08D645F7B257,0.057481956007863134
CC_08D80BF0B273,0.055902196524751535
CC_08F52B1BE431,0.20762034444546057
CC_0903571AC7E7,0.16681544368877738
CC_090D528C09D0,0.43595192079460077
CC_09106BA6CFC9,0.1067251556105997
CC_0915905A5D48,0.10595474510742187
CC_0918F67CDF01,0.1697031574947392
CC_0925D0B6276C,0.1345830995462738
CC_092A2830E36A,0.8026952515805339
CC_0951489C8F79,0.044452072307387416
CC_0951FA4D5513,0.11964225385394973
CC_095C712064EA,0.09315509896708093
CC_0969AA7BEC71,0.08815310491862813
CC_0974840BED49,0.7745040171531484
CC_097BD371F652,0.10130180470277644
CC_097C8139DBD1,0.06641164355596875
CC_0981CA4DBCE0,0.03692385304091169
CC_09A5D2F129A4,0.2642764127909036
CC_09A9BE38080D,0.09020394754586815
CC_09CDC42E000B,0.23269360350593835
CC_09D8DBAB2A42,0.10804695276865037
CC_09EBB1960580,0.04563212175051205
CC_09EBF206FEE6,0.18575000595302266
CC_09F2AE996181,0.09072904026240855
CC_09F45833F53F,0.1391366551857625
CC_09F4F5C5B4EA,0.7727786664985734
CC_0A04BF4005F8,0.17973395370260026
CC_0A0E563D1060,0.09211542102103168
CC_0A0F781A999D,0.22886563345748867
CC_0A1138C37BC0,0.16097076122128698
CC_0A334A16524B,0.06457171364865438
CC_0A359CD5D73A,0.07554585364186905
CC_0A3E2C273DB5,0.07159242307968228
CC_0A4705B1E08B,0.05894875420601452
CC_0A67EB7C5282,0.14076435436128457
CC_0A6CD64871E5,0.3476769148386617
CC_0A75643FDC7B,0.06763480473482678
CC_0A8066F501AC,0.050861526376215736
CC_0A83017D027D,0.19315988783828802
CC_0A9AB7441D5B,0.3131864100822366
CC_0AAA72FA148E,0.31786005547896173
CC_0AAC488C8AE4,0.41690604462131853
CC_0AC2DB82398C,0.31442897892665717
CC_0ACA2C49A497,0.11382066052880432
CC_0AD4BBEA75ED,0.04960226869026031
CC_0ADCD6553B8C,0.054922428402087456
CC_0ADE56B56C41,0.046951114630766067
CC_0AF4B5B4162F,0.718274049076578
CC_0AF9BD814AC7,0.11505048207957122
CC_0B083BE0FEA3,0.1103224605897997
CC_0B1384331163,0.056083357881714514
CC_0B216C6AF0F2,0.03176104958691384
CC_0B3465DB0684,0.568285729760597
CC_0B442B91679E,0.10996998835975814
CC_0B455175F494,0.11243423026378824
CC_0B4C01B4002C,0.1899600530603427
CC_0B544A526D6C,0.05283041514539024
CC_0B5B19AFCD18,0.05456325796803662
CC_0B5BD2D224BF,0.07535095833287736
CC_0B6407C2C9BD,0.15731842104495253
CC_0B73F59991EE,0.07347644561053285
CC_0B7579216681,0.08896356305818343
CC_0B7F3B4B32C1,0.2157301159694916
CC_0B830A67900A,0.11505449217198578
CC_0B84250F96B8,0.24835673723382815
CC_0B92212B8E27,0.34332836271487044
CC_0BB43BC4B3BC,0.09419352808782905
CC_0BB992973640,0.06804065595789936
CC_0BBC41297846,0.10470657414842868
CC_0BDDB468A1E0,0.30876786138235035
CC_0C00A631C2B4,0.07534693000853251
CC_0C011AF6C857,0.34612507467303144
CC_0C0459AB67DE,0.1437493697171074
CC_0C18B07E451D,0.12149712225687358
CC_0C19EB845CA2,0.2242333109443551
CC_0C1A736F37CC,0.08674864391622422
CC_0C335C9D86F7,0.7909141249894855
CC_0C4C24D066E9,0.17691752942579972
CC_0C5499989AF4,0.1873525603646077
CC_0C95548CC1BD,0.15496198793650934
CC_0CA2DE660B41,0.24152307776568271
CC_0CA6D8CFCF2B,0.23449045425231735
CC_0CA9DF9C5C15,0.07325608060682634
CC_0CA9F52C92A8,0.18431756259508864
CC_0CAFB6C41CE7,0.11283580555805584
CC_0CB27D5313F1,0.5588224985408987
CC_0CC9DDDB8B44,0.06564435250348269
CC_0CCA18595BA5,0.20892553307555523
CC_0CD90568D3E6,0.2260705131402705
CC_0CE0D56B0584,0.09099762887592458
CC_0CEA028BF961,0.2970672039033594
CC_0CF67D68AF16,0.32051841875962284
CC_0CFAA0FB0691,0.07506106000533441
CC_0CFFD2785D2D,0.08450998629497355
CC_0D28AF91CE97,0.14457637863747685
CC_0D34E55A580B,0.10961957547598575
CC_0D3663B6524E,0.7395789765993581
CC_0D3C2864ACD2,0.3153829082734937
CC_0D5F4BE8132C,0.1797555879147558
CC_0D6D5ACB0889,0.23573436292526162
CC_0D7BFE8CC0D5,0.14331675020149925
CC_0D8852AAB481,0.17634624255350717
CC_0D97EF394C79,0.3889691215195886
CC_0DA8FDDE6DD0,0.07201687662568829
CC_0DABB89E37CE,0.07747604636664678
CC_0DAF0F2FAA86,0.09161204281835947
CC_0DB9E5F8EDAD,0.08453626677716655
CC_0DBC64F88C05,0.15231896576969015
CC_0DBDF018E822,0.08908409666196754
CC_0DC31A5A1096,0.05383102825374665
CC_0DC3870F23D0,0.04018201284549864
CC_0DD39F5D7C0D,0.07516793692334556
CC_0DDC2C18BBDE,0.06633486330623593
CC_0DE09CAA93E5,0.14897688975889917
CC_0DEA4477FDC1,0.10280580359550455
CC_0DED63EF6639,0.2006477282110951
CC_0DED7DBF26F6,0.2495359617487115
CC_0DF01CD21B9D,0.18121797652416788
CC_0DF6A478C01B,0.21180086430308798
CC_0DFE1A3FA5AE,0.14412740381004296
CC_0E07D5FB24B2,0.10441520269375873
CC_0E0CD9F23A5F,0.7560102083368672
CC_0E121FCB1D47,0.08709437852490984
CC_0E1423A4C263,0.21660941573903897
CC_0E16883EE8E6,0.3982882505244637
CC_0E1A2BA1C545,0.202056514612572
CC_0E2B52BBA69B,0.08180299844664624
CC_0E40BAFC3530,0.17141592165791214
CC_0E48EE235179,0.06934208333590189
CC_0E4FA0FB9797,0.6013459645348763
CC_0E5162F59924,0.7517852548660285
CC_0E5E2FCAC8C2,0.2540108447390547
CC_0E68C2BE2A75,0.132061892705981
CC_0E6C5A8D8CE4,0.12073395326668908
CC_0E6E9B0E674E,0.10003361732468213
CC_0E746EAD6CE9,0.08981597928613877
CC_0E968E7C22C1,0.40024730425248845
CC_0EA1483F50A9,0.15437088254848713
CC_0EA81362C7D1,0.17530281530310077
CC_0EAE97520873,0.3649649181117574
CC_0EBCF4228FF2,0.4606597927591586
CC_0EBDEFD0BDC2,0.07294138802952649
CC_0EC6AEDA63EC,0.31489730773136604
CC_0ED61DD76795,0.08304452086041456
CC_0EE33B1B71D5,0.13867956827522157
CC_0EE7EFF13EBA,0.05849134584121745
CC_0F0F136B0991,0.1477294489935473
CC_0F0FAF218BCB,0.06319537694676111
CC_0F125B48F175,0.10934156713926162
CC_0F292A238627,0.10369269223045569
CC_0F2949A1746E,0.08221920930290799
CC_0F2B71163121,0.08462298845501831
CC_0F393F1DE2EB,0.06545222196842215
CC_0F41B187053C,0.3602491628108593
CC_0F52EDC9D383,0.11960752824440188
CC_0F62C4F36236,0.09237611547171838
CC_0F6A29CE5D45,0.18774464984445655
CC_0F7C0515A6CF,0.15871940516277022
CC_0F8D6C89202F,0.1757447363821673
CC_0F933684CC08,0.1715497569203417
CC_0F9BA54F2AF6,0.05295287934899988
CC_0FA06CE7FAE8,0.047711813442611994
CC_0FD25AA655DA,0.16999485867378153
CC_0FF5570E06EC,0.7067676240889895
CC_10197FE0E34B,0.6766339003752314
CC_10355B5718CD,0.10410154867494262
CC_103A9D18EC12,0.154434756820831
CC_1040DB6A21EA,0.11594960053994946
CC_104D2B84FC4F,0.04617205359877492
CC_104EA2802A11,0.09344596161436342
CC_105777B1BF91,0.06537031914062705
CC_1059F1B6C0C3,0.12264022547744069
CC_1061947FDD14,0.0692042919061305
CC_10689257E68C,0.3262910878109486
CC_106BFCFA7D7B,0.04584508829584466
CC_108FA04AC10D,0.09836732336917595
CC_1092915D0093,0.12698410637743088
CC_10A30F88E157,0.1703676571357491
CC_10A657027AC9,0.7336473780770496
CC_10A6EAF27BF3,0.05237370533706209
CC_10B148BED568,0.3814972493752734
CC_10BB7101F191,0.059957034423316
CC_10BC5BC3A9AD,0.36656691440283873
CC_10F27C70AB99,0.11003389642383377
CC_10FADDF63CDC,0.16062830493132793
CC_1107D9301AA0,0.08073761595107137
CC_111A6DE5D9C7,0.7274856493327044
CC_111DC3B1756E,0.2720167879196975
CC_1131156CC6F6,0.14563163417056257
CC_113B66D5D5D9,0.15412845201326603
CC_1143254EFF36,0.05608352026897901
CC_1145E5277FA7,0.319702528676581
CC_11521077BBB0,0.13643351343147192
CC_1154861ABCCB,0.5338065329072272
CC_115BCAEAE2A0,0.07849275414906395
CC_115BF13E8BFC,0.2312751002560118
CC_115EBE5044BD,0.3481717301144994
CC_1165AA07FC47,0.7163723196352386
CC_116EE8219753,0.060372056714821015
CC_1176FA3233B3,0.0518285065263569
CC_117C2A1587ED,0.08541678568693736
CC_118C0A1D14B2,0.23561374124632328
CC_118ECB589F3C,0.1043309023781129
CC_1190F13FB1FC,0.11327819490489494
CC_1192EEC65A1E,0.2202574898424988
CC_119B1FEC4D83,0.24104155581857445
CC_119C413C2580,0.13190314284498522
CC_11AB74142A2E,0.8118417117793801
CC_11C8A291FD11,0.17457659111924675
CC_11D1E9C39E41,0.0798592422621201
CC_11D600EE1BD6,0.1522122722520714
CC_11D7539AC69D,0.22098763172561536
CC_11D78BB50016,0.12792368784638808
CC_11E0C583685C,0.08667384246831467
CC_11E0D2F15AA1,0.04864378020155566
CC_11EDFE67C719,0.6702063397726747
CC_11EE85F284B8,0.23592983648288007
CC_11F700202C6D,0.16146825696218575
CC_11FB668DF543,0.11288250259853619
CC_1209FA26609D,0.04326875004727679
CC_120CA1B916D0,0.1073914091672746
CC_1210186F4D33,0.07163434256075572
CC_121F621374FC,0.18752285032981533
CC_122532C1FBCB,0.1224141872376906
CC_122B19CBC88C,0.6770097482260367
CC_123C7F0111C7,0.6063705505039909
CC_1241EE42F174,0.13506016094671824
CC_125B7100F1DD,0.11786871526316307
CC_1263B255B3B5,0.1813219335985489
CC_12878596E940,0.07639916913473535
CC_1298ED71A9E0,0.056464656400581965
CC_12B555C6F086,0.13366387544120367
CC_12D22C629874,0.1826957657687348
CC_12DD89EA0C14,0.15838742070891615
CC_12E24CDE2684,0.19085610826145502
CC_12F3B7309455,0.6049980418992549
CC_12F8E7A4BBE5,0.33978500924760235
CC_12FDEAE4873F,0.24912522189363334
CC_130F7B067939,0.37619953040877097
CC_13209EDC85EE,0.6725396697998836
CC_1332B6F0E543,0.2119509009509416
CC_1334E256AEBC,0.6303500605078466
CC_1337726B2AE6,0.0946422729671683
CC_1338237BF402,0.1747005200260169
CC_1341DF38D9C1,0.17766074303393192
CC_1342F868176B,0.6607351879387589
CC_134651CCD2F8,0.15414780929081917
CC_1363E3090578,0.07585894577672089
CC_13736493B695,0.05048162015104045
CC_1392DE633D4C,0.2593697152957558
CC_139ED2E0AD76,0.10096113505666451
CC_13A5383EA098,0.6120284554065645
CC_13AA272C6861,0.08730067129827251
CC_13B74E4EE3EF,0.18027346880192524
CC_13C437E86B81,0.5083862794941096
CC_13D61B077E7C,0.07880020960193289
CC_13D7115A8FCC,0.18743506797437992
CC_13DFE319B21E,0.8150616664229902
CC_13E0F0B3FAE6,0.22315901451104642
CC_13FD88C2920A,0.6890812511252378
CC_1401CB818627,0.24176015253269714
CC_140B86E74F74,0.824942606480132
CC_1452A0B69085,0.03940766473185176
CC_1458CA7329A7,0.2611266349003925
CC_1459E7125AFB,0.11029438814214598
CC_14633EC7F622,0.37018387711770795
CC_147B1B30DE7F,0.12164935463004437
CC_1484511F54C5,0.3565778205122312
CC_1489A941A69B,0.3137833771729004
CC_14A8B16706E9,0.08314645357069698
CC_14BE52BADB77,0.10317568798831654
CC_14D53413FBCE,0.3299413711047601
CC_14D59B58E51E,0.17470689943471568
CC_14D964327B1D,0.06259960792505066
CC_14F5D06CF093,0.13858861361676914
CC_1501D63D5A80,0.31401886576227817
CC_150E3A0E5084,0.23741425470126726
CC_15152312AC56,0.058694145052667845
CC_1522BA0411C3,0.06067155714609762
CC_1534B0241A1B,0.05383154686021714
CC_153BE2BEB74C,0.17752404746151423
CC_154BBCD4DCEA,0.256814915957164
CC_1552EC27FC0C,0.6780230416655915
CC_1566BFF4BCDC,0.32733756167114264
CC_1579BD86A63D,0.3144695704398526
CC_1583CFD90530,0.2609819854778945
CC_1584385F38C8,0.055535957549092255
CC_159656F13BE8,0.0996263030347987
CC_159B6F6AAF1E,0.11457728314963693
CC_15A4934FD96E,0.1112344385614792
CC_15B2140CE869,0.0867239387140866
CC_15C0972DE384,0.6084308820408779
CC_15C0E30FF2DC,0.13811176521480092
CC_15D617FAB434,0.058346946464538474
CC_15DA0F4FFF0E,0.3163345122494732
CC_15DAE76D15DF,0.04785022486843374
CC_15DC7C139EBC,0.3517773596889161
CC_15EB741857ED,0.07674723329896072
CC_15EC51F4C521,0.2867066570965039
CC_15F6259C7C53,0.07605259756716863
CC_15F7C012E10D,0.4033391378979002
CC_15F7C1BEC28F,0.1775248540657491
CC_15FF58854AEA,0.295654514920178
CC_16035CDDC2F6,0.1541669026573646
CC_16095572722B,0.062322013679726306
CC_16109F1CE0A6,0.3300295207611571
CC_16150E74E4DA,0.18465918917622653
CC_1629E47AFBA5,0.08477716141634228
CC_162F4582D06D,0.6784200411355521
CC_163194DFEDDA,0.04998888858223405
CC_1640F01B7730,0.10148496325161963
CC_16460554039F,0.03811837520324046
CC_164D308CDE41,0.20559589347025095
CC_1661041F819B,0.796857234489597
CC_166829780A76,0.12264436601256767
CC_16798666E855,0.10281572354472332
CC_1684B5493414,0.20358801826055245
CC_168A8907C8F4,0.06032460075590028
CC_1690EC56D088,0.07983754722726363
CC_169853EEAB4A,0.10656432708699795
CC_169B7FD839BA,0.14645418850614483
CC_16AED1A3008A,0.11640968738816045
CC_16BAC7837C73,0.16103077892534717
CC_16D57E1EEA01,0.12832720359701394
CC_16D833E56D7A,0.16569905672254287
CC_1702487A047B,0.17515890678209523
CC_17029F78E70E,0.06235413421649171
CC_1702F3E986AE,0.06564755616715648
CC_1707181BB559,0.05387343388068286
CC_17117BF03935,0.23304070212102276
CC_1723E40C3D40,0.21497961294397686
CC_174FBBE9ADD9,0.1501313372548208
CC_176E6E58FD1E,0.11769862054504468
CC_1783F37259BE,0.09723291164276601
CC_178B135605CA,0.09989103584364152
CC_179AA5165026,0.33318253642710083
CC_179DBA1C4CDB,0.369267116550553
CC_17A1090B69C9,0.10011631277100401
CC_17AA1A4C904D,0.2233733172211294
CC_17B06C06FDC1,0.15752273023427202
CC_17B89AC1FD03,0.2002759800196638
CC_17DC33AA73F3,0.07069445276854042
CC_17DE4D267831,0.09043083221661666
CC_17E929BE0344,0.3481334419158405
CC_17EB83DECE5E,0.4170967533176642
CC_17EC9982E5A6,0.17775817170447436
CC_17ED5555B4FD,0.23012359385532433
CC_17F4292DAF8D,0.11576449150781984
CC_1807B0980C86,0.08137520039441097
CC_181354A58B53,0.10021243536443374
CC_181E7266E018,0.09580841004084628
CC_182AAE7CC3CA,0.4621287137358656
CC_183EDEDC5DA7,0.10847673072420991
CC_184C47552665,0.22110660627542292
CC_185A7392A475,0.29943702196326505
CC_185FEFD3233A,0.3874075630105751
CC_18676FE5FC07,0.09126509621876443
CC_18776C4FDE28,0.08121664849672777
CC_187A8AECEFBC,0.18926329859199081
CC_187E7D0B4E82,0.721083303108765
CC_18839D393105,0.13517402442630594
CC_1888476F6CF3,0.08724121796107115
CC_188B1ED2AAA5,0.32437898108133134
CC_18A4257C3172,0.3064184712903381
CC_18A7929D9FC9,0.2005202756406172
CC_18A8695F185E,0.11502236291375431
CC_18ACE64E8F74,0.18804930228814404
CC_18BF4A29BB38,0.12613159509729194
CC_18DE36F7D294,0.1765320676569797
CC_190EB07AC1FC,0.12566359720932668
CC_19219F2C60B7,0.16630277605328483
CC_192262DB0B0F,0.08456566593698621
CC_1929746E06CD,0.6359056095598807
CC_193356E72D61,0.6644206792624513
CC_193938E8EA40,0.1868239755967871
CC_193C60092202,0.5206195356255411
CC_193F669537D1,0.14377907499349765
CC_194E13150BE5,0.059335174948848456
CC_19556DDCCDB3,0.03952118040127074
CC_195A6E9B48A2,0.1510241392051726
CC_196DEC616B33,0.08939946520233985
CC_1978B23D64A8,0.12038027443509658
CC_198562A4BD86,0.1272971095195912
CC_19864C9572BC,0.1739754978539271
CC_19868B6887C9,0.12000812126512458
CC_19969E05AB2B,0.15830235584124944
CC_199FC89885C7,0.11810774754783906
CC_19A40411B404,0.21353659106978393
CC_19A6D9B60B29,0.624505787719591
CC_19AAB010550E,0.06411247096579209
CC_19B4743DFEEC,0.06250956074705712
CC_19B95A61D757,0.19183281150093667
CC_19E6A00F6A5B,0.07479090374292718
CC_19E8DEC29F47,0.5941674364724843
CC_19EA54976042,0.20613966150321805
CC_19FBBEA75B7F,0.15348559432375677
CC_1A039E58840A,0.0645545594128922
CC_1A075331756B,0.11664641443410942
CC_1A1E1302C432,0.15363189517869089
CC_1A37690EAEDB,0.14921556062592012
CC_1A3BF9F5BD42,0.1515140146553051
CC_1A4268FEB02E,0.20875890777600675
CC_1A5F8618A912,0.35851830702004955
CC_1A659D4D521E,0.3782656704978399
CC_1A879655902A,0.07899681583064005
CC_1A9F6DA46BC2,0.1268990950022953
CC_1AAB15E81743,0.04176586732440284
CC_1AAC389EF8A2,0.2921990808907755
CC_1AAD0CE365D9,0.1128380002005434
CC_1AAD9152C90B,0.0434876650317384
CC_1AB15BDA9296,0.077393194313898
CC_1AB8BDA3041B,0.16196516755654516
CC_1ABB9CB074E2,0.7081798245866546
CC_1AC1B1A3978D,0.07314237916246508
CC_1AD20D1F9C08,0.6964368230033684
CC_1AD881A90D1A,0.3457063731999674
CC_1AE9811724DD,0.6570286250629814
CC_1AF1AAAB9D12,0.7664222056221867
CC_1AFCC4D0ABD4,0.17158557962794266
CC_1B08ADAFD1C4,0.1512822806203314
CC_1B10139C7917,0.11526317315101554
CC_1B127133B948,0.12933805860131464
CC_1B25964EA376,0.15683179235603695
CC_1B27A85C7244,0.1825800247627315
CC_1B29F4378A34,0.11884804453577864
CC_1B2EC0BD0677,0.31112445456330917
CC_1B4AAF37FB97,0.08083708074331418
CC_1B5E792F6E6C,0.2676182104438246
CC_1B7166DAA790,0.14972915766132083
CC_1B89FD901C95,0.09508703787033787
CC_1B91E3A70338,0.06409761458812682
CC_1B9D9B7184F7,0.15510087246022147
CC_1BA3FDD92B1B,0.06541922378350994
CC_1BA9B3D67170,0.14726089323853606
CC_1BAF97E2BCF2,0.08751058617465476
CC_1BB7D8A54021,0.09548661491045693
CC_1BD548A5FEF3,0.11996846784934583
CC_1BDF1893ECEB,0.23699301785699362
CC_1BF117A8AF9A,0.06368681289570934
CC_1BFA7E407428,0.6972073184745662
CC_1C0066F472E4,0.6875040873089266
CC_1C09CC2385AF,0.06051546872193022
CC_1C11467AB472,0.67270173390232
CC_1C1627B7EE6E,0.05101946943803487
CC_1C3259B85E28,0.19937770194584425
CC_1C334ED885FA,0.04527992428029646
CC_1C376760FE39,0.09206106266111899
CC_1C39A1ADF3F2,0.16347050229168633
CC_1C450FC77478,0.12555029206042467
CC_1C48409023DF,0.40776257541541755
CC_1C4D03324C60,0.34536006521356666
CC_1C5F1E1028DB,0.049577874260664234
CC_1C6681C0AA7A,0.7875789413847294
CC_1C84CFE19CDC,0.21395960013015677
CC_1C8B3F689C6D,0.23655594113139278
CC_1C95674B902D,0.048087960435636665
CC_1C9A4C11F28F,0.1786449087756864
CC_1CA3F50BABEA,0.1007881405210074
CC_1CBF42D35AED,0.6270538347376884
CC_1CC11BEADBD5,0.10941835635160066
CC_1CC3CE396A8A,0.27037969087670366
CC_1CD2B13C2E6B,0.09199411205418911
CC_1CE0B37CA670,0.08263461391280313
CC_1CF5A99FC068,0.13759297584461977
CC_1CF71AEB6671,0.07532109352318528
CC_1CFE066F5EE4,0.17706199919221355
CC_1D00B360809D,0.06965402786540614
CC_1D1173F82F2F,0.10768653348078158
CC_1D1E06E0B393,0.17325870945300553
CC_1D2789866B1B,0.08764215929694061
CC_1D2DD7DF781A,0.2562996273411994
CC_1D313498A2DF,0.20046806900561714
CC_1D68396533F9,0.3277669948720209
CC_1D7235BA1EAF,0.18214042968037147
CC_1D7ABAF9D080,0.04960816438080163
CC_1D7FA51D0D7D,0.46580741368172557
CC_1D8CFB3589AE,0.060707188444737575
CC_1D9421A6EB19,0.31524969119116025
CC_1DA0AC68719F,0.3583097478162428
CC_1DA366D588B6,0.10029319484290983
CC_1DACBFE0296C,0.10551998795800172
CC_1DBD6A716910,0.6106001831376072
CC_1DCB75B5CBDE,0.3336315570376647
CC_1DCDADBC0E90,0.4197992851242097
CC_1DD11FAF43E8,0.13296690687081686
CC_1DD8064E71C7,0.1905333337533315
CC_1DEC926EE25C,0.12604752296685742
CC_1DECBAE4FC5B,0.05179275109790954
CC_1DFF80E6D4DF,0.06423187792043986
CC_1E025C3597E7,0.28956218696017166
CC_1E082052CCBA,0.6446974562035266
CC_1E0E30441DD1,0.1919687873412198
CC_1E20E200611C,0.12439309792684783
CC_1E354C75EB9B,0.0363502848049966
CC_1E3B2C15EBCD,0.1674954173841125
CC_1E4DF11FAF55,0.1424774955384691
CC_1E4FE60DFD8D,0.7138176025584044
CC_1E5A648D299F,0.19669738452422478
CC_1E6C0A8B3841,0.6731867017392071
CC_1E7FA6E807A3,0.20922361650262683
CC_1E93F760EC93,0.25296881709215563
CC_1E99F40FA03E,0.08326589353605701
CC_1EAD09DBC23F,0.2384645144794128
CC_1EB3D53252DB,0.24338334446382714
CC_1EC889E04D69,0.10213537816546078
CC_1ECCBF6853F6,0.4919968651684766
CC_1EEC4520436C,0.15908197680559275
CC_1F2827DC99C0,0.15280720598475314
CC_1F2C184C5227,0.10472214471367017
CC_1F3FA8091B02,0.1185552674117361
CC_1F4E07BFDC8C,0.051626448240990684
CC_1F4E0E9B54BF,0.07274966655046339
CC_1F55738A6A27,0.3198844153636839
CC_1F65276D0EF8,0.10362586773160673
CC_1F65C797BD40,0.043619773781025245
CC_1F668C0AE868,0.11677726644362542
CC_1F6B19A04BD8,0.060316235075123965
CC_1F945A60367E,0.4812002464821607
CC_1FAB6F11DFCA,0.6364492588921569
CC_1FACCCE95224,0.2643695213117154
CC_1FD010E5EA82,0.07007042084308437
CC_1FD2B7BCCD20,0.6786447825521071
CC_1FDAEC3D5CBB,0.10594570976531376
CC_1FDC65FE3DBE,0.12496119505990408
CC_1FE696D8A81B,0.07201333455256946
CC_20027685F59C,0.7558420644081771
CC_2009F3D77774,0.11219090886447737
CC_200C552C40F3,0.13829511361342967
CC_201459527065,0.12319069725882338
CC_20275029A688,0.07018980321414192
CC_2028DA597C34,0.21547586814978453
CC_204E557E5046,0.36252321614051664
CC_20542CFCFB39,0.050620854134845364
CC_2060F813C9B2,0.24150311865164714
CC_20813A9A7F71,0.1402532833272454
CC_208429A11E2F,0.15923757467041505
CC_208B0FE7CBAD,0.09613284970026333
CC_209A511030A7,0.046142980631900324
CC_209DD60421B5,0.07053622673145013
CC_20B26D646D62,0.16961158760768547
CC_20C47966B174,0.20154610319442917
CC_20CFE9681E4D,0.08322647655640658
CC_20D4DB0F3E3D,0.05179583900523191
CC_20DD84CE3CA0,0.09609301954433876
CC_20E57CA675DA,0.5626193485130122
CC_20F129FFBE00,0.23503071205476872
CC_20F4E0F62D2C,0.08587984285897812
CC_20FEE0B2130D,0.5508540128819137
CC_2111B298C212,0.09100844451841042
CC_211315AD7633,0.20757428262312816
CC_211504721E27,0.11557139414788017
CC_2119919BCB4F,0.7409589405098989
CC_21375C9ED931,0.23957386556870777
CC_213D2A5355FB,0.214766953658957
CC_214B50E48E94,0.11928905073123555
CC_215F86D986BA,0.11383949356971612
CC_21600308F496,0.0416980500197871
CC_2166F3F6344B,0.1348005543539449
CC_2168BBB42053,0.09950513211856646
CC_217030CE0127,0.04875148981826012
CC_2179067B405D,0.05015372890499992
CC_219B59B67193,0.1550501906821415
CC_21A9E8DB58FE,0.17248760624634243
CC_21AE679C5E95,0.2394352471316758
CC_21B98D13174C,0.11661387280369401
CC_21C81BC15002,0.11799280544050578
CC_21C9B26CFEA3,0.09282114029384966
CC_21D22081A4CA,0.7622108526161593
CC_21D29CD736D3,0.32342547491242557
CC_21D3CEAF838E,0.17167308583994073
CC_21EF792A3811,0.6309103172574626
CC_21F04E996723,0.5084627938603815
CC_21FB6C8AB8BF,0.4279447156292241
CC_22067686F6C4,0.6861918272698129
CC_2207A39B7BB8,0.12398538584026014
CC_221053121AAB,0.20481202811531324
CC_222423774191,0.06693802072565107
CC_2230EFBC99AE,0.3859672670539453
CC_223BDED2A465,0.2363516739471589
CC_223E3CA7A07F,0.1790788902826912
CC_2250B42E48B2,0.11469021745343477
CC_225935E43583,0.11411641689478969
CC_22781E93CF84,0.16664248003398724
CC_22784AF3CB6B,0.4961470959155757
CC_22831690395E,0.19483181920822357
CC_228E6CBCC935,0.6054407089399578
CC_229338EBBA6C,0.09090290886625627
CC_229A63057E54,0.48021461380944913
CC_22A2D8A4B437,0.07304492839167535
CC_22ADE1EE9BC7,0.11458329732441261
CC_22B69E7C415A,0.051231669493011334
CC_22C590B43FEF,0.29692497355877745
CC_22F06379D8FD,0.04078033307513252
CC_22F282264A1D,0.1310940502682963
CC_22FBF5F0E1C0,0.2248462238922211
CC_2302088175A3,0.25189752591101766
CC_230672EAA654,0.034489364928014465
CC_230870B121F6,0.1309154826112474
CC_230A051B2B3E,0.06514757686652463
CC_2316F57AFB7A,0.0856694543611682
CC_231D091FCD1D,0.06850033557603466
CC_231FDED1781F,0.2414273527192044
CC_2320053D1183,0.06490927221642431
CC_2320AF507566,0.2089028578892122
CC_23321FF41C3D,0.24111894311625764
CC_233470D6BE72,0.5866275283627744
CC_233C8EBC95FC,0.3889358165637631
CC_235F99F13500,0.1644972662822452
CC_235FC02CA52F,0.17658878722530102
CC_236C80CAF53D,0.20404695948772916
CC_236E7222D97C,0.08086774444504788
CC_237B86FDC93C,0.07146672724190767
CC_237E7EB2D7D8,0.12570139134121341
CC_23830081EE1A,0.613110387362656
CC_23894AAA08DB,0.5050642482275967
CC_238CBFD6E20C,0.38396463913038803
CC_2392A4A79C9E,0.042860097800688696
CC_23A474D43C73,0.2009411719097018
CC_23A9CC59BA0D,0.033295947918615426
CC_23B158D8306A,0.1364620485458447
CC_23D147F1870B,0.20116393455765236
CC_23D2E73DCFCF,0.1413891890493216
CC_23D9103D1EAB,0.03720615141878366
CC_23E142182F2F,0.6524955936698604
CC_23E43713A108,0.03990795522223891
CC_23EF2911610E,0.45366087854976167
CC_24056B76BD7D,0.04866290302456993
CC_2416ECE66177,0.150424273585111
CC_241E65816FC2,0.0742350780752579
CC_241F7E97FBDD,0.063450980335628
CC_24217201D7A1,0.3391853180472252
CC_242301FCCE50,0.04981653711791001
CC_242C69CF0B12,0.09954677463407613
CC_243B23702DC1,0.18409523138096326
CC_2456B9C796E4,0.11624334152763127
CC_2457D89CB88B,0.6198328283370349
CC_24667210E2AF,0.22137258777865298
CC_2468D206CAEA,0.0635679201922545
CC_2469630A4F86,0.3265817073485306
CC_2469D83D9594,0.04167592356607976
CC_248C65EF54A5,0.6803161843913403
CC_24BCCA7941E8,0.08232645730265734
CC_24BDC1CE2A3A,0.17987125359368206
CC_24BFCCDF957C,0.05064465499107375
CC_24CC8A1B1CB7,0.13580241786240294
CC_24D4B1852554,0.20470152580294051
CC_24E65FA5A32E,0.13108956389816318
CC_24EF3EDB6857,0.05759168084931174
CC_24F15A19D648,0.19305286482270453
CC_24F2410B5A19,0.14193677911194102
CC_24F27E7DE1C6,0.4485949318250772
CC_24FFFD0C983B,0.042839785565561304
CC_2504E9D5D5E4,0.1862681116584809
CC_250F6A0DB62D,0.0637856111276219
CC_2520E13DF0A2,0.7283405176748347
CC_2539C315029D,0.31172735256330897
CC_25519ED78507,0.19262171919049115
CC_255D49296DB6,0.11219123839558827
CC_255DC60FF5BD,0.04300819539396031
CC_2563C9EF9D55,0.06303465502233965
CC_25756EB9651F,0.14063360704370276
CC_257CC46D379B,0.4449398371210938
CC_258D5F80A933,0.6868819653625096
CC_259D87270257,0.22325561441440894
CC_25A41AB21C94,0.26484486235251464
CC_25ABCDCC8B71,0.13745285337497448
CC_25AF0D0569B5,0.07192016041418706
CC_25B61D393144,0.18820581657123747
CC_25B95D7288CB,0.3836642474833515
CC_25CE2F2F13BE,0.20591212535521008
CC_25D1A5971976,0.35476472880660853
CC_25D411B46F00,0.7223594098881855
CC_25E7A2DC5E41,0.0520381011272109
CC_25F4C8E51AC2,0.4841038526418043
CC_260323EFB122,0.5924097964828143
CC_260F10484312,0.05683990619567242
CC_2610D0F1D0A7,0.16728062222134904
CC_2615866F35A2,0.11121310538449652
CC_261DA4E8DBEB,0.12974570626221357
CC_2628F00B0745,0.3508871879637962
CC_26338E9AD15F,0.15211590461805832
CC_26346B99BDBE,0.6398716547413074
CC_26351DBC1AF6,0.12346145646674511
CC_2637397AA3F3,0.5922440699012295
CC_26675C32611C,0.7411271055061537
CC_266E49E49071,0.17231373254588472
CC_2696368A4DC6,0.04051025779469164
CC_2698641B68A5,0.1034627778998667
CC_269C5AE6A1A3,0.6556972277046689
CC_26A06AD1206C,0.7661171276394672
CC_26A358B0C10F,0.1867569231543056
CC_26B07CB02EA3,0.5924143894212663
CC_26B638BEA8CE,0.126628992004869
CC_26C33B649FC9,0.08626595507641671
CC_26D5B969A36F,0.3611926947526058
CC_26E3A1226C2D,0.1535985693507223
CC_26EEA3F0224A,0.2350595022552931
CC_26FA5E5A718C,0.14977611456975762
CC_26FE119D4919,0.07836131610477952
CC_270B462BAEF3,0.04025007650465154
CC_270D929FEA9F,0.06971774886851578
CC_2731AD82BA11,0.1334818930427603
CC_274144AE3E86,0.15156190480741183
CC_274AE6E82879,0.16460730281942926
CC_2757A490C5E1,0.09595355237028205
CC_2766F6011BD0,0.357726636609536
CC_2768E644C697,0.059428086251287385
CC_2770DF70328D,0.06225400950168382
CC_277503968C44,0.5445409189051603
CC_277CE974AA8F,0.34776113406118814
CC_277D246E39B9,0.212055081450027
CC_27A1CC725B7A,0.07798936721291147
CC_27A798829CA8,0.69391343621877
CC_27C938FC8DC6,0.43860735116219063
CC_27CA2D819E7A,0.054950964570758064
CC_27E3712F0E38,0.12284060584555277
CC_27F3B3F43FF9,0.04189886765182913
CC_27F9832EAB8A,0.46094292869287545
CC_2809CC131F3A,0.6329853589551908
CC_2812523510C0,0.16431423228326777
CC_28151C75756D,0.04994745405700465
CC_28203CC976F9,0.09562030630208283
CC_282AFAE06F96,0.08036872189636124
CC_282C2404F4C0,0.0721313406545517
CC_2834BA2F19FC,0.21367061572573365
CC_28432E22F47D,0.6014515264673621
CC_2844882CC439,0.056076700578898984
CC_284F79726032,0.36884849731205316
CC_28544783AB15,0.44336470287797036
CC_2856104729EA,0.6957363277838676
CC_28625CD86761,0.17187439999869222
CC_2866BDB46FB1,0.0922102898114201
CC_2872415C6B36,0.08302767258772292
CC_28752737647D,0.5940774535908382
CC_2875C281EE88,0.05564023301545253
CC_287E3E9EDAC9,0.078368265474989
CC_288A2C49D62A,0.05994458290340231
CC_288FA8CD819C,0.16409392284447571
CC_2891894CCED4,0.08016484953850178
CC_2895608A9699,0.14060184716552482
CC_28A2EF7926AE,0.6244386308796339
CC_28A7DBD2B710,0.20815910161894152
CC_28AD81DF2C51,0.1467244502623038
CC_28AEC29CEC25,0.12139062645538858
CC_28C1C3DF7928,0.12739337529390812
CC_28CA76962EC8,0.18488524456339311
CC_28CD47803B6A,0.07568844952659164
CC_28DF569DBBE5,0.07394246736205248
CC_28DFE611C657,0.09037509633923793
CC_28E11E6A6C8D,0.20423215619580254
CC_28F58ADC7CBC,0.12223445783237744
CC_2916479EBC84,0.18295930129935212
CC_2917C6CB0B2C,0.1445472906733819
CC_291C7830D4B5,0.3521385270401285
CC_291FE1744E5F,0.0832087364408362
CC_293124F1ACD1,0.13801602955539238
CC_293C2D704AA9,0.32175245798788166
CC_29432A6B2555,0.13910544703486694
CC_2944B427406C,0.19442863422861864
CC_29468B7035D6,0.10485634266966692
CC_294A9A24E473,0.07586310734462579
CC_294B94EB0E07,0.282590926074279
CC_2967C29E4C3A,0.14073972689905279
CC_29716D5835F4,0.19207873349115434
CC_297179FF2BCC,0.44598746339876494
CC_29803690C939,0.24355326816031653
CC_29821539DC4D,0.14226961515888267
CC_2983C1D2A273,0.16663484544846346
CC_298CAC5A1868,0.636811422661075
CC_299EBE0FB429,0.16178558471056087
CC_29A1C0073882,0.42776023824550624
CC_29B6065F187B,0.4082284232475708
CC_29BC66C10F87,0.6296198080088029
CC_29BF3C3D9682,0.18834503998978402
CC_29C4425FB2DA,0.17122696107039093
CC_29C5D0D72D61,0.15729250327062938
CC_29D65E313500,0.11945758207431181
CC_29FD856F47A5,0.7561032815394575
CC_2A097F88615A,0.09401764074557997
CC_2A0CB4CE1A48,0.20822553048939033
CC_2A14C1652D6D,0.21316254420535213
CC_2A1F96F80938,0.13432945527203072
CC_2A23F71805A2,0.14873584744625618
CC_2A2BF2FD0498,0.13562218267557852
CC_2A358A1D3DDF,0.6339776968961945
CC_2A3E371F0DAD,0.2101112013428535
CC_2A423FC8A330,0.3194699472368234
CC_2A43368D54F9,0.38094478779732377
CC_2A47A21C0E07,0.6618150453587407
CC_2A4CB02E7A1E,0.14093028812038103
CC_2A510080BA29,0.16135396863424117
CC_2A5316E550F0,0.07811832757356321
CC_2A59695EF90A,0.5571679675583927
CC_2A606D00CC46,0.06131542834693601
CC_2A6C69145AE0,0.07750793722851046
CC_2A6CD71471A6,0.11156701248923474
CC_2A70D6EF64E1,0.07048391451175784
CC_2A844754AE67,0.629838038840882
CC_2A85A7B242FD,0.18479378417240744
CC_2A9A51067D7F,0.16072297354648651
CC_2AAAD4020436,0.21123892746593276
CC_2AB62BCF3704,0.08100921641818759
CC_2AC1C8DE5649,0.11704966792665467
CC_2AD10D78793D,0.7271101886081792
CC_2AD26446A7AE,0.04255561893763796
CC_2AD2D35975D1,0.07628543183421624
CC_2ADA07B0211F,0.30740572537834576
CC_2AED2D284351,0.31575471126915905
CC_2B01FDE2552D,0.23448406898569646
CC_2B06DDFD7F8A,0.0830513948309333
CC_2B08FBC0A948,0.188688006340851
CC_2B1914218468,0.7598376367981391
CC_2B1D93E12DC9,0.23379912474395448
CC_2B248C488918,0.09807070743816465
CC_2B256891C60A,0.5760657330442429
CC_2B2801591A25,0.3767436708277898
CC_2B2B7CF1E40F,0.10477812976866473
CC_2B2F4204834B,0.18570101978265974
CC_2B5443C7AB87,0.06824082711390754
CC_2B5D780AC244,0.6171510755508837
CC_2B64E67CFF13,0.052666344115353134
CC_2B6B872C8D21,0.06774663437622816
CC_2B85D931F011,0.10555515053506118
CC_2B959EF030DD,0.1662312378514763
CC_2B973D1AC16E,0.14370626011801202
CC_2B98983C2687,0.051924880220095254
CC_2BA581E7B8D2,0.08333874895508805
CC_2BB2C432C369,0.10572307001886572
CC_2BBE19587CD5,0.08674203663975077
CC_2BCB838A9581,0.14842347966649344
CC_2BD0E9336EB4,0.08767302707632242
CC_2BD1633FD528,0.10689424584143747
CC_2BD58FC8C2B9,0.04271634580270847
CC_2BD6083CAB0B,0.790970461482494
CC_2BDD47B177E5,0.819358229944241
CC_2BDE889EB05C,0.3492414194969744
CC_2BF8DB192A49,0.6554798891220053
CC_2BFDF46F3AC2,0.13785340945706226
CC_2C00CF2FAE22,0.13456968107421197
CC_2C06DDBA1073,0.34117462364066614
CC_2C16C7838FAB,0.8076746165857827
CC_2C263A1A732C,0.1837719541580952
CC_2C34105831A6,0.17769831834315067
CC_2C43FFA06F31,0.09865785742241137
CC_2C4DEE4CA1CF,0.06082878345163738
CC_2C56DB55E40E,0.08688043625139419
CC_2C59F565C183,0.1422358450302027
CC_2C7F54E56925,0.164905966290363
CC_2C8CFCC646BE,0.04547276668171725
CC_2C91AB1DB754,0.06311277353276783
CC_2C93356976AE,0.3829716996223657
CC_2C9DADC294C8,0.06343048224348437
CC_2CA94231028A,0.2524177109884583
CC_2CC8CB17283A,0.17711723928869091
CC_2CCD42AA2376,0.13742988190721184
CC_2CCFE560A79E,0.06797090806372283
CC_2CED227E5216,0.11093830457131654
CC_2CF326E90715,0.056684672121547056
CC_2CFEA03CC6A0,0.6595416519287047
CC_2D1D032137DA,0.11904820184704536
CC_2D258781011B,0.17765145093985324
CC_2D30260A1CEC,0.17301985038009637
CC_2D35C002A9F1,0.130809373723124
CC_2D45DEA4EB25,0.12910349850124836
CC_2D5494C13FFA,0.07425719336937817
CC_2D5EA2953E81,0.20481777811385965
CC_2D6E7894EA16,0.6304765931763161
CC_2D7DA36360AD,0.20749507879171647
CC_2D7DFEACA38C,0.3190209736235464
CC_2D836654A121,0.15494533679819553
CC_2D9CDFC6C57E,0.7431345856476526
CC_2DAC67585B03,0.1989923304461123
CC_2DAE338809DE,0.2605648499347985
CC_2DB062A18C75,0.5310278135354793
CC_2DB2C55CF89E,0.771256438615844
CC_2DBCBF870292,0.045803558220470594
CC_2DCBC03B4FA3,0.7200166127359688
CC_2DD78131B5A1,0.10744172800542615
CC_2DD7BCA75AB9,0.1129302888412435
CC_2DEB49017220,0.12727285567717117
CC_2DF6C71ED372,0.15149712410286198
CC_2DFBFA1A4FE8,0.17934498294713794
CC_2E12A41F7733,0.07993315030945689
CC_2E1A348EB1E6,0.10364109905503517
CC_2E23CB0F6F7B,0.33284972562454507
CC_2E3634587158,0.05418834198147213
CC_2E3F4B14D8DF,0.3416329244579037
CC_2E3FDDBF4F48,0.15208033997109904
CC_2E61C46BC16A,0.18130405602691893
CC_2E62AEB14351,0.26785962601969515
CC_2E6F1C0ADEB8,0.1494523105238244
CC_2E7415FAB62E,0.08433241354126497
CC_2E77F7444FDF,0.04651044897873468
CC_2E78431BE3DB,0.0757719888701382
CC_2E7D44FB8075,0.15960762886546076
CC_2E7D8539BDA6,0.32556423181548944
CC_2E7F248874AA,0.7200493031412435
CC_2E85BB8F3BB5,0.11100800681722364
CC_2E8897E4D9BB,0.3165993923518807
CC_2E8CCDE89E2D,0.23901417005247486
CC_2E927D910813,0.13303496691522884
CC_2E9891F5A2D5,0.11828757621085521
CC_2EA56A7EAC04,0.33200701193221227
CC_2EB45D13B248,0.1253804662661973
CC_2EC924B0EAAE,0.10411209299482786
CC_2ECC248C96B7,0.05722331974052869
CC_2ECF0C98B06D,0.41153034478978523
CC_2ED3F6481454,0.1424457088388002
CC_2EDDF0B40ED8,0.13323010656818035
CC_2EE2A139642B,0.11897191955887143
CC_2EEE072DA301,0.21163703330809078
CC_2EFEBB85DAEB,0.1372194303081315
CC_2F133BEFAA69,0.11582564508143461
CC_2F1AAE3B81F2,0.08432538235952973
CC_2F1BC47CC90E,0.047897682218178486
CC_2F2128FBBDDC,0.17104581806758196
CC_2F3D3342834E,0.06242439611626295
CC_2F42D39F710B,0.6136399317783525
CC_2F4AFE398419,0.6740405260927516
CC_2F4C24B38EE6,0.06892175015360229
CC_2F508C0838A6,0.09783292863850508
CC_2F50EC193942,0.2435117518790175
CC_2F5BD03D4900,0.07213913032293667
CC_2F73AF6728BC,0.05733654050503734
CC_2F7EBEAB9CF2,0.1761278839771826
CC_2F9AD2BC25F5,0.06553009715938679
CC_2FA3172ED3FE,0.7021869529553502
CC_2FBEF8808F48,0.14550676782960503
CC_2FC014F0EA3C,0.06998592370481221
CC_2FC3AD2EC986,0.2612839056084916
CC_2FCC82AC097C,0.2305690920866007
CC_2FE2ED7D464E,0.24875629048109932
CC_2FFCC9802D2A,0.17834847616115596
CC_2FFE32627DF8,0.2248497537397704
CC_300BEA90EF3F,0.1373243726897712
CC_3017B64D0364,0.20214615060216018
CC_3017E5E87C94,0.13068018109886936
CC_3028375CC87E,0.7662518806490305
CC_302A48CFCEDA,0.10671624311083125
CC_3031F96196BD,0.4492595243837355
CC_30328ADA0AE8,0.08549307196301936
CC_30451015D913,0.04054978563677457
CC_305D33AC15A9,0.7410822842661262
CC_306015CFB66A,0.16000004314855612
CC_306413849CEA,0.3846984904474825
CC_306EF0BC7CB3,0.042433753626262824
CC_3075C5B861A8,0.13776957362059522
CC_3083D9B76858,0.05758249565607035
CC_3096994A495B,0.19957052073455073
CC_30B106BC1657,0.1983679757447032
CC_30B967417C42,0.1958455241518865
CC_30CABAFF5453,0.10300728463910686
CC_30D68208FB23,0.344864196590148
CC_30E2A90BACAD,0.2001429543593425
CC_30FFD856443D,0.5746190411162163
CC_311EF26786A8,0.07767999969162317
CC_3129843EADE6,0.7485615996960509
CC_312C34EF683B,0.053972613239546725
CC_31302B64C078,0.1219098779316251
CC_31344A25B569,0.039935736167710664
CC_31397A399AD5,0.06295311932884502
CC_3145B5EAD7AE,0.22753863118651643
CC_3146EE0BF81A,0.12857839891600908
CC_314D02632843,0.26106387230469646
CC_315133406E42,0.31078295317756566
CC_3180D1C6FB7E,0.17473973001124096
CC_31827EE8A968,0.3202619204336612
CC_319BE06CC27F,0.045962194239574344
CC_31A0A97AFFCC,0.43308009713236284
CC_31B22116E36C,0.16487120108325398
CC_31C78D9B6494,0.34156082762993095
CC_31D3FA367B41,0.12802996559711408
CC_31DAAB3E6DA7,0.1602671657930182
CC_31E36F666FB7,0.06460825523974936
CC_31E72EA14FE4,0.11033963161571274
CC_31FC6DC9482C,0.27416858287152235
CC_32076DA6AE23,0.14788532163009402
CC_3209FA12D938,0.31007285424008557
CC_320E17F947CD,0.3932143573200859
CC_3223C706DD92,0.24969613321073775
CC_322EFB2E377D,0.09796449256269223
CC_3248EB928073,0.10564912237977474
CC_325D5DC52B1F,0.08571016803252776
CC_32662A6DB78D,0.1373496128569413
CC_328DD3BA068A,0.23998955699689287
CC_328DF7798F91,0.1809338044973488
CC_3295CFEB188B,0.0914501964060274
CC_329DC79286ED,0.6109969675871452
CC_32CB77D55C73,0.1321790977978043
CC_32D129B9E651,0.1120717129770239
CC_32DB12551D37,0.6401334576915958
CC_32F00D77D5CD,0.09989865422324273
CC_32FF5F6892D9,0.212694625244445
CC_3301EF60877F,0.15505757404263232
CC_330F334BD816,0.11561890823286325
CC_331285B3494C,0.2354982328308572
CC_331364283D5C,0.15041483316609802
CC_331718E0F54F,0.1367760078657001
CC_33194D48FF66,0.09768154287188602
CC_331E8B8BCAB8,0.07785822579674441
CC_33254134ABA9,0.7625852715393022
CC_332E42439579,0.09017705532279263
CC_333102AB964C,0.15127843901215854
CC_3338AC0E8112,0.2516407581543558
CC_33656EEDE6F2,0.48975973200332723
CC_336777D934E0,0.48265265072398195
CC_336DBFE464D1,0.5055260939138607
CC_3382BB2F3152,0.1447476848742251
CC_3387207793E4,0.04647163067996092
CC_33992C973839,0.18972000186563487
CC_339C36703675,0.11680632810875467
CC_339CA5814519,0.11107566149198264
CC_33B157F2A921,0.09657937771442851
CC_33BBD10F239D,0.06725666645936093
CC_33D3B12EE56E,0.08375306468116325
CC_33DB68EA27CB,0.10940205527248409
CC_33F0B95E70CE,0.2527747020585691
CC_33F40275D630,0.05242867232154408
CC_33FD5DE22692,0.08507835750682524
CC_340961106343,0.13429536202127712
CC_340BB1F4CEF0,0.13724812888553745
CC_3410B11F1FA3,0.22569463237917375
CC_3424972707B6,0.6088070040712396
CC_34452758A645,0.03651155669917717
CC_344D239879D6,0.14323966882454478
CC_34503B6891CE,0.22439705405063148
CC_3451722A3813,0.10197200668517786
CC_34517B513D8E,0.47952476705691544
CC_346ECB4CF2F8,0.11197258579757052
CC_3478E8B6B56A,0.07832111338742859
CC_347AFDE16722,0.09300190662448363
CC_347B1A01467F,0.050085003578926424
CC_348AA62FF484,0.3169025921231575
CC_348D3F098A4D,0.08820140137878271
CC_349290E4D0C9,0.15240369087087569
CC_349347D553D1,0.2764361543739961
CC_3495CE27BB05,0.22942502882284244
CC_34B10A654721,0.1576887050720004
CC_34BD2C5130C8,0.1513042500797355
CC_34C433439160,0.061577422177838154
CC_34CA271F73E3,0.3068690609975041
CC_34CEBEA3B15A,0.06956714699047657
CC_34E58CF793A0,0.14927548313501904
CC_34E6909B6027,0.5754965876133176
CC_34F4292A8B5C,0.2525667598194498
CC_34F6DD223594,0.05110569598223559
CC_3508A7A5E9EB,0.16641325995895992
CC_35094977DD75,0.13817443841312635
CC_350DE157CE6D,0.20317554861280773
CC_351BD5C2EE8B,0.03443154799958822
CC_35486249EDEF,0.19723533968607038
CC_354C9ABE6DDE,0.07858109029290833
CC_35578162927A,0.11900084251679437
CC_357C3E7518D3,0.7264215181207657
CC_3584C15BF11F,0.05111225478531166
CC_3588C5166872,0.08591363588007997
CC_35A68306B19E,0.23107381875985095
CC_35BFB3093D02,0.04537174407394802
CC_35C085ED37BD,0.5283536458998082
CC_35C695C13279,0.07960307358956228
CC_35D1668A4C13,0.238418200453309
CC_35D27495E0CB,0.8059531267869928
CC_35D562E1DBE1,0.6332854436675535
CC_35DCDC74A757,0.492374995992764
CC_35EC2AB1D1EE,0.1339304361538202
CC_35EEB90317B9,0.577687411152642
CC_361A9EAF7706,0.2474566701376592
CC_361B968FEB98,0.3115031776349673
CC_361C9FA031A7,0.7948466479537022
CC_3620C5D1B3E2,0.06157266542837039
CC_3622D7221940,0.059686209089754395
CC_363175E92F74,0.3214461459631843
CC_3638C9146BFC,0.13904325401454126
CC_3643A4C7EC5C,0.056889332832435975
CC_36690A9AE112,0.7234500074791734
CC_36719170F638,0.1093997644157957
CC_3673466BA7A7,0.09553861704433667
CC_36847054DF52,0.3638931489556705
CC_3691CE792752,0.7392625522303096
CC_36A27FE53743,0.5172305699754968
CC_36A3FB06D1D8,0.7888526655603552
CC_36B0F2AD5413,0.06482083451258694
CC_36B1B7BF5F75,0.14334798021545603
CC_36B68E66951E,0.39115528862535176
CC_36D3F09AD810,0.42394780913232066
CC_36DBD8424220,0.571441144340401
CC_36E5645D8018,0.061330546129873605
CC_36E6592E4E23,0.14581076436779272
CC_36F143AEC864,0.11193370221389434
CC_36F2A735DF73,0.14825709254172975
CC_36F81C003E8F,0.040907290662638734
CC_36FCD55EE425,0.5002417338941016
CC_3701D5DB7FA1,0.09075129603683674
CC_3706E1EB2587,0.5223850214314525
CC_370E0F8EF86F,0.5514324825101946
CC_371D47444D5B,0.7184368669856676
CC_372CFE308EA4,0.6277863407438198
CC_3731D90357A6,0.2927086726427284
CC_37322F66C543,0.04660288492696131
CC_373539DE38C5,0.13498490905093846
CC_375225700242,0.3314459333355829
CC_3762D0B6F3C2,0.1310766036448437
CC_377A277E831A,0.163425549692818
CC_377B6066B91B,0.22992411876712587
CC_378D71726B5E,0.08405098136789285
CC_37A46BD0DCBF,0.05159909986364873
CC_37B447368F02,0.7407089105847993
CC_37BFDFE369A3,0.24217689007097515
CC_37D09FE492BD,0.08183361021797242
CC_37D3F4C07235,0.24490408802065428
CC_37DDACE48E3C,0.1359207835332671
CC_37DEF85C0A37,0.3179237257108869
CC_38020CED9EEF,0.08154414802661991
CC_382207621EC5,0.7805421319380235
CC_38374AB27F95,0.0874489928397065
CC_383A5544DD5C,0.13113857970184778
CC_383C129A5B96,0.25242411333399783
CC_3847AAA649C7,0.11426258597423283
CC_3849D992C1E3,0.09095181628214352
CC_384BB17F0F0B,0.5996139961603508
CC_3851177E5E76,0.08007716838020842
CC_3862F88850B8,0.2935899025589116
CC_3867CFCFCC94,0.19310599463791028
CC_3872ED018F85,0.20411651552359888
CC_3881A587C072,0.12400620591812093
CC_3882F8EB5EEB,0.5999368214119982
CC_38911341EA6C,0.0891923935229332
CC_389E5B71E254,0.5719946895026344
CC_38A0DBCD3728,0.10374264930040783
CC_38B3E9142747,0.11445712921211357
CC_38C1B8860300,0.059337366303688896
CC_38C8CF250B60,0.03212902339000322
CC_38D32B790B4A,0.1342181727261613
CC_38EB304A9915,0.17074370901293373
CC_38F26461C872,0.7171100488568463
CC_38F942257E28,0.5474149613293839
CC_38FA5D78A8A7,0.052642187419403214
CC_3903D7BCCA95,0.07652552839516094
CC_39043D7ED04D,0.21999342537716082
CC_39098B256732,0.0624453737697748
CC_3909A2E4C679,0.12585390397576784
CC_392344DF8D55,0.3584576298130334
CC_392628C8AD47,0.07147115110495472
CC_39285F4C42BF,0.35526694734492603
CC_392A376EA1A2,0.08485381635610059
CC_3932E086F150,0.1606770407790477
CC_393D1D3640D0,0.06853219454626591
CC_3943B3490B49,0.6999949123269603
CC_394DE164DBCD,0.1173720224929908
CC_395600E84A54,0.1320596123132453
CC_395D181A7E1F,0.0932095738164157
CC_395E8CACC437,0.10506183515173034
CC_39635AC6A70E,0.05804325638848685
CC_3969352E3ABC,0.10501388995548697
CC_3985C0DF9CB5,0.505982785246858
CC_3989F2C6A9F8,0.1973286678093237
CC_39A82672A1B2,0.08122803694121834
CC_39AA15DAE17D,0.6440486368232302
CC_39AA2A3D98CC,0.04279336227774645
CC_39AC257B00C5,0.09736886640500858
CC_39ACC63CDAEE,0.11762560377220849
CC_39CE40784C2C,0.23073709664166636
CC_39E1A306D418,0.14174147803600046
CC_39F2B11C46D7,0.08793049694089644
CC_3A10F5F50A27,0.04865145818932991
CC_3A27CF9D162A,0.5719773678682802
CC_3A297424A7F7,0.11958614882023205
CC_3A39F7930BF3,0.08100113759773864
CC_3A57566F9977,0.5551419163158566
CC_3A61121254E6,0.06304993591694888
CC_3A81C568A7F8,0.1700687988240943
CC_3A82E7050A4D,0.04638379030762082
CC_3A860AADE6CE,0.16997841654572765
CC_3A8B3FC29C9E,0.12426965911361815
CC_3A8E9056A5A2,0.09623502780598178
CC_3A9617A5777D,0.384241928390336
CC_3A99D25777CD,0.13219543696850497
CC_3AA9E8D01340,0.5634981730842422
CC_3AAEFC09C290,0.7508285021599048
CC_3AB5E579843E,0.2515888002835628
CC_3AB77A30AD40,0.18242469052641083
CC_3AB7BA36A414,0.3041581793320257
CC_3ABA830A5BB2,0.12426673177381206
CC_3ADDDA550A57,0.092896096404805
CC_3AE7B1151DC9,0.13681140603111136
CC_3AE9A209EE00,0.0463452858121047
CC_3B06FCD75C98,0.05778029285282987
CC_3B0722FB5E8E,0.24488757691474425
CC_3B1C51DD7429,0.18318361175045145
CC_3B1F4696D710,0.575189679410682
CC_3B224413A072,0.23762890692805944
CC_3B35C3783CCD,0.25124063875985614
CC_3B3626F3DF9F,0.22842827602149862
CC_3B4405C7E486,0.5622700789657548
CC_3B4C4A9C9D99,0.32943571480846284
CC_3B72F0E9E3F8,0.19884648287269885
CC_3BB02A95C6C1,0.7075132873736538
CC_3BB8B675C2BC,0.43164323217813827
CC_3BC51B069218,0.11698572538489763
CC_3BCA5BD201AC,0.1454550465621347
CC_3BCAC9793441,0.3182102358355504
CC_3BCBC867AC4A,0.04781077640771683
CC_3BE51412ABE7,0.38467582895349706
CC_3BEA98B401CD,0.62725302708949
CC_3BED6DF1ABF1,0.1484156041894843
CC_3BF0BF7CF827,0.8276526681425015
CC_3BF110035599,0.6326295217704104
CC_3BF213810DEE,0.7104853573078314
CC_3BF21CA88D3C,0.47537421825770687
CC_3C0E29764C71,0.06750710028588996
CC_3C19509D4636,0.1623025908842682
CC_3C1B038BB068,0.15975000305662318
CC_3C594CADCA2E,0.2068246417485017
CC_3C5D909498F7,0.603275858685358
CC_3C68D5179A01,0.12703527671808068
CC_3C83955704BA,0.783611860481632
CC_3C93218F41B2,0.3385079062218451
CC_3C9CFC8FB4D1,0.7449111211622224
CC_3CA266EB55BE,0.11229013563858908
CC_3CE49C937F7C,0.09426174798650344
CC_3CEEB9C04F0B,0.3541208899513313
CC_3CF504AD4DD9,0.07902359148813294
CC_3D1092DBC5C2,0.23906084885693396
CC_3D185833E7BB,0.05440541355649765
CC_3D2309981121,0.33272632864229346
CC_3D27A0086AA6,0.1802410083085566
CC_3D3BE7D0F4D8,0.10231514970898972
CC_3D412B5EA919,0.10988612295629974
CC_3D47650C6F30,0.08367043567426402
CC_3D55D1FD8457,0.049598388869711435
CC_3D599501BA76,0.0725566857930651
CC_3D6181EE3C87,0.6286273953408643
CC_3D65CC165F44,0.12037560285488172
CC_3D6CF6DB8014,0.3930269042692297
CC_3D7C14801D40,0.18537607490606323
CC_3D836BDBF866,0.568121442199808
CC_3D8DF3A3DB71,0.7570370943858316
CC_3D9309851089,0.18569106557293608
CC_3D9ECB4274C3,0.11357895531223866
CC_3DC8A9A92802,0.29804728324781715
CC_3DDD3813D1D4,0.10050587372616189
CC_3DF3FFB3CFC7,0.13308046476663496
CC_3DF88701601B,0.1485553268471168
CC_3DF91A482CFD,0.31900701414427285
CC_3DFD6349D046,0.5801350552640858
CC_3E0D54125AE0,0.17992446020255523
CC_3E10CFE1DD57,0.05866166607422155
CC_3E13CB98572B,0.1293071573856642
CC_3E142C8ACA6F,0.09724036541993422
CC_3E1BAC4E5B90,0.05890512361611197
CC_3E2DD0D1E2D8,0.1441295386060607
CC_3E403BF08A45,0.08785026121522563
CC_3E46368104AE,0.09765697867231914
CC_3E48A086B5C7,0.26095944617720723
CC_3E54451B0F6D,0.09993099207968342
CC_3E6335ED3F4F,0.08387391911603972
CC_3E87A65C50A5,0.17673446142577093
CC_3E91109E2090,0.06631149923736042
CC_3E92A1EDA618,0.20169606005195506
CC_3E94684FE270,0.49726614392194834
CC_3E9DB402F352,0.18610064292712702
CC_3EB5A15A6C04,0.7878682745301882
CC_3EB8A9A6C49D,0.13468960817728046
CC_3EC96BC884F2,0.1273870625777088
CC_3ECA9E44B90F,0.24971979293635935
CC_3ECE4EF16A44,0.20464276513390234
CC_3EDDB8E70F57,0.22295644929724387
CC_3EDF137D0E1C,0.13594545209280834
CC_3EEEE844410D,0.37686640078880673
CC_3EF4F348C967,0.13309059207182913
CC_3EF91DD11A81,0.1432951238187808
CC_3F08C55E7A40,0.19814911444483513
CC_3F171CED0CFA,0.03889770655936278
CC_3F2544EFA753,0.12879399880974032
CC_3F28F3286CCA,0.0887364799054911
CC_3F379CB37B0D,0.1800972620357955
CC_3F42D798AB1D,0.6303544469934249
CC_3F48724540D5,0.1784942615384854
CC_3F68068E2D5E,0.11967976289642823
CC_3F7FBE71B77F,0.07164779153405063
CC_3F80017B8599,0.05426124784495834
CC_3F8B17953200,0.08013413063438776
CC_3F964BADC4BC,0.7058900637075722
CC_3F9767602FCB,0.19147554788906065
CC_3FA84F0B23CE,0.06401858671589752
CC_3FB4B189143F,0.16673355139351304
CC_3FB7C976EB26,0.44318913239259705
CC_3FBCEB2F36D5,0.12033945396917652
CC_3FC4FE843245,0.12831456968338759
CC_3FD52E32FE8B,0.6313899754916019
CC_3FDB44EC6254,0.04793936202549123
CC_3FEFBD6DC62F,0.25722796614004967
CC_4005466D00ED,0.2934956102214167
CC_40095FFBC1A2,0.05680674614880952
CC_400F1887A662,0.11950019783923152
CC_40133FF3069C,0.09241616883330803
CC_401C6F0EED5A,0.117077065282991
CC_4021AD03FA01,0.1337570931464191
CC_402E91F3A56C,0.14312190289377108
CC_403754B6988D,0.09994683209220931
CC_4052DFCB1656,0.241969989643869
CC_40579C5C13D5,0.7821826173591782
CC_406937FF97E7,0.08635999523067667
CC_406C4233347A,0.14972186011441518
CC_4073E42E11E4,0.19498483292534335
CC_4077BB12A5F4,0.10283379398319534
CC_4077DD5B5C4F,0.15421752354249754
CC_40824D899215,0.08541882339691718
CC_408D79189FBF,0.3110440467166289
CC_40A3F1D5EA0F,0.313897377976481
CC_40A852A592FB,0.1374601581197828
CC_40AADA91D560,0.21837092049913287
CC_40B39CB2CC58,0.046655905644755566
CC_40CE2030F058,0.05714515020361549
CC_40EA2F8481E8,0.14685739053268088
CC_40EFD7778F98,0.14811900144019774
CC_40F278D49681,0.2505605149542154
CC_40FFCF631F19,0.40269127758518763
CC_4101D1B82788,0.21334077054260586
CC_4109B79A4B06,0.041539172418504584
CC_4119348F051A,0.13445604254444948
CC_41206EE45803,0.09116358341837547
CC_412DF740DA62,0.15669593287693825
CC_413AB4CA7451,0.10008684240483
CC_414C06C60FF7,0.6839702314193923
CC_414F50748A51,0.05968389663577585
CC_415C65EA66AA,0.0545035344714614
CC_415CED95F7CA,0.14632940716520898
CC_416584250060,0.11831366030776046
CC_416B3A1F0F0B,0.09329469765973704
CC_41735021FC7A,0.24911107062143623
CC_417858CD20F4,0.09243286981632987
CC_41902EFB3974,0.041704868987078036
CC_41A27790EFBF,0.12500788492323334
CC_41A4A223F39D,0.128748808297277
CC_41B464757ED6,0.11229591446593468
CC_41D1A87E1136,0.43901941692295343
CC_420FE297808E,0.04122711922273925
CC_4211096D5588,0.17619492002363166
CC_421F4D78128B,0.465721917700193
CC_422F2780C85A,0.32632178047586474
CC_423B0296BE24,0.07707464184474377
CC_423E78000AA5,0.15197719876030025
CC_4246081DD359,0.08866070255571329
CC_4249EDF2FDCC,0.8001786030402884
CC_42568C67F412,0.37785806094007596
CC_426A25EA9E21,0.6798185837754604
CC_427ECDDEECE6,0.3036839530568828
CC_4289EEC8F0A2,0.1529904185018515
CC_429A7158AD07,0.10666026495250272
CC_429C51AE729D,0.04386743237007078
CC_42A0DE1E5E80,0.08019295128065801
CC_42A7D0F5388F,0.08015774799044689
CC_42B23C8C9F66,0.1507744744126348
CC_42BD3999AC3E,0.2831938925930323
CC_42C95B199130,0.36665268448907606
CC_42CD6CE97523,0.4505637204516218
CC_42DA114F12A2,0.3106635668260886
CC_42E2736AA331,0.1655870860533939
CC_42EA825C351B,0.46399399714628625
CC_42F1B2B4D258,0.5271058526914765
CC_42F4588EB38D,0.2790636037188151
CC_431F29A12E99,0.19258225778957633
CC_432EB78A198D,0.22093966964635028
CC_43383344BC72,0.16423928473966076
CC_4339187DD10A,0.06786478245977112
CC_4344A2E7EA1F,0.5027584788747206
CC_4347468ABE51,0.5470771938649464
CC_434894BC2577,0.05380000638703514
CC_4362DB93FC92,0.09170946109961148
CC_436850DDC704,0.13984598848325763
CC_43698E2EEA0A,0.0998728447859579
CC_4387F73F131E,0.13600730678919104
CC_43A33C994C70,0.4082118361857806
CC_43ACD82B5514,0.3085194434141144
CC_43B37131B8FA,0.20200290542043017
CC_43BFCAF8BD20,0.17783251507489206
CC_43C060E01266,0.22198499414757933
CC_43C41AF27375,0.0705510625617363
CC_43C5AFA48B93,0.072019443495805
CC_43C767A44C55,0.1841524818854554
CC_43DECAB53552,0.05749891871934115
CC_43E6D931158D,0.389437025474338
CC_43E9F88019F8,0.06249070254294025
CC_43EBD6EBD675,0.06660141337810141
CC_43F81C577002,0.32292079864447765
CC_443C4E041687,0.08161158091849308
CC_443F63BF238A,0.11174459599104894
CC_4463776F9AA1,0.13339239999532426
CC_446F1EDF03C8,0.06775760499919906
CC_447BAD4F7820,0.8461720618643496
CC_447D02F917B5,0.06114834807604369
CC_447E705746E2,0.16056341017778974
CC_44A017104F93,0.6256316346229469
CC_44A1E58CDBC0,0.06277417429955287
CC_44ABCC04C418,0.10475395352341468
CC_44BF6BCCFC2E,0.05670298670769558
CC_44D0671A3B87,0.127611848912307
CC_44DBEE3A7D81,0.1739377534451343
CC_44F7DD6A88A1,0.23355762184117457
CC_45080C42280D,0.18664110074287327
CC_4524AD74135F,0.4021840207592784
CC_45262103231F,0.23147715784251166
CC_452D8C5D039C,0.8126876737439059
CC_452DECDBC90F,0.0679097288400326
CC_453C9B3A5992,0.44381898707907275
CC_4542AACA1FE4,0.09996333677701483
CC_455209549D3B,0.7999392393838078
CC_4555C804C4D0,0.06927973365748857
CC_4581E4190B2E,0.11058652702532563
CC_458912F91D6F,0.4583097833412505
CC_45913E1BE65C,0.3156259087963315
CC_4594791FB40D,0.14408559337422774
CC_459B49073E2C,0.28113784282338117
CC_459EA8E0E2EF,0.15389271868569068
CC_45A4A38557E9,0.1615050642317271
CC_45ACE2B1DB6F,0.0871846227189629
CC_45C1A92F0E8D,0.10331984088465396
CC_45D0673EDD20,0.14721396796181352
CC_45D70DC84DA0,0.09575824535492417
CC_45D96479EC1E,0.07076873955466945
CC_45E8597BF74E,0.06933133094572282
CC_45E97246F83A,0.26570490499575206
CC_45EC44761309,0.11406602163983662
CC_4603A6F83E2A,0.0627327462199257
CC_46045CEE8330,0.08465817557159197
CC_464E17187A4E,0.3148825379254501
CC_4659FB4B8536,0.1322069667191278
CC_465EF4F9B68F,0.1827539231318187
CC_4663FDE62E3A,0.2573231019390463
CC_466D54BE0809,0.07882607852113674
CC_466ED9BD34B5,0.08463059342928256
CC_466F7908E13D,0.18099002612946352
CC_4695A5525A11,0.15653536399819967
CC_46BBB8A4854A,0.0662494536476942
CC_46BC61EC8F2E,0.2044743315802282
CC_46C0DFA660B0,0.1297291514755593
CC_46C2DCF84CA0,0.09546998974632775
CC_46C38B9F0D8E,0.09463708314674027
CC_46CAB9AE7C87,0.5192522529769337
CC_46D0D1ADEA59,0.15961792948728865
CC_46DFC1AA0821,0.7935375314694677
CC_46ECA5976180,0.1350737204688269
CC_46F5F6D27991,0.0741072702210141
CC_46FE9F226120,0.21833480637216307
CC_47130CC63FC5,0.18220104960514882
CC_472330768F5F,0.09752413252206932
CC_47292EBB8BD1,0.14431853988469528
CC_4734AB1281DA,0.06405540963928014
CC_473989E6BA47,0.29316631010551075
CC_473AE07014DC,0.16752860286123333
CC_4741EF45C3DB,0.2127200763714259
CC_474586BE49EB,0.1411102721860406
CC_47490BF44944,0.28084286344740894
CC_477213DAED38,0.07394031936353226
CC_4778086276B7,0.13954807268052755
CC_47910B073CF3,0.15131746236044508
CC_47939776FDF6,0.7074814755815715
CC_4796F6A64420,0.06420600758657387
CC_4798549B52ED,0.2929917358406827
CC_47A3714E7D2E,0.3124251123581841
CC_47CE219EBAAD,0.18455478660135194
CC_47CF9074E03E,0.14623035640920912
CC_47E4537A53FD,0.13019070473299799
CC_47E8BC938FA1,0.1500548268063711
CC_47F134D17818,0.1323413911500703
CC_4812FBE05C7C,0.3448471131973456
CC_48152725FAB1,0.5754803350387278
CC_482256495FAD,0.6217260884675455
CC_4829FF15D21E,0.16798649738406152
CC_482D26D81935,0.6606031343077859
CC_4838990A8D02,0.08095506299511053
CC_4862EA9CD1DD,0.05155546041985516
CC_4862F8C1B0AC,0.0772670216324792
CC_486CD67D26CF,0.14592089701543803
CC_486D8F9AE549,0.2837016921652159
CC_4877D1BDB737,0.11191257220108541
CC_4885E34F0B26,0.11228488710776546
CC_48928CA8082E,0.1446952439801617
CC_48A74FF0E6C5,0.09111817165428715
CC_48E0791DDD62,0.06239624393097569
CC_48F620B6A472,0.10239989264690753
CC_48FDBB1D7493,0.10419244744912315
CC_4910EC928152,0.13824353516686344
CC_491C18C17767,0.07092442361218221
CC_492F65EF8D9D,0.783567598480549
CC_493DDD53B97E,0.06438153969854554
CC_495F82AA5B9B,0.14077154913761608
CC_49618412FF86,0.07858752542806857
CC_496A7CFA344D,0.7416232585936482
CC_4983EBABAE3F,0.09529041665624277
CC_4992C1915957,0.57914983648928
CC_4993B31028A7,0.10192745244658652
CC_49945441A644,0.18544346337472437
CC_49A80692BC68,0.12941114501064283
CC_49AB67613A58,0.176223804088109
CC_49B05CADDD95,0.5748437899951493
CC_49C6F9AD111E,0.06175972165137497
CC_49CEB94F0B3B,0.04379074676647911
CC_49D3A79B55CD,0.09311716781945842
CC_49D6671DAE8E,0.11259806455850904
CC_49E6C539B1CF,0.05776472449342274
CC_49EEDF0DA684,0.03316788455919088
CC_49FC290E33A7,0.17038636857398437
CC_4A01CF2F67D2,0.7183520501599338
CC_4A16DC668832,0.49956505302218296
CC_4A212461781C,0.08304501115777196
CC_4A237A8E6706,0.16092394010357125
CC_4A3DFA0E27A4,0.1427000673298051
CC_4A513D39DCE3,0.07105308829193559
CC_4A532B0E6165,0.16665210103067757
CC_4A5FA9F1C804,0.0995166798426807
CC_4A7BDEC665FF,0.06667650791895718
CC_4A7FC9B23222,0.31863406973434294
CC_4A8A7080FA25,0.2396835432868225
CC_4A8EFD589879,0.07174596432966632
CC_4A8F7D2B857C,0.1659416685665775
CC_4A91E8D4289D,0.3894959993495224
CC_4A93163A12F4,0.3208647568510101
CC_4A9FEF48EA65,0.11608587093097045
CC_4AA73D751AA5,0.32010690770088146
CC_4AAED0C85F70,0.15367443987498192
CC_4AB1DEF044AA,0.04639509203572058
CC_4AB5AE299217,0.19971118489972164
CC_4ABA0CDC2270,0.17083559288870542
CC_4ACFFC2F295F,0.6174705002574842
CC_4B0490BAB1B9,0.07923125235337505
CC_4B28B03CEFEA,0.0833413680776675
CC_4B420765EB9A,0.10036179962532257
CC_4B47C16D9867,0.12299349813101422
CC_4B494C4D7D03,0.4181392460133042
CC_4B4C84B015C2,0.06277322503132604
CC_4B607295E983,0.06303108733647246
CC_4B6D24E81483,0.07821579485090299
CC_4B77AF6FAF2B,0.6613600630955916
CC_4B7EC3F2FFBA,0.05868752543458692
CC_4B85318DFA50,0.1361201533254609
CC_4B9B36B36DA5,0.7499336702882267
CC_4B9E0AD5D692,0.5052167307917044
CC_4BA041C9678C,0.1000295526563875
CC_4BB40F2129A6,0.09613132530205606
CC_4BB8FD274E2A,0.06537802883913907
CC_4BBB8118FBBB,0.18274611341565045
CC_4BC8CB91719F,0.11794317148700258
CC_4BE447D54BB8,0.1323617090517113
CC_4BE85B1BDB62,0.34115052367236676
CC_4BEF3C7F6395,0.21229078736009277
CC_4BF03FF61B97,0.41568369721491605
CC_4BF4C38EAE8D,0.25976783530578285
CC_4BF95B8140C8,0.10759474182985522
CC_4BFE0CB61B5A,0.36276877368625554
CC_4C2A3F254101,0.35005097626834003
CC_4C351DEB6230,0.24727543993577733
CC_4C38031A2A9E,0.11438463602939829
CC_4C3E35875F03,0.10684943318191276
CC_4C4D79F933B2,0.14212629358090165
CC_4C56497F4AB0,0.687106424922096
CC_4C827B493CFD,0.1321467473446924
CC_4C849C6073AF,0.1313048469010763
CC_4C869E6F618A,0.16447845692357657
CC_4CA21C15763D,0.1263371255909692
CC_4CB2F1CAE684,0.08859473632500789
CC_4CC0265E0778,0.048197911789224945
CC_4CC5483903E9,0.566851607832904
CC_4CD7C76FE235,0.43119540337672047
CC_4CE2BFED4F4C,0.08318282907891722
CC_4CE751CB58FA,0.4420123389114703
CC_4CF3E184C500,0.04511644765358452
CC_4CF668E60D64,0.28325203900878987
CC_4D1A1AF53E18,0.048628873079986173
CC_4D29155FCF33,0.2334506871416983
CC_4D2CC7618AC2,0.4898075763090839
CC_4D350FF7402B,0.3356971164048531
CC_4D38AE84E3CB,0.20055679483267946
CC_4D4140E1056D,0.11374239164897285
CC_4D5545FAB130,0.5385181539287083
CC_4D55E218946E,0.0870929331054483
CC_4D5E14BD6AFA,0.09691677216881253
CC_4D78935D66E9,0.0678514241104102
CC_4D883AAAC6C9,0.0478968900007132
CC_4D8D8108C51E,0.5509210725008011
CC_4DB40331777A,0.7847511570241498
CC_4DBC8652D26F,0.09457909479738916
CC_4DC0E154EBB0,0.6754575428239158
CC_4DD5B8780C4C,0.09964007646944861
CC_4DE0070FF683,0.18430945250038563
CC_4DE688CDBC27,0.09282676153849306
CC_4DF37857FCEF,0.0648014881494817
CC_4E20F0249BC6,0.7567045207096481
CC_4E2F01B7B9EE,0.18412522279297933
CC_4E41C247B4E5,0.18670991673516454
CC_4E479F6989A1,0.07192561596295287
CC_4E48AF17BC29,0.09138259276454186
CC_4E6BE67E3C4F,0.0421683408820839
CC_4E70939C5933,0.5030610217818219
CC_4E70FB172717,0.16715665024436868
CC_4E726EE8C026,0.26857368561643824
CC_4E76F48DFDEF,0.09621921423314105
CC_4EA180B2B913,0.03089072694762941
CC_4EA67A160C3E,0.5888727587412645
CC_4EE41FC91AD2,0.17852376076758114
CC_4EFECC6C2E36,0.6371604399413238
CC_4F22CB97C34F,0.052975207473001294
CC_4F2444DC6C75,0.816926178765816
CC_4F2B7F512DD5,0.07026556000531498
CC_4F504A9744FB,0.11427871669428787
CC_4F6FEE589187,0.1409254934106669
CC_4F71AAF96C32,0.09324773737681927
CC_4F76E57C55EF,0.34837803193044015
CC_4F88D3E5AA2E,0.047343795886022236
CC_4F8A4384F6DE,0.13974156248704472
CC_4F8D83DCCF25,0.20877603074425322
CC_4F956AA47816,0.672692414306103
CC_4F99FCEA10E8,0.08673025417936513
CC_4F9F10A183F6,0.06919511730198627
CC_4FA766935F14,0.11679607906288954
CC_4FB0B9E398F2,0.2797175049108278
CC_4FD0DF6CA3AA,0.05178805398336612
CC_4FD902F7ADEC,0.0884653892085018
CC_4FF1155E3A6B,0.3419905342450633
CC_50103368F241,0.11138814335432254
CC_5012B9991935,0.15436816560372796
CC_50172FF2C2C1,0.15474523955281197
CC_5017C9BA7773,0.06495307043820059
CC_502C3D0EC4CA,0.09005199693230795
CC_504157951119,0.06611264823
CC_5042938B5A9A,0.46079215725862366
CC_504A57293FE4,0.8214536164799711
CC_505812CFE43B,0.31993358422402157
CC_505A6EB06E39,0.3049809447399031
CC_5064CCE0EF29,0.20891721540812708
CC_507BDF639FB5,0.18266775193353904
CC_507E53684AB6,0.1266866345892754
CC_5087A0D1765D,0.2254046866076151
CC_509229AEC221,0.22737981639180216
CC_5092D3A72B03,0.23485058984899593
CC_5092DF691F74,0.5420102787059721
CC_5094BB59416F,0.20555328085543506
CC_509926B384D8,0.7563955307749595
CC_50A6C96DA7D3,0.05749218288968188
CC_50AE75A10F3B,0.32152524321003484
CC_50D4BB93EB1A,0.07046645978066761
CC_50DF7B02E356,0.19225518044441067
CC_50EB53CFE7F8,0.05719012841210582
CC_50FC7D563CE4,0.1561416495954119
CC_5100E6EAA3FF,0.19241628398365473
CC_510F2944B2A0,0.11517198422083799
CC_5128881AAD54,0.13413462983966823
CC_5138941DB7A2,0.1305388928476075
CC_5139EF8BEAFB,0.1597244804666661
CC_513E5EEC6B04,0.1279402377960361
CC_51427EF15375,0.2910115477868321
CC_5147B281DA64,0.3528155390898078
CC_515D968ED36E,0.08063629756686475
CC_5176FF858154,0.11956157934581485
CC_517CB40FB016,0.09470945048950252
CC_51884D5F3E4D,0.09739087702557786
CC_51AE98263438,0.15183571450365402
CC_51C9CE782368,0.1534610474980591
CC_51CC80D1570F,0.0576761444042722
CC_51D2E3476902,0.0648493708507781
CC_51E05E706D64,0.11587613261144972
CC_51E5A5E9801C,0.06888022900705831
CC_51F5DA44F9A0,0.48016708325534985
CC_51F6BDD355F4,0.06711462783323849
CC_51FE657FE212,0.08472132783718633
CC_520950C9BAA3,0.05254521163238686
CC_520B1D31AB99,0.11358973259079062
CC_522550E1761D,0.7679076366496986
CC_524CD519E76B,0.1208359619573352
CC_524FE9E3DAD3,0.4974525177517433
CC_52629A025048,0.15977679924159852
CC_526765FC100C,0.2327397309681057
CC_526E56249FFA,0.2356254851999017
CC_528B42A34966,0.2757003669958195
CC_5292B36E4882,0.18122680851951606
CC_529A2F110236,0.15297231345759066
CC_529BC4ADAD6A,0.20968372167641894
CC_52C1C5A6F887,0.0883160941499675
CC_52C3B674FDFD,0.28688396273174044
CC_52CCBB8F9964,0.08006780172345668
CC_52D21FFA24DE,0.7231413141738725
CC_52D32EDBAA78,0.1772578859522518
CC_52D7821A8363,0.14288262998357162
CC_52D9087EBCD6,0.7824141576937893
CC_52DD62E1AC2E,0.1868680647368583
CC_52E8B04F0FA0,0.12463658567340297
CC_52E965E9E2C3,0.14412996967168554
CC_530BA492842A,0.30692922362477126
CC_530F6E906D6B,0.04434140134227253
CC_531FCFBE3B13,0.1214098379455904
CC_5320DFEAD897,0.1608334246707459
CC_53319AE7B829,0.6147431780922203
CC_53481151859F,0.045548372542457305
CC_534D4FC05F82,0.2098024065026613
CC_53687DA8C9E5,0.3103209499412234
CC_53795A7B7751,0.05247110734929199
CC_538328A6B3BA,0.4272589795210827
CC_5385266461B1,0.1794355332673932
CC_53891CB35BF8,0.19386971248451856
CC_53A6E1083B13,0.08361412007886634
CC_53A77DA726A4,0.08314871139382951
CC_53ADBC2F6E34,0.22701836741549936
CC_53B249809561,0.09146626462417554
CC_53B2DF5B019C,0.06255476278705488
CC_53C1F3E031A3,0.12760147322909662
CC_53CBF2E8AD05,0.504078253686503
CC_53D04793ED9D,0.06871768437374534
CC_53E23A9B6F74,0.0682318152019845
CC_53EB59C99100,0.3677240690844647
CC_53EB9AC04311,0.0999886291404509
CC_53EC732C9B30,0.039913459663666245
CC_540122E71534,0.13497282982316258
CC_5405C89DF8BD,0.7192249637650376
CC_540D69F5BA23,0.11193243492030869
CC_5414446319CC,0.6709366659125842
CC_5418410F95A2,0.07570436303817202
CC_5431A01C30E4,0.06033460942824942
CC_5452437FC605,0.38925907294634376
CC_5452979BF98D,0.07747271114769784
CC_546EE83F84A4,0.47218664776488717
CC_5473268241FC,0.17513389686907335
CC_5474EE64D859,0.29350160318427054
CC_5476E2B2FCA0,0.13040259011079613
CC_54892024F98D,0.23035129345822936
CC_54B33C66DCF7,0.09415227570644846
CC_54CF66B660B4,0.4747410332696414
CC_54D3A35EC69F,0.06322625773640166
CC_54D6AE2665AA,0.11209873181796097
CC_54D93974E62F,0.2501859122283493
CC_54F5F552A0F2,0.1261912292461108
CC_54FC3B361BDA,0.10002684894616208
CC_550135E8FAC6,0.1392187925384128
CC_55020AD0D117,0.13795698900892528
CC_55094AF7EFEF,0.11278338449653288
CC_55126E23462E,0.05420428552005435
CC_554C21CCAF3E,0.10898411027550817
CC_554C912C7DBE,0.07348833554190393
CC_556B02A2B401,0.4003464277521177
CC_557A0B0CD0F4,0.16838738002501646
CC_559A14E729EB,0.3119014552369338
CC_559F0DD4E4A7,0.267333633284578
CC_55A82B4E57F6,0.1534017933623007
CC_55A98ABE4C75,0.12464606696719338
CC_55A9D45EA466,0.047024743295830396
CC_55CB872FF50B,0.21632223156227764
CC_55D9E3D58435,0.21266131361530682
CC_55DFF3C3BB46,0.10080473103543802
CC_55EDC3996984,0.13150530262905902
CC_56013299D8C5,0.08449205877731414
CC_560B519C1F50,0.1002078704921951
CC_560CABF0F5D0,0.1609886544182802
CC_56178AD87948,0.2828746902579754
CC_5619A7BB54EA,0.10143083861156729
CC_5624319D7B28,0.10407010909501374
CC_5625119D6C37,0.1661355479499721
CC_562BE7245E1B,0.6821463702071449
CC_563684010DF5,0.6175413298146455
CC_563EA9A29338,0.09559352562020135
CC_564590AFB575,0.041553854235890815
CC_565E01191BF6,0.5945098826224048
CC_56612A039382,0.057181220446999956
CC_5665FB827721,0.5358632089472197
CC_566932C3CC97,0.11189936648707824
CC_5671D59B2A51,0.13765073699949054
CC_567E7DD24A97,0.0801558085799419
CC_567F47F37683,0.043447857073281075
CC_56847A91065C,0.10169957629528023
CC_5698480F8634,0.05844197633335435
CC_5698B024CECC,0.5696807597719535
CC_569DC051A2EA,0.10117979144770906
CC_56A322152604,0.3444809804598332
CC_56BFD9A8335D,0.34025687252150955
CC_56C9379BADB6,0.04033852171955211
CC_56D410FD8F56,0.39131100871932345
CC_56D4549919EA,0.15691255484162328
CC_56D918CA6353,0.14368725139551256
CC_56DB30CE666D,0.14541989487946455
CC_56E760C3206D,0.2576642145454676
CC_56F73F905615,0.8068725111922106
CC_570683C088DB,0.15135871790782807
CC_571C6AFD00ED,0.3752112651059293
CC_5725663C3B89,0.10160714050953512
CC_57291D7667C8,0.17376161154694825
CC_57313F6E7927,0.17487383372953436
CC_5735F9B859AF,0.576452638579176
CC_573B34826B2B,0.6569003367832508
CC_5744447CAF7A,0.0627646375637807
CC_574CC0FC7B05,0.1325210634652898
CC_5759E2982909,0.10494523346714482
CC_575CCCCDD7B6,0.6436283853998075
CC_57603A37D19F,0.047778237576024465
CC_57639D4995CF,0.264167277173183
CC_576E6676FD55,0.056913763528121365
CC_5775C148E05C,0.12693015758736068
CC_5798E560E9F3,0.7857979043315422
CC_57A486F61065,0.5123145510969564
CC_57A726458B99,0.0681481700747133
CC_57B0D41BD7D3,0.32110428461933294
CC_57B501E60C35,0.08549011052500685
CC_57CA90509CB1,0.753085324514058
CC_57CB7673547B,0.1254294569270029
CC_57DE479CB61A,0.7371097583094914
CC_57E7F1A6B895,0.041597770409545605
CC_57F13C4115FA,0.388024490204659
CC_57F480CA9A42,0.08669023655862429
CC_57FDFC6DE726,0.2370201329016367
CC_5810468B76BE,0.16368500735136554
CC_5810F212B2EE,0.3940729596591107
CC_5817759E7007,0.13921267993608571
CC_5818B5089B3C,0.09782757039596096
CC_582C78363EB6,0.09742051764924856
CC_58391600720C,0.13169293528704323
CC_583D7B177F85,0.11757304246341657
CC_584C11014F63,0.12528813391229615
CC_584CDC12578D,0.05174853429192828
CC_5852F443C55D,0.08281445031060061
CC_58565AF0F70A,0.4930785448172896
CC_58568DF9AECF,0.20313695951695526
CC_5859EE6309D5,0.46746435643318274
CC_5872B45E1C19,0.7333359598672566
CC_58797A417EEA,0.19056060136418873
CC_587A4844B482,0.21290008230535018
CC_587C0CC3DD82,0.6604950743223348
CC_5881A04052CE,0.09828747627861992
CC_589A4E02EF81,0.14985065916328172
CC_58AB46E5655E,0.15535368880640887
CC_58B0CFC9F3D2,0.08138892867361079
CC_58BEFDA6B4C6,0.12273596577253776
CC_58D95C7247D5,0.05491854207581031
CC_58DBF3409D48,0.07035381986440566
CC_58E35A47B880,0.17822164984646072
CC_58E40EFF57CF,0.3440802646672637
CC_58F551219BD6,0.07316226651922607
CC_58FA76C6C45C,0.6098045581969559
CC_59018149723B,0.06361178707597856
CC_5904459ACECB,0.7672647839577873
CC_59088B2886E8,0.043870059573937616
CC_590D2E0AD18E,0.575737730112164
CC_59146CA05E8C,0.08991260198689754
CC_592592397DC2,0.44755340633256707
CC_5926F5B4E054,0.14912689182615263
CC_592A5A163624,0.3566672559956914
CC_5941C323917F,0.09149029625100441
CC_594E4E86A1C6,0.19734835450474542
CC_595ADAA76A32,0.08642073470622158
CC_596A20270C3D,0.19886797258181627
CC_5970E93E11DF,0.31821450373605165
CC_597AD111527C,0.11064296624471878
CC_597FDFFA265C,0.12161427647286509
CC_599C287D2BAA,0.395337703602351
CC_599E345094D2,0.14626939456931873
CC_59A4741B5A92,0.1813849696582606
CC_59BB3A5BA2A3,0.5786421175823716
CC_59BFD1200F6B,0.14340733463076072
CC_59C07CCAF4E0,0.1958682723873973
CC_59C49474B501,0.1641058078733603
CC_59CFBC2CA471,0.5953968278304721
CC_59D62BE0C0C6,0.13526438792596257
CC_59D86F572716,0.11898861382985859
CC_59DF71FBA4B0,0.044682635756965614
CC_59ECB7465DCD,0.05902154842603502
CC_59ED43A803B3,0.03437964429090292
CC_59F5E81F4EA0,0.15906464968403072
CC_5A10371BE7B1,0.7890099126450107
CC_5A2F9A594A05,0.5666346745830538
CC_5A38E46246FC,0.5022009700510182
CC_5A3F52B0A07B,0.19719193346353447
CC_5A5507A49F6D,0.08723455149777043
CC_5A58A5E6DE82,0.10576111086801719
CC_5A5BB6DC1018,0.20088522069681497
CC_5A5C0DF50E01,0.1059869349531948
CC_5A633C535360,0.09595786241417806
CC_5A67E62D8D5E,0.6666265352364676
CC_5A6BA0007593,0.11820746412728525
CC_5A7513434C72,0.04187862299160848
CC_5A756D8AE60D,0.1993640596689247
CC_5A7C13841B7A,0.6245730442778366
CC_5A7CBB6E8716,0.19195904479724696
CC_5A83A1E25A2B,0.38689979242535383
CC_5A86EB53A14D,0.72754822970778
CC_5A89E13CE597,0.19403354233706455
CC_5A9466D0CF9F,0.1291868550682099
CC_5A95331BD0C5,0.11416946451356738
CC_5A9F63C3E428,0.055137741272971275
CC_5ABC76FF707A,0.05644711866527122
CC_5AD0F1B43457,0.094926935205508
CC_5AD82250C271,0.04868175384094381
CC_5ADD27165E38,0.6991225908120589
CC_5AF32E5C8018,0.03807843247046379
CC_5AF3690FA0B0,0.17986429767192455
CC_5AFDFAA63B45,0.1482409926685533
CC_5B025DA26FE6,0.05337159214772153
CC_5B07C7DE7E7E,0.20601196507681013
CC_5B08171A6880,0.2233452549695989
CC_5B09FB1A0BE2,0.07383404402300645
CC_5B0D6BA12702,0.47875494378408023
CC_5B0EF2D4C3CC,0.17883405654249757
CC_5B195D88C182,0.31611496242995707
CC_5B1F6FE71A38,0.06750517787119176
CC_5B247961602E,0.06273805781254514
CC_5B276421F4CD,0.060131607705715726
CC_5B289AFA1662,0.2872344542623795
CC_5B3A16421A31,0.051803101304595214
CC_5B3E78897EB7,0.06744163527009164
CC_5B480B44A9B1,0.13366411888849483
CC_5B546C3A21F8,0.16240715061725708
CC_5B5BC4023EE7,0.15510249142853877
CC_5B6D63DD34B7,0.10687129341872531
CC_5B6E868912E6,0.06724420619704649
CC_5B818D2581FB,0.1520026779026552
CC_5B82E8BB921F,0.2730114873170504
CC_5B8E8DA14EE6,0.16551204150525223
CC_5B900A135A69,0.08242329038101547
CC_5BB64BDF3C99,0.08883506727964555
CC_5BCB2C79D1CA,0.24314900550189641
CC_5C072DB8586F,0.05063892149664719
CC_5C0BEC2A0850,0.120076855551229
CC_5C24010127D1,0.2742274649604651
CC_5C2DAF5E0EB7,0.4173566392226766
CC_5C3E8DB90978,0.15554196083256716
CC_5C4A7CE69975,0.30712977114101103
CC_5C5766F933B0,0.4408289396137108
CC_5C5808240054,0.09785204855106448
CC_5C5D6E15EA27,0.20140195149899415
CC_5C60C4545922,0.12954797831688214
CC_5C626D70F6D6,0.15483154035520516
CC_5C670F0622BF,0.08855655375138355
CC_5C799E57EF53,0.06251723701326528
CC_5C7B44735AF4,0.1677533496014664
CC_5C7D8DF047E9,0.17995939046924464
CC_5C80F394EFC3,0.13342672422325674
CC_5C99E6189441,0.09516410481714585
CC_5CA9AB4A6AB4,0.11878746361554143
CC_5CB78ADD2432,0.13880414387219653
CC_5CDE37CE08CF,0.05290414008616574
CC_5CE258D12432,0.35706775652709877
CC_5CEEF006ABF9,0.0654830667947591
CC_5CFD2850E277,0.29430152043870816
CC_5D01F71B9FAD,0.13406662145622328
CC_5D065A455A45,0.2005733496851292
CC_5D0AA7D4954A,0.26750820593005215
CC_5D242448B812,0.14421763055616568
CC_5D2C5115BDD2,0.17921610321164702
CC_5D3273E039AF,0.6628746075401668
CC_5D398BB3365B,0.09067444096856926
CC_5D3C1CE64952,0.08174213396992584
CC_5D4B0EBB5CD6,0.07846851985374317
CC_5D5E897588D3,0.08857926612191018
CC_5D65F25FFB8D,0.05988618874831442
CC_5D665A86C465,0.10942891790129085
CC_5D80C353E475,0.10390724660179607
CC_5D8895A0AB4C,0.19052836905681864
CC_5D88A673BF50,0.24235048463544975
CC_5D89688B69A9,0.3695154990504922
CC_5D8AC8E18A8E,0.07860767412646172
CC_5D8E7DC2FA6A,0.5504247904752213
CC_5DA29AD9E85E,0.05710978240603587
CC_5DB286EAC626,0.2931503341576712
CC_5DBC1BB95B84,0.7991314902553301
CC_5DC0A465470D,0.05392428714366375
CC_5DF82CB03C3F,0.09861716774918222
CC_5E001C93F359,0.06685811733059543
CC_5E029094A55C,0.7004958791237171
CC_5E0808121A65,0.148512683063467
CC_5E1117E4E593,0.12651802380439756
CC_5E1541060A97,0.6985549726550788
CC_5E1C11540C0B,0.09809212115603888
CC_5E1DC0E143F2,0.1471556393274485
CC_5E206AC277E4,0.25167873477444125
CC_5E22B4BC8B12,0.09453159187816376
CC_5E22D889B6BF,0.15772144044476405
CC_5E38425EC99F,0.7342696011270591
CC_5E3A70C2077A,0.15651162607022368
CC_5E5607D275CA,0.12533841217877453
CC_5E73C3D2B3EE,0.13548789427203564
CC_5E7F23A07A71,0.09189388669849828
CC_5E80A96974B8,0.22840080971727922
CC_5E8C0453B9B8,0.32893236436127915
CC_5EA599FBA5E0,0.5517549443534948
CC_5EB379BA6C7A,0.10767430189613027
CC_5EBB96F65AFE,0.3908683523150427
CC_5EC41568C2E1,0.10510925156934872
CC_5EDB5C924107,0.3290070768059088
CC_5EEE5D0FF8D3,0.18198087289296483
CC_5EEF07FFC243,0.08315777333153734
CC_5EEFD690759A,0.09748956037571282
CC_5EF2176F01D5,0.11101813465650825
CC_5F17CA33D26B,0.07686888750531787
CC_5F20750D6658,0.1538030780876025
CC_5F2CE32A6EC3,0.1497831080719492
CC_5F328EE757B6,0.05356555251844787
CC_5F35B8D87D06,0.1973364855155343
CC_5F390BA40E83,0.7120474763351081
CC_5F59092CA9B2,0.1107937469041918
CC_5F5916E96E19,0.16525934882489274
CC_5F5E835B9E6E,0.08502710062437205
CC_5F648D39D67F,0.6007439763999829
CC_5F6D4104C808,0.17465931843259913
CC_5F72EBE104D4,0.044395795263571416
CC_5F765C41F051,0.06328942384679773
CC_5F8859A6F0DB,0.04742228203829893
CC_5F88ACC7C384,0.1448842418019685
CC_5F89DFA97B7C,0.5715860214411156
CC_5F93A3E31DD6,0.6576299110541601
CC_5F9A44423DD4,0.12780007374924482
CC_5FAA7965BD71,0.15598378855161726
CC_5FAFA265CA02,0.36274769760189
CC_5FBE1A34704F,0.15067810513815305
CC_5FCAA919577A,0.2205766368199003
CC_5FCD208ADD77,0.18336131581702025
CC_5FECD2BB0094,0.09076299871863906
CC_5FFDE52E6B7A,0.0969587016845695
CC_6002BFD3F26A,0.16154045882696055
CC_600311592F72,0.06431476169588221
CC_600AE12112D6,0.23998663928936242
CC_601C3178E38D,0.16208290960417837
CC_6037EEA42F2C,0.39542650575077676
CC_604C08F76272,0.6350434785132367
CC_604C72AC662C,0.13935272927389858
CC_60510AFA8A87,0.15221482686945448
CC_605E2E26E52A,0.23435683372422186
CC_605E3904CD8E,0.13331624590077557
CC_60611B935106,0.13302585360363084
CC_6061787228F8,0.14885046789666728
CC_607270A72DFD,0.26595558986540657
CC_60738E418DB3,0.13304467796503433
CC_60961DF8A134,0.14320844722271453
CC_609B7A7FA165,0.07946894840074854
CC_60AC5C892D01,0.10132800883023414
CC_60C09FF84412,0.17572313518056237
CC_60C87349D73D,0.2738938627216493
CC_60DA2FBF1FBF,0.10023678310290651
CC_60DA539A39FD,0.1854795245538092
CC_60E974A0B278,0.08005234676744255
CC_60EF7D647EFC,0.049893549476351065
CC_60F525A39898,0.04124555962653058
CC_610009B69EBA,0.6764531718306988
CC_610FDDF5FE54,0.1577821856013022
CC_612C06CB5FF4,0.10088684759786296
CC_61307D82CC26,0.6119217278631062
CC_615030FD33CC,0.6818580133969392
CC_61649241FE59,0.17864730288336295
CC_6170051A606A,0.20498624446107483
CC_6179A630658E,0.0839759101613046
CC_617BD59427E7,0.11653723813222551
CC_617EC8BD5153,0.19018742998668964
CC_6191E14D21BE,0.059873636613740885
CC_61A798B8D222,0.05817706420043866
CC_61B4A983D1A1,0.07161507777392194
CC_61C9732AA682,0.7204181739862336
CC_61DC64E37471,0.0703976353304089
CC_61EAF14033DB,0.10943222116930294
CC_61F18E0C218F,0.05253043980014348
CC_61F1A1263F5B,0.15077300857412212
CC_6209EA426553,0.04672152961459004
CC_622BD8CB3807,0.29056338935624704
CC_6234A9617A7F,0.09293284340904658
CC_623AC074EB25,0.13514575350860636
CC_623FAACE8A80,0.06149857259054518
CC_6244E2935407,0.30083342842395944
CC_624535E11F69,0.061042128090426626
CC_624EA2917CDD,0.6627011765109603
CC_62565D08DDDD,0.7511142112581084
CC_6268ACD3F95B,0.5089651411035644
CC_626B61F4789A,0.6554735455120386
CC_629193C2A090,0.2789750380645609
CC_62933641AC43,0.26154887180074654
CC_629480877536,0.3446319368151345
CC_629CB045D9FE,0.11239182776602882
CC_62A84BC400F0,0.326624622894645
CC_62C36DF81797,0.1946877062482455
CC_62CC835CAE4A,0.6672047665990165
CC_62D4192F126E,0.7775594472654677
CC_62D7A3C9483D,0.07009056439795162
CC_62DF1B99B4DA,0.10059563941764454
CC_62ED7BA3E620,0.04863003067842907
CC_62FC001AFC78,0.09484503693668683
CC_630412B4AFDA,0.18775938026738254
CC_630903AD39C1,0.0351682518992475
CC_630938DCC1B5,0.06108771606492955
CC_630ACED773E9,0.41682442758418814
CC_631E1690D913,0.06331902698726698
CC_633A7C7FC25F,0.3031633065230396
CC_6342051D8FEA,0.24797394384493404
CC_634CE4E8AE49,0.17160252107845872
CC_6359692F5EF6,0.14914343478936548
CC_637278423A6D,0.2785783349140679
CC_6377AB848081,0.13000579719056282
CC_6381A65E0A3D,0.11377930744894962
CC_63871B4814E2,0.11021918607931147
CC_638AD269F05C,0.040801022285746724
CC_6391AE0FB83F,0.14050249643203994
CC_639703EE2ABD,0.045996692784578574
CC_639750C87A7A,0.7389421129568733
CC_639B1DCECD2F,0.1971533308846642
CC_63A869443AC0,0.4825049603453987
CC_63CCEE26BCAE,0.05964275172202509
CC_63D51CECB6D2,0.26381907540202093
CC_63E53402FC02,0.03570441532507319
CC_63FC6895901C,0.14914618492643594
CC_63FC8A97D9C1,0.13239808844600048
CC_64117B93EF73,0.3343833407777068
CC_642D9C325F1D,0.3649564168257916
CC_6436B950E22B,0.20957200660989486
CC_6445BD3DDB6E,0.03823447829470418
CC_645C15569E42,0.11863105415769953
CC_646472AD66EF,0.09514079562873298
CC_646B8254357E,0.14931035403967893
CC_647F4BB4983D,0.636377200979277
CC_6489ECEEFD0E,0.09875550186376757
CC_64946E57306A,0.03968240646999104
CC_64976830B0B7,0.33397472821846924
CC_64BA10F3FAA1,0.105659502538179
CC_64BA39A0DFC6,0.09089113691411171
CC_64CF9A79EBFC,0.08327798446056812
CC_64F0E0473D1E,0.0964155002573727
CC_65006C2AB2D4,0.7608034823405194
CC_6500BD19FA06,0.2941671238979702
CC_6504DCAA90E1,0.08758819381123273
CC_6509C7361994,0.1882955304439316
CC_651486189673,0.10456769142016356
CC_65194BAE506A,0.16683346147434347
CC_652539353439,0.17584337502292277
CC_653CE5FA5A76,0.21146028272073158
CC_6560C2F4EDA4,0.1590523359364477
CC_656137F98187,0.6484239189150632
CC_6575B4B39113,0.04388128716255099
CC_657F629D31E2,0.19814326545443545
CC_6580B7583ADE,0.2134593034085674
CC_658477BA75D6,0.044981887545050725
CC_658B7867BE7C,0.13449956386328132
CC_6593FE5349F2,0.08656636013903043
CC_659EE0F05A75,0.3564057514235714
CC_65A0D8134410,0.2562683882681778
CC_65ADD5A19F64,0.11583524348698945
CC_65C3F0F73BB1,0.08545639725759896
CC_65C47521C285,0.04681304928158529
CC_65C4EE0B737C,0.22107302614063856
CC_65CB68404333,0.18491989803841927
CC_65D6DFF1B766,0.1204062243599173
CC_65F1545C35E1,0.20544989850507983
CC_6602547E2FCF,0.22996266688987999
CC_6615D7044816,0.23873836595157694
CC_66244D4B72EA,0.11238995923820534
CC_662E5AAE07A8,0.05758878792063734
CC_66322B339E84,0.052261022620726405
CC_6634FD4B1CD5,0.775019162342041
CC_663DCEF4923E,0.1886413716692268
CC_663FE5BF918D,0.44546186947081534
CC_6645798E740D,0.10620966764100126
CC_6649736C8321,0.7767607379760559
CC_664E1026C4D9,0.33537957079357217
CC_665603C4A33B,0.07863634381215936
CC_665BDD9C8039,0.4181668410707411
CC_665F2AD58363,0.20979167417497224
CC_666767444BC3,0.23589032903781454
CC_666C0A2A8674,0.06406248287862415
CC_666F2BCDC7D7,0.18814223314026943
CC_66775178B226,0.07105026582065392
CC_667B6F8C846A,0.6167765206077243
CC_667E909835A4,0.20953462049223281
CC_66809C278FCC,0.18381538730515087
CC_669CCC44CFCD,0.07020971140364865
CC_66B0BD3F6516,0.30266921237472255
CC_66BF02C05DD8,0.1380130770767205
CC_66C491256BE4,0.08115097554372885
CC_66CEFA65F912,0.3887146527093045
CC_66E025DB3282,0.6201198417823441
CC_66E7B423A32F,0.7057924349007729
CC_66ED26E7BAD9,0.08893919624302085
CC_66F7FF7735C3,0.19082083854192528
CC_66FD0CE6D57B,0.058482263788684756
CC_66FFFE05C2E8,0.10155003999999099
CC_6700012A39B8,0.14475561088264632
CC_670FC6A064F0,0.19079802644376426
CC_672932B65802,0.08438124078002966
CC_6742C6478F98,0.17532114124146386
CC_6745321663BF,0.0654369951324199
CC_67579CF57290,0.15449206798116472
CC_675F7483FB90,0.18431978389061526
CC_676ACFAA6131,0.6771870580535118
CC_676B423C495A,0.563815355399716
CC_6771C0D1CB1F,0.05724540758404202
CC_677EE0369CA7,0.06703896287015544
CC_677FE35855A9,0.1908063674636432
CC_678091614A14,0.11703617564905995
CC_678A43ED0803,0.6545706195968262
CC_67955C210226,0.09280057503144645
CC_6797E0B01112,0.2658151204421574
CC_679D90941842,0.11358743148160316
CC_67C05273700B,0.12435498289592938
CC_67D5172B6450,0.17356748298332192
CC_67E8CF412D93,0.1093275134152468
CC_67F6576A6836,0.23384475692836032
CC_67F985A00A12,0.06268106362964446
CC_6801AD1D4478,0.08193153295430498
CC_6803BFA94B17,0.04779690202399653
CC_680B16E5E240,0.15529759872048846
CC_680F2D0F4F6C,0.0945574757664415
CC_68221E1393E1,0.106399900019813
CC_6822590B968C,0.21871671925263825
CC_682D8EBCEE94,0.20861656258860695
CC_68429B4AE401,0.4076821571099454
CC_686B26BDD061,0.06278573487471228
CC_687518442359,0.3838474670433698
CC_6875DA61F422,0.21946036413670345
CC_68A3D749608C,0.16663330376399843
CC_68A9C3CE2557,0.08653308063615474
CC_68B9F8C6D9D6,0.6709452750981958
CC_68BC65E3C84A,0.37753883494539253
CC_68CC4D1D898F,0.07844121038497258
CC_68D0ACBD2D0F,0.03747603578931678
CC_68DA8D5488B3,0.07940104420435745
CC_68E675A69AF3,0.19274380758821705
CC_68FC9E6FA27E,0.14405674801679072
CC_69322F7C4CE3,0.11982800736811956
CC_693710EAD59A,0.20415580515080303
CC_69387752F41F,0.49367979128125505
CC_693B71DDFE67,0.1430907226686815
CC_693D4AEDA3A2,0.1194363889050461
CC_6952171BCD2D,0.11791062121736536
CC_69547DEB412A,0.23621814975541897
CC_695E80DBA42A,0.0840521124657825
CC_69717E76CFAF,0.4390056947358906
CC_69741BF89A2D,0.13914496367681453
CC_69825C70EEE9,0.22818943756645066
CC_6985C268DC74,0.470216775943469
CC_698886C4AD90,0.1428981893900391
CC_6999901A6060,0.16972176985434892
CC_699ABD34646F,0.06841171039644839
CC_69A98DC7A907,0.06727733476372807
CC_69AA6E0DDE10,0.18129627752003905
CC_69AD5A48A78B,0.17844274772958268
CC_69BA7BFF98E2,0.1285545423465128
CC_69BBE365C097,0.05559988302927145
CC_69CD95A00D9C,0.052676249149222455
CC_69D328691680,0.07071884601833624
CC_69D39C9F36F2,0.29265408079563937
CC_69E09390CD64,0.09271408078181376
CC_69FD49E90AC9,0.3163620890003502
CC_6A099AFE73BC,0.16607104722142468
CC_6A099E6C91BA,0.30559332742857476
CC_6A19EB191A81,0.03782333679324512
CC_6A39017046FE,0.126138892917312
CC_6A4A401F2920,0.3576510373318822
CC_6A5261180031,0.06147900183783177
CC_6A7432494840,0.15251648861383776
CC_6A7963180D20,0.3436591722663137
CC_6A7D7E5F814F,0.5618032884929389
CC_6A8B8BBA749E,0.1367866672948812
CC_6A8DFDB0621D,0.13182041238474201
CC_6A93C436E2FF,0.10414121698466944
CC_6A97F81D9A0A,0.13476946846105775
CC_6A9D1622B4DE,0.321325058269656
CC_6AA6589445C1,0.6555892312585971
CC_6AA7A87F59FD,0.2105784174883097
CC_6AADD44C0B52,0.08220915429409216
CC_6AB4A5EBA3F6,0.1988714796516109
CC_6ABA7D0ABAC5,0.13057688932226838
CC_6ACF1E52BE8E,0.12117746222579172
CC_6AD3513459CB,0.1044453125546897
CC_6AD4238EE77D,0.18730865562480203
CC_6ADD0FE5DD74,0.6676033428766518
CC_6AE2737BD3A8,0.09134170199436792
CC_6AE48C1F2448,0.16001334288428387
CC_6B00A666A420,0.6463992552316402
CC_6B07C3992304,0.06713155770309936
CC_6B0A72BBD800,0.6325096259147125
CC_6B12B975F2EC,0.3800207723662007
CC_6B12C9507F32,0.18533478742089687
CC_6B34719D93AC,0.5794667163273923
CC_6B34740DD355,0.1620125251236339
CC_6B41081727AD,0.24099176140934436
CC_6B4902892E70,0.09164798520268479
CC_6B5BC2D89077,0.7443667458494154
CC_6B65242C2CCC,0.13266548173179196
CC_6B823BACBE75,0.3376224182618306
CC_6B83E1A959C2,0.27459858356129674
CC_6B84FB3DE604,0.0406340615905559
CC_6B8AABAA752E,0.168274841445371
CC_6B8AC0DEE990,0.39674315915608316
CC_6BA45C072D40,0.1690354632325491
CC_6BA72ECB5027,0.10492127783704343
CC_6BB560F020BD,0.07700797088655821
CC_6BDF0B68C126,0.0310668609561141
CC_6BF0A9437728,0.12616879425652117
CC_6BF3B9097199,0.16203465568544068
CC_6BF7A1EF31B9,0.2111993949481766
CC_6C29DF49246A,0.07428450167697415
CC_6C3C86C2125E,0.0942034734158769
CC_6C42FF6D7218,0.6713313634566604
CC_6C541A482CF2,0.2538379581569729
CC_6C585A6BFE01,0.8252582884944543
CC_6C5CE36700D0,0.18362144038445277
CC_6C62C2094733,0.08913672654088989
CC_6C66539A9D02,0.30672080645054467
CC_6C684505E498,0.0774571407281974
CC_6C6E40927C35,0.045924963924207515
CC_6C7736F51C12,0.6567736890523845
CC_6C781CEB6F52,0.0893054895067222
CC_6C7E39BF4744,0.10816909618196442
CC_6C9EE9BAECEE,0.06148821195348744
CC_6CA0F076091A,0.10605843602714726
CC_6CAD299645B0,0.16040642189601007
CC_6CC3C50BA394,0.1091359836721938
CC_6CC593C5385D,0.04988413302828888
CC_6CDA4B24C602,0.2788067131706054
CC_6CE31AFF7813,0.07277995823195164
CC_6CECB68DE9C1,0.29034547842568054
CC_6CECD3DBA212,0.17548200891730137
CC_6CF17D012682,0.1730260517927938
CC_6CFCDF903310,0.13956926457504482
CC_6D08B5E62654,0.10493401128400931
CC_6D0F60667273,0.3321296852111063
CC_6D127EE83945,0.05960324281081701
CC_6D134DB29068,0.34594361473811075
CC_6D141A49D94E,0.564738151570615
CC_6D148C0A624D,0.1886102045122003
CC_6D1EFDDE2EED,0.06254312537871196
CC_6D22B938D7B9,0.06593917840428057
CC_6D27409F4956,0.1009256884996782
CC_6D2F0EBBCA4D,0.22801040969490818
CC_6D43BE30E8B8,0.2665287536752484
CC_6D4EDEAF67C7,0.2072405406310684
CC_6D72571304DC,0.4838965943727641
CC_6D7C62C7C161,0.07221644097485125
CC_6D8A18C28AF0,0.07881890024421029
CC_6D8B35007242,0.07540478687349372
CC_6D93A9E49E3B,0.1645471944153885
CC_6D9C644A082B,0.10226745889761954
CC_6D9F52BD4D0E,0.10773218486381198
CC_6DA058F9B631,0.2419690425378652
CC_6DA1F8DF9CDC,0.27318482219490237
CC_6DB000AEF16A,0.09220242659109487
CC_6DB5025899E3,0.20768183857055456
CC_6DD6FA2FA0C6,0.10949860031272626
CC_6DE4E4C1A31D,0.17643812336222361
CC_6E09CBC15C94,0.4638734731499409
CC_6E353816938F,0.052760864642362904
CC_6E3AB992A5C9,0.18259382891158707
CC_6E420A2FE490,0.16504882085002476
CC_6E46D01888D5,0.15381106954600562
CC_6E4702162475,0.05688628920352474
CC_6E548AF15091,0.22020741074185676
CC_6E5C9A2DA27E,0.05016488828810696
CC_6E610F3976CB,0.22327836866138978
CC_6E614FF9BE02,0.6525852399333674
CC_6E68D46447E2,0.10333531707227941
CC_6E712C21215D,0.04593557106982697
CC_6E84DED41B8B,0.12987604796099383
CC_6E8557E30DC9,0.6230481520641863
CC_6E8963475D35,0.21140335449645276
CC_6E9880CA0BF9,0.28941390546122
CC_6E9FCD68ED52,0.692760110143992
CC_6EB194A93F60,0.1390292771705579
CC_6EB370F511F7,0.0636236974070484
CC_6EC722B2BC2F,0.16522003190762496
CC_6ED1B0EE4B6C,0.22548004632426785
CC_6ED65E7CABA2,0.1046740871257805
CC_6EDA84B653B8,0.3287737214025438
CC_6EEE8E7C1D1C,0.17766966374276394
CC_6EF17801ADD6,0.13083433422183924
CC_6EF337CC4BA9,0.26266103809906993
CC_6EF464EC9FCF,0.10824219857243308
CC_6EF6B8AE7DCD,0.04789556702813682
CC_6EF8C59D8395,0.8518719712519501
CC_6F2146FE362E,0.05985238167691915
CC_6F2408B665A6,0.38084859094183726
CC_6F2B8E925D59,0.036260293899435
CC_6F3034E96848,0.12155527710474648
CC_6F3559ACC2F5,0.05531830444883168
CC_6F46C5897DA8,0.3995004575514114
CC_6F49ECAE902C,0.0733981333030982
CC_6F4B818665D3,0.13174780356807797
CC_6F4E696A1F88,0.2354929423531751
CC_6F54BD66C0EA,0.18129777799212685
CC_6F786C433998,0.09986877165208521
CC_6F78BF56B0C0,0.0929153416202825
CC_6F8346F138C1,0.4235236711669649
CC_6F86CFDB23D6,0.058073307797990734
CC_6F8E30AE9457,0.16364792463060962
CC_6FC25B27AC26,0.08403608101278548
CC_6FC8BE007FE9,0.14745575903819755
CC_6FC8DA40122A,0.21811627652009535
CC_6FD8BAB1DA3E,0.07454875463370625
CC_6FE4FD09A9D8,0.07817876666524898
CC_6FE78CB02174,0.04010883694896032
CC_6FEB8EDBF2A4,0.16048091088160626
CC_6FFCF2DAD0A4,0.08382779633379273
CC_7002034B0979,0.0874528940853645
CC_7006523D45E4,0.08461424729038752
CC_70097151A773,0.07499683671557525
CC_7011BC95A91B,0.0396667649587194
CC_7020F3C11A3F,0.1444739723212952
CC_70306409A3E8,0.2798223546204822
CC_706B18DA7204,0.11329560895293245
CC_70703A59C070,0.18685388619121562
CC_70749DDFF595,0.1265141189277046
CC_7079CE5127A3,0.04574471239577693
CC_7087A46F0AB7,0.10622418104682801
CC_708B73EBD939,0.1589457892590148
CC_709315667BCA,0.07705326871488641
CC_709970475B6D,0.593026116039747
CC_70A56ADAC199,0.057553339931784755
CC_70ABB244502D,0.04730012731965447
CC_70B0176647CE,0.15727697350571698
CC_70D3353DA1C3,0.07587940916770602
CC_70D652DF4E91,0.13216407523339607
CC_70E3121BFDC4,0.109922480891603
CC_70E5FB8B072D,0.046955444162496224
CC_70EFECA3FAEB,0.17980813840059212
CC_70F59DA18BCA,0.4485547632715665
CC_7100129A0AFF,0.09823963034042385
CC_7113554E33B9,0.08784519442516842
CC_71260405461D,0.05993055156023569
CC_712677251322,0.17045727000376426
CC_712D31B2785D,0.07005167731295087
CC_713052DB1E2E,0.062472154293459356
CC_7139C2D6F1AC,0.09791012660370291
CC_71427FC8FA49,0.2292574423638797
CC_714912E93A71,0.13868488067932233
CC_717A5C2ED311,0.21880267051976593
CC_717C94F5C8F1,0.0707808836816276
CC_718F067F4DA0,0.04519120235135547
CC_719E714DD38C,0.069109091364905
CC_71B169C874D0,0.1545589747973122
CC_71BB5070615C,0.10900524527007255
CC_71D37D6D19C6,0.2097350990242744
CC_71DC80205F42,0.1452027742133709
CC_71DEB636B8CD,0.561064423174751
CC_71E4CBAA1211,0.1459508837986286
CC_71E787049755,0.09655635782647574
CC_71F1EF5575AC,0.08586117943870922
CC_7201DD8EB33B,0.19950212894458463
CC_7202C8CE2317,0.30722436934919434
CC_720B06583C57,0.041392961089010305
CC_721DEC038BAF,0.07929811273743051
CC_72219BCC83E3,0.16378384688947512
CC_7223DABA7E98,0.07869329067886682
CC_7233459FF7B8,0.2237700081949608
CC_7238A8A6767A,0.16086725475630703
CC_724559551664,0.6480216502500886
CC_7248EB4B76CF,0.06230565412289743
CC_7259B5314D92,0.09130295209624781
CC_725CA03102FE,0.050127960602077165
CC_726E05E5A555,0.13832260785396286
CC_7276AEED6D4A,0.07396666152440529
CC_72A18E8D6670,0.04718394129655972
CC_72CDBC38202A,0.44924288946187435
CC_72D8B2ABA2D1,0.7569804861926253
CC_72E4590D362B,0.3682518497118047
CC_72E8542AE4BA,0.0524933860970873
CC_73010B6E55DD,0.6207245723779321
CC_7309A4693D52,0.15131895264301903
CC_730C2A3FF1BF,0.175294214256981
CC_731C1BCED024,0.6256325843146607
CC_732C325832D8,0.1745864924970424
CC_732DFCAA0A75,0.1809838256353527
CC_73322A6A24B1,0.7712133889911915
CC_7336B19A18AB,0.21510440320952656
CC_733AF1D123B8,0.306741297557602
CC_7344A0E90AFC,0.1142478174396746
CC_7348C2B475B7,0.12726481313105628
CC_735E1A78B058,0.0893665997125829
CC_735ED2A02DC4,0.13392791740014293
CC_736015DE4E3D,0.34332188073627296
CC_736A42761E55,0.10569087858306683
CC_736C0436B98D,0.17314999169845732
CC_7379212919FD,0.08364603380799851
CC_73859CD59E75,0.5553822905281247
CC_738B201B1CF9,0.13127565146063017
CC_738DCB11942F,0.06741842737222126
CC_739198ACE582,0.1222797493645508
CC_739D093D7B69,0.114942463517167
CC_73A7FC903662,0.17901927721535135
CC_73A8927DCEB9,0.1090902430288759
CC_73B575BBBBE3,0.1585037410322725
CC_73B6B9AD2002,0.05070304807721274
CC_73C28D72A5A3,0.5084761676046579
CC_73C38DBDF9A7,0.13794679306761998
CC_73D44BEF6754,0.35643068097151165
CC_73D4C1D7C022,0.07966445374133965
CC_73EF383F3C2E,0.17199515659150755
CC_73F34B1607C1,0.07934211013896397
CC_74137206902D,0.10600243746388506
CC_74198E5EC366,0.06753454694287035
CC_744FB5804A8C,0.6248234767948142
CC_7451E64B6D47,0.18421486114418653
CC_745A64878AF1,0.09290960548236794
CC_746B196CECA1,0.153653630273485
CC_746C06898D5B,0.591000950057317
CC_746DE1EED0DD,0.2154730882869766
CC_7476938CF6A0,0.5448340016068454
CC_747CFDB7E305,0.08629189516142641
CC_74845374E870,0.7465082417016261
CC_74AD8D3B192C,0.7023452579312166
CC_74B90A15B270,0.10568132971743195
CC_74BA5D46E909,0.7119434919839629
CC_74BE0AD5E21D,0.16084814380515877
CC_74C33B66F002,0.15373523467287592
CC_74C9C3F17421,0.061458275715310845
CC_74E4BD5C07D2,0.06835853067786737
CC_750D90249EFD,0.10625132064220269
CC_750DA21B7EDD,0.2891781684170207
CC_750E6537383A,0.2681739403226434
CC_75137D6F9DCB,0.09320456905083513
CC_75173A8A11D1,0.3248834790942364
CC_751DDC1FC2AD,0.1297951050347041
CC_75357E0206F5,0.08403767374991855
CC_753D160E3A58,0.09623171297796435
CC_754447632F75,0.052683923206636306
CC_7549363C5D36,0.08712957930347462
CC_754F3894627C,0.0979447063862999
CC_7562CD43897F,0.13164637233315468
CC_756A077EC614,0.4047384954002339
CC_756D3492443F,0.3049846058808948
CC_75783B3E6C6E,0.04636338690991337
CC_7598068A716C,0.047680016366961446
CC_75A37D8C1F6C,0.577516322034133
CC_75ABDDA24C26,0.12541161686440883
CC_75B287424E59,0.4218835363081834
CC_75B2B88876B6,0.12225028349664992
CC_75B324FCDD4A,0.2117055864269411
CC_75C1466E61E2,0.24163977260929043
CC_75CCCD9D4568,0.12245677890933945
CC_75D2DAF4491C,0.3227369065780361
CC_75D54090AAD4,0.12202926080631854
CC_75F1927E5941,0.669912910108429
CC_75F99AD6844A,0.30870764050018273
CC_75FBA505C727,0.28620767980339556
CC_7615CC930B76,0.10997601670839946
CC_76168488EBB0,0.4876256885436613
CC_76197A77D666,0.037527558675106355
CC_761F48F8E962,0.21996104523673463
CC_764C6ADC6D1A,0.09724736387678642
CC_7658A6B0910B,0.04816242920792819
CC_766347951B7B,0.54866694921222
CC_76857712D8F5,0.3058749485465113
CC_76A0DF2549B7,0.09487646775583727
CC_76A636414AEB,0.21239375070687871
CC_76B01540CDD1,0.15880899736363166
CC_76B420FC66EB,0.09386634034877314
CC_76B6BCD2EBAF,0.06797031677452137
CC_76B7A0029620,0.11840241843265778
CC_76BA435EF2AC,0.1340170646693956
CC_76BCC1AFDA4D,0.07870540803298978
CC_76C35913E797,0.14182703717879344
CC_76DE3DF1DEE3,0.17606820191608796
CC_76DFA4CD068B,0.10885773891105005
CC_76DFE3568C72,0.2508328071875603
CC_76E201F1E036,0.32569947892716195
CC_76E83166FE0A,0.12869169049265525
CC_76FD9E9D9ED0,0.13130529429702625
CC_7720BBD06736,0.3757591281266349
CC_77340228F356,0.7095745079118834
CC_773CBBCBAFFE,0.09409338459789642
CC_773E9B092923,0.09618159329920994
CC_773F22C3E42F,0.043011698866837686
CC_774ED295BF96,0.14211773849417286
CC_7751ED6DF76C,0.05086697525132129
CC_77571749B970,0.1708890483333556
CC_776F8B3BAC08,0.11072499728342286
CC_777889F9694E,0.052115837227560635
CC_777D08513AE8,0.0839016751825062
CC_777E3D988EFD,0.24154489947591046
CC_7795BEDE05E8,0.2810852223368014
CC_77A9EA3A6784,0.08513446541601478
CC_77B1AB7960A9,0.19384677906464082
CC_77B6EA810549,0.28431705590049405
CC_77B9889C9BFD,0.18557661237551884
CC_77BC55DC92B6,0.14464095349801986
CC_77D1DFCB0A8B,0.059485749522808946
CC_77D9AC43DFE1,0.1976190797703532
CC_77E6EF1CF2F7,0.11702714636264733
CC_77FFA8E6B36D,0.14771447877957916
CC_7801661A9DC2,0.15399202513816115
CC_78069B1BD931,0.1318219735850531
CC_780828B48716,0.09770729333845878
CC_782130B98F34,0.0994130349576306
CC_78273789B3C5,0.7568444066215525
CC_78296783E4EA,0.1752055441987849
CC_782B06291D87,0.05989807742466052
CC_783A2D4C89F9,0.43106610996169553
CC_784407E16923,0.09100623876222157
CC_78491B6255F2,0.4251123695747263
CC_784F17AC712F,0.06488534266616484
CC_7852FC3BBADB,0.08890376270323408
CC_7866E4CE528E,0.7799378924500546
CC_7867E7C01013,0.1914403186932671
CC_7869F609EC2E,0.22017718135496678
CC_7874F14ABD7F,0.1557393770385887
CC_78774E05FF12,0.16442252131330465
CC_78815A352067,0.1034829153495805
CC_788FF4549766,0.25619102659214393
CC_789977501322,0.11882159535429318
CC_789B2BA880E7,0.0433695358003644
CC_789D87F51AA1,0.06544652247359344
CC_789DC3C358CB,0.2118574050781738
CC_78A036DF6320,0.7153668990338208
CC_78A3EA63B7EF,0.04481918187183445
CC_78BF1B8FC1CA,0.11774734203383419
CC_78C96E7015BA,0.6076754946296055
CC_78CC84FA2CE2,0.17772608212808824
CC_78F0087076CF,0.18530311651901027
CC_78FAA95F5B5F,0.12561149432338764
CC_79033EFDE096,0.13874254215924578
CC_79086C18A963,0.10965000709583739
CC_790DA2ED9F5B,0.12172680975123021
CC_7928811F7D86,0.10182217600686097
CC_79345478FCE5,0.19059037317044847
CC_7936C8D65B95,0.13634838111808573
CC_7948C5509411,0.5115486855229362
CC_794ADB0677CD,0.12996659722487675
CC_794FF8E7F876,0.04952535697731869
CC_79500EA652BC,0.5993371538699621
CC_795083A66DB5,0.044527940627324375
CC_7950D4B773CF,0.14761339980127236
CC_7955AEB49759,0.16284970956566025
CC_7964F862DFA3,0.3788145934356738
CC_797A700CF967,0.47047212277221884
CC_798180DDF677,0.3262206793118073
CC_7981ABA9C370,0.10891962303263755
CC_798B2DC03C5A,0.08311306070749677
CC_79BD986C23CA,0.07383265777173734
CC_79C6BA680815,0.5090529913943918
CC_79D694E6F5AF,0.24938231216168033
CC_79ED9A0F6E49,0.3977808528221489
CC_79FA2512E5A2,0.18199988379214083
CC_7A0024F6FA60,0.2103886336575303
CC_7A193A453F27,0.04533760998467751
CC_7A1F071DC5D4,0.36342187905092266
CC_7A5D96BC99AA,0.7545217507496382
CC_7A6B51562949,0.21925132124799934
CC_7A6D7F9654DD,0.3971172609150927
CC_7A778E010F33,0.27519835949083726
CC_7A7FB841B669,0.5596367762913024
CC_7A91013D31E1,0.14117120112203818
CC_7A9117596769,0.06148272501716093
CC_7AAF340DCE8F,0.17679596045781332
CC_7AB146267981,0.23910810286036244
CC_7AB2A9CC8424,0.2514085255165978
CC_7AC1DF18CBA4,0.2486336743312606
CC_7AC4240DD225,0.3310054767100037
CC_7ACB325BD924,0.19482105522444648
CC_7ACB88002397,0.5089531604533796
CC_7ACD4F370AED,0.1933352346726418
CC_7AD4072A9F82,0.05387676810889004
CC_7ADEECDE4D73,0.2241299413934702
CC_7AEB48D8C5E0,0.0879700953219541
CC_7AFA5CD2B29E,0.09659211720242278
CC_7B092786DDB0,0.058097404708523606
CC_7B1B35D5628E,0.046450835785608116
CC_7B210557F04A,0.10860521686015875
CC_7B369A7C1D3F,0.14536117976321739
CC_7B4002591821,0.6772755449110149
CC_7B42BD80D79A,0.1929511230431192
CC_7B44FDF08B93,0.12177926656492957
CC_7B501C32CAE5,0.07029096691144558
CC_7B88520D4FA2,0.34176327631354997
CC_7B8ABE6E552B,0.17591414720348655
CC_7B8D2E07908E,0.3573264310762058
CC_7BA150468D19,0.5682856048932099
CC_7BB159FCEB53,0.2265115188987203
CC_7BDD72710831,0.07117084397638936
CC_7BE02C65B967,0.18508222642394068
CC_7BE382988C1C,0.6432219924422453
CC_7BE6110DBAA1,0.3278969106301922
CC_7C0B14BB0573,0.1349240128821216
CC_7C0CF5558904,0.7308541549568177
CC_7C13E7F561DA,0.6692913335313636
CC_7C46F7F667F3,0.12393947205606387
CC_7C510CE0521B,0.06935829822164753
CC_7C61B5D39E49,0.43301405151177014
CC_7C6770DDA182,0.1228542581545603
CC_7C6DBF78A610,0.0998857308933551
CC_7C7B0438E3AB,0.19050558331995904
CC_7C87DFBC3176,0.12027474768772453
CC_7C9528E94215,0.2579318176727928
CC_7C9ADE65CF81,0.10095722351304302
CC_7CB6CD1B9DD0,0.05609105505261932
CC_7CB7C7E55BE6,0.14641701792717518
CC_7CCC3A690325,0.15436802945161027
CC_7CE5689488DB,0.0569091203601385
CC_7CEB758A9814,0.05201183301990352
CC_7CF7443D923A,0.06977084303441201
CC_7D0D597690BF,0.11172218508855251
CC_7D0EA0307817,0.048732758038946965
CC_7D12E6FF25C3,0.14068727427376493
CC_7D28D39AED1F,0.6431566553353731
CC_7D2D19D832FF,0.08395574458433694
CC_7D34A67E1369,0.07134454096046022
CC_7D4388B41EB9,0.17337978775670904
CC_7D46FE573D79,0.08023285303890311
CC_7D7810799F2E,0.04637557442319657
CC_7D79241150C8,0.14683876633077542
CC_7D7B92EF2655,0.14348195900150376
CC_7D8C2495C1F7,0.07886064954465097
CC_7DA4F1BA24A1,0.6160333383084315
CC_7DAF18939084,0.07621979101201604
CC_7DB8BA427410,0.06096657785192522
CC_7DC9456F1161,0.04768578102496086
CC_7DD2CBE0F0BC,0.2300680442025364
CC_7DD495158BFD,0.6072765636177209
CC_7DD5411F7A14,0.3086167798914933
CC_7DF099A7A092,0.22526962465906963
CC_7DF27D2AC111,0.04538454621731673
CC_7E0CA072EF93,0.08087424925466147
CC_7E0DA100F5F2,0.17674607068260256
CC_7E1086EFDED5,0.047615189470935224
CC_7E12E0F3CF6D,0.09873613875079426
CC_7E178CE78FB8,0.0878278846908796
CC_7E1C1A6D0E9A,0.16610275802538116
CC_7E2A76850DF6,0.7917768299097256
CC_7E3ACB15C69D,0.11746032388535374
CC_7E3F3373A73D,0.7315014648687658
CC_7E42A3D0737F,0.11706401135986666
CC_7E4679C534D7,0.23471670147097695
CC_7E53FEEB19B1,0.25030670742064326
CC_7E71CE7FC603,0.1836481646925268
CC_7E8333DBAEB4,0.3348011452913037
CC_7E843438DE4A,0.05677286835007085
CC_7E8E4747C0D0,0.613940329262157
CC_7E952828C1B5,0.09661076584596567
CC_7EA6431FE6F5,0.13022171303952323
CC_7EA7BA7621C3,0.3015308397143168
CC_7EA8F24B3010,0.09381496515225973
CC_7EAB28B0309C,0.07524604929212379
CC_7EB4A5BDA97E,0.07893360879082853
CC_7EB4B0A36534,0.10432997476235656
CC_7EB791F4AB2E,0.12569088523598793
CC_7EB883C9D5F9,0.04152154174794963
CC_7EC59C577F02,0.06906417264938342
CC_7ED2683D26DD,0.11356199485612815
CC_7EDB3440E0AB,0.5982018016999137
CC_7EE12013C7DF,0.14838019286995324
CC_7EF824CC0D3C,0.12776997162150164
CC_7F09C6F6321D,0.7328195729824838
CC_7F1AD40DA179,0.1740176072018286
CC_7F1D38A39164,0.07884554264780994
CC_7F22B7D326CC,0.14288360271665373
CC_7F2614F1AAAE,0.22816997028952268
CC_7F2CDC7C1634,0.05416212540980503
CC_7F2D46DF9BC7,0.15874990396566308
CC_7F57A90B69E0,0.2547750936479458
CC_7F633226A676,0.2785482957256682
CC_7F753D809267,0.6770003240717883
CC_7F7EBF25AED7,0.04725086840251336
CC_7F8496CC5779,0.051678109815183754
CC_7F88D9C5D258,0.08393897067614242
CC_7F8AB4DCA794,0.13497746305947755
CC_7F8CC9509418,0.28754756093688805
CC_7F9069571F79,0.2837379809164041
CC_7F9AD27E079E,0.20227352929121772
CC_7FA281AC1C7A,0.1017007615658937
CC_7FA389E90548,0.08468715617991465
CC_7FBF4A48AF55,0.0650395671734793
CC_7FC40175A8E1,0.27071533956127736
CC_7FD58EE7029D,0.09424611951473524
CC_7FD7F635C341,0.0634530104843758
CC_7FDD458DA059,0.2148256441702021
CC_7FE85C259E03,0.09551124229560327
CC_7FE8CD30D7E0,0.0932505394881162
CC_7FFA32DE7B04,0.12580446650373978
CC_8014F1E2C5BF,0.05395948598906561
CC_8015895C1C29,0.2321273556708851
CC_802BA7E39A13,0.057655685017870356
CC_80300D23C3FE,0.45286708396796416
CC_80465303B6E2,0.19921177293475295
CC_805ADFD46B84,0.06072139210466197
CC_8060F40D9522,0.17436469814997538
CC_80621E822131,0.06359719362649904
CC_806654B580B5,0.3609399754938778
CC_806CFD6A52BA,0.046128617689706594
CC_807935BBEB7F,0.05229278999301075
CC_807C57E626E4,0.07242512421822692
CC_807C91C98684,0.0408421472474122
CC_8096B589BB07,0.11763236752476948
CC_809D60155E9D,0.075655586800013
CC_80A2189E5125,0.5112802269638118
CC_80AF87F62770,0.17869216388042203
CC_80C03DF9CC57,0.1996830919830075
CC_80D9B6563750,0.5452603941585934
CC_80E9638ABD4B,0.0550033933196978
CC_80F7171B71CF,0.09855729782474364
CC_80F9983BC18B,0.05980840430491216
CC_811109A98EFF,0.0903556758843617
CC_8129480B056D,0.3023992212448319
CC_8134E5DA9FEB,0.588335403387176
CC_8140399AD344,0.11003874209166684
CC_8140E278B6A0,0.2118344937423826
CC_814E0F756757,0.42167826940305325
CC_815FAAABFC91,0.1813416650044891
CC_816B28807CED,0.09610737902129143
CC_81821F9F2307,0.5628372213382882
CC_8186D7991EB8,0.0578706682697147
CC_819E203180C8,0.7943750380741648
CC_81A5E3141BDA,0.5364467002022325
CC_81B5CED8EE79,0.14191319153891152
CC_81B91198E00D,0.7283182799917207
CC_81BADC379C8B,0.19530268630041858
CC_81BF8EA390F7,0.04881839167098512
CC_81C5FC962C72,0.06474264940748857
CC_81DDBFAF1CB6,0.05898329471320622
CC_81DE637E6138,0.04585158432783606
CC_81F389DEC9C5,0.08987528014094184
CC_81F647806849,0.13157177854399232
CC_820D491B2903,0.7536498836519012
CC_82172863AA45,0.30430248058606235
CC_82195FBE9366,0.06261159877757497
CC_821F503DA953,0.09754882673531606
CC_8221AF9B0B93,0.7703218625816083
CC_8222D1C47857,0.07201817020629564
CC_824BB6CD2B25,0.07822556363647053
CC_825192411933,0.0774890275632833
CC_8270E213EDF5,0.17088026024024988
CC_82839CC161E8,0.06533465342915434
CC_828A0B6D7291,0.10651384639177422
CC_828EDE22A438,0.04206165163380693
CC_82928B5ABD45,0.31040826352797524
CC_82A7FE954659,0.18022181967172735
CC_82ABE1FFFA1F,0.14192305712382375
CC_82BDFA01C41F,0.13626350159593248
CC_82C20057CB4A,0.08993101441394719
CC_82E52529A567,0.22213896179060005
CC_82EFBFCF68AB,0.10993701238505424
CC_83092F58B321,0.12970039263567024
CC_83098B4BBD4A,0.13946231257643532
CC_831F9E623C5F,0.18416177184528362
CC_8326C8A3D569,0.11891646253686018
CC_832730F42A18,0.12182396857157016
CC_832A44C3F2A0,0.06639871377138379
CC_832EBAE498AE,0.6728868536453319
CC_833B196A70F3,0.6767774512951343
CC_833E14DFF4C6,0.16113445461888165
CC_834092035687,0.3945491055413776
CC_8351244DE3CB,0.06386097718964891
CC_835B90025058,0.05557944476606824
CC_836534CEDFD3,0.16368293649331808
CC_837ADC1EA55A,0.18188854532345486
CC_83884D799788,0.17974253150865283
CC_83947255841B,0.12277829656715145
CC_83A5A3022ADF,0.7860060181293007
CC_83ABA98906DE,0.08018329398658425
CC_83C75D07414A,0.3983071801158531
CC_83CBA767432F,0.7459619910608626
CC_83D342F53F36,0.1423803696568925
CC_83D5CA2A23C2,0.038747498841756184
CC_83E002D6D82D,0.207525521509957
CC_83FE1BCC83E6,0.29201329179502533
CC_840E5B830DB4,0.050890358486138446
CC_842525788FC1,0.1599856022289822
CC_843076C8EB9E,0.26912001491505
CC_8442C97EE91A,0.12147529540576123
CC_844C3C30ED67,0.08931795578242577
CC_844E345D2636,0.1870972815877795
CC_844F26E92B12,0.1912953126532695
CC_845032D8A261,0.31483090247704354
CC_845223F606E2,0.35284299381399054
CC_846F5B19B110,0.3196728554225233
CC_84797EA9ABF9,0.21228870685321605
CC_848D59D48081,0.1996433522689992
CC_84AB057BFCCA,0.04813079226340394
CC_84B0BA112537,0.0822820615900656
CC_84B8FCEDADD5,0.09499421185312784
CC_84C61A6BE99D,0.11179155162484984
CC_84CDF830F68F,0.06988511794355029
CC_84D5B88572DC,0.23301689461965364
CC_84FABECED186,0.13383761294928848
CC_8503F43FB29C,0.20176003350838784
CC_850ACB004EE2,0.07610033251326898
CC_850B114489CE,0.10340958488979335
CC_850CC17BB13B,0.1073775810821594
CC_8518C159BDE6,0.16063007995095607
CC_85299261146C,0.08074389027036921
CC_853986C52A17,0.04866936169431259
CC_853ABBECF2E1,0.7976693812296287
CC_853BF4485D85,0.18626248128531003
CC_853EED03843B,0.08104917087938751
CC_853FD1B551B1,0.18073327745166873
CC_854AAA98CC0C,0.8001697918650867
CC_854F8AB5F1FE,0.04612234944024944
CC_855E2A785BAA,0.09492716289983327
CC_85614CA68432,0.05454510036719501
CC_856B92B23BB5,0.8011421272241928
CC_856DF4A30E13,0.7147267352505242
CC_858704DBD5A6,0.06457147545189576
CC_859EF0AAA74A,0.05295493111742535
CC_859FB710961E,0.13390484766541116
CC_85A0EB3C9884,0.5657510344329999
CC_85C887BB996A,0.07906874245677051
CC_85D9A6C9CA60,0.13811609293101207
CC_85DAF10E61A1,0.5428535817153377
CC_85DEF8ECB524,0.12085302904013448
CC_85E2E0B8B15F,0.6642454509118967
CC_85F018DC47FC,0.24531919483550874
CC_85F376B33951,0.19079592837217052
CC_85F745E1D307,0.14121774393025863
CC_85FAFB430486,0.22964862428391586
CC_860D4B868C17,0.037978706389493536
CC_8614E30C9FCE,0.41973413669766313
CC_861F5DC22035,0.05364339695791968
CC_8624ABB391B1,0.19392648676606225
CC_862BAB422756,0.2932452696629253
CC_8642F98E5504,0.19074897125262263
CC_8655B8862C81,0.13350878608358496
CC_865FCEE75A8E,0.03419851723881426
CC_867372811CCD,0.4230112847412394
CC_867695B5C296,0.5372928630683134
CC_8682B1F914ED,0.15992231759926612
CC_8691DF144B92,0.5489065741889237
CC_86AD259FA5B1,0.12246923163923487
CC_86AEC21936BB,0.7334023277974401
CC_86B1D15F8424,0.06124021593632839
CC_86C2A6EC5712,0.7161486234442797
CC_86CF816B494B,0.08729041186303338
CC_86D4D58B1D0C,0.15307614211019094
CC_86E2C4E17CB6,0.05668997640063615
CC_86E9E191E3CA,0.35505203836013516
CC_87000C16C856,0.09443950443041624
CC_8703DD5FA02C,0.1889278406534936
CC_87065B1F429D,0.11641268024022285
CC_87434BBA1CE7,0.04765978964375955
CC_87450EA8CD55,0.61846116232891
CC_87480F785786,0.06812284842962757
CC_8777EA6EBFD4,0.055188708427200056
CC_877A35E76904,0.08726718028154726
CC_877B37D01563,0.13602580610458107
CC_879759A5EFB8,0.34220031857163535
CC_8798AF2651BC,0.11969725063816947
CC_879989FB3B92,0.5744019101134923
CC_87A3BECEE5A4,0.15269604242909132
CC_87B7CDF4BDDE,0.04543135173897278
CC_87C13E620006,0.2242616821779371
CC_87E3AFB080F8,0.09284635658630447
CC_880044F77ACC,0.11472196546685476
CC_8809BCAC74A9,0.04849855797754775
CC_880E0019DB5D,0.04134910997635927
CC_880F027D886E,0.12083877278999895
CC_8812BC579F7D,0.07637997949908684
CC_88225FE57D82,0.24394675694680074
CC_88315318E9DA,0.3337896232088497
CC_883864E584A8,0.07857518040904266
CC_88469BAD58C4,0.0614720250563546
CC_8854EE679596,0.0696534401587513
CC_886273CC4072,0.08703211719186889
CC_8866B6D4524F,0.31855711159041966
CC_88A943606806,0.2838205620818765
CC_88E916A3F984,0.8320829455800056
CC_88FDC55C31A4,0.11381437102644147
CC_890D5EE59076,0.046676959228739504
CC_890F721517F2,0.10218594287728335
CC_89129D16418A,0.28449903160160417
CC_8917F02F9326,0.151164147020469
CC_8920B6584A43,0.08034896708173069
CC_8929DF270419,0.7110542128111921
CC_892B119F0E5C,0.15585732463529112
CC_89302456B9D5,0.6410679265362602
CC_893FAA6D1F04,0.7463900929808958
CC_895AF697BFBB,0.2714049565943847
CC_8961FF892F79,0.036123923859432056
CC_897674493060,0.08381810611185309
CC_898AFCD28B03,0.14213539568661976
CC_898CC919D10F,0.21320806300101164
CC_89A711195EEB,0.1665191519470135
CC_89B4DF07DF12,0.08200468122437021
CC_89B941079E10,0.0996007192131778
CC_89B97E9FF67A,0.11110169198706563
CC_89C5162E8055,0.1884909477847987
CC_89CA0F1E2DBF,0.23661500916210293
CC_89DEE29A78AA,0.12162485008983037
CC_89E089707730,0.13523957732073105
CC_89F0B865A6D4,0.15009082600423046
CC_8A04C5D4D02D,0.0753541933541165
CC_8A081AA1FB92,0.41018245527744557
CC_8A0C640E7A89,0.5598400612018375
CC_8A12B68246A6,0.04873957570922052
CC_8A14A46B280C,0.14562958563954248
CC_8A165A18560F,0.2891957696997714
CC_8A19196788FA,0.07101951820354752
CC_8A25FA445037,0.11449066122494264
CC_8A29EA87B295,0.14732638563923356
CC_8A2AC87CB22A,0.06315832878323233
CC_8A34634E7423,0.574666618539851
CC_8A38BC1AFE57,0.07866986937757389
CC_8A4CAF0CD0F3,0.0994042637972194
CC_8A5A0429CAB0,0.13806071908398887
CC_8A6E60FAE870,0.07676224069283331
CC_8A7DA054E397,0.6880551927888685
CC_8A7F5FF4B421,0.24355720505868803
CC_8A8249A44847,0.14555173442909575
CC_8A8BCE16DF45,0.1157315305039529
CC_8A8EC764734B,0.07379657119743288
CC_8AB553BFA00A,0.09980370494630567
CC_8AB57DC077EE,0.6737450922208541
CC_8ABA5808D313,0.06935145541931925
CC_8ABDD9A05C87,0.37121105754073236
CC_8AC7520DBCCF,0.14689800435969289
CC_8AC7F8BABF28,0.05376165295109227
CC_8AD67FB3A5CC,0.7426778048859235
CC_8ADDCF5EDCC1,0.09380542805699987
CC_8AF1C3A0799E,0.7368285351498303
CC_8B388FAED0B6,0.12494754093597649
CC_8B46CA903D09,0.038251528589150374
CC_8B5819403FC8,0.7042320715894907
CC_8B581B8207A9,0.13032155646947194
CC_8B6DBEF19F46,0.15252745916435934
CC_8B8326C4C229,0.11342930514357188
CC_8B850FDCFC83,0.08781428741251276
CC_8B8F41F19B72,0.0809223527044009
CC_8BAF98C60957,0.1317691345495387
CC_8BB0824B181E,0.05705951322107727
CC_8BB963DAD9E2,0.19204789089257995
CC_8BBF5F939D7C,0.12457022778936619
CC_8BCBDCF4DFF1,0.13849616734140618
CC_8BCE343561CB,0.7556307829941447
CC_8BDA87361657,0.10082536897241576
CC_8BE68A4DB87C,0.07602115663894415
CC_8BE9BBD879A5,0.04620927007808928
CC_8BED85B91011,0.34311361169291255
CC_8BF68E552DA2,0.2049214100355986
CC_8BF832E6464E,0.8208187697720071
CC_8C1561920E84,0.25412218554498434
CC_8C2A7D9A667A,0.1971330777631698
CC_8C3A5DFE70B9,0.16806014410252262
CC_8C534CCBDA4C,0.20850347968333918
CC_8C6472A3EEAB,0.06973545695578225
CC_8C6B4854D16C,0.2419834600016359
CC_8C76DE4F58D4,0.06833635077533018
CC_8C7DA3F4F88F,0.06392572434116726
CC_8C8527DE7DD7,0.08753706069543815
CC_8C9416612FDE,0.35614829604080855
CC_8C9973F02AD6,0.36768072319953804
CC_8CA1DB61A2AC,0.06489583274433228
CC_8CA59CAE22F6,0.21534079434685172
CC_8CAFD04A6EDD,0.09344909562581258
CC_8CCCC389913B,0.6211814700139254
CC_8CCEF12DC7B9,0.17911469210860953
CC_8CDCD714BD1F,0.7632031375149593
CC_8CEC7987D1B1,0.08888076450877663
CC_8CF621ADAC0A,0.21295293049396008
CC_8CF8FE2A4B82,0.38509285360368245
CC_8D048396D9D5,0.10786776344051671
CC_8D1089C58563,0.49484562125602416
CC_8D35A37FC4B1,0.12957920273851248
CC_8D41E12FE5B6,0.16418333061409368
CC_8D4A859839EF,0.15194404272501266
CC_8D4AD431C55F,0.09405379318878518
CC_8D4D882CA579,0.11641802022910694
CC_8D6151025078,0.11028420208057331
CC_8D637233FE54,0.15000002092082154
CC_8D6AEBA2D7EC,0.085114498092696
CC_8D6E16DED971,0.18756505968222573
CC_8D7329F79BBD,0.5133839951934203
CC_8D7B7307C43F,0.10013205951337663
CC_8D7B9D4936EC,0.7355702081567508
CC_8D80B1B44AE1,0.3991962768542645
CC_8D9516D61143,0.4927085597726749
CC_8DBB8445786A,0.11180016651130605
CC_8DC5B86D9DCC,0.720084636013852
CC_8DC6465998DD,0.17086079915195476
CC_8DDD0EDA9CB2,0.1552209887724287
CC_8DDEF0265CB4,0.06403063580879367
CC_8DE06BEB95A1,0.081924955539661
CC_8DEBB5B14A14,0.16219919562074944
CC_8DF5BE7F759C,0.07713545093715968
CC_8E0ADCC71F85,0.05387674342724871
CC_8E0BD86F6F0E,0.11524177200314491
CC_8E143BFCF3E5,0.13032867456651892
CC_8E170A60D71C,0.3503421597987232
CC_8E1C3A21FAEE,0.10307705625779981
CC_8E408E18F060,0.11069652221407338
CC_8E42FB163DA5,0.8303431030656597
CC_8E47536D29BE,0.2514665926090992
CC_8E50AFFC5BBD,0.046735520630850166
CC_8E5FB1035354,0.16355801957271127
CC_8E7B9B8DD1A3,0.111563233059509
CC_8E85B08196AF,0.04602615836981329
CC_8E96FC75AE5A,0.08440402021316754
CC_8ECAB5A6C7B9,0.07518313060945842
CC_8ECC4C7A6638,0.5251887984131121
CC_8ED6F13C35F5,0.1526600580045285
CC_8EE5E9467038,0.13990297922943784
CC_8F037E5AE692,0.05739353177240088
CC_8F1A418D96B3,0.2346919438600013
CC_8F1C4014F91A,0.14637842737454587
CC_8F30A5FC9D49,0.11176640545059895
CC_8F3456F298F7,0.22601217726800799
CC_8F393D485C29,0.11797829550872728
CC_8F4A41130110,0.05354653228831728
CC_8F7AA6E4D486,0.13625360916253135
CC_8F887BE25314,0.13710023743027236
CC_8F90CD1A5E00,0.1638299242569109
CC_8F9B26042C4A,0.13231848194852083
CC_8FA9423E65C6,0.10028237906552667
CC_8FBA6C32E0A5,0.3032794686095035
CC_8FC1C50C41E7,0.08652301509654975
CC_8FD005425792,0.06676431014830642
CC_8FD6A223135B,0.14522189751396544
CC_9002450E1B5A,0.058401468351808
CC_901CE62199C7,0.3684814517496804
CC_901D2136E1F9,0.12964172966916926
CC_902648F62345,0.15916783295929865
CC_902BF0612E70,0.10454519864656081
CC_9036F7423277,0.17636447220389478
CC_903AD2767BAE,0.7095191816672115
CC_903E4BA690FA,0.23570506714641026
CC_904386E31210,0.06615855850659122
CC_904EA6C846F8,0.40976353215024713
CC_90549DD3CC39,0.14474920572133798
CC_905739E5494F,0.09299042239968032
CC_906F852C69D6,0.64686188101432
CC_907911F4930A,0.30073168741955447
CC_90798A7273BD,0.1531009402125156
CC_907F3A8AFCFB,0.08576680375941056
CC_907FA7722881,0.08751811011264257
CC_90812D9F30FE,0.11176027243754909
CC_90870A89F310,0.048835155687752846
CC_90894CA021C3,0.6223140251117805
CC_9092C5EBF5F6,0.05690813165448269
CC_90A10D649D9C,0.6476116010912869
CC_90BF8E127519,0.6144582192806498
CC_90DBB385A7F3,0.7385689326924345
CC_90EAD308012B,0.31388311587224604
CC_90F4BF0B868D,0.12974308744770505
CC_90FA39516EAF,0.09267870842123913
CC_9117894F31C2,0.20136185339875365
CC_911ED63BB556,0.2870409911421589
CC_912730AE6E8F,0.2625920449609379
CC_912CA7EE4C26,0.1169808892269226
CC_912DA46AAED2,0.1095637454164583
CC_9132E67EA479,0.1575951310595078
CC_913D95FB31E0,0.18824303441342505
CC_91529F20D461,0.7815605987551905
CC_91586318C780,0.04781585456686545
CC_915F2708219D,0.1733510573425032
CC_916CCF9CBC08,0.036991780227273674
CC_916CF77A29CC,0.09121145500012325
CC_9189E4FF82C5,0.14552999432194613
CC_91A27CB6139A,0.15814177815081462
CC_91B7A4A15A37,0.6297631164342508
CC_91C2077BA6D7,0.074195319088906
CC_91C4CC43EEE5,0.16182959324643773
CC_91C55BE33AC7,0.05870345996479039
CC_91C81BC58B49,0.07311116701575214
CC_91DE12EE18A7,0.3668153182802936
CC_91DED13CDCD9,0.13360951514411806
CC_91EF639761F8,0.14851750858231078
CC_91F23A7E743A,0.3830927244728647
CC_91F4C5E889C7,0.7221382144163431
CC_920E91EB28A7,0.1754167072840477
CC_921481F5F77E,0.11105250639070532
CC_92221DB27176,0.21324250784307483
CC_9224D5677C66,0.13035654849574702
CC_9230B9656F93,0.15978886839649775
CC_9231D0F8A993,0.7008025324341515
CC_923727159A8F,0.055425236702361755
CC_9248706729D9,0.05063234223671356
CC_924AEB5DD991,0.18026905753833045
CC_9250BA851692,0.3047173489613415
CC_925BACE3417D,0.10526377771550308
CC_9260CD0D7C0A,0.12836798285843923
CC_9285EB21B38A,0.125403275854928
CC_92A09F03DAB5,0.7924624240635213
CC_92BC35D7F9CD,0.10917967441381657
CC_92C5FE9E5B12,0.6835656522513176
CC_92DC8CF8C902,0.09940453855174071
CC_92E006664648,0.19659607194689843
CC_92E4EFB9F0DD,0.14202254372646805
CC_92E621E0298E,0.18347677694560646
CC_92F412AC7D22,0.07406276923996374
CC_92F42886B7E4,0.204881938017835
CC_9301E23D376D,0.6216605923976446
CC_931133320380,0.2162446172500034
CC_9314B6D8B7F2,0.07902974530597043
CC_9337E3B43211,0.1932948548605175
CC_933E044F26DB,0.06875481922877547
CC_934BB89938A3,0.1164626168705963
CC_935296A995DA,0.13090676740510612
CC_935326AF26E2,0.19427732816086413
CC_935B72B8E7F0,0.055507270449757985
CC_936FF3C9BE68,0.048477590664145004
CC_937FFE1718BC,0.04168798949672043
CC_939F92AEE460,0.7939173130806876
CC_93A4365B25CF,0.8016139544934665
CC_93AB9D6A7EFA,0.07857684938263551
CC_93C719738590,0.8204500248150048
CC_93CB48930B37,0.17646138621613672
CC_93D24FAFD21D,0.10957565446906792
CC_93DB5F477493,0.0808697726571501
CC_93E1CAFAD44D,0.06995957436450609
CC_93EC9F853123,0.19740248816072492
CC_93FEAF515A8E,0.05926921946841818
CC_94063A67F136,0.33804507537105555
CC_9406E32819F5,0.06069455985453952
CC_940971CBC1A4,0.134616903234966
CC_940ADC8DEA3F,0.15356318629895893
CC_940C7E8E0C52,0.24228075568642352
CC_941DD2E1DE56,0.17292196085811695
CC_941FC1FD0D55,0.19265857735166914
CC_943B720DB5BB,0.12721842554634033
CC_9440309323A0,0.10897636281558766
CC_944B461BC558,0.07609179551554288
CC_9453654BACE9,0.1699520774374087
CC_945888CEAF10,0.3310964977764578
CC_9458D4A483A8,0.12110352168695207
CC_9464BA7E98B9,0.08564950577635075
CC_94794B478A5C,0.3793663113870025
CC_947E58EFF90A,0.05784842569595984
CC_948537FC17AA,0.7233712182002359
CC_949576D25153,0.08753475917655697
CC_949B8CEAD619,0.09063760852363975
CC_94B4E05906A9,0.12367688905401182
CC_94C3B6F3B0CC,0.16397000563560138
CC_94C3D9D8FBF3,0.6342344629483866
CC_94CD530B2099,0.0633349603165705
CC_94E9D1E527E6,0.05110914459999022
CC_950450C0845E,0.35241912314444135
CC_95169A4360C6,0.05209791392591169
CC_951A69571676,0.06129661477018965
CC_95232636844F,0.1570056553989349
CC_953A5913EDD3,0.1244975047955175
CC_953B678083F9,0.0906154293399191
CC_9541BD0604B6,0.1664980264938995
CC_954404C1BEE6,0.3812019128419353
CC_95444ED71872,0.08362225468190984
CC_9544B86C78A6,0.7294927494518728
CC_954AD7E7C8F1,0.15185860676642393
CC_95525CC6C854,0.15480619309286947
CC_95573B318A91,0.04311699293652778
CC_9569309DC18E,0.08055799481557917
CC_956A2DF28600,0.23061115969832313
CC_957C7A0D7B72,0.2929850076981836
CC_958BECCA0BAB,0.4436959496582713
CC_95A6C4DA2F12,0.6094719295408477
CC_95AB75B5BBBB,0.12104707644572099
CC_95C1274DD7DF,0.043766137021285456
CC_95CD8F6A8CBA,0.043214669186547636
CC_95DD4DC604BD,0.20741982289011165
CC_95E1AC08266F,0.12921219529483732
CC_95E3DDCB74EF,0.06819791357917455
CC_9601384AC971,0.45361606186312387
CC_9608A73A8025,0.1547996756339446
CC_961F3BFBDDAC,0.849618841288424
CC_96206C1277EB,0.2791638037096862
CC_96396AE6347C,0.16970486152725947
CC_96416D2A937F,0.2072116513618869
CC_964C2E0B00C1,0.2289662501228809
CC_9657A2A04BAF,0.18949029556602925
CC_9662D713B7BB,0.21229844989903685
CC_9664F83B7F1D,0.20407527377903606
CC_968AF836D0C4,0.05871152766574917
CC_96A6735A4317,0.07678024383164445
CC_96BC62A4A0AD,0.1761461095657845
CC_96CD75668A6C,0.09252264684819372
CC_96D928252719,0.34265517333614987
CC_96E40BDE9A6C,0.11661304094508
CC_970116768415,0.2434012862618592
CC_970E94875C2B,0.7622010746464285
CC_9721C8A61D80,0.0816657821715123
CC_972313B0F814,0.16406769854851105
CC_972FD8FFFF63,0.5071322136872316
CC_97478A77EC17,0.183573007189349
CC_974D14774BD8,0.06435432895210155
CC_974D86BD39FD,0.06008896002035624
CC_97508465AB76,0.1319561406933476
CC_975689C0CD6E,0.07157099987800347
CC_975967702106,0.05294238530103615
CC_975F3F07ED23,0.0519552340210374
CC_976E0D9A64ED,0.3634181617032593
CC_977145B2B363,0.4238324036548834
CC_9772CABFE1D2,0.7984155915761064
CC_9773C1E6AC8B,0.6224507339780763
CC_97832657396B,0.41064106297312297
CC_97963C337FD3,0.5216478467113735
CC_97978B581F20,0.1944906442319264
CC_97A9ECF23955,0.19676164318551606
CC_97ACD6D965F3,0.10595078536975266
CC_97C69AF6E34B,0.753074541692208
CC_97D0E7256861,0.6462480267804767
CC_97DEBFBE2BDE,0.2884605689697607
CC_97ED469F2950,0.12267924864653187
CC_97EE84ABA6BF,0.2517711885076369
CC_9801B22BF375,0.12531748976234297
CC_9803B6D4D780,0.23745495387156446
CC_980E90C8A301,0.1180868369656323
CC_9814B3D08A69,0.0769502036114733
CC_9821BD45BB0D,0.1502369988729722
CC_9829FA0350F7,0.043922117358864435
CC_982CAA309A38,0.17871845777622786
CC_98346EBF382E,0.20365297578246544
CC_986698CCC6AA,0.11745962081172155
CC_988FC580CD50,0.1131072274743354
CC_989795BA3DD2,0.08064237234833102
CC_9897A1DFE807,0.0717196550399204
CC_98A2C8F4E956,0.0802302234757179
CC_98A3E6CDC707,0.16134769852148415
CC_98CE15EE1565,0.07884377382611055
CC_98D036D16215,0.08276418945620895
CC_98D09B14EE3D,0.4212171216753595
CC_98DB782DF852,0.06645515146256015
CC_98E2EA67BC97,0.0747170507812217
CC_98E6E7CF74AF,0.08692117598059595
CC_98EEEB2A83DF,0.6725806019743333
CC_98F3D3194788,0.1214807969316956
CC_98F8A8CF4F9C,0.33186141158219806
CC_98F91BAB57EE,0.16206424813074002
CC_98FA377070FB,0.15930423991087853
CC_9900D0479959,0.30931883431444746
CC_99061A735C6D,0.21695496466959702
CC_99093EC1A2C2,0.11466822112703477
CC_99376CA4DC26,0.04585812241100766
CC_993A588895DA,0.12513141981306333
CC_993EE6417CED,0.08930207628583038
CC_99559319913F,0.05141965900760899
CC_9970123DCC41,0.3773231934259932
CC_998BB6848FDE,0.1145261107342452
CC_99958287B2A9,0.45761619480897653
CC_999BAB2D16FA,0.34048154244170503
CC_999C7029261D,0.6386845478661222
CC_99AA61D1896E,0.07321057793608679
CC_99C03E7D99CE,0.05233712524853975
CC_99C62022794F,0.09873017857000485
CC_99D46BE6593A,0.15062142068255693
CC_99D5A5371B39,0.15892577648411166
CC_99D79709AD9F,0.7527310782373295
CC_99D7DDAA460A,0.13435960528482366
CC_99FC44B3C58A,0.11064897976923077
CC_9A02B2A17C07,0.10060883589537221
CC_9A05DE55D408,0.14547863005074374
CC_9A0C42AA09BD,0.4464622409620168
CC_9A2B390551F6,0.059213368701862085
CC_9A2D66206BD1,0.523511887978624
CC_9A366E181FA0,0.13708670473040818
CC_9A39365FA850,0.6173476666647255
CC_9A42833BA860,0.049329833177075566
CC_9A4911A0140F,0.08435844102580986
CC_9A4FE1E8E0C5,0.381742034901273
CC_9A51017C734F,0.35684649781640687
CC_9A5DCCD62D0A,0.2943492322975749
CC_9A602F492510,0.16479559888891465
CC_9A66BDD34B89,0.04653474139678632
CC_9A6AB0AB1E67,0.05500084839616838
CC_9A7049ED5656,0.5814082314343226
CC_9A7AF31828E5,0.06349029072569598
CC_9AA750377C6F,0.09698071249710166
CC_9AB359C82202,0.06105613137077575
CC_9AB7BF77EE83,0.7723010365089342
CC_9ACAC8474B9F,0.03491455826810126
CC_9ACCA4FB9101,0.06134725271018322
CC_9AE1529AF9E0,0.13265286476368576
CC_9AEE181F1156,0.24604565621902474
CC_9AFD130D3725,0.0909756741602763
CC_9B09C3353732,0.09419491763264776
CC_9B0D37817EBB,0.09913859754884573
CC_9B290B59155F,0.351786617881648
CC_9B2D487C64B0,0.10513566190662621
CC_9B3DEC76ABF7,0.05827920431649815
CC_9B4F778D0A6E,0.16264129866927063
CC_9B581A92C2A3,0.39927471986330043
CC_9B5CA8C38414,0.1931170546778883
CC_9B6E82167593,0.2135333857309218
CC_9B6F6B2BCC05,0.3171048198641061
CC_9B7FC3DA1594,0.35090997603557983
CC_9B957DC280F6,0.1603930441270692
CC_9B997DF20042,0.34097424387983366
CC_9B9BC4B83736,0.07935093824872942
CC_9BBE1A16C04A,0.14503743360116084
CC_9BC63F1A568C,0.32715684736183287
CC_9BCB0166227D,0.24293986563477465
CC_9BD3DC96ACC5,0.15868934228090517
CC_9BDC5A0E43C7,0.446503860394422
CC_9BF9485A3F9D,0.2558296360459918
CC_9BFE93FF2145,0.27175983999505815
CC_9C0470A0536E,0.20837543535985892
CC_9C205AF09E47,0.520236056196547
CC_9C30DC5C1E46,0.06905900310029547
CC_9C325B6CAD11,0.04824885350249678
CC_9C4A200D0BFB,0.41117625816029274
CC_9C5EAF238007,0.24802469962811502
CC_9C601C6BBD37,0.06885495558757393
CC_9C606C2C92CC,0.07302016841088785
CC_9C6192D3A16B,0.06945016005787391
CC_9C84FB9B1469,0.06573998568768424
CC_9C989433D637,0.22813512903796074
CC_9C9B2FEB4937,0.18291766838664003
CC_9CA7FBE1DD54,0.13786479351724062
CC_9CACA50F80F2,0.15605120113876725
CC_9CB40D552388,0.06916346787452679
CC_9CB8127D17F0,0.047395774595874185
CC_9CB9CE2989CF,0.7253507985472932
CC_9CCE51CD83ED,0.8188367338040399
CC_9CDD2F3D0BE7,0.05324279011194702
CC_9CDEC693AA99,0.3838486594352509
CC_9CE9091AA9A9,0.22451990208330314
CC_9D007C60D29F,0.08430723535360699
CC_9D017774D4FC,0.6150864270328613
CC_9D095EC1F232,0.28594127885082643
CC_9D1A1281C8FB,0.29672431503006036
CC_9D23F42B7996,0.45713453498972206
CC_9D2FBC479646,0.6660223857655374
CC_9D363365CAFD,0.08581290057843306
CC_9D44E4543573,0.15033526399327515
CC_9D45F67E3B01,0.06196118114546971
CC_9D535DD207D2,0.08060540700509033
CC_9D53ED53A15A,0.5566412629432508
CC_9D5D97AEE98B,0.607570221376335
CC_9D5F2A5B6913,0.07236355925596225
CC_9D6BC1C470B0,0.46163221737784416
CC_9D71FBDE765A,0.06326165563268481
CC_9D73939E357F,0.12054338458013711
CC_9D82F401BD88,0.611146936144987
CC_9D8B4454BE84,0.28541384597371244
CC_9D92537645DB,0.06813082455222022
CC_9D95ADE03ED1,0.17483023640826
CC_9D98FE7A1809,0.044890619155760085
CC_9D9D59757786,0.06040514016468754
CC_9DAEB38616AC,0.15162875929787412
CC_9DD55CC0E928,0.03123196139428478
CC_9DD6B460CDFB,0.29935792841312037
CC_9DD80B5E3729,0.08709989384039604
CC_9DD82B4310AC,0.36835816810642474
CC_9DD9389E8AE0,0.1221847490383478
CC_9DDA8ACEB3D8,0.08517225599117936
CC_9DDCD898D01D,0.12049495964644055
CC_9DDD90B42A27,0.8155098060644469
CC_9DF1807A4316,0.04572532550749914
CC_9DF786FD2620,0.47461255432313443
CC_9DF7B9B3C8F8,0.08984678299381949
CC_9DFF6E2AC586,0.15678642647227614
CC_9E0546BD7BD6,0.11848907920331414
CC_9E0BE8227931,0.11259315541785199
CC_9E1A205BA261,0.38940891261608834
CC_9E2967559B00,0.07233143946938779
CC_9E323A031449,0.7151124158434441
CC_9E377CC03D51,0.05900095032468029
CC_9E3B83584C12,0.14682081351728757
CC_9E3D46FF5709,0.567914937323188
CC_9E4FA91B86A9,0.09605324131153462
CC_9E53534DCD6B,0.16480885517083138
CC_9E73656FC8C0,0.7060663980702655
CC_9E7430675033,0.2045666348683426
CC_9E84CACDD7B6,0.383231774031391
CC_9E84E0E4C5BE,0.2688376043225019
CC_9E9C65275B4C,0.09216124797739222
CC_9E9CB6473D59,0.21437511808324328
CC_9EA4F11BE6C2,0.13737909237347767
CC_9EBE3F26F2FB,0.07224220211178942
CC_9EC23AB6C573,0.26392408082820074
CC_9EC34DDD0E53,0.06077076015651109
CC_9ED8EDFE8C55,0.0783612642825337
CC_9EF352F179D2,0.11526600685428492
CC_9EF505400F8B,0.657870786632441
CC_9EF66D83B743,0.3013582161211174
CC_9F051572BFE4,0.23358870418312588
CC_9F151A782BAC,0.2390718145247665
CC_9F1A5DF4619C,0.47437477538614087
CC_9F1BF78ECD7A,0.07466537766966315
CC_9F263092AD72,0.13642340033480455
CC_9F36EC36A9E6,0.09730953462715156
CC_9F3D52242888,0.13424692700964547
CC_9F41F312CDBB,0.300718619458166
CC_9F425167F9ED,0.18009014064820686
CC_9F6981E0009A,0.28307310722434154
CC_9F706DFE0AE7,0.032668501305095646
CC_9F7B525DD52D,0.3691335051409288
CC_9F8D5A5A9DAC,0.18796581875178492
CC_9F8FAE57E6A8,0.11514611735001559
CC_9FD1AB8E65FE,0.04881145279632835
CC_9FD2689202D5,0.16050433553331517
CC_9FDBB5C2CD09,0.047832708609326965
CC_9FE52BD71CA2,0.09224775217493154
CC_9FE8E62EB24D,0.09736575142928999
CC_9FEA59AEA00C,0.2677916788383723
CC_9FEA77B36A29,0.33762231923606656
CC_9FEE9701D16D,0.24106178084330976
CC_9FF35BA60E6E,0.2611622385119665
CC_A0003F08B22E,0.16207738289343027
CC_A00AE2543224,0.05687948104034211
CC_A02A29DECDC6,0.09731365501672945
CC_A0336C21117C,0.667948200083735
CC_A053B42BBE0B,0.08019950410883868
CC_A0591F16FA37,0.03937713841895732
CC_A05F962C80FF,0.16221656509380633
CC_A07B0549E53F,0.07049938983909154
CC_A09F230CCF5D,0.627490398064632
CC_A0AED6346ECD,0.17850425046825824
CC_A0C4A796643F,0.12659725607345165
CC_A0D6DDFB430F,0.07457748623140797
CC_A0DF672F9C4E,0.11227524509973691
CC_A0E8C7C5558A,0.2588825115515518
CC_A0E9269DF22C,0.40958812013571333
CC_A0F1DB5CB28C,0.08589338566510282
CC_A0F42B26F8F0,0.05146028716748752
CC_A0F8F80EDFB0,0.06589012632096485
CC_A10AD9550E4D,0.03863164429710497
CC_A10EB26E5EE1,0.14619670673765242
CC_A111B065F623,0.06804400358650732
CC_A113D95B4AB2,0.11996173931518701
CC_A1320C0F0129,0.7712476105047452
CC_A1348D850EFD,0.7541896745408869
CC_A13D08B372E8,0.05444683906159731
CC_A143E64BD9D6,0.34408065167744156
CC_A14B0A24DC3C,0.11516634470814045
CC_A15137F25F7C,0.08061345569642601
CC_A152DBEC5BE7,0.052224003881848266
CC_A1591CFF6D81,0.06412964295200338
CC_A168CCB582C6,0.3349258562196732
CC_A17DC38133CE,0.7845922663220937
CC_A185D5EA3DE8,0.6207213661330818
CC_A19C842508E0,0.12700083009415797
CC_A1B648DA406D,0.04036419699822988
CC_A1BF7028CAA8,0.033571353676660476
CC_A1D035FA36E1,0.08812957771907222
CC_A1DD653D41A7,0.11671419373235703
CC_A1E3AD4B934C,0.29777630999653404
CC_A1E58421CE87,0.06901210511830064
CC_A219144EDEFE,0.07408818703189393
CC_A21FCEEBB3C3,0.45825970310634545
CC_A220E4278D79,0.05606077062541498
CC_A2231BDC961C,0.2488195793299175
CC_A234E219EFC7,0.32647161604874325
CC_A239B1BD81FF,0.08503273642005268
CC_A23D8CFFA31F,0.0863876125780865
CC_A23F463F4B4D,0.049920779271038704
CC_A23FFDC4A7A4,0.08638452345886066
CC_A2423E273F84,0.12577689166140182
CC_A2493E6036AD,0.28624104434011055
CC_A25C54470CED,0.08708353175461103
CC_A25FA690BBBC,0.12011249108507105
CC_A2636CF7C075,0.10128780395391143
CC_A26C22870E3D,0.4570945682451286
CC_A26F6A272B3F,0.10616739683321219
CC_A27CDC9BCBAA,0.16209118775617454
CC_A27E5269DA60,0.13875285985589558
CC_A28D4A46B6FA,0.11676683310424701
CC_A28EB319030E,0.06185223641909955
CC_A294D3A59462,0.7772887427284569
CC_A29D8034C304,0.07169886001903025
CC_A2A109409963,0.048777065738780115
CC_A2A4FA5F9962,0.12042482441142587
CC_A2A7E30C59D0,0.13895826096452002
CC_A2B5D2D4E269,0.5489561641116866
CC_A2BB24180208,0.2659337194132655
CC_A2CF1DFEFE46,0.44689600663301654
CC_A2D6090EA5B8,0.12976653400657656
CC_A300BC40BC9D,0.04804122805365173
CC_A3212501F639,0.20504009352764554
CC_A3278A566572,0.06180021465824469
CC_A327EBE4F783,0.17367447152222337
CC_A32FB6659B01,0.08190310740874177
CC_A33915EE72B6,0.1275514709850623
CC_A33D350BE79E,0.17433459897394532
CC_A3553B8AA8F6,0.10496589384987307
CC_A36EB077BF3C,0.03994566853293517
CC_A3753EB66DEC,0.10280173557990896
CC_A378342AC9BB,0.20935091768025338
CC_A379E9455C60,0.18356760165561858
CC_A387ADBD7249,0.09617527745386005
CC_A39E961FC29F,0.16737283616371007
CC_A39FA1EF0B16,0.27107164622414137
CC_A3A4E39FB04D,0.16891081922787626
CC_A3A751BE68D2,0.046231800472879836
CC_A3ABB3C5E9D5,0.6445767581624577
CC_A3AF9C2C68F1,0.19546360311249494
CC_A3BEA14873AD,0.12796676032116
CC_A3C2FEE13C37,0.10858634806932194
CC_A3D6435D5F17,0.1569391906701457
CC_A3E3E51AD0E7,0.05208958700346706
CC_A40566694D53,0.23111489566706514
CC_A410C0DC7125,0.047488567381697266
CC_A42168D2B94B,0.08524042102669559
CC_A43CED9AFEF5,0.41012896425331513
CC_A4475A788D13,0.10846897270606955
CC_A44D677C0C07,0.05252638061155508
CC_A44E2673E71E,0.05225995465978617
CC_A44E79A96425,0.27755219269574627
CC_A462CA147DB9,0.11689426103175155
CC_A4660E424386,0.2106295289944341
CC_A476C9F116F6,0.16600417870014794
CC_A47C83B6EE2B,0.12984579753785147
CC_A47F8594678C,0.2710200511051161
CC_A48A7592F96A,0.05558703516785274
CC_A49195E659EE,0.06463804897820223
CC_A498A936AD21,0.09721331494367322
CC_A4BE6692361C,0.6049707210283983
CC_A4BF2115580C,0.06625167904585542
CC_A4CACCD14A0E,0.1251059700070354
CC_A4CE57A1AB74,0.09101291193285892
CC_A4DE4F1B5F93,0.1510537816316446
CC_A4E300558DAB,0.06349258604350397
CC_A4E972915D89,0.7285009888546994
CC_A4EEA04CF3D0,0.18881205324682843
CC_A4F400E9A0ED,0.057573398018832406
CC_A4F550D7F95B,0.18741761243959754
CC_A4FB91B1BF31,0.21767013236422067
CC_A500C1ED0A33,0.24509851632723295
CC_A50471962A96,0.7085138046835335
CC_A5161D8AA57D,0.10834015037780259
CC_A519C84307D2,0.07751201572718988
CC_A5277A9BE02B,0.6396610313931574
CC_A53578FCEA71,0.13030340066500162
CC_A54EAD1CCE27,0.14843831845776556
CC_A5512DA239BF,0.1610129596269644
CC_A5545DF298BE,0.07199963753078528
CC_A556EEF3010C,0.43108512761978757
CC_A56756C65136,0.3527286534282326
CC_A5852E06D2D5,0.3019722600170636
CC_A5886994671C,0.19374221018033605
CC_A594D8B41A99,0.06606552934598897
CC_A59C6A6B71C3,0.071298344710825
CC_A5A06987AF5C,0.1761543732133468
CC_A5A1512FEEFD,0.19387408340997692
CC_A5ACE4284283,0.1870410279380928
CC_A5B10F07BCD5,0.09191635746291989
CC_A5BC9ACDB4CD,0.08052309938456645
CC_A5BF8B260922,0.491754549627725
CC_A5C52379AE06,0.2648153278228119
CC_A5DD4441568D,0.04068921161259448
CC_A5FE3BE2949D,0.05535496618595284
CC_A60EF94F09C4,0.33022885797379037
CC_A628BE74CB45,0.12622242259585317
CC_A6292E9B43AD,0.07508938111656188
CC_A638610BF8F8,0.11651368426699998
CC_A63BBA86CE9A,0.27159469059007696
CC_A63BDDAC43CB,0.07151674167964897
CC_A6409E37A735,0.15388885093512292
CC_A655EC341406,0.11406546034152093
CC_A6562E47BFC7,0.19864795555452425
CC_A6563A22D668,0.6642570229889241
CC_A6601278C1BD,0.10893815935815321
CC_A683678AC9FC,0.32700589589868817
CC_A6864FE80A94,0.09737983225601983
CC_A69117CC3C24,0.1361640588755678
CC_A69928C7D217,0.16325950213296087
CC_A6A8BAF7124A,0.24176438143334117
CC_A6B7DFC69AAE,0.5707765323944772
CC_A6BB595B55AA,0.07937530287046281
CC_A6C5284C4586,0.0993037183995247
CC_A6CB0D0191D3,0.11208848174500276
CC_A6FA3FA9F0FB,0.13404880549123
CC_A6FDADD23BD7,0.04601141322188912
CC_A6FE3938F001,0.17595246450509047
CC_A71DB65F0BBA,0.6572719187183547
CC_A730F4964FD4,0.11533175210089994
CC_A73C02C58DDA,0.13646958884612054
CC_A746BC2289C7,0.29306608573617066
CC_A766C3608214,0.11054839484542879
CC_A76F48111A8D,0.12388671780230967
CC_A77AEC8AD2D1,0.030778592107196398
CC_A781174166B3,0.17656592904431584
CC_A79024286DFF,0.0760621195043403
CC_A792720B875E,0.08493999093508967
CC_A7952C2BC5B6,0.07948054664755694
CC_A7954EE1A1C4,0.0636391204451807
CC_A7991E6B3CAD,0.18222974200035752
CC_A7B141DF4AAF,0.07224368003461654
CC_A7BE2CED0B93,0.052774138975503315
CC_A7CF446093DD,0.25240215110928255
CC_A7D1C6692090,0.0861224363815157
CC_A7D6CAB54328,0.44110217318707234
CC_A7D8D1DA4EA6,0.13965841597658152
CC_A8102BA6933F,0.06382107207773763
CC_A81C1EDC5FE0,0.08113983929563728
CC_A82C0FDDC303,0.22421784320443924
CC_A83F92C0CABC,0.15239750144164776
CC_A849B0F60EEC,0.06996867506993171
CC_A852AAB180D7,0.04541292215065462
CC_A8536626873D,0.18942715413145791
CC_A85F953FFD40,0.2793243755228894
CC_A865A3F1E28A,0.7027463633591821
CC_A867253FC73C,0.6898092065918353
CC_A877592FE1AF,0.04876611048167134
CC_A8AE26057851,0.16448425363104996
CC_A8D50530622B,0.14791789429205993
CC_A8D5C834B061,0.7759838541091482
CC_A8DF49EED27D,0.781301896678193
CC_A8FB53A944AA,0.09463952418474167
CC_A8FF19BCFB18,0.1476090432328686
CC_A9042AA97760,0.06162914536683382
CC_A917D68B7F33,0.055802934007613894
CC_A925B3023F01,0.1288141760009237
CC_A93A49678A0E,0.6744727343682344
CC_A944C14551E0,0.13683937241622599
CC_A949A4D6CFDF,0.0398912089238366
CC_A96085AAACBB,0.4703054081100585
CC_A968E7B519AC,0.5764772483520006
CC_A96F61DA3920,0.25269144647331543
CC_A98AA461487F,0.06270369773149131
CC_A98DE37F48B1,0.038879489814445375
CC_A99526CAE7B8,0.1076417173928092
CC_A9997F50D935,0.1254738784185543
CC_A99C3B09B728,0.05410180609141786
CC_A9A0DADE60F5,0.27591906258769056
CC_A9E27E0F8BF7,0.12049198606645173
CC_AA06B8C44B08,0.5487787887454467
CC_AA078692F54D,0.06526026951796574
CC_AA3181148667,0.0970878911718278
CC_AA36C8AD0AD4,0.09172767652312253
CC_AA36F0397FF6,0.08582487971087974
CC_AA3A8989A632,0.6871119944440669
CC_AA4A1B7522D9,0.08855069528537905
CC_AA4AE0378324,0.26039607936698295
CC_AA5E4D5A692F,0.16481559651847183
CC_AA68EABEE4B1,0.08887065077083234
CC_AA6B5A7A5B67,0.10064090599858394
CC_AA6BD423C239,0.4089081700038157
CC_AA7074B42A4C,0.5138523466588778
CC_AA7A7F3159DC,0.10422684568677817
CC_AA7BDEB972E4,0.11673689319087681
CC_AA83426311A1,0.07887726510642723
CC_AA8F7D307212,0.125685090559404
CC_AA994120654B,0.06912158094091705
CC_AA99CC1D0A77,0.09600829784883484
CC_AA9DF917E958,0.1728876028417664
CC_AA9FC6678135,0.32808879202335056
CC_AAA47EC0D4CE,0.07814286934328549
CC_AAD9F600283C,0.11621844824976757
CC_AADF003A3927,0.06683746604075907
CC_AAECFE806C8D,0.17606916202608305
CC_AAF2022B9CD1,0.21225334380975697
CC_AAF445E4CCF4,0.0670949825749695
CC_AAFDCAA5CA06,0.6416811148288072
CC_AB0384E131D8,0.185414627493713
CC_AB0A4F4A2968,0.18471085707130686
CC_AB108580856A,0.08104788931548274
CC_AB10FED15FC0,0.7977961853020726
CC_AB176233A184,0.06392590392623487
CC_AB250982887C,0.08873895945655755
CC_AB25C565EA6F,0.06860396360993512
CC_AB31BDAE74E0,0.16547516268505846
CC_AB38A76F5698,0.3418017825326956
CC_AB38F588BDD4,0.18032813134216197
CC_AB3DB55C9A2E,0.15296416313253008
CC_AB42A7DA8FAE,0.15302270963704798
CC_AB486E8855F7,0.11154514444492308
CC_AB4A79BF0F21,0.04308227311808022
CC_AB7472FE1C8B,0.0648670253994133
CC_AB78F64D1DA0,0.14354412403302208
CC_AB821E2FB031,0.05348484244844906
CC_AB873276D910,0.05634573724235774
CC_AB8CF3C05B61,0.11603687337815397
CC_AB8DD8448ABE,0.3451449088617101
CC_AB953366A38C,0.1270535129565669
CC_ABB193697B23,0.5965034766298734
CC_ABB3F0A040BD,0.12685144650658212
CC_ABB618AD3E52,0.23379790467549205
CC_ABC0DA7DAFA5,0.04542768102606135
CC_ABC49E43DF40,0.5773132128283863
CC_ABD89F61734F,0.11215235324073405
CC_ABE04CDC2866,0.5690009743297061
CC_ABE98746DB91,0.5178739242528543
CC_ABFDF22BBD97,0.07072982644528605
CC_AC0498A54CAD,0.16671735729420026
CC_AC1C23EA2767,0.32697057259717
CC_AC1E028B2A1A,0.11002941382627987
CC_AC255B902EEB,0.1476551000370374
CC_AC44A88F7869,0.08343097812293047
CC_AC51CBCACA63,0.1370287526643036
CC_AC723E5F5EFA,0.04986525165645776
CC_AC7994A5FDC4,0.13855216075361415
CC_AC7EFDBCF2E8,0.6807322221650783
CC_AC8A45716CD8,0.1490313767348076
CC_AC8FB78319A0,0.04293101898352861
CC_AC95C517E726,0.07788056880610278
CC_ACA4C6C9316D,0.05638295074392222
CC_ACAD97A186F4,0.08328672419533541
CC_ACC12168D6A9,0.16078720026852122
CC_ACC53294D3A0,0.09395611150770128
CC_ACC6A74A8BEC,0.07778946613152594
CC_ACD94D2B1200,0.051641818799726597
CC_ACD988315902,0.05025987683338114
CC_ACDA59536C9B,0.11180924961357638
CC_ACE5A4081F6E,0.16999617653812937
CC_ACF4F9A2CCFC,0.17520694768514194
CC_AD0D7D212968,0.323091572933815
CC_AD131D09EB0F,0.10661824813731963
CC_AD13C87CF26E,0.20843271787105047
CC_AD2050A0C79D,0.167053146149713
CC_AD276D71D3A7,0.309592101593778
CC_AD2C54521FE4,0.1867186270611176
CC_AD2E59624FEC,0.3727018116677962
CC_AD3A36AF2840,0.2671793557836316
CC_AD3D286D0B68,0.21003351508889073
CC_AD46818E459F,0.6065099703952999
CC_AD4BB2E22EA9,0.22140186574524884
CC_AD4F7F88242F,0.3215793942820916
CC_AD58ADCD54CE,0.6601340792632873
CC_AD71619FA389,0.12456948355651278
CC_AD84592B950B,0.07859951224168907
CC_AD9898C0E8D2,0.14755677850314003
CC_ADC70A21D661,0.29759219325349756
CC_ADCF16189AF2,0.21244277007336332
CC_ADD894E6E4F4,0.3006324189573715
CC_ADE899835555,0.13382706509646997
CC_AE0D73A1EE19,0.36779789490946013
CC_AE0F08EA3935,0.19349149874322188
CC_AE23B59E6FC8,0.2871293969984429
CC_AE289E013D60,0.10411593040528304
CC_AE34D3F7F224,0.7586947593390889
CC_AE4069D8B4F6,0.2123887351573863
CC_AE4896E2BE76,0.7126684542173509
CC_AE51DCFE0671,0.07044602564250096
CC_AE69FEA8DA68,0.18431207194464527
CC_AE7C129CC90F,0.18940106823272482
CC_AE7CD49F20AB,0.1391031262400279
CC_AE89526E0335,0.15050531681129578
CC_AE8D62CF30C0,0.11104257192592398
CC_AE8D9CE8D6FE,0.05077403905980043
CC_AEB019CB9065,0.16960471242006622
CC_AED1D50AF584,0.13308158916617718
CC_AEE546316FB0,0.22051121176862887
CC_AEE5FA00FA6C,0.41038883961017486
CC_AEEC765D157B,0.04474989036311551
CC_AEEE44D6C8A4,0.031223394238745185
CC_AF14FF3EF570,0.36114159048624306
CC_AF1C3ACBA6B2,0.11606037651636061
CC_AF1E911C98B6,0.30928371935408905
CC_AF337F410520,0.10281680397668436
CC_AF3C7BC3BA40,0.09977799693249145
CC_AF41E4075C87,0.24657595214805622
CC_AF6B4405276D,0.7111248215088803
CC_AF78FE0BDBEE,0.08542232267564623
CC_AF8238D9082F,0.06410919164183537
CC_AF8CA6EE53C3,0.06422542314708916
CC_AF9AFA7C49A8,0.09395586504471314
CC_AFA1E3D3C685,0.18683103555797514
CC_AFA680030CB4,0.6158855935590442
CC_AFB351270B8B,0.04703878845199484
CC_AFC405AE0029,0.07202114839351079
CC_AFF90422E4FC,0.3691772664549818
CC_AFFBE2744B87,0.76341574191753
CC_B0043CA53FCE,0.09961117247576698
CC_B01B2BD4EFD7,0.21458071792983796
CC_B01E87EB9940,0.1434462634066332
CC_B0273E66E2A5,0.1696334580659083
CC_B03E98085A9F,0.08829980971651952
CC_B0420D8C42DC,0.4344237890577707
CC_B0497BEB9F6B,0.12613534653480468
CC_B04A5E60B69D,0.06613903798144206
CC_B04D5517A193,0.12722736505132393
CC_B05FF3A960A0,0.24223701446294996
CC_B06A532EC131,0.22326273499714017
CC_B06D33A6761F,0.15721492494398248
CC_B074D4472CE4,0.04610036905545388
CC_B07CE95BCD88,0.292539316748324
CC_B07D79368225,0.12411462831031514
CC_B07DD1ABABCE,0.7340055653027833
CC_B086C2D77820,0.1285256266730841
CC_B088DE9C9E3B,0.2709234958582448
CC_B0CD7932067B,0.12371625011059806
CC_B0CF90073A5E,0.6108584840221194
CC_B0D397D86639,0.6274964318326445
CC_B0EF4FD19FEA,0.09641757735001491
CC_B0F2F9514AA3,0.09642792067926041
CC_B0F3B79F51C8,0.15053963192559175
CC_B0F4041B1C76,0.039156834773043464
CC_B10FE31C61D5,0.10692807666099283
CC_B114E8F19D65,0.1699822200279171
CC_B117F0E3CAAE,0.13724713156765034
CC_B11D58F331A9,0.0492331792865022
CC_B1262188BC41,0.09499579804322308
CC_B12FFB2FF21F,0.082060443214765
CC_B13253F34A9F,0.043846205403437345
CC_B137E2BBB53B,0.08808453402273525
CC_B13FEA7CDB99,0.05890013334844166
CC_B1481ED21111,0.043052199952841874
CC_B15BE5C9976A,0.25909620385250154
CC_B15EB6933578,0.07690102390672944
CC_B163CCB3BE4D,0.11856130851405564
CC_B16DC354FD71,0.37436061393162884
CC_B1777349EB15,0.1394453738676909
CC_B17C6CE0231F,0.27364269397386326
CC_B17CA8C22E5C,0.12430006782072915
CC_B18F3C9C30E4,0.1250143888692848
CC_B19CD93DDC96,0.07632816893388092
CC_B1A647674B84,0.11656729159625165
CC_B1AEC2E5E33B,0.20883861526452036
CC_B1B5C81AC0A6,0.0730066630809959
CC_B1B932EFD646,0.15759228785464185
CC_B1C3C0B52B88,0.24968057325203147
CC_B1C7216344F3,0.09626031816604272
CC_B1C982DBBD12,0.32031283711890507
CC_B1D81F8197B3,0.36997774531253147
CC_B1DF1DCBDC7E,0.5665672709316092
CC_B1E2C36607CB,0.06784497966462419
CC_B21351C93D8C,0.15022771597644308
CC_B2174860AB11,0.730675383785804
CC_B235818E6A04,0.1960210634700964
CC_B23CDE30F00B,0.08112721654937562
CC_B23DE4971DF0,0.4248131993815726
CC_B23ECF574D8E,0.080295580891032
CC_B24C41DDFBDA,0.2045265802724368
CC_B25EC73B9510,0.14215776977875175
CC_B25F69904D0F,0.08313973232941052
CC_B25FB6C11D05,0.6334779279550146
CC_B264F2B92259,0.5681496928225458
CC_B26B8FC23F1B,0.06113518043199849
CC_B272E29922B5,0.17587152303696746
CC_B27AA8E27BE7,0.10515188483146896
CC_B2A68FD3C236,0.09685261950320273
CC_B2AC50C00979,0.09392972017592544
CC_B2B16D7B821C,0.16543201863782425
CC_B2B32F1511E4,0.14680350723140878
CC_B2C241A93527,0.08222834633332976
CC_B2CB104FED6B,0.6450507477796192
CC_B2D352013F92,0.1275818037522723
CC_B2DF694BAB08,0.10368308330701309
CC_B2E993A9343F,0.19725382529513374
CC_B2EF61C93AB6,0.14296547851736457
CC_B2F94405EA89,0.1183384878832987
CC_B2FC07BF6251,0.05902255694956102
CC_B301A65B4164,0.10811987907964098
CC_B313E3A208A2,0.14637856387986525
CC_B318FF5D976D,0.10910619080888281
CC_B32AEF0A2299,0.06561149294227148
CC_B33BD3C618EA,0.11215837961813897
CC_B348627365A2,0.12896225330432937
CC_B35109450BDD,0.03874805534293442
CC_B3528B870544,0.1265777765717856
CC_B3530E7CF8F5,0.13478157878516217
CC_B35C5B1DB9C1,0.06591507718811032
CC_B35FF59389D4,0.2274176477420816
CC_B3812C6700F2,0.6276643366827293
CC_B38280B483B8,0.12080381581198191
CC_B38B694A18EF,0.49209182401850493
CC_B392BDECD913,0.3325343373208728
CC_B398DF1ABAD4,0.04087424601954217
CC_B39E75E151A1,0.11924484011177627
CC_B39FD0E249E8,0.04366247973977544
CC_B3AA0891CA5E,0.40008003202909137
CC_B3B1C8EBE5C1,0.11469426598494364
CC_B3BBA28E2D39,0.39540300693081953
CC_B3C4DB0303A7,0.07494756297046817
CC_B3D32FE823B2,0.046953117192180024
CC_B3DA429C6C8F,0.09340898225702325
CC_B3DC5786AB0F,0.17963217407105977
CC_B3EA537531A3,0.14381431220719934
CC_B4096D3A38CE,0.0434429247474316
CC_B41EADCCC95F,0.06297801422032269
CC_B421940B9A48,0.6156526475708122
CC_B42B3B83935C,0.8327330443488832
CC_B436B1CA6B2F,0.057314899704639335
CC_B439B06AF274,0.19976498328797804
CC_B4482E7879F4,0.07152772789110884
CC_B4660022C612,0.09917765615459723
CC_B46B899B4A63,0.106005663634439
CC_B470280A580D,0.13951133231293725
CC_B471D3BF0C72,0.5305830451484377
CC_B4751DEE43CD,0.1559487642596557
CC_B482C254BAA5,0.05379711064167297
CC_B4889D036D3C,0.7463622615805194
CC_B4950F811C90,0.16072514074762922
CC_B49A6DE7A340,0.29755333040049875
CC_B49CD4C13DE8,0.3356479665025505
CC_B4A90370CA96,0.48961931165396927
CC_B4ADE6BC8A10,0.6810211001216533
CC_B4B6F805888C,0.05668457124653016
CC_B4B8F66BF4ED,0.653462167515152
CC_B4C6F80DEE44,0.049642805078154814
CC_B4CCE78C09EE,0.16059022749790003
CC_B4D68D1C1C55,0.21328550763421733
CC_B4DAED63089A,0.1493928046971718
CC_B4DD9841E6FD,0.18080408956754423
CC_B4EF6743DDCF,0.08938848500923521
CC_B4F67F73D097,0.10456131631568488
CC_B50EB15EBA18,0.10570914657231587
CC_B51DCAAF4549,0.15927042059934843
CC_B51DFF8702D0,0.54129502802406
CC_B520A001BF69,0.09927127237869843
CC_B529919BF24E,0.61774047589994
CC_B542342650A1,0.0606108147881015
CC_B54A106E91E4,0.04618695881712813
CC_B54CFFC21F2B,0.11543983653779266
CC_B55C134C04A5,0.18158027873127264
CC_B55C2DBF6D3C,0.20710367774590027
CC_B569705352B4,0.11427224165330999
CC_B56E74A967C3,0.05101078528749181
CC_B57519F33EEF,0.0466023355812312
CC_B582E4405D85,0.09747718148943027
CC_B585A11F7BA7,0.13502494444976393
CC_B59726D36AEF,0.20000268100671253
CC_B5995E4F1A21,0.1263056218219878
CC_B5AC2AAF871B,0.7585768550051608
CC_B5AD19125E1B,0.22907633320472204
CC_B5B1E42858AC,0.06831058928738165
CC_B5B7599E8BC6,0.08566584666451113
CC_B5CAE0595637,0.21348074484022928
CC_B5D49843A799,0.3197374839998753
CC_B5DDFC7AEE78,0.12231859610109144
CC_B5E29344F63C,0.19460272218037053
CC_B5EE5AE6378A,0.5794797895331509
CC_B5F2A93AD996,0.09177215461378782
CC_B5F611613A78,0.0756754715891051
CC_B6055039255A,0.7603381309963991
CC_B607B2B0AFB7,0.052946076628648836
CC_B60CFD0F39F9,0.09071255194100794
CC_B620087B1C52,0.3697367398703676
CC_B6203BBBD151,0.12066454883271172
CC_B622662E664A,0.14410291000956635
CC_B62C9A2BC846,0.15027762221043617
CC_B636210548E5,0.3312953134395421
CC_B642C6714501,0.06405124217759676
CC_B64F81B8A263,0.15654154853947322
CC_B65CA581B9BD,0.15037857381590897
CC_B65D1B9B6F67,0.1151432847548241
CC_B661A8FCA431,0.05161639915495461
CC_B66AC40957D6,0.153775769316631
CC_B672B35D1162,0.748996623866259
CC_B68379D197F6,0.09882392377005214
CC_B6923D10FDA2,0.1515413908006112
CC_B69CC776BBE6,0.23424982298546598
CC_B69E50D76B29,0.09731772126096633
CC_B69EAA8C296F,0.22875599126401988
CC_B69F7CB8CDA0,0.09113443102973942
CC_B6B4AD157354,0.1610923291074285
CC_B6BD764CB8B9,0.2016542335277531
CC_B6BEC3F4BE91,0.1252760872206266
CC_B6C13F4A610D,0.30353952116676663
CC_B6C1C3B5766B,0.1024383129028578
CC_B6C72241926C,0.149642169605796
CC_B6CB40E245D7,0.618239527410645
CC_B6EE58A108C5,0.07562132582654985
CC_B706F631F5BA,0.04532831100476313
CC_B71DC1206985,0.12345203962072096
CC_B72284CED807,0.20939686040376096
CC_B727865A5B5F,0.5799888401391942
CC_B72FD7EFA6BD,0.18068670655777833
CC_B7365B5A3392,0.7561010865138713
CC_B73820D308C9,0.11194363272073186
CC_B743560D847F,0.08274041162268274
CC_B76EF26F7C9A,0.30288220769465735
CC_B7764FC130E8,0.4255846177781952
CC_B77B73B95532,0.13246852350334348
CC_B77D6653C7D4,0.045766318583992875
CC_B77DA6B77DEB,0.25473548757376796
CC_B783AE19622D,0.21171647255885062
CC_B78761738CAF,0.031865683136538536
CC_B787BA135B5D,0.31900722490595135
CC_B78B4449EA19,0.12560722922137307
CC_B78B4B7F80B5,0.2296755393179049
CC_B78BEE888CA6,0.10544107813860149
CC_B791FEE1CF37,0.05170319841525607
CC_B79A58AA4441,0.10791569879258933
CC_B79BEC538198,0.13220028941553408
CC_B79DD53178D3,0.08629516421191083
CC_B7A7EFD85149,0.20852973999930283
CC_B7B5F2A15C41,0.12970448144282143
CC_B7BC46A7D4DF,0.08974638799382584
CC_B7CBC65D9AF9,0.6200966315713528
CC_B7D40C5C891F,0.07738259716353045
CC_B7D4337C4797,0.30155018227859204
CC_B7DA04826165,0.27586647227609307
CC_B7DC19DA1440,0.14442873183519134
CC_B829EC622F0D,0.539223857471227
CC_B82B9C0C7B85,0.6270322772829129
CC_B82C55DEE5E6,0.2541530340574667
CC_B8475B977AD2,0.6357832302154387
CC_B84BD2F4EB01,0.21871025083407336
CC_B86DA7D69F20,0.05665144600651613
CC_B87989F406EB,0.19494058510801854
CC_B88B702183E7,0.04203950163452062
CC_B89B80945ADE,0.17029805674680645
CC_B8A3A44BFE8A,0.415964519824755
CC_B8A7A6548AE6,0.18083037850451847
CC_B8A8FB83065B,0.17588834770424905
CC_B8AAC20D626E,0.18032606112415211
CC_B8AC99873641,0.06843882811078147
CC_B8C9673B7834,0.08311817188672815
CC_B8D5FEB15CC8,0.0857469825246999
CC_B8DA64A33076,0.6070844086365966
CC_B8E912A01706,0.6189344514777381
CC_B90869280808,0.15335264947042299
CC_B908EC99951B,0.2561049564615242
CC_B90CBF2A6775,0.058498896650559934
CC_B91080C1ADA5,0.32288653787975274
CC_B918FB42AFD2,0.19801194630922286
CC_B92CA425080F,0.13181692496758707
CC_B937F632B71D,0.1478382563602417
CC_B94477C20476,0.340709677631689
CC_B9483A5C922C,0.11524954766780489
CC_B954EC1C63B5,0.2973422180433457
CC_B95580F93537,0.06169509406314534
CC_B96086044329,0.09891718819376502
CC_B96EB0A91589,0.18784166256415388
CC_B98357C70A41,0.6375599813668302
CC_B9929A66C2FD,0.6631907257566483
CC_B9BB52E4C529,0.09006268737717582
CC_B9BD45744855,0.7774027845754907
CC_B9BFDE4662AE,0.08228954648721581
CC_B9CEAF324145,0.04604660989549096
CC_B9E89F42B509,0.18829116149520808
CC_B9E8A3887223,0.21484893200679883
CC_B9FC67268C45,0.19819088589491024
CC_B9FE9DFEB3DC,0.09885386740764035
CC_BA041E14DD98,0.07284788382993071
CC_BA0619F54427,0.10894131295592013
CC_BA15072C4EC2,0.22758682053852675
CC_BA183CDC5429,0.8332954053193282
CC_BA43646012D2,0.37281157945769566
CC_BA4F7E494E71,0.40687869755732525
CC_BA557F75E2DD,0.18724289323926413
CC_BA740903CBDF,0.12303574642898094
CC_BA77722A827A,0.5354658479866107
CC_BA78E47BB021,0.22137092581111859
CC_BA8C427054F4,0.04456662102600138
CC_BAA19F8D2563,0.10063759602900016
CC_BAA1BBFF8C6C,0.2875544940229806
CC_BABA44B5FB12,0.1042229703799182
CC_BAC25BCCEAD2,0.0705369562092093
CC_BAC74D0014D3,0.44266936230803494
CC_BAD99E36CC71,0.2132971157985003
CC_BADE7EB1D16D,0.7551328137216462
CC_BAE7410803AC,0.15009620516915045
CC_BAEBBF8054FB,0.16279222237211724
CC_BB054686B6F2,0.04889139816555585
CC_BB05D9DF72BD,0.06561084062615538
CC_BB0D54068D07,0.7865709812987448
CC_BB15DE5E0DA0,0.7697658428799149
CC_BB1A57AA813F,0.1445060699213931
CC_BB1CABE261EB,0.11929628454068769
CC_BB2BC46FCF61,0.24672387580551777
CC_BB2E5437EE04,0.04670609305765547
CC_BB2EF1FF6131,0.07984213079705477
CC_BB2F56C6BF57,0.12028516985925242
CC_BB35CEC5314E,0.09726715264058888
CC_BB39E3597B61,0.04450846520918375
CC_BB3A9EECD51E,0.09554067147697781
CC_BB44CDEE5103,0.19141238014223388
CC_BB458116ABA4,0.33859425162850487
CC_BB5F6936F6FE,0.19360984151814614
CC_BB666F8A551E,0.08282942357059292
CC_BB7355E735D2,0.1264433429983703
CC_BB8A2F186D6A,0.054846343566904515
CC_BB9FDED12C65,0.7146189318429021
CC_BBA8C316C8F8,0.07495384242682754
CC_BBADC7DC73EA,0.21015097313377973
CC_BBAEA7980B09,0.4314476300908666
CC_BBBA078A6429,0.7940968439802648
CC_BBBFC3EC2C72,0.34930626345909954
CC_BBD34B3225EE,0.036855439951089544
CC_BBE6C58C59A4,0.4044739348249664
CC_BBEBBE1E226D,0.12089339158026892
CC_BBED56D34D38,0.12298779083437424
CC_BC0244FBDAF6,0.18306059402643335
CC_BC099E880236,0.1390434224004201
CC_BC0F05C89E25,0.11766245178528659
CC_BC1BD06C1085,0.09783114981837446
CC_BC21E8824A34,0.42370319144363777
CC_BC23655B2BF4,0.06629380362078027
CC_BC24F9024F49,0.06368170975877951
CC_BC2A58939715,0.09934006259574626
CC_BC2B90F226E0,0.20629321655402455
CC_BC31382964E4,0.057489736063166194
CC_BC31DA3EAFFF,0.0990976364591752
CC_BC3A6CF6FD16,0.11455938815352872
CC_BC410BDD9ED8,0.24068110992467207
CC_BC458960887E,0.16364422451472915
CC_BC484C329704,0.15373937506583868
CC_BC4D6D6D4553,0.28964049595907826
CC_BC5A59D88AFC,0.0995584406209104
CC_BC736DA19A00,0.1889333059721599
CC_BC7B9D13978F,0.20367314862249083
CC_BC84BF34D69E,0.28165824989709165
CC_BC95D473C9CE,0.1742040654850056
CC_BC96FC9DCFE7,0.11034262882767101
CC_BCA0D6159C23,0.2196155355302752
CC_BCAE73132BA2,0.08291757274814585
CC_BCBBF055366F,0.05369536413445492
CC_BCC94F494979,0.07958743810429181
CC_BCF75F8B9A5D,0.11441445560951435
CC_BD10F4F15094,0.08749314457990397
CC_BD1A2052ACD5,0.8039549819240728
CC_BD217C39702F,0.3315209971039316
CC_BD2A9D4B9FAA,0.2004373693096643
CC_BD3EDD1630E8,0.0522272306061967
CC_BD4AAFE9EFEE,0.06346824182302653
CC_BD59D1252975,0.10177658721893632
CC_BD607BE97C17,0.09740368579750425
CC_BD889F165227,0.11510287004756806
CC_BD900B6BCF65,0.16989051724901955
CC_BD9967660461,0.3843232214921447
CC_BDABB99ADE2A,0.15451737877415206
CC_BDB07C66EDBD,0.41030058575951234
CC_BDB71DAAE50B,0.10292268191139213
CC_BDCB91FACECF,0.1220095518566047
CC_BDE1E398B4E4,0.06534454074402492
CC_BDE8D325637B,0.6723912896075915
CC_BDE9E7F390AE,0.09548075051805158
CC_BDECF392D7F9,0.13655126760776057
CC_BDF401C3BBCA,0.11905170990046224
CC_BDF53C42C5BC,0.2438170894261522
CC_BDFE5778530F,0.3334596413368612
CC_BE05EB5976EC,0.7667190657519827
CC_BE08A6D5E76D,0.046340949740695636
CC_BE146CE5BEE6,0.11719271249374362
CC_BE24C1EE877A,0.10455177372784136
CC_BE27E98C4BED,0.07284217428106196
CC_BE32DACBF6C2,0.10655394971251399
CC_BE3F52F9C9EA,0.14530753387393364
CC_BE3FC1024389,0.1469019543308874
CC_BE4595898BF9,0.11112708496331734
CC_BE4F1F53F4B6,0.08588775104036911
CC_BE648663620C,0.21483062576244105
CC_BE6627F3B9EE,0.6096110680536184
CC_BE673F70B591,0.3336843515277729
CC_BE704640727F,0.035502995615895414
CC_BE7295B354DA,0.3531409774592794
CC_BE760A430ACD,0.14183402006233065
CC_BE8A340F3876,0.049458119637375536
CC_BE9CB8845101,0.2544959049422482
CC_BEA12286E57C,0.15690372099582678
CC_BEB24EB997CA,0.10167236800277199
CC_BEB80CCF2ED0,0.05433262343189306
CC_BEB86014B5BF,0.16745375492398862
CC_BEC035C8801A,0.12240108605166192
CC_BEE1B858F0C3,0.2800902051161052
CC_BEE664893442,0.16379066552387478
CC_BEE75A33F038,0.06677031737189537
CC_BEF22728402F,0.6558008661854182
CC_BEF8AB2DF19D,0.34959396714906443
CC_BF03683CC755,0.0880323857665002
CC_BF066CB8F7A0,0.1705302054915132
CC_BF154A9FEE8D,0.15428424586365425
CC_BF17E635C67F,0.10184465780259444
CC_BF196AFA6AE6,0.1609246578491487
CC_BF2012FCFE14,0.20846974228660065
CC_BF3733356D4B,0.44551414523837296
CC_BF376C8D14ED,0.49618672742810854
CC_BF3BF8B9F646,0.10093350925378666
CC_BF588A5FF18D,0.6741312252507997
CC_BF7C643B8874,0.05229733007926144
CC_BF8919F14394,0.16676514751345434
CC_BF8B759EE1EF,0.08879033936514133
CC_BF971FA7A950,0.1582363978907859
CC_BFACE960372A,0.10237820941608332
CC_BFBF917EFEB7,0.6005104250712168
CC_BFCAE2959708,0.05565172078095906
CC_BFD80ECB739A,0.22248524818574283
CC_BFDEC7E68821,0.0826485813161415
CC_BFE3AD881F4C,0.05213626031198271
CC_BFE511C0F9F3,0.582317486112955
CC_BFEE9CF8A6E9,0.07773595353556484
CC_BFF8E82FE4BE,0.11142026132725433
CC_BFF9E8C0FE28,0.6023775611877458
CC_BFFCB2882E26,0.04815880090380183
CC_BFFDCACC1E4F,0.12303141448581881
CC_C003A15648F3,0.0916336285514435
CC_C004160ABB18,0.14726600637996373
CC_C012746F45D6,0.10876116759465873
CC_C033B4EC89DA,0.1262434546133966
CC_C03578357D0D,0.41406883549118056
CC_C040C14F27A0,0.05610666892171782
CC_C0474C48C443,0.1526755132736858
CC_C04A1EF46A13,0.22884722339493566
CC_C067DA2C5F99,0.4109682600548626
CC_C0731DB0CD7F,0.610122070822114
CC_C07C70AA1AF0,0.12817937898322404
CC_C0877F4DBC62,0.10638333385204578
CC_C0896CE6B4E2,0.09635758782538285
CC_C089B0517E81,0.093555812734706
CC_C08B9066A5BB,0.1683449087725477
CC_C08DFB22BC71,0.10048264618004168
CC_C0A2108BEC82,0.1859742845534632
CC_C0A6B0787F91,0.12898804572286343
CC_C0B29B279C90,0.11576183334282203
CC_C0B7151247C2,0.08989712483733146
CC_C0BEDCC974E6,0.12102760235886027
CC_C0C6F913C2CB,0.6928290806417701
CC_C0C7EAB055B1,0.194269982357839
CC_C0CCCF588BEB,0.2539322363758334
CC_C0D65A1BC1DF,0.645434483534436
CC_C0D6ADDF1E0F,0.08113363409574506
CC_C0E49708EB44,0.20331661066904994
CC_C0F32BA57D17,0.04890461704101502
CC_C1094828B26C,0.31543704405540685
CC_C124E4C094F3,0.2490686649910071
CC_C12ECF48FA03,0.14344541665740917
CC_C12F5F7E5C54,0.11703926142714607
CC_C131509731A1,0.20542900752023788
CC_C14173B64C58,0.18681091642069647
CC_C14A4D39F494,0.3853125233168925
CC_C14DC9106B7E,0.23443178458298441
CC_C1624A910E58,0.03559047020787426
CC_C1645FA6EE7C,0.0908855639999331
CC_C165A26E7C1D,0.7129274770314213
CC_C16824A69631,0.05687498147570681
CC_C177831DEDC2,0.10112805288968457
CC_C1815DD481ED,0.6881396789059514
CC_C18313F97FC1,0.30183734009747676
CC_C18A7BC23071,0.23012495954072482
CC_C1941883C762,0.12519724894012255
CC_C1A0989CDF23,0.03838399552658768
CC_C1A8C99D910A,0.11654841954989276
CC_C1B057BAE0BB,0.268955206554814
CC_C1B5D9A95708,0.12559974104444008
CC_C1C28181E30E,0.1446489012774113
CC_C1E8CA45E983,0.1053101322803153
CC_C1F4DD05F5FB,0.19749400509881188
CC_C205BAC0D181,0.07727066187301582
CC_C208790016F7,0.07410678974201365
CC_C219E603FD0B,0.0702526915768798
CC_C2323893E922,0.1371195958172251
CC_C236A614F73D,0.10845409976883336
CC_C241491551A8,0.12435432991773542
CC_C247E0377048,0.11080496798781272
CC_C24FBA584039,0.24776838091260256
CC_C25078D044CC,0.1707405689738244
CC_C255BE787955,0.20371123298453608
CC_C25ECB5C5FD8,0.0706820551626141
CC_C276E722FB1B,0.3120730966114827
CC_C279090E1F74,0.7723814235937612
CC_C279CA96D14A,0.13213162871270326
CC_C283330B9999,0.03996489569369935
CC_C289AF57EB24,0.27346101840998666
CC_C29558864857,0.12579928331544607
CC_C29846DE78AC,0.617764204300637
CC_C2AEE09D92AD,0.11157795308496396
CC_C2BBFB603032,0.32644465490595687
CC_C2C2B2EEBA69,0.04102415647239088
CC_C2D1CBB42952,0.1587979464501355
CC_C2D4587A871F,0.718419733794857
CC_C2D583F20739,0.33628610644768375
CC_C2D9086A8C67,0.06737591558994718
CC_C2E8FA308586,0.15391054451463476
CC_C2EA104630E3,0.11308778469529601
CC_C30ED2C6265A,0.05128107810773541
CC_C31BA9FD4FFF,0.271278582940884
CC_C31DC3117984,0.14584329365892884
CC_C33142B2E26E,0.37566174625842674
CC_C340668CE604,0.0974739349704388
CC_C36580241000,0.15083067121901494
CC_C3664AFC710F,0.13804958748666138
CC_C3676D2ADC91,0.22562869783768014
CC_C368AC6AE19C,0.04924720022026287
CC_C38B446B7432,0.20425365507225668
CC_C38BE6D69E61,0.05155049386019259
CC_C38FB634E7B9,0.06690609269642664
CC_C3913A125FC9,0.1254984759095743
CC_C392AC1AABDB,0.13309349933214315
CC_C3A37C3EDCC5,0.33943347112862166
CC_C3A42A96D260,0.25657484536082786
CC_C3CA355F78BC,0.11836414194201728
CC_C3CD972B25E9,0.14807229625818258
CC_C3CE9FCB05EA,0.05105123891895898
CC_C3DA12B31CD5,0.08742107802191372
CC_C3EF46D2CF29,0.2040417829367845
CC_C3F301EAE202,0.1633446756520829
CC_C404C200B723,0.10261802785015184
CC_C40BEE2EAD73,0.24469074780316874
CC_C40CA3E960D9,0.1457718854317592
CC_C40E0EEBA53A,0.14807923853131916
CC_C42183D7A586,0.09233333445674041
CC_C427199DAC5F,0.43055181607261617
CC_C445AEF194CA,0.0879994189053908
CC_C45051D20EC8,0.12990677708365583
CC_C47FCA703A69,0.2775398935658542
CC_C4965C6C6935,0.25864628040096327
CC_C498BD798847,0.057249724730144676
CC_C49A42D1C3CA,0.08941350604174028
CC_C4A2F5B06976,0.06785652462026553
CC_C4B632AEB96F,0.16787382092061764
CC_C4D194378554,0.038879362206036785
CC_C4D90E9CA5E9,0.12647714887320027
CC_C4D941D5A5F9,0.14432343836604528
CC_C4EB2486A9B1,0.2317685082851566
CC_C4EC2923D96F,0.3123204832466462
CC_C4EC9ACAE8C4,0.7541363386682258
CC_C4FB2ECB13DD,0.25146791465379315
CC_C50467EBCC58,0.08712500089967495
CC_C50C5E2A77CA,0.1498685488502676
CC_C50D7FAA75C1,0.0551564701575957
CC_C51FE3F4D2F3,0.15668692051649954
CC_C5234F4713B7,0.07755225678929975
CC_C55110310E14,0.09556750105290096
CC_C563D509181A,0.0808696498627151
CC_C5736F4887D6,0.7242831008633404
CC_C57C4F09442B,0.09721056313993434
CC_C59D2CA55CAD,0.8311196086234484
CC_C5AD04ABF022,0.08528058569961247
CC_C5AF7BF4B951,0.03777202840968373
CC_C5C5FD9FCFE4,0.677080073330216
CC_C5D9A89022EF,0.199081854488512
CC_C5E1FA10BD6B,0.17596173443409727
CC_C6039EF0459B,0.1615472411718572
CC_C6133F44EB0E,0.10420138915248277
CC_C637C1142503,0.7642777879601235
CC_C65496C86EAE,0.166718830717881
CC_C67C2B86A807,0.1432809000080627
CC_C690CF8AF3B4,0.0954273373847056
CC_C69204FFED48,0.2996785121311737
CC_C69DD80E5055,0.09158876437924328
CC_C6AE389CA79C,0.07645710490267582
CC_C6AFA8AF33BB,0.10453132616661165
CC_C6B56B2869A6,0.3460707675784771
CC_C6B61E03B42D,0.19414255052497242
CC_C6C2B357FDF2,0.11424245718289804
CC_C6C4A4A318E4,0.12120192839793621
CC_C6DECDCC7956,0.19437815473387576
CC_C6F134ABD932,0.5354179287560508
CC_C6F24128D8D3,0.14834075596500162
CC_C6F8C5E3D746,0.13220201159334885
CC_C6FB2BDCC78F,0.3872502398679785
CC_C70DBEB08378,0.8313801556689318
CC_C71AAC6F9607,0.10476131300441643
CC_C73D1C53BEC0,0.33490723502040104
CC_C7423B380FD2,0.06862405339587369
CC_C747ABF2B4BC,0.09237815231185456
CC_C74F0C45C093,0.1425920923904226
CC_C75307665BCF,0.2231197237329776
CC_C76473DBFF83,0.327578088715525
CC_C7652C2D1CC7,0.21841503290866793
CC_C77B38900325,0.2157416542173875
CC_C782A94E6754,0.051424850786365106
CC_C786E0FDA098,0.745249822575772
CC_C794632B3AAC,0.37628145474143937
CC_C795250A7B3F,0.10241662888340206
CC_C79BF5794AD9,0.06590311390700075
CC_C7A2A7BF85C5,0.07468443210646132
CC_C7A2CEDA36CD,0.4745064522558221
CC_C7AAAC514CD0,0.073835668091955
CC_C7B39AE8206F,0.11331263347121134
CC_C7BA884F8DCA,0.1347611597390458
CC_C7BC592C11DB,0.05183485431153073
CC_C7CB29EBCEE1,0.04990494907605071
CC_C7D2BE35C77A,0.07692923955944354
CC_C7E56C7FFA19,0.1868788727613661
CC_C7ED63E403A8,0.07308845229077984
CC_C7EFF4BBEE1E,0.07698054607759802
CC_C7F1C90A261F,0.12943605848409453
CC_C7F38C2DEDFF,0.2224208328650093
CC_C807F881A35F,0.2574612220194008
CC_C808346EF2A7,0.0544181540514275
CC_C822401D05A0,0.12481603236232243
CC_C82D0EB32984,0.12225279498947612
CC_C82DE4520088,0.16697310634545376
CC_C84080607284,0.06877787014307618
CC_C85DEB66D6EC,0.24162900896404077
CC_C8601860B3AB,0.30490312489285876
CC_C86B56E5B000,0.12690674024513987
CC_C874E7D8B96A,0.06970474917092838
CC_C88F02C38654,0.13095778207676667
CC_C895990DF270,0.13011437158961903
CC_C896D6E93110,0.36149585923098915
CC_C8A57920FB6B,0.09079333661048816
CC_C8C2CEAC6750,0.46230787960414393
CC_C8CBB38CF4B6,0.42953139680234426
CC_C8DF2AEC8023,0.1411784291038939
CC_C8E24B1925A2,0.19171830332061474
CC_C8E2F0CA5050,0.6808441176130535
CC_C8E875AAFD58,0.3273930713492663
CC_C8EF7366016A,0.07340048730536892
CC_C8F1FB9C56E5,0.09582568911567427
CC_C8F2FF7E6DAF,0.1333724970087214
CC_C916DC82A00B,0.32013015664028777
CC_C91FF308D57A,0.06800349290885584
CC_C9297D88CD26,0.31253866055829865
CC_C932D885E1AA,0.2012139277799544
CC_C947A66A6A34,0.14622022943164809
CC_C953D19C82A6,0.28335121496207505
CC_C960365C1125,0.22272439934230848
CC_C96221203852,0.22326538508179572
CC_C967937FC81A,0.704592971626911
CC_C97434767545,0.215466085995134
CC_C974620D4D4F,0.2887466892582726
CC_C9749B07E3CC,0.12721774215801537
CC_C979F86EC4EB,0.07814930813490399
CC_C9882357496D,0.07904955297800294
CC_C98B5F2B994A,0.08708285100368224
CC_C98CA453DC7F,0.10219704087194562
CC_C996515164AF,0.6548016548360109
CC_C9A1B8F512F3,0.4184570604581249
CC_C9E008678B77,0.0927135995319939
CC_C9E89E3728DA,0.20066299656971492
CC_C9EE0357CF4D,0.1645442246458593
CC_C9F15C15BA6A,0.13045954339084614
CC_C9F3BB887EB9,0.1969168468910935
CC_CA0906B9B58E,0.067130548592669
CC_CA16B9133E4F,0.3615203686260887
CC_CA2524A5C7AF,0.3134266855188431
CC_CA2A17C9CD44,0.43541706859427587
CC_CA32C61E255B,0.1034643454486168
CC_CA37F92A8BC6,0.14062741207355595
CC_CA3C9D0F42A2,0.551349851872307
CC_CA4669FF2379,0.11228832551090905
CC_CA486E08F176,0.06662025395102847
CC_CA5CF069C36C,0.06856852000858177
CC_CA6AB58D2C8D,0.2499614860300866
CC_CA6EDCBFA9E3,0.17780120510504205
CC_CA6FB58C11F4,0.0753693673727695
CC_CA7902338F91,0.11056802677031624
CC_CA7BE11DCB92,0.11296516098081982
CC_CA87A148C386,0.09696013366371106
CC_CA8E7E45347C,0.19139628621760485
CC_CA9214D0E170,0.149855426248669
CC_CAA07EABEF71,0.06194517754311798
CC_CABC0190A9BF,0.4756822413859172
CC_CABF171B8582,0.5789045753240376
CC_CAC2F989A2D6,0.24958019502820986
CC_CAC50FF13A43,0.4866922318702955
CC_CAC9C52B6FB8,0.2491209928941459
CC_CAE19DE8446F,0.07257464766383939
CC_CAE5F6D8328C,0.4227378044285912
CC_CAFA0C6DBCEB,0.0616461268318079
CC_CAFE5D6E3E1D,0.11449705077739297
CC_CB02A97FAC1F,0.20783152358024534
CC_CB1155AAC7EB,0.14082019275204458
CC_CB1B2FC5769C,0.1995783561244702
CC_CB1BD3C19303,0.19069552422346286
CC_CB2423DD4809,0.8170364390118455
CC_CB33381406F3,0.6464553994778303
CC_CB3CBA971E97,0.08634367789892991
CC_CB45CB5C940D,0.1796222626600089
CC_CB4A2667F8CE,0.19966228114593706
CC_CB4EA92BE238,0.057300135866840324
CC_CB4EE5CC0B09,0.1842086463725141
CC_CB50BDD92A4D,0.2229052801467718
CC_CB6A55831080,0.0756154710024113
CC_CB6CE149111A,0.1459164572371922
CC_CB6F9DA78019,0.04423907835392621
CC_CB722FAA608D,0.19966776724765722
CC_CBA786C05C1C,0.7709669092544188
CC_CBA9A6206DCB,0.16820667340117834
CC_CBB7AE2847B6,0.2094905134187775
CC_CBB9DDEAC819,0.03451149037275343
CC_CBC30D127BA4,0.08086281542129521
CC_CBE67EF0D3C5,0.5072919852305833
CC_CBEC318365B3,0.3809571498567784
CC_CBED6669EDA7,0.067337696311492
CC_CBF1B052FA7E,0.0770060798026114
CC_CBFC7EFF2F94,0.1218131427506054
CC_CC27394B5E35,0.09368102037477238
CC_CC2A7B3D7A55,0.1483153017921851
CC_CC34B2523794,0.1569212634859944
CC_CC34E9023873,0.6425733613415086
CC_CC37D81F02A7,0.6078858772452341
CC_CC4822AEDB83,0.6373466784481596
CC_CC5D6CAE5ADB,0.2230065844902824
CC_CC6D27804EF0,0.09284068245080442
CC_CC71D4876B90,0.15622111785649084
CC_CC75EA7F2C8F,0.11460596413458948
CC_CC9214A5C0CF,0.09470225013942146
CC_CCA2B8D2446C,0.4059026234008938
CC_CCAB3E56FD92,0.1540250157784945
CC_CCAF321D46D7,0.04755800943238525
CC_CCB46EA56584,0.22166828261008134
CC_CCB60CB8754C,0.12788390932134194
CC_CCD759553325,0.06484948871340056
CC_CCDC28D49832,0.149239797288176
CC_CCE55029E621,0.6592935705518017
CC_CCEA133D7268,0.6188649642473569
CC_CCED6CEBC3D6,0.3204607015385076
CC_CCEE76415B51,0.315637881519544
CC_CD1326D52AE1,0.6823263558064503
CC_CD35EEA81CE8,0.31679610900594385
CC_CD373485942B,0.08596484525195752
CC_CD379DD39658,0.3229432306685644
CC_CD37D5CF0EB0,0.19375717174855572
CC_CD380545A7A4,0.06437681175708847
CC_CD3A378249BA,0.23377206951567547
CC_CD415B1C7741,0.050692930139235315
CC_CD4976814F28,0.0472684427476092
CC_CD4F5F1C357B,0.2500863896357531
CC_CD54829713AF,0.08682076374564422
CC_CD5E3556D5AB,0.17153205024169138
CC_CD6C797F3C4F,0.08222775598429433
CC_CD7BA8F6C4BD,0.10188706420568863
CC_CD8352F0478D,0.21308207438791343
CC_CD972E578564,0.8182305874762978
CC_CDA1B20179B6,0.10941496673181766
CC_CDA2A36B81B4,0.22342731070593586
CC_CDF6354EC332,0.06452560792110859
CC_CE01E17132E0,0.04485298859825085
CC_CE1280B30475,0.1391627449948707
CC_CE134F878294,0.0616797485839127
CC_CE229894AC00,0.10763135805146512
CC_CE26907B9D30,0.41477293910555113
CC_CE2755B42DAC,0.07491824431177346
CC_CE2BD7F74421,0.26257688355651365
CC_CE3784121355,0.09681321948039223
CC_CE41F9FF509E,0.16292163861990488
CC_CE5AF0E9A157,0.06514281903149782
CC_CE5EA019DCAA,0.07733629467406
CC_CE6460FE39F6,0.14128017228367945
CC_CE72D1734761,0.6050566029052598
CC_CE7FC560768D,0.34355357353487315
CC_CE871DB3950F,0.32099237681700843
CC_CE8D1564C4F1,0.1513003563690719
CC_CE93240526A9,0.3356342425251585
CC_CE980FCAB154,0.29864935464391684
CC_CEA0FAD348F8,0.09053830457146841
CC_CEA369A3451F,0.07508052658240003
CC_CEBA67081418,0.25000007779247774
CC_CEC0C00FE770,0.5410942805233379
CC_CEC3B21D2982,0.371446853799251
CC_CECEC680F701,0.18378057543630472
CC_CEDB263DB07B,0.04165362053593937
CC_CEDF9C14DC79,0.27422020387491175
CC_CEF23255BE06,0.06461159808751074
CC_CEF8C71C4E8B,0.4168889716352773
CC_CEF91FDD41AE,0.3600427932619582
CC_CF0B68684C3D,0.12284695747513573
CC_CF149865368F,0.09973926356940174
CC_CF2A7A5582C2,0.16511532241749444
CC_CF2B3E37CF2E,0.33966905122681357
CC_CF2F163CE005,0.16572516444242463
CC_CF3C063DF626,0.16183233405097752
CC_CF3E91DB8220,0.40460566378830415
CC_CF3FB5744443,0.725114798123814
CC_CF4991B8EFE9,0.13713759034926867
CC_CF53FD3AC9AD,0.040326887818614265
CC_CF5A140B279D,0.2125306848319538
CC_CF613A7162B6,0.15825362873794396
CC_CF6A8A460B19,0.0922823267151496
CC_CF792E77A16D,0.053954822656924195
CC_CF7BAF373E0A,0.04306391013563063
CC_CF8B1D0015C4,0.146466499711761
CC_CF8D0517B79F,0.07246058078752804
CC_CF92037ACA93,0.1712661530072211
CC_CF960A300F40,0.3629131246061521
CC_CF96B6335E6C,0.1852335026079318
CC_CF9880D67A7D,0.20868077601254698
CC_CF9B249283A7,0.705703258319723
CC_CFABF7407978,0.21552020507848818
CC_CFB2AE99EABF,0.19426772259244923
CC_CFC0BC440771,0.14518472985323533
CC_CFC235739F25,0.5286805053977904
CC_CFC6E8954325,0.06971502904364697
CC_CFD37EDB214D,0.24756066068524074
CC_CFD93C04478A,0.5604412963511969
CC_CFE0AA5381FD,0.6444374985414963
CC_CFEB021AA137,0.060375600975146854
CC_CFF6E2A6A3F9,0.29293482831227974
CC_CFFDC4947256,0.15002478080309656
CC_D009368CE434,0.05174312752873331
CC_D02E59E08B02,0.050779131060627716
CC_D03848B7353E,0.06135136998650056
CC_D03A69B1563D,0.1347337926755225
CC_D0576802096E,0.08390142513873375
CC_D0582E0F3440,0.062202105568396254
CC_D059D0BEC5D5,0.30894337513737297
CC_D05C4A8F2A25,0.1522846859937637
CC_D05FBA9B9040,0.7295866898652927
CC_D0653EA71CAD,0.1492113610860089
CC_D076A984B786,0.1672439624327031
CC_D08FC2D99CF5,0.20718317663192495
CC_D09942A02904,0.11675467919862664
CC_D0A8EA2D37F2,0.13018892761832568
CC_D0AAD35C800F,0.12112316272589861
CC_D0D666EC0244,0.12918151535479105
CC_D0F3F68F4452,0.46635154712654425
CC_D0FBDE8ABAA7,0.08740336262678464
CC_D103D50237D9,0.250304489234301
CC_D11E5A30CF3B,0.26743423053976145
CC_D122B30AE7CB,0.5251584699087419
CC_D1679B40D83A,0.10308169470930095
CC_D1760785D631,0.2504292831115575
CC_D18088587757,0.26097639294605435
CC_D184160042B7,0.31589371192160665
CC_D1886485E8B4,0.1418580582678787
CC_D1893DD5B4D4,0.08880632999163723
CC_D18B60E035CE,0.7392846082982989
CC_D191D099789D,0.07613967892269052
CC_D1BDB41E7FF6,0.0785025829528061
CC_D1BE2E6E9C9F,0.15431569215899157
CC_D1BFB29BF61C,0.07912230997516037
CC_D1C259F80E13,0.09651782328069627
CC_D1C63DA9CA93,0.12050889946578022
CC_D1C931E4F305,0.08404347388312822
CC_D1CE25F271BE,0.14620155561188886
CC_D1D2127A0C67,0.05194485468826121
CC_D1D31EA359F4,0.15579280545209132
CC_D1DB888BD9B0,0.11760260415950068
CC_D1E82B9DD102,0.15244293992323843
CC_D1EF68A649AA,0.1403817394961327
CC_D1F05E69F80F,0.06358902515629154
CC_D1F6FE158DCF,0.25825675849854435
CC_D205612FD566,0.6433376930529411
CC_D21474C31E3C,0.7073006781256563
CC_D2195A061A0E,0.6788244134986348
CC_D2199CC1CB08,0.03816017357985413
CC_D21FCD9DFE53,0.5305296483967017
CC_D233B2C8062B,0.4093002406718289
CC_D234CF2C21AE,0.6860409053324426
CC_D2373015DF41,0.06736689694484087
CC_D239CBE1012A,0.12551044817063228
CC_D2591377E980,0.7306329831186597
CC_D25E25C831B5,0.07535027509156011
CC_D262BB13DAAF,0.3145536853211624
CC_D272BC699F38,0.05901279593264619
CC_D2813C835750,0.7757517666527651
CC_D285B0D67016,0.0341580833777302
CC_D28FB525E310,0.23743628329909247
CC_D2AFEE04E96F,0.03420768725727537
CC_D2BBAA423304,0.1410553636808102
CC_D2BE8B4011D7,0.06336724879057892
CC_D2C49D2FEBF8,0.20079379828749738
CC_D2D09498D333,0.150662146767581
CC_D2D187DA334A,0.16328088652663425
CC_D2D47A5386CE,0.2568975744770252
CC_D2E98F50621A,0.04611857637515093
CC_D2F265035F0A,0.05250989511596579
CC_D2F91355C6D0,0.1675583610987872
CC_D2FC934F8324,0.1323685768618884
CC_D3044C67CFFB,0.056138946378284385
CC_D313F2C49E46,0.3439309629433115
CC_D31FFB053D60,0.11143983505749758
CC_D336DB6323BB,0.312515529213822
CC_D343A7CBA377,0.08864074917281661
CC_D345AF4C4B61,0.1605267225400211
CC_D34FA9410740,0.07645687092617312
CC_D354C5D1665A,0.15753922567592538
CC_D35E96480AF8,0.24651683415627706
CC_D3616386D6D2,0.13252850674006783
CC_D365173E852D,0.7852615927828932
CC_D3683C6CFC5C,0.5944922818736963
CC_D373463038E0,0.05194599199115823
CC_D379CF8E3FAB,0.7209206437891502
CC_D37B4CA7F3D8,0.052452060714255615
CC_D37B5B3CA4BE,0.6775873888219585
CC_D39265D7B6C9,0.05643361042580997
CC_D39E3F732408,0.07047611532284724
CC_D3A7B21165B3,0.23830835932530225
CC_D3A9028A4660,0.04610151916661376
CC_D3A948322BD5,0.7019902382329685
CC_D3B95DB5E6C1,0.27678414238034876
CC_D3C8C5014D5C,0.19318284368981298
CC_D3D80929AF52,0.1065435050484108
CC_D3F25136073A,0.20054108925789838
CC_D4102AD032BE,0.19041574898105904
CC_D416EFCEAD89,0.059035463841606566
CC_D41C5030494A,0.7098943179246158
CC_D42E477596A3,0.0657763800351637
CC_D432C89BADA8,0.15432561794560226
CC_D434638E9569,0.15342136649388385
CC_D4518F98BB77,0.08330457359434518
CC_D452847F2A4C,0.07335546805029927
CC_D454056F92E6,0.23134234140640947
CC_D461FB973AB2,0.8030592958219163
CC_D462250B13D3,0.36942636756388847
CC_D48E686A834A,0.6764896248530528
CC_D48FFD985E51,0.07564082988058682
CC_D49263A1BDF7,0.16454211134528768
CC_D49668C65C33,0.03155728132643045
CC_D49D9C57A849,0.09963561121553635
CC_D4A029A150E4,0.16443077487414043
CC_D4AC998C0BC8,0.7061558955364625
CC_D4B02AAFC697,0.11902584695003693
CC_D4BDF0F4FE9E,0.1249798521890745
CC_D4BF2778371B,0.11777089763354058
CC_D4C0F4DB3501,0.15271158710006288
CC_D4C6DD8A364F,0.15032833688137445
CC_D4CDE2A1E174,0.15085037365736037
CC_D4E7EE35695B,0.1350697364949061
CC_D4ED652E86DF,0.26822224088504965
CC_D4F844B54B84,0.041441801835345224
CC_D4FA0055DB4A,0.05459671162925188
CC_D4FDCBAFEC74,0.7123472499249648
CC_D517D90E105F,0.08684571162894261
CC_D52B87A01028,0.21813252217154588
CC_D530C3D1DBF8,0.6446956686622528
CC_D5327E41EBA2,0.13994541156697804
CC_D53C8BCA531F,0.10387787118455862
CC_D540C7ABF683,0.6947373993887833
CC_D54105FC1349,0.3682031424854875
CC_D550CE8B9313,0.6850312557829961
CC_D55C5B432387,0.16824116164612235
CC_D5646FCC5E14,0.5448308842200453
CC_D56F34613338,0.14695697668768024
CC_D573AF0F1674,0.11381698711010874
CC_D586E2C2B3EF,0.19165117685941713
CC_D589E388CA02,0.0625837965939805
CC_D58EBD954E68,0.31935606753447543
CC_D59AFE884BDD,0.41447875848844007
CC_D5AC596A85E1,0.15803114813419883
CC_D5B99B578573,0.04540460534690331
CC_D5CBF4A4D3B3,0.1082673386131528
CC_D5CE05EAA837,0.20397540095896927
CC_D5D36A6C8DB3,0.0695534442929561
CC_D5D8D545736F,0.08697427895354001
CC_D5ECFAF8C1A3,0.08266636181423292
CC_D605715F737A,0.13982105394856748
CC_D617428B4B0E,0.34917662976710495
CC_D61E8E5C4414,0.09323288287303326
CC_D652B5F05769,0.16640668276187848
CC_D6564D0CB9A8,0.19724475916696585
CC_D66183657419,0.07766223331687053
CC_D66BDD3E1AA7,0.11949079147983035
CC_D66DA331534A,0.0878643395680882
CC_D687A780C0E6,0.055934216871493816
CC_D6AE871A4C9C,0.1259892920025192
CC_D6B7AF1FBDD4,0.46059873957906394
CC_D6B874308353,0.543900490565741
CC_D6B8F47FE484,0.3979293137244758
CC_D6CB1BFDCEEA,0.17010621034620055
CC_D6D47D7E1C51,0.05016860582087322
CC_D6DE060699C6,0.13641866697450405
CC_D6E06014457F,0.851826617079164
CC_D6E8E17EA449,0.31860829555847203
CC_D6F216AB1C4A,0.16105843278257978
CC_D6F5E3A51C8A,0.10051764171145679
CC_D6FB3B76D7A0,0.6468509719314632
CC_D6FBCD4BA3DA,0.2635042918821861
CC_D70918916097,0.46652479518903706
CC_D73B1B9B81A5,0.06253329770692416
CC_D73E9E24BB48,0.09463725068207966
CC_D74AA0F20466,0.1282436640761253
CC_D750070C44BB,0.7204932513697986
CC_D7529675CB7D,0.13227768557264424
CC_D75C8CDB510B,0.6412807889376532
CC_D76009C47709,0.32755209277663827
CC_D771775A58F5,0.22684744207800772
CC_D77F9D613EF7,0.1590559078522758
CC_D7999C3EDE22,0.17839727223706195
CC_D79BF1D26499,0.19870203792619373
CC_D79C05885899,0.10273756651384051
CC_D79D4F15D10C,0.05027385887916823
CC_D7A11E3512D2,0.055397847748619486
CC_D7AD7A7279C4,0.17934763168631518
CC_D7B35055AF0D,0.18695900118427083
CC_D7D99409D57E,0.3017816991674297
CC_D7E403181D8F,0.10368444678722455
CC_D808C7BA9399,0.1191868790156386
CC_D80DE8B544F3,0.045032557012257564
CC_D81D19AEFB77,0.037754401930084794
CC_D81F317F6384,0.14571539105732054
CC_D844D9DF962C,0.11758096996390802
CC_D847D978387D,0.05507868514778676
CC_D85C7B85C440,0.2398932527678152
CC_D885591596E7,0.08041074891464337
CC_D887D07BDE23,0.34649616909182823
CC_D88ACC0CFDA5,0.11271955520600895
CC_D88BDD0F510C,0.0586905176492789
CC_D8956424CB37,0.3805835176544448
CC_D8959BB99A7F,0.27999666318163297
CC_D89A9A14B5E8,0.04699067242249863
CC_D8AD01F3CCE7,0.05952269861828459
CC_D8B4122DC296,0.137477792164114
CC_D8C38B187875,0.6887171913267021
CC_D8E55509595E,0.050537155955232546
CC_D8E6B90C37A3,0.12887562789688262
CC_D8F1AECFCC2F,0.06023799853236982
CC_D8F7672C70D7,0.04788605036905468
CC_D8F7E904E7DF,0.17489578324810273
CC_D8FEF1C99F88,0.7105035760212147
CC_D90761F9E9C9,0.41535646499843026
CC_D90D9D5C8FEB,0.09774427053992578
CC_D912917A4F4E,0.7502635047531789
CC_D91ECE64FD0C,0.11434045146682706
CC_D9325E5695D5,0.051273730609812204
CC_D9563654A397,0.16102856490309175
CC_D95766A6C24F,0.13513739681741394
CC_D95939B1BBFA,0.0633942195674877
CC_D96729C38BC9,0.09776831177879694
CC_D9791EFF766C,0.21100821888571797
CC_D97AA7C54F6D,0.11724720315663584
CC_D98BA5CE8EE6,0.4845702791729097
CC_D991DAD5413D,0.1465094522219192
CC_D995C89AA359,0.18012929225511826
CC_D9A54F55AD6A,0.11170507837516955
CC_D9B87A96C353,0.25165858247363426
CC_D9C42B0B6A0C,0.188641035496743
CC_D9D487E78FAF,0.6277342282734167
CC_D9D744A66B09,0.08293234476496882
CC_D9DA3F6E2E7E,0.13514182563979593
CC_D9E5792258E4,0.07898806527038398
CC_D9E6B9CBEB77,0.05683992027035682
CC_D9F0CDB02AC6,0.13163777920245956
CC_DA0201D1BCF2,0.09929163839032572
CC_DA0500AFE692,0.06302849724213708
CC_DA0E0BD3880D,0.3232122873687053
CC_DA10F53AE655,0.6355837811635049
CC_DA1643A835A2,0.11193407797332802
CC_DA1C5BAB7E35,0.47837647632705793
CC_DA1DC6A6371D,0.21256671761306317
CC_DA1E6B31DD2A,0.6306070654110589
CC_DA1F282809D0,0.04101097278071176
CC_DA226442D919,0.7333598634111812
CC_DA31EC318B1F,0.05526659882150961
CC_DA33597C6459,0.12649405105288994
CC_DA43CFB5CC2F,0.1756162756888689
CC_DA481C72B8A4,0.22831678673083633
CC_DA55447636EB,0.04410555041086982
CC_DA5AE34842E3,0.11797588769942954
CC_DA6880B018AC,0.16376626499920965
CC_DA700A961616,0.1721212027522979
CC_DA7E65F1E6AA,0.0712542578161589
CC_DA80FAA7FE30,0.10833663513308064
CC_DA8DCCC1199D,0.3199430258480598
CC_DA8EA724C1D3,0.4635439801868042
CC_DA8FA65D1924,0.0417304174005364
CC_DA99D1E41C3E,0.060712260876583546
CC_DA9C3BEFD0B3,0.16071391430942117
CC_DAA3B7FE1C62,0.07787883785809299
CC_DAACE4211B34,0.15337641843654262
CC_DAD239E56638,0.7792652726215348
CC_DAD4BC090253,0.08008768069042387
CC_DAEDBA26BA12,0.27008876134597826
CC_DB1EB08EB40E,0.12932550274935503
CC_DB2314ED6960,0.09374173586407875
CC_DB25E05EC5CD,0.4865843519994687
CC_DB3BE0C87882,0.04999908525608318
CC_DB44628BC147,0.16306900930199253
CC_DB562E602BA8,0.1214349872915929
CC_DB61D7F5F8F2,0.6691103865574093
CC_DB6498598C32,0.15921733469452512
CC_DB6B59FB6E30,0.045425138174574636
CC_DB801B947698,0.29616079881149526
CC_DBB8C467FF1D,0.09717278589137593
CC_DBCD21C2C322,0.07334240510467803
CC_DBDB148E45DD,0.1141613387742693
CC_DBDF9BFA7E87,0.1181203722516566
CC_DBF5CD2D854F,0.1966371819680837
CC_DC0077DE6E39,0.20380488423942505
CC_DC23159A1F99,0.09043352914420835
CC_DC2458827FD8,0.20255088820932915
CC_DC2BE35D58AC,0.248622796407283
CC_DC49C8D3F7EC,0.5808451813960809
CC_DC5DE66826E9,0.11439525016642918
CC_DC6063FC6464,0.07406978645393145
CC_DC771AE1B4BA,0.6544356620532514
CC_DC7DEBC30E17,0.42637637517446697
CC_DC978F3A711F,0.6722355683324541
CC_DCA2140C7BC4,0.21873557203364657
CC_DCA5CE7C9DC3,0.175249410690923
CC_DCB5798049B2,0.14534571801776996
CC_DCD10C95C942,0.5233945181705177
CC_DCD145E8E729,0.2841135146017003
CC_DCE0BFC03B86,0.052558166592938535
CC_DCE75AE2FB52,0.053125396459475685
CC_DCFCEEF21BA7,0.33626338791747656
CC_DD12A8C462FA,0.07073102337624121
CC_DD14867350AC,0.11968516405668297
CC_DD232BC8881D,0.1991472783237145
CC_DD2473D34D68,0.20772440038475223
CC_DD2B5C4CD318,0.06359335785816977
CC_DD4EC06C3A92,0.23463084290581926
CC_DD5299DA8C1C,0.092106645054225
CC_DD59BFF18ABC,0.13599415057488567
CC_DD6777E1B05C,0.04846304883985758
CC_DD6EE1501B89,0.08767066050074597
CC_DD78B52AE022,0.13878556281090332
CC_DD7983A07B43,0.663542826339204
CC_DD80B5CC495F,0.10819581479722193
CC_DD8956B71825,0.6735871448194891
CC_DD8D40E7E2A9,0.10548467069442558
CC_DD9972D0B63E,0.12177935504496398
CC_DDAE70634ED3,0.1011907949450023
CC_DDB4A9FF2B03,0.0966728103950233
CC_DDB68302DA2A,0.17424892924727475
CC_DDB9DEC9C037,0.07708788919739773
CC_DDC610D2B2F0,0.08460982259733565
CC_DDCAEC6BD9F0,0.20598061059519313
CC_DDDF665EBD93,0.2853027329839859
CC_DDE66EBF2157,0.06310433381987221
CC_DDE8B7E9C7F4,0.3118761704150619
CC_DE019FC36D28,0.41538743477636053
CC_DE07076B04D5,0.15107390941792406
CC_DE07AECD2361,0.040605060040281665
CC_DE08A4514010,0.5429428020812481
CC_DE093FAC5293,0.5007449314132277
CC_DE17BC1C2324,0.08789764125228253
CC_DE1B13B3E504,0.04303184161883525
CC_DE4264861B73,0.10525648632341532
CC_DE4810B88C51,0.31227766215073605
CC_DE4EE8A16896,0.1557246745299552
CC_DE523A2403BB,0.08714318224807537
CC_DE52860CFBBE,0.15962503884045895
CC_DE593193FB9C,0.16490125125061778
CC_DE5A9B499ED4,0.07587116917676073
CC_DE6AFFA63ABD,0.07921464413068434
CC_DE7CEC14CCD5,0.6409280253933035
CC_DE7D7B5BBB14,0.6247541020788753
CC_DE81AAB7BF48,0.05286735926044896
CC_DE8956D433E2,0.6486126943863175
CC_DE8FB8D1CB71,0.3246486030855482
CC_DE90D07B269D,0.20316766547563123
CC_DE9A62529780,0.17086697123210723
CC_DEA425EA8441,0.10921759512844811
CC_DEBE01582EFF,0.19251765705946522
CC_DEBFD4E79A38,0.04187991921891857
CC_DEC97F13CB8C,0.15693146965221982
CC_DECF1507C86D,0.14248932060941535
CC_DED24C8D047A,0.11402954583904026
CC_DEF4AEBD31C8,0.2013645568502645
CC_DF062F698349,0.11550261475551166
CC_DF13D5CB626A,0.09708120592267136
CC_DF15C526CDC5,0.0509724573705079
CC_DF1F6C68F7D2,0.14909987965852373
CC_DF3EB88F509B,0.13135583202447393
CC_DF4E332C886F,0.04085318699184495
CC_DF514171DC30,0.16688603099962557
CC_DF536CEAE5C0,0.04631141759651717
CC_DF5806CC2CFF,0.14632940421022195
CC_DF715690EF20,0.19011342054333463
CC_DF718A37AF15,0.09418189959171153
CC_DF7276DD74AA,0.10116696529757992
CC_DF750B2D6872,0.2830987516419648
CC_DF9FB6670627,0.06263534179031194
CC_DFA65A0125D9,0.05402749587556087
CC_DFAE355359B8,0.2123348381508197
CC_DFEA562F7BCF,0.313668972338881
CC_DFEDAF0F0D6E,0.033497975064663565
CC_DFF6F74C64B5,0.667788162760957
CC_DFF87DF16763,0.12353077142332741
CC_E00D8ECE9FA9,0.13072720010011304
CC_E027E36615C0,0.5284218617839211
CC_E02E23CE49A8,0.08758030328993238
CC_E030B3AEBF19,0.15403691145092235
CC_E031A4C862C1,0.16831247699987956
CC_E0339B331F4F,0.09808641165267282
CC_E038981B2FEE,0.14270767871294177
CC_E0463868968B,0.14648334990682654
CC_E05A8621B581,0.32004910323670843
CC_E07FB0312232,0.16601476836227586
CC_E088594E0624,0.18217470479780945
CC_E09AC3B1E534,0.09643618339857533
CC_E0AC29AFCF97,0.14304010108279464
CC_E0BAC6E0D0DA,0.06794615545124219
CC_E0DDDA07F0A1,0.15168250820492965
CC_E0DF45AB72B6,0.21439980675959028
CC_E0E1F8E7379E,0.08815824976858327
CC_E0EF095444A5,0.14003914602309758
CC_E102E4F7F8B4,0.21154571557005367
CC_E109B4CA6A8D,0.11919105512729632
CC_E11470A2D92C,0.39883713762878314
CC_E117B8A6ADC6,0.034848152200458345
CC_E128015073F3,0.10513320450319874
CC_E131D5EB9237,0.1887699136273399
CC_E14A24095E9F,0.12987346408787176
CC_E14CADF89123,0.48754018467927024
CC_E16876025011,0.052182433692800706
CC_E16C71C15D04,0.7051013613370878
CC_E16F1BB83653,0.05519508698000111
CC_E17448FB08EF,0.5513669225574861
CC_E17AAACEB07D,0.08043689185499883
CC_E1875522DC57,0.1600978566102238
CC_E18A0734641A,0.11575812918043073
CC_E18A22453843,0.09493886973306653
CC_E1B4E3360C0F,0.16082645595766665
CC_E1B5AE645169,0.06036858759053525
CC_E1B71F6B7DD2,0.27899260159456757
CC_E1D073F693A2,0.2700717531033038
CC_E1EA83C31C66,0.09356311434619036
CC_E1ECAE226485,0.2702757369201775
CC_E1F0C5076481,0.08143147114009666
CC_E1F78CE289D8,0.04967440190084192
CC_E1FBCECE0A54,0.2169938443868917
CC_E1FD46CA26D5,0.09837235571869384
CC_E20E7C7164A6,0.7256607379801117
CC_E211E2698C14,0.04394819264725279
CC_E21B4F587C45,0.13556099922669848
CC_E22A278A1386,0.06483788742101126
CC_E24078C03B7C,0.1634836873029405
CC_E2452737F950,0.15648953778065716
CC_E246119AA09C,0.6693095790803094
CC_E246942C7310,0.08386894879850121
CC_E2474A334F3D,0.09218831766090647
CC_E2489637D0E8,0.1358476077957687
CC_E2521AF9C2A2,0.08139205022908294
CC_E253F4AC4762,0.6061376567750627
CC_E257805D0F0A,0.19215332637046234
CC_E25A924EDB70,0.09493906062069844
CC_E25B5D5502AD,0.11436906181855766
CC_E2619E24BEDD,0.6876487695343005
CC_E274DAF3C064,0.0686756853741903
CC_E2787CBDFBF1,0.13393220587969096
CC_E28AE2E68BB7,0.731432313040933
CC_E2C3E272D059,0.2873134756503599
CC_E2D653061523,0.4309786758350559
CC_E2ECDC7D23EE,0.12975148893926203
CC_E2F0E725C3AB,0.0628862257267776
CC_E2F7712CD056,0.19124816672875472
CC_E2FD7FCF0AD5,0.7854276113982915
CC_E308C7DFB2F2,0.143748190909946
CC_E30B791D5F11,0.26243854611159834
CC_E315F7A94400,0.33602709313181023
CC_E31DAB1E73F5,0.05436220704317239
CC_E32034C97E83,0.21646855447451951
CC_E32DBED5EAC1,0.24075637105545214
CC_E32DDDDEE3CB,0.17580431421071552
CC_E343EC3EB052,0.6560403932472436
CC_E34A04E78D60,0.11843893395054439
CC_E3503B565AD0,0.2589097067208027
CC_E356B05ADD56,0.22089602876993233
CC_E35D02BE6780,0.030969329658952938
CC_E369AAECB2B1,0.46717932058308004
CC_E36ACDB4F96F,0.4980012160439941
CC_E36C7F0E1657,0.8354295273510544
CC_E381FD4674D5,0.040776152189236796
CC_E38E3835121E,0.052817136195851266
CC_E3A70438A0C1,0.21118392012508871
CC_E3B5C76189F3,0.2507810952803329
CC_E3B7B7E57889,0.16491099586895006
CC_E3CCC0D886D9,0.18699062242851783
CC_E3DD8AD10171,0.3128689588647281
CC_E3E230CF20A1,0.17623868554103683
CC_E3E4B2543CCB,0.06195759922079544
CC_E3E5DF01E014,0.17948262069376125
CC_E3EB157288A2,0.09030658063852726
CC_E3FBDA203EDF,0.169650642538675
CC_E404FCA6CB2B,0.6999345448351488
CC_E4054F9C8442,0.3171493996996093
CC_E405D808772F,0.04632113249783654
CC_E4137B250609,0.3333204083393465
CC_E41482A7E968,0.07542622798628558
CC_E421FA1874F4,0.09163149278362998
CC_E42C38BBBD04,0.18769081089448908
CC_E42D90BFB285,0.05076274713158851
CC_E42EFC05C891,0.08631642928780695
CC_E430F3C75969,0.12047088497326412
CC_E4576D6B6478,0.1268481661137661
CC_E46B27A13728,0.38379754859789905
CC_E4783FB590D4,0.19026297996786873
CC_E489009C6500,0.1538410344579781
CC_E493CB46177D,0.09947718976626763
CC_E496AFA9B40A,0.2972755476262338
CC_E4A2FFE0EE1F,0.10992684342575224
CC_E4C553538385,0.33599988468118663
CC_E4C7B5501ED1,0.14853923474473094
CC_E4C8A5A60F51,0.1899953259602137
CC_E4C94AB69214,0.510671495309336
CC_E4D75244E8B8,0.1737157027689072
CC_E4D9A8EEDBAE,0.2319682084973988
CC_E4DF787730AA,0.13795421243520142
CC_E4E0DC070132,0.15259667698780882
CC_E4E3C08B7F86,0.055777604523872384
CC_E4FEEB4389C9,0.3542437915477074
CC_E50598344DD9,0.4144122816967871
CC_E50C634A9A18,0.040728242204141965
CC_E5107337FDD7,0.05982144089208967
CC_E511BFCFEC9E,0.6579424775040048
CC_E51318749E09,0.1322586310097823
CC_E53FE6708AD9,0.6507648323988405
CC_E54290FEA34D,0.13205083508374466
CC_E54B723C018B,0.04702565651023191
CC_E554618F383B,0.08253486827576681
CC_E557336955A2,0.10866946049712005
CC_E55B48E73651,0.22789993387067936
CC_E55D8DC645B9,0.0573842839698028
CC_E575DA02C575,0.2210413412844623
CC_E576BD98A727,0.19688477045643304
CC_E578DC77656B,0.15210567609300743
CC_E57F3EAFD9A3,0.12407827839842811
CC_E59A01603B7D,0.22502643006263479
CC_E59B2D974CB3,0.21791020704485775
CC_E5A1C44F0F07,0.6624829422984908
CC_E5A8BDF6BFC1,0.1685277499103415
CC_E5B284DA0E5D,0.09411846347907786
CC_E5B8363BB378,0.584809835161615
CC_E5D8BFFA5F88,0.06413535220664604
CC_E5DA04902EFD,0.2760497716210216
CC_E5F53CFC20EC,0.08873676487068691
CC_E5FAECE63C59,0.45928365880962974
CC_E5FB6E872C58,0.08089296186476502
CC_E6045565E7ED,0.09658656738825432
CC_E60845ADC7F1,0.047528952981452974
CC_E61567D6B392,0.1342006060790668
CC_E62174AFA94C,0.14045266730558315
CC_E6247DD14641,0.10339189052755113
CC_E6289A61F0ED,0.09210065576038222
CC_E62E32FB6FBB,0.030408827998454548
CC_E62F6BE942DC,0.22160128834603554
CC_E63E49B128AE,0.07466178314138475
CC_E63F89885A3E,0.7963855509781499
CC_E6466E6A92CB,0.24286826340662787
CC_E64BC95F8B2A,0.832147265183121
CC_E64C652BBAB2,0.0636851433876288
CC_E659DB355476,0.18598477254376364
CC_E65C8BA5A7CE,0.06459243152575553
CC_E65F39446752,0.32422148701466486
CC_E67395791589,0.19434463077097017
CC_E67622A69EEF,0.09165073799055289
CC_E680830CAEF3,0.06826282439827325
CC_E6823643AC4C,0.6745560634019478
CC_E683F33931BB,0.1116719924394319
CC_E68841DEB163,0.07404082078073769
CC_E68B2C33D180,0.14255115562152076
CC_E68EE6EC2618,0.06049677244212069
CC_E69508D3D3F1,0.1849124402905477
CC_E698F1348426,0.2123873566696549
CC_E6A178F3709D,0.14165486968426783
CC_E6A4B6E8619C,0.6222875105132837
CC_E6B3887C66BB,0.2718796207095484
CC_E6B6BBBDBEDB,0.2792055979400043
CC_E6DBD0F9DC3B,0.07376620007521928
CC_E6F090F70DDD,0.2570662393251093
CC_E6F2D8CB45C6,0.10849545766123264
CC_E6F8FBEDA2A7,0.08658211702923702
CC_E70854CDFE9C,0.05520189075502245
CC_E71C05F07F85,0.07148237796234919
CC_E72797CABC60,0.0891215055318848
CC_E727C1153226,0.09868069737448451
CC_E73489D828C7,0.11086432349452453
CC_E7355465CE6A,0.07244498270337732
CC_E73CDBC743FF,0.20381542035887493
CC_E74F00E75A4F,0.06557638187958395
CC_E751F7E19192,0.1227022102890383
CC_E7522AD6431A,0.5571965033020201
CC_E7523630D2D9,0.24626739655202054
CC_E767372DD95A,0.6124164985843461
CC_E76C5DFD3BA6,0.23776739444820566
CC_E77326438575,0.18347955333079619
CC_E77E29E11EB1,0.16319641094697007
CC_E78F20B3223F,0.6797047695746781
CC_E79A23E64518,0.08783457891109418
CC_E7AC69AEA182,0.6900971769606733
CC_E7B754CA9668,0.05601165879745947
CC_E7BA60365AE8,0.13272653528886266
CC_E7C95D4A741C,0.0833226477128436
CC_E7D3D728EC5B,0.1828320791307787
CC_E7E4D5F851D3,0.06211654608471812
CC_E7EA49D37B64,0.3413590241945071
CC_E7EF11A24F73,0.7860187553030795
CC_E7F6F9A7EC65,0.06810713459502549
CC_E7FBC7F69DBB,0.1922262112922356
CC_E80B1A55A74D,0.15244928334570662
CC_E824AB0AFDBB,0.18786526418047333
CC_E826DAC92D9D,0.2392387973595687
CC_E83AB7100D06,0.10747101059296538
CC_E83E6D31EC76,0.2498629493337124
CC_E86650461FBE,0.1693908149280583
CC_E868A3754B11,0.8446452326500258
CC_E86A993F7D05,0.09751064160856311
CC_E87992FBEE80,0.6277637359890642
CC_E87B909C4DDD,0.23277890135014512
CC_E8828BA7EE08,0.1516690740110003
CC_E886157F6FBD,0.2934427439698461
CC_E88711C5C98E,0.11393925931718701
CC_E887680BB6CC,0.1731218372713229
CC_E8909BF77D8D,0.12663847898397118
CC_E8A82DA3A246,0.15621763158310203
CC_E8AC7545DBD3,0.09785923083838574
CC_E8BA6B224C3E,0.10302041590342413
CC_E8C6CA45BF72,0.2409696201737779
CC_E8D2E3126A8F,0.6795028229925638
CC_E8E55DAC4FF9,0.06975540918527565
CC_E8EB77AF3F78,0.8148233719719669
CC_E8F2C6905503,0.34242025055373415
CC_E90831F897A9,0.16884626527406818
CC_E90B14D51185,0.5219944192546895
CC_E9188329C9E7,0.08335563261744523
CC_E91E1C0C0C61,0.6522449036507838
CC_E91E9D34C5F3,0.11124076365157161
CC_E91F555DBA96,0.15072237713760606
CC_E932CFF4B4A4,0.221031914517209
CC_E93643CB34CA,0.17844867877658613
CC_E937CA493910,0.15948453203309204
CC_E9409A50B4BF,0.51233843764388
CC_E96711AD5512,0.0691775431469906
CC_E96A3E6912B4,0.43967067472678123
CC_E98AEE74B9BC,0.23442164486656364
CC_E992FB78BC2D,0.31492499433571225
CC_E9A3AECEE3A9,0.07174249540265266
CC_E9BDA7766728,0.31334240628824805
CC_E9BF1AFE86C3,0.17740216840366557
CC_E9CA055AD1A3,0.09933155639478845
CC_E9CA0A56E917,0.20105968601710006
CC_E9D3453F53AC,0.614074120240737
CC_E9D46EFFA839,0.19233211788822313
CC_E9ED872B6037,0.054421822756387114
CC_E9F40C1B559E,0.14611252136565706
CC_EA06928C0AA9,0.2200504530287105
CC_EA0A46F64C80,0.16189359052816288
CC_EA114B15FC04,0.5597893419586555
CC_EA1F3F67BA2E,0.0986537813349439
CC_EA21618614D1,0.6832142939399567
CC_EA26B5A89181,0.17164076350828095
CC_EA26C6C27662,0.15770099156189785
CC_EA3B5AC76649,0.21899987036307392
CC_EA4E669C8528,0.0861603307583379
CC_EA6917E7A5C2,0.7288044131993089
CC_EA8A25862433,0.1193606899962047
CC_EA901D7CA670,0.16555735884506007
CC_EAA2BCE323EE,0.7228381706004823
CC_EAA6D5189190,0.09419405609602696
CC_EAAA8DD7FAAF,0.14304789868701256
CC_EAB7408CCE0E,0.29072255986607654
CC_EABEDB3C4827,0.14624657279334852
CC_EAC6D83D1BFC,0.033380418919675865
CC_EAD7F3E9DAD1,0.07522813922449473
CC_EADC7D8196C2,0.2651985123385111
CC_EAE608E24E29,0.04264167152167679
CC_EB05AD2C7C27,0.04518028796304782
CC_EB1DA337E2D1,0.12695402703766367
CC_EB1F425EC937,0.13646687340929306
CC_EB2FE764BF6D,0.13708914875007056
CC_EB55483587DE,0.11699670516307924
CC_EB569B3E2E12,0.5815111101327664
CC_EB57E6E6C96C,0.2053975961808418
CC_EB5A0FE0605C,0.11582237162701634
CC_EB64EC97D01D,0.1329614029937857
CC_EB691249B91A,0.1440226204400903
CC_EB7C50A7D4C1,0.47042458012393046
CC_EB7C52FDBEC3,0.17061087185769566
CC_EB86FED24535,0.2845151305309679
CC_EB89DECC2021,0.10791132423650772
CC_EB999F9D6095,0.19367804750304835
CC_EBA2F85924CE,0.08706702487544457
CC_EBAC5A53FD11,0.08058905358864901
CC_EBB109EF7619,0.1879725849515565
CC_EBBD00C18763,0.056289028833839724
CC_EBCA68C7854D,0.07891427535841097
CC_EBCBDE122879,0.1415904817224805
CC_EBDF6C88BBA5,0.0672450397884359
CC_EBEDAC91ED43,0.08325032323758283
CC_EBEEC4183FDE,0.050452057561991684
CC_EBFD9D007253,0.4315667418995045
CC_EC1ABC58E09A,0.17437084756208837
CC_EC26EABA68DC,0.8008276833496537
CC_EC2A485A3E71,0.15143011477653412
CC_EC3B9E2FE47B,0.09059927603450565
CC_EC505F03EE5F,0.03502654142116967
CC_EC5317EC6706,0.17256908384741687
CC_EC5B7FBD1EA7,0.11304572769639562
CC_EC5C7471FFC5,0.0629207523118083
CC_EC5D92B3617B,0.20423054593256815
CC_EC5E214BFED0,0.6686340133330422
CC_EC6406527201,0.11502017912238216
CC_EC79022358C6,0.31297590215253074
CC_EC831A90189F,0.0855814130618628
CC_EC87C131FADC,0.04775604083633615
CC_EC88785D6F39,0.18897026114044185
CC_EC9173F5284E,0.03648032581786917
CC_ECB7B3B6272E,0.06292015597370142
CC_ECBF4CED56D1,0.11481111221077094
CC_ECBF80B94EAE,0.7996348601445038
CC_ECC78B7AE3F1,0.5528899048881627
CC_ECC7E9E691F5,0.15115092288763987
CC_ECC9235F612E,0.264029339771766
CC_ECCB0BD557DC,0.1360562634365119
CC_ECCCB1B4EA8F,0.0823267871340548
CC_ECDDF4983DD9,0.05743433583707272
CC_ECEE93C4F564,0.6302505684551425
CC_ED07BD8B2CB3,0.06132965284705247
CC_ED0F4A02A01C,0.2514173236493786
CC_ED11D72A1D3B,0.06957973677380386
CC_ED165FC5A06F,0.058720515832209205
CC_ED2B6A40ABC7,0.21966078116301596
CC_ED390F22A931,0.10157412775763794
CC_ED40E7CE5177,0.1737119985152612
CC_ED4E4B13DB1A,0.04117706668640361
CC_ED4F22572419,0.12992279251287359
CC_ED5AE5CB1DC5,0.05646910756296017
CC_ED6090A4E6E4,0.21064767627937495
CC_ED645D91E6A5,0.10567544364112139
CC_ED6B045B6075,0.19322547159607018
CC_ED9313C71C57,0.1408164809508392
CC_ED9BCE7C776F,0.7299419433096668
CC_ED9D4644716C,0.1735825086909908
CC_EDA794402358,0.22849337567320668
CC_EDAADACD4DED,0.10532499528613666
CC_EDBAD2E989FB,0.14453686034182028
CC_EDC98B474E76,0.27368331697194137
CC_EDD1FD49A66A,0.7704746514613313
CC_EDD448008C0C,0.6689646928002384
CC_EDDA3B790095,0.06777291090522937
CC_EDF95BF0E3D6,0.21340851814138684
CC_EE03D7C2BC69,0.06960584343237007
CC_EE0D95184E81,0.052764623943120925
CC_EE0FF690C214,0.4255648251077194
CC_EE2412C352D5,0.09503302762832878
CC_EE2A010019CF,0.0802402820917758
CC_EE2AC730827E,0.062086463299699086
CC_EE3236E6A9FD,0.1209184922687156
CC_EE3759EA49FF,0.16684144400557932
CC_EE38C78AD88B,0.3426115672436611
CC_EE3CE0FD6B77,0.6409838925931496
CC_EE6B7E58FC63,0.05000988387484728
CC_EE6E02464067,0.2771226559569818
CC_EE6E1FA7A753,0.11382238498831472
CC_EE6FCE6C233A,0.22250237418818258
CC_EE88C07B9333,0.09490365312552447
CC_EE9004165810,0.07253978151689902
CC_EE9BD17AD343,0.05415824247491639
CC_EEA608D5A455,0.15460104173445702
CC_EEAFDB1BB486,0.5516478408722092
CC_EEB482736C41,0.2693415788441327
CC_EEBD9DA093E1,0.05464803921084363
CC_EEF23DDD2262,0.1290115320729244
CC_EEFBDC9AD94A,0.0881863491148952
CC_EF05000895F4,0.48544316871354853
CC_EF16B2CE0988,0.3587520311620367
CC_EF1DD3F0CBDF,0.08105450460382617
CC_EF2D82085BB9,0.09840946031015022
CC_EF2DBE79D656,0.2535288580252263
CC_EF3000C48A4C,0.0817556667496169
CC_EF359AF608EA,0.04143288543373052
CC_EF362432D758,0.2869370723565058
CC_EF548B30F1B6,0.22238336185150392
CC_EF5B403DFD7E,0.12045305954339296
CC_EF66DA0DDF9C,0.3455315463434476
CC_EF70BA4AEEC4,0.1547929555875336
CC_EF83DD56FCC5,0.06813502486121391
CC_EF8B642A6F8D,0.06675074516871099
CC_EFA1EB27DA19,0.04649832720465858
CC_EFAE84EA9BDE,0.09626846296701581
CC_EFB26BEA106E,0.35843744151017654
CC_EFBB51CD8502,0.2137864028939308
CC_EFC18E9B3B55,0.11609482767371203
CC_EFC4B0020E2D,0.11892069237814396
CC_EFC9FA5108D9,0.16155340804709772
CC_EFE45D9B9D9C,0.05271230191824472
CC_EFF27FA98DF1,0.06561202599248059
CC_F000DA497736,0.2462642804019228
CC_F00107DE219E,0.6962695714794658
CC_F009FC54A64B,0.767252979996538
CC_F01DF28C6BFF,0.09967037232291179
CC_F037C91F63BF,0.1465175605856795
CC_F03FADA95A03,0.7191832742049202
CC_F05235F3C894,0.13263968560328765
CC_F0649FEBFEB8,0.5016204807391933
CC_F066C78B5C0D,0.14545002732417628
CC_F07313626618,0.6150804126937283
CC_F0783F6A56F5,0.7698780323878862
CC_F0791523691A,0.17394653353230105
CC_F080750455CE,0.06473949648138333
CC_F0809EBB0B51,0.03474586351373382
CC_F08259F86E23,0.17369401684897898
CC_F0929F859702,0.1714929027728353
CC_F0A7203CCA39,0.14478454617865089
CC_F0CD4DD9C63C,0.15818954494416612
CC_F0D29AD328E5,0.15724104472702954
CC_F0D339E5B80C,0.07500447995434142
CC_F0D3BC14FA77,0.082717345929924
CC_F0E16D28D49D,0.16065964891000603
CC_F0EBE2C00A7B,0.07528248911305786
CC_F0F137758DC2,0.0675230804039836
CC_F0F6BD40CA43,0.3289274080948929
CC_F0F6FCF6010F,0.1625682338410469
CC_F0FBC9D4ECA1,0.035693947494166156
CC_F0FEE924096C,0.19721666836397173
CC_F1074E035DE6,0.06424631300007086
CC_F108D26930FF,0.33697128184341885
CC_F10DB853B9DF,0.3968751785245773
CC_F10E06D52D76,0.14679685554159097
CC_F11F5F477B91,0.6541304793497689
CC_F14913B5BE1B,0.7311007081809027
CC_F156C1647E3D,0.0856084789530743
CC_F1598097E314,0.6435824092913837
CC_F1641E3AAB3C,0.05507352212531622
CC_F166878FB959,0.05932923431571231
CC_F17540FE7C9F,0.10556156985635631
CC_F175BB08B29E,0.06069869574391591
CC_F1782AF286D0,0.3402973280281377
CC_F1796AD4B774,0.6289418871051902
CC_F17B3A3A5E56,0.5893941371260434
CC_F1858D6F0080,0.1642877498892445
CC_F18689FA8E29,0.06421120646995236
CC_F18A82B0F153,0.12913200976450745
CC_F1AE7142A128,0.10571398906046607
CC_F1B43DD57C9C,0.13220840673190618
CC_F1BCB7676492,0.09390907021307679
CC_F1C8B8BB90AE,0.13233913856152651
CC_F1E044CD2D75,0.313654292326235
CC_F1FCB96B5E14,0.2293993499067965
CC_F2067E92A939,0.1429966368377885
CC_F21512554CC9,0.09048590829301838
CC_F243956B7575,0.09170393935974665
CC_F24FBC9FD3F7,0.3449081061214021
CC_F252EB3F208B,0.07279514322847523
CC_F25D793346CA,0.39036403060834557
CC_F25EB1ED5AD9,0.06931727389160192
CC_F265A0AE845F,0.6725266520920434
CC_F274BB4AEBE0,0.061514359638792954
CC_F28BF2185131,0.11389495455530602
CC_F29077E45AF0,0.24436064962735002
CC_F2988560CAB8,0.35846125605955736
CC_F2993AB36C56,0.0911153142782809
CC_F29D6C65779E,0.07726224290108866
CC_F2D2BADD0000,0.06589987310646514
CC_F2E4AEB73D57,0.10876158049613703
CC_F2E630BAF431,0.04438042240437039
CC_F2EFCB40AE74,0.1609851867691029
CC_F2F085891915,0.6912180633929943
CC_F3030E2C80A0,0.20032484838614362
CC_F3044C7C16BB,0.0658968410250225
CC_F30B21CB4603,0.10312684623525525
CC_F3140FCE870A,0.08043098329899467
CC_F32A84B321FC,0.1624735466998295
CC_F339FF584607,0.2689335831243435
CC_F33CEE0F6DBE,0.38157561970894033
CC_F33DAF3E9CF0,0.11845485153297632
CC_F34EC3FF202F,0.09002535579681326
CC_F35A6C383B39,0.21436931820800803
CC_F360E0FF27CA,0.07640274595053195
CC_F36B7AEC0086,0.1062899596411874
CC_F370665BECB8,0.5788785752153864
CC_F373A60E53E8,0.04676612264218896
CC_F373BDAE18B2,0.0782827660253318
CC_F3745BC63340,0.08129037156813931
CC_F37DC9169301,0.1678625391188674
CC_F394E57C5243,0.21691506663316107
CC_F39E98FD418D,0.08284542605662612
CC_F39F51452381,0.04290742248488075
CC_F3A52465664E,0.05552038091977567
CC_F3A8CF761A0F,0.22578224924101897
CC_F3BF1709E29A,0.3943649437510577
CC_F3BF72C29211,0.06988641394902408
CC_F3CF35465CF1,0.052921557943309334
CC_F3E2186DBD4F,0.2631804562801101
CC_F3F0F9B9B56E,0.15522899009388935
CC_F3F185395BE1,0.10362559311484386
CC_F3F68E6599E7,0.07630267801925603
CC_F3F7763C9DFE,0.16570835643510823
CC_F3FFF13592CE,0.06187831023497327
CC_F410C3CE89E1,0.15807156861675503
CC_F410C8B811FE,0.0705875122594534
CC_F4132072D78E,0.09604872282697106
CC_F4157B8E5B32,0.5591287457211847
CC_F41CF067E828,0.11954661416948606
CC_F41DC456E539,0.053713482726045314
CC_F41EEF55A0EC,0.04959839950566555
CC_F426B5C1F07D,0.328153251666838
CC_F437875F9000,0.14835452501517846
CC_F43C961F8A30,0.14254301032101074
CC_F43D9BF23472,0.056733138069465686
CC_F444BE033109,0.17133882994884775
CC_F4481124F17A,0.1688762259357365
CC_F44EAAF80F70,0.11766436803729784
CC_F4521F6D3492,0.49844570438280944
CC_F46BD9AB1B68,0.1263907522785707
CC_F4763AA0B824,0.591529134031824
CC_F47976F33E20,0.1863495239821356
CC_F47E588D4470,0.21339456806430376
CC_F4A2777912C2,0.13120404344169093
CC_F4A6C2B23685,0.06802765063645527
CC_F4B3EAEEEA8B,0.043439321576368706
CC_F4C6CD1E720C,0.07854021590395914
CC_F4D05DA98C83,0.07524768122384508
CC_F4D15889CDE0,0.14124730278382652
CC_F4DEC1E6173D,0.05057905953452014
CC_F4EFAD6AF8BD,0.32303687951810084
CC_F4F7835A1FA2,0.19721984386847768
CC_F500597795FB,0.1611289628981346
CC_F5197FA9580F,0.6729116467714318
CC_F5240F59146F,0.08371097875553393
CC_F534A0B87C3B,0.18244926993878496
CC_F536972BFE98,0.1565121427919377
CC_F54FDFE5A5C8,0.07931946240234006
CC_F55727F65F86,0.19666928069315043
CC_F558EBDCDD6D,0.12792032111263055
CC_F56D569AC51F,0.10215970137633426
CC_F5714D180EE1,0.09033442342947012
CC_F576ED9554AD,0.3236927203098704
CC_F57C2559358E,0.20658410654380793
CC_F5AA72FC0972,0.09463915820295646
CC_F5AE7DEA2B48,0.08732669216841615
CC_F5C6A5E9D495,0.17091649951692237
CC_F5E0731F2181,0.25077583656160485
CC_F5F4F3B03FE8,0.7799868525609555
CC_F604D7B9CBD9,0.20406748952268225
CC_F60F13391D61,0.17247924815224686
CC_F618D72DF162,0.0765334613401773
CC_F620B15ACC5D,0.0751757679442139
CC_F62D426D6614,0.13648611410765765
CC_F634999D5C1D,0.029702735280675678
CC_F636E5BAEE47,0.20187573666431524
CC_F6461B692240,0.7016402182194144
CC_F65BAD63AED0,0.18101772419360423
CC_F65DD2AC57E8,0.261736425668249
CC_F66C6577674C,0.057538718887849866
CC_F670896FE959,0.16210207858539466
CC_F67376F272EA,0.7057518500208608
CC_F67FFE9E884E,0.2346877737250355
CC_F683C99F06C1,0.14200392964658634
CC_F68523E2CE7A,0.7119384324003086
CC_F68E62F9AA0F,0.035283164267648645
CC_F69604E05962,0.07634909842703383
CC_F6B8913740B3,0.09803970945697774
CC_F6BB4952DD35,0.27799775499417745
CC_F6C0B7AC57B5,0.5853660758306687
CC_F6D2B06E6E8B,0.5765367704208564
CC_F6EB30A84C9F,0.2625857864309037
CC_F70345A4792A,0.10746153988501785
CC_F7068C1F77B3,0.2927634044205506
CC_F70B0EA8C0E7,0.06153155347366598
CC_F71CC97FCE83,0.10064313773014599
CC_F722224A84F4,0.6974518093174051
CC_F72D1046063A,0.29661459390678535
CC_F72DAB32A281,0.0695124559202012
CC_F733AA5C0ED9,0.0778008905019949
CC_F74043C1BBEB,0.06060718828896104
CC_F74A31E36137,0.06551449177796989
CC_F756B167634F,0.1678218990046991
CC_F75CBE8E1B92,0.4369710638334071
CC_F761F7EEAD39,0.15994426349928195
CC_F79303D62FCD,0.06799378152612431
CC_F795134B52E6,0.6160924078439338
CC_F79533E83ECA,0.08365310606586451
CC_F79F9A7ED432,0.7165989585554722
CC_F7B2FC73E020,0.050372957572219414
CC_F7CF24594B20,0.07548287388829047
CC_F7D31937AA89,0.050611997134503296
CC_F7EFD378035D,0.344747165955993
CC_F8014B1E00D6,0.047014990101237
CC_F80ADE95A7C8,0.052485504911531186
CC_F82E58E476A9,0.11933339934048448
CC_F82EB123CC19,0.22320312309321405
CC_F83088660331,0.07531447129785276
CC_F83C6DF6A815,0.5607600519513792
CC_F8620C4F7581,0.153391621632413
CC_F869F4DA5077,0.7824593831067593
CC_F86B1C53EAF4,0.20621867770942903
CC_F87B7F26FF51,0.25947435810709973
CC_F8803D1C899B,0.07070836678667697
CC_F892E51AC9DD,0.0460632265758297
CC_F89C185743F0,0.12527433342817457
CC_F8A4D45C3769,0.10308546325584461
CC_F8AD68EA5A16,0.19550394638527524
CC_F8B4DBD0CE8A,0.3237803542823372
CC_F8F3E551F166,0.2544382291163755
CC_F8F9FE2C9B65,0.28098789048719897
CC_F912A50D0DD1,0.1640408744420478
CC_F91B7C2B1AFD,0.11329943908449275
CC_F925251D4BF0,0.3976338461784218
CC_F925ADD60E7B,0.05676313890687237
CC_F9282C144479,0.059087354132829444
CC_F92EE3287CC8,0.09836272132397764
CC_F93332608FE1,0.13444872827525262
CC_F94070DE3B81,0.06417981520372101
CC_F94C81428D20,0.22664675201390175
CC_F95DFFDA9B12,0.3303897155595529
CC_F96A53B02447,0.5549395798132761
CC_F96A965CDCB0,0.6274016843858949
CC_F9721FEDBE9E,0.18767250596225263
CC_F97C3E145882,0.21204488850887157
CC_F97C64C64052,0.09369934202439419
CC_F98660A07E6A,0.7931764226374325
CC_F98BA4B13724,0.0776051920986584
CC_F9A3F3A76B1A,0.1130218186784627
CC_F9A8E2B3A703,0.12884847661526133
CC_F9B3E7E7F2A9,0.3881732501316626
CC_F9D7D0B1E4A8,0.6710108634003543
CC_F9EDA4EDDD44,0.054991283322639584
CC_F9F2176B12FE,0.06028595937854657
CC_F9F90E76CA5B,0.1093278275080523
CC_FA0157249C01,0.11045582333704007
CC_FA169BCA835F,0.1110458771013347
CC_FA19B61BCABB,0.13802159966024602
CC_FA1DD203C293,0.24574103326904742
CC_FA2E30269BC1,0.20450349360098097
CC_FA304CE8E045,0.2151859282033593
CC_FA310759A257,0.6597763302201438
CC_FA32397E7B8C,0.08890416893619509
CC_FA33D97B84D4,0.10734669484997705
CC_FA38991B9434,0.041360924441845144
CC_FA4079FFF1E5,0.19940875797220772
CC_FA716665CD8F,0.0705102145816732
CC_FA770268B207,0.15047926673757428
CC_FA7A2F59245B,0.4194861763900783
CC_FA8205104EBF,0.09443943625877427
CC_FA8370AF8740,0.057241017370066136
CC_FA858F1025FF,0.11031602721899733
CC_FA86320CF6B0,0.05252875015842517
CC_FA8B341CD3EA,0.24509487781484707
CC_FA9057AAF95B,0.11448184139835868
CC_FA97314C666C,0.05484228718330087
CC_FA974C1D91AD,0.321071927653964
CC_FAA0E5BC9F44,0.7030076595961299
CC_FAA2694D8578,0.2681791775749223
CC_FAAFFC74BC35,0.6884970028233114
CC_FABA6DCF8E45,0.03832427157764049
CC_FABC53294AC1,0.19734168647166628
CC_FAC52B8E66DA,0.09980919172035609
CC_FAD284D8DAC8,0.8562463974092749
CC_FAE70CA5999C,0.131612580208886
CC_FAF1CCB40132,0.09636111510202844
CC_FAF93D8B3B59,0.06526776619273578
CC_FB09E5481B64,0.1250574692728339
CC_FB150A1F7C3B,0.1331313858452695
CC_FB1808471515,0.37382897554247446
CC_FB296D823CF6,0.0792294135293764
CC_FB301E1FA7FF,0.04404349759051743
CC_FB33C958A19E,0.3767827027353284
CC_FB40D63FC3D3,0.18724679383023335
CC_FB45A1837AD7,0.10900589500165314
CC_FB45B79CED15,0.124795546325184
CC_FB52260232E3,0.057757071915803274
CC_FB6A0A7B8813,0.23785026875186782
CC_FB6ED10D82D2,0.10787235181867977
CC_FB78DE84AF05,0.03701999122649792
CC_FB8DF8F93E7F,0.17273666043402774
CC_FB8F89048B89,0.07830534782493258
CC_FB9C3E77A49E,0.14371699006980293
CC_FBA40CEAEA18,0.08432166392129753
CC_FBA998938FE5,0.16886678834302593
CC_FBADBAFCD1B3,0.2785392926285275
CC_FBCB85E21ADD,0.15280794228242975
CC_FBCD00EE4402,0.14529179939998382
CC_FBD40DFBA5D5,0.22728012982536822
CC_FBDECF3DACAE,0.24300426810699463
CC_FBE4E2F652EB,0.23346254716959403
CC_FBEA9510C687,0.26498507709013663
CC_FBED1E2E1CC0,0.14374997859531108
CC_FBF54E48EB13,0.05116417632147778
CC_FC1E279EF320,0.06009928803393143
CC_FC2E1D460089,0.1073832998081464
CC_FC31CBD20CDF,0.16583020952432526
CC_FC41D8134A1C,0.08033820297950392
CC_FC44D7EF257E,0.05094386882573244
CC_FC4A649BDD07,0.21507178925321874
CC_FC51BCDBB6B2,0.13215276676276905
CC_FC57B6E79AAC,0.20451128478098995
CC_FC6AA879D9CF,0.12495289761768277
CC_FC7A926F3A64,0.6671589071735614
CC_FC83CB9C71CD,0.051672206333873705
CC_FC9E6D511294,0.15008323474465424
CC_FCA657E69930,0.37370358870440057
CC_FCB451237214,0.774266264879591
CC_FCC7E51DF812,0.4424740703606202
CC_FCD42ECC012B,0.05280012375483398
CC_FCE8FAEAAEF1,0.12191163123477303
CC_FCFAE9BE2522,0.3952669403795053
CC_FCFDB5DFE5D4,0.09425633637807736
CC_FD24FC7961A5,0.09814681532953456
CC_FD2793DCB5EF,0.12316804410904011
CC_FD2EEF724088,0.12760612162392548
CC_FD3205367675,0.0693816279251327
CC_FD3A21CDCA7C,0.11219460992310612
CC_FD3C4C2FB68C,0.13459811910672806
CC_FD41687DC1A0,0.14036626172123556
CC_FD44B4E31EFE,0.07185486274039299
CC_FD5721556AB7,0.07513789184079223
CC_FD643C174587,0.2897404944924218
CC_FD6BFA30DD9E,0.24536999910419005
CC_FD7C9DD7F11B,0.13242724218653706
CC_FD7F2D90CF8C,0.06149649935467931
CC_FD8C4F601909,0.055665422848704973
CC_FD90B45AA24E,0.10469369583486016
CC_FD95457772AB,0.0726204641207926
CC_FD9D9B58DB1A,0.19447786806395312
CC_FDA918AEB5D6,0.6169066485409209
CC_FDD4C2065540,0.33227725426397536
CC_FDE57A2C5156,0.2099494350880744
CC_FDE9920975F6,0.23236870907506413
CC_FDEC856F9C6D,0.07470521899877494
CC_FDEED2AA92A3,0.4372885715100865
CC_FDF5607ECC1B,0.0759323133121961
CC_FDFED3D7E70E,0.161908574158097
CC_FE0324F99784,0.10746758608862479
CC_FE0A18D6570D,0.050655510025014255
CC_FE0DACAC84BC,0.23997220864480134
CC_FE16586C9FAB,0.22469430018364223
CC_FE16FBC86237,0.21558071478785285
CC_FE1C808C4515,0.06920743049580862
CC_FE1E64201B9F,0.11039372038234913
CC_FE33D60E29EB,0.041455368998740236
CC_FE3ACE674BEA,0.14336994165583292
CC_FE468E9AA9D9,0.03996849011272342
CC_FE5AA923C220,0.1708129775989102
CC_FE6C777DDC19,0.0625873806748049
CC_FE6DD8C8EC90,0.23576068659773913
CC_FE7A84AAA8F7,0.13022111259532376
CC_FE7DB6B410A4,0.10683069232943405
CC_FE8691B1F3D9,0.08651215748043242
CC_FE874279A94B,0.09765129722054271
CC_FEA61499305D,0.19546608174903962
CC_FEC22B334AC5,0.16236608666591743
CC_FF045F9508F2,0.17494894923287224
CC_FF0EFF711598,0.25730342311644994
CC_FF12F53D5676,0.044979188497905914
CC_FF13D426EC1C,0.16812281754155384
CC_FF16A7C8600F,0.22426836537483522
CC_FF2236DC115C,0.39644259209521593
CC_FF2725428B6F,0.08447396027257463
CC_FF3176D91690,0.11963801471291072
CC_FF393D295D66,0.05239354686862853
CC_FF4598202C5F,0.6028007455200777
CC_FF463A4B3D04,0.261610542008451
CC_FF4703F7664E,0.05784410109569863
CC_FF86EC3C0851,0.46693012381784316
CC_FF8A580DD831,0.1647574499087309
CC_FF8BD8697ADE,0.14492346596706182
CC_FFA681A2054A,0.05574199570526141
CC_FFB6B2D2BB2A,0.3434107190066617
CC_FFBFA27643F8,0.13705757040880967
CC_FFC81CC80F9D,0.1368870718410054
CC_FFCC9C0763D4,0.09695197150882567
CC_FFD4E33DC920,0.5498637736304257
CC_FFDE11143038,0.061606378830409855
CC_FFEF28047C4F,0.36561409044387866
